iter,layer,ns,multiplexed,cycles,load_fb_hit,load_l2_hit,load_l3_hit,load_l3_miss
0,conv1,2172335,False,4564708,29887,21474,3781,810
0,bn1,336756,False,718059,56564,23948,12962,89
0,relu,178677,False,385097,51586,21169,27748,102
0,maxpool,10344163,False,21685013,3467,2980,832,72
0,layer1.0.conv1,259743,False,491022,4261,2528,457,47
0,layer1.0.bn1,88134,False,194044,15752,6847,1769,12
0,layer1.0.relu1,32890,False,77140,11814,11833,1073,26
0,layer1.0.conv2,1981680,False,4172349,12926,54562,2386,939
0,layer1.0.bn2,76058,False,168887,16128,7189,1085,43
0,layer1.0.relu2,33508,False,78395,11022,11442,1444,8
0,layer1.0.conv3,859939,False,1812774,7550,8600,5978,538
0,layer1.0.bn3,317123,False,675979,56712,26226,10179,175
0,layer1.0.downsample.0,867505,False,1828715,7278,5941,6258,2790
0,layer1.0.downsample.1,320514,False,683247,57695,25927,10353,40
0,layer1.0.add,319268,False,679851,104852,66551,28733,520
0,layer1.0.relu3,173553,False,374254,51534,21437,27537,9
0,layer1.1.conv1,812161,False,1712558,109032,9119,899,62
0,layer1.1.bn1,93532,False,204834,15982,5870,2503,15
0,layer1.1.relu1,31039,False,73133,10861,11992,948,4
0,layer1.1.conv2,1972021,False,4143318,13121,54742,2374,884
0,layer1.1.bn2,73600,False,163548,16223,7453,1068,30
0,layer1.1.relu2,32479,False,76135,11912,11277,1581,7
0,layer1.1.conv3,855158,False,1802635,7854,8560,6025,556
0,layer1.1.bn3,317928,False,677558,57255,25963,9994,42
0,layer1.1.add,317596,False,676522,108469,63153,26564,254
0,layer1.1.relu3,172306,False,371027,51700,20405,28447,26
0,layer1.2.conv1,810278,False,1708535,106367,8588,894,49
0,layer1.2.bn1,92846,False,203634,15961,5869,2581,11
0,layer1.2.relu1,31168,False,73487,10634,11962,958,9
0,layer1.2.conv2,1964527,False,4127123,13404,55105,2310,871
0,layer1.2.bn2,69007,False,153681,15051,9317,1014,26
0,layer1.2.relu2,32089,False,75971,10659,12167,727,4
0,layer1.2.conv3,850469,False,1792561,7848,8750,5726,460
0,layer1.2.bn3,318655,False,679220,57539,26081,9984,30
0,layer1.2.add,316801,False,674936,108576,62914,26148,669
0,layer1.2.relu3,173761,False,374631,51652,21473,27264,75
0,layer2.0.conv1,1590537,False,3344768,216041,17408,985,95
0,layer2.0.bn1,175989,False,378894,29567,12669,5858,59
0,layer2.0.relu1,78750,False,173757,24928,14641,10214,3
0,layer2.0.conv2,2121593,False,4458194,64672,123142,6853,1851
0,layer2.0.bn2,42718,False,97843,7940,5335,426,15
0,layer2.0.relu2,18371,False,46607,5816,6638,109,2
0,layer2.0.conv3,848261,False,1788284,12554,6384,1840,1695
0,layer2.0.bn3,169303,False,365424,29344,13082,5462,26
0,layer2.0.downsample.0,2309252,False,4850817,161687,360084,12942,2392
0,layer2.0.downsample.1,176451,False,380274,31368,11618,4157,27
0,layer2.0.add,158701,False,342842,51769,34312,13836,81
0,layer2.0.relu3,79742,False,175733,24784,14803,10017,4
0,layer2.1.conv1,821013,False,1730712,31616,8507,818,98
0,layer2.1.bn1,48569,False,110002,7922,4776,890,13
0,layer2.1.relu1,17393,False,44702,5386,6466,294,4
0,layer2.1.conv2,1918789,False,4031358,12520,53203,2206,1593
0,layer2.1.bn2,44414,False,101351,7730,5653,376,25
0,layer2.1.relu2,17927,False,45815,5861,6657,132,6
0,layer2.1.conv3,848311,False,1787909,12787,6093,2135,1647
0,layer2.1.bn3,171340,False,369133,29371,13009,4914,17
0,layer2.1.add,156480,False,337896,54930,32151,12719,6
0,layer2.1.relu3,81632,False,180081,24733,14686,10304,3
0,layer2.2.conv1,813137,False,1714068,31775,8547,751,92
0,layer2.2.bn1,47387,False,107632,8580,3830,814,10
0,layer2.2.relu1,17878,False,53773,5546,6542,337,2
0,layer2.2.conv2,1907163,False,4007302,12816,53087,2195,1600
0,layer2.2.bn2,46320,False,105214,7931,5408,474,28
0,layer2.2.relu2,17451,False,44420,5958,6596,210,4
0,layer2.2.conv3,842414,False,1775702,12315,6141,1925,1602
0,layer2.2.bn3,173476,False,373596,29249,13686,5160,33
0,layer2.2.add,157444,False,340500,52550,33877,14359,2
0,layer2.2.relu3,77886,False,171854,24789,15028,9846,3
0,layer2.3.conv1,817748,False,1723291,31843,8491,832,111
0,layer2.3.bn1,46860,False,106707,7947,4859,779,18
0,layer2.3.relu1,17855,False,45675,5376,6557,186,4
0,layer2.3.conv2,1910772,False,4014197,12932,53345,2167,1713
0,layer2.3.bn2,43114,False,98681,7826,5654,379,21
0,layer2.3.relu2,17318,False,44564,5890,6565,207,3
0,layer2.3.conv3,848029,False,1787545,12210,6097,2233,1660
0,layer2.3.bn3,170877,False,368327,31237,11387,4428,26
0,layer2.3.add,157482,False,340220,52527,34425,13585,5
0,layer2.3.relu3,78113,False,172212,24744,14892,9919,3
0,layer3.0.conv1,1761915,False,3702593,22794,51477,11776,1881
0,layer3.0.bn1,83619,False,184129,14999,8040,2205,17
0,layer3.0.relu1,32837,False,76732,11155,11378,1528,3
0,layer3.0.conv2,2214842,False,4652723,40609,81716,10294,6398
0,layer3.0.bn2,33856,False,79061,4620,2825,347,28
0,layer3.0.relu2,11763,False,32822,3137,3619,79,7
0,layer3.0.conv3,970766,False,2044773,38409,26605,916,5140
0,layer3.0.bn3,91338,False,200286,15530,7719,1461,30
0,layer3.0.downsample.0,2217579,False,4658505,41987,323268,10770,5994
0,layer3.0.downsample.1,81928,False,180701,14819,8555,999,24
0,layer3.0.add,65589,False,146551,24025,18494,6004,2
0,layer3.0.relu3,34590,False,80689,11128,10845,1966,8
0,layer3.1.conv1,1013274,False,2133325,36895,34810,3194,1887
0,layer3.1.bn1,34376,False,80200,4528,2791,426,27
0,layer3.1.relu1,11532,False,32118,2700,3621,89,5
0,layer3.1.conv2,2028218,False,4261568,28532,59918,9529,5208
0,layer3.1.bn2,32638,False,76612,4636,2946,301,37
0,layer3.1.relu2,12248,False,33866,3070,3608,82,6
0,layer3.1.conv3,968403,False,2039538,38674,26733,917,5334
0,layer3.1.bn3,90346,False,198341,15479,8072,1685,30
0,layer3.1.add,67169,False,149700,24088,18584,5754,5
0,layer3.1.relu3,32480,False,76515,10673,11632,1245,3
0,layer3.2.conv1,1018068,False,2144139,37386,34498,3241,1961
0,layer3.2.bn1,33177,False,77694,4427,2790,443,27
0,layer3.2.relu1,11538,False,32085,3182,3628,90,6
0,layer3.2.conv2,2029910,False,4265032,28533,59818,9726,5315
0,layer3.2.bn2,33057,False,77558,4546,2841,332,28
0,layer3.2.relu2,11570,False,32634,2840,3633,91,2
0,layer3.2.conv3,966789,False,2036512,38312,26813,961,5008
0,layer3.2.bn3,97517,False,213150,16547,6424,1442,36
0,layer3.2.add,66537,False,148376,25894,18520,5914,4
0,layer3.2.relu3,30862,False,73215,10531,12120,873,4
0,layer3.3.conv1,1010834,False,2128411,37251,34844,3232,1823
0,layer3.3.bn1,32634,False,76382,4622,2882,425,28
0,layer3.3.relu1,11100,False,31255,3163,3634,95,4
0,layer3.3.conv2,2029622,False,4264673,28884,59528,9908,5446
0,layer3.3.bn2,33643,False,78934,4587,2876,331,39
0,layer3.3.relu2,11976,False,33308,3134,3623,86,5
0,layer3.3.conv3,967801,False,2038449,38601,26542,903,5168
0,layer3.3.bn3,90667,False,199171,15208,8175,1564,17
0,layer3.3.add,67610,False,150599,26106,18402,5941,7
0,layer3.3.relu3,31711,False,74599,10983,11824,1105,5
0,layer3.4.conv1,1004401,False,2115289,37609,34871,3245,1877
0,layer3.4.bn1,33258,False,77859,4587,2815,448,24
0,layer3.4.relu1,10873,False,30824,2724,3652,90,5
0,layer3.4.conv2,2031255,False,4267664,28186,60497,9495,5359
0,layer3.4.bn2,33402,False,78185,4548,2903,327,32
0,layer3.4.relu2,11959,False,33506,3119,3642,82,5
0,layer3.4.conv3,966923,False,2036314,38028,26851,859,4825
0,layer3.4.bn3,90876,False,199402,15603,7618,1375,27
0,layer3.4.add,66962,False,148987,24173,18281,6062,5
0,layer3.4.relu3,31953,False,75278,10815,11546,1341,5
0,layer3.5.conv1,1010232,False,2126960,37906,34391,3502,1950
0,layer3.5.bn1,33229,False,77885,4486,2804,438,24
0,layer3.5.relu1,11585,False,32543,3128,3565,88,4
0,layer3.5.conv2,2031330,False,4268991,28326,59860,9632,5731
0,layer3.5.bn2,33342,False,78326,4563,2888,325,33
0,layer3.5.relu2,11444,False,32510,3064,3598,82,8
0,layer3.5.conv3,969328,False,2041763,38962,26684,923,5339
0,layer3.5.bn3,89647,False,197226,15696,8204,1637,31
0,layer3.5.add,70353,False,156273,24916,18318,6048,6
0,layer3.5.relu3,31690,False,74698,11954,11492,1460,4
0,layer4.0.conv1,1956589,False,4110639,71308,65629,5480,3710
0,layer4.0.bn1,51702,False,116898,7898,4737,609,34
0,layer4.0.relu1,17121,False,43969,5302,6587,207,3
0,layer4.0.conv2,3413602,False,7164678,131548,183297,51142,16840
0,layer4.0.bn2,30795,False,72734,3039,1645,331,27
0,layer4.0.relu2,8501,False,26028,1834,2072,88,2
0,layer4.0.conv3,1259179,False,2649759,126760,36645,3486,1096
0,layer4.0.bn3,60949,False,136040,9393,3833,510,25
0,layer4.0.downsample.0,2882372,False,6051052,68802,426925,21685,5508
0,layer4.0.downsample.1,56867,False,127433,8211,2734,365,19
0,layer4.0.add,32047,False,75156,11364,9508,3040,8
0,layer4.0.relu3,18583,False,47111,5239,6578,163,6
0,layer4.1.conv1,1226129,False,2580799,125219,40255,3478,452
0,layer4.1.bn1,29471,False,70106,3278,1396,498,32
0,layer4.1.relu1,8700,False,26423,1582,2065,86,6
0,layer4.1.conv2,3149387,False,6611182,110077,171558,56320,16871
0,layer4.1.bn2,32618,False,76646,2602,1470,329,24
0,layer4.1.relu2,8524,False,26040,1552,2086,86,3
0,layer4.1.conv3,1260706,False,2652867,124327,34813,3495,1088
0,layer4.1.bn3,61028,False,136104,9213,3799,535,24
0,layer4.1.add,32649,False,76753,12955,9391,2648,10
0,layer4.1.relu3,17379,False,44731,5158,6660,106,6
0,layer4.2.conv1,1226546,False,2581387,124596,39915,3199,701
0,layer4.2.bn1,28451,False,67860,3078,1386,489,25
0,layer4.2.relu1,8629,False,26388,1522,2071,94,3
0,layer4.2.conv2,3157233,False,6627150,113347,171798,54547,17722
0,layer4.2.bn2,30960,False,72705,2698,1543,323,26
0,layer4.2.relu2,8666,False,26487,1609,2080,82,6
0,layer4.2.conv3,1251450,False,2633418,124712,34896,3318,1124
0,layer4.2.bn3,60634,False,135259,9051,3814,509,28
0,layer4.2.add,30929,False,73199,11749,9268,2725,10
0,layer4.2.relu3,17748,False,45275,5158,6659,84,4
0,avgpool,81944,False,180820,4786,1200,73,188
0,flatten,8915,False,26639,259,328,13,28
0,fc,501511,False,1062487,98719,10199,582,10329
1,conv1,2172257,False,4564754,31877,21724,3647,785
1,bn1,336442,False,716713,56785,23866,12954,56
1,relu,179313,False,386530,51610,20640,27433,778
1,maxpool,10320389,False,21567192,3753,3434,953,91
1,layer1.0.conv1,271109,False,495081,4200,2553,452,38
1,layer1.0.bn1,89691,False,197127,15733,6718,1688,9
1,layer1.0.relu1,33521,False,87589,11915,11750,1150,46
1,layer1.0.conv2,1984091,False,4168790,13333,56095,2292,893
1,layer1.0.bn2,76549,False,169797,16076,7427,1032,48
1,layer1.0.relu2,33614,False,78827,10912,11420,1456,7
1,layer1.0.conv3,861435,False,1815713,7709,8530,5981,486
1,layer1.0.bn3,316703,False,675009,56379,26307,10522,149
1,layer1.0.downsample.0,866011,False,1825824,7274,5908,6651,2319
1,layer1.0.downsample.1,318935,False,679175,57529,25761,10372,37
1,layer1.0.add,318231,False,678010,103140,67485,28131,203
1,layer1.0.relu3,174009,False,374593,51427,21523,27472,6
1,layer1.1.conv1,810623,False,1709354,107484,9169,913,52
1,layer1.1.bn1,93498,False,204938,16115,5784,2543,15
1,layer1.1.relu1,31835,False,75150,10866,11792,979,43
1,layer1.1.conv2,1974655,False,4148509,13410,55449,2495,818
1,layer1.1.bn2,74581,False,165573,16172,7356,1097,33
1,layer1.1.relu2,33253,False,78154,10751,11446,1395,6
1,layer1.1.conv3,856078,False,1805088,7285,8584,5923,560
1,layer1.1.bn3,318931,False,678950,57269,26137,9780,40
1,layer1.1.add,316667,False,674317,108802,63990,26242,74
1,layer1.1.relu3,173047,False,372953,51549,21420,27549,1
1,layer1.2.conv1,808839,False,1706013,106515,8584,901,50
1,layer1.2.bn1,93601,False,204840,16158,5771,2511,9
1,layer1.2.relu1,30841,False,72596,11808,11877,1058,9
1,layer1.2.conv2,1965756,False,4130370,12587,54213,2248,899
1,layer1.2.bn2,71336,False,158140,14732,9397,1030,55
1,layer1.2.relu2,31365,False,73897,10526,12178,734,3
1,layer1.2.conv3,852567,False,1797225,7468,8764,5720,475
1,layer1.2.bn3,320081,False,681476,57620,25778,9913,28
1,layer1.2.add,315691,False,672189,109441,62652,26485,501
1,layer1.2.relu3,173906,False,375063,51481,21688,27190,78
1,layer2.0.conv1,1594921,False,3353640,215244,17330,1093,94
1,layer2.0.bn1,173481,False,374124,29507,12444,5873,60
1,layer2.0.relu1,78642,False,173741,24771,14766,10132,2
1,layer2.0.conv2,2124556,False,4463246,61444,124261,6316,1910
1,layer2.0.bn2,44502,False,101598,7925,5232,406,13
1,layer2.0.relu2,17795,False,45154,5244,6699,97,1
1,layer2.0.conv3,849101,False,1789527,12800,6525,1822,1716
1,layer2.0.bn3,167331,False,360646,29698,13093,5541,29
1,layer2.0.downsample.0,2303314,False,4838121,162828,360165,13265,2465
1,layer2.0.downsample.1,177122,False,381586,31363,11322,4373,30
1,layer2.0.add,159283,False,344426,52537,34381,13662,4
1,layer2.0.relu3,78636,False,173770,25370,13687,11142,2
1,layer2.1.conv1,825319,False,1740149,31934,8585,818,90
1,layer2.1.bn1,49486,False,112474,7920,4794,939,14
1,layer2.1.relu1,17391,False,44656,6012,6549,272,4
1,layer2.1.conv2,1914877,False,4022833,12758,53733,2131,1569
1,layer2.1.bn2,44303,False,101059,7644,5661,394,22
1,layer2.1.relu2,18041,False,45919,5198,6641,131,8
1,layer2.1.conv3,845367,False,1781582,12283,6161,2085,1547
1,layer2.1.bn3,170416,False,367269,29608,12688,5098,20
1,layer2.1.add,156795,False,339075,55006,32926,12542,6
1,layer2.1.relu3,77803,False,179215,25517,14316,10547,2
1,layer2.2.conv1,813261,False,1714324,31682,8782,711,89
1,layer2.2.bn1,52090,False,117884,8743,3773,963,7
1,layer2.2.relu1,18349,False,46672,5396,6486,254,2
1,layer2.2.conv2,1909205,False,4011152,12902,53565,2244,1638
1,layer2.2.bn2,43064,False,98620,8042,5242,418,24
1,layer2.2.relu2,18152,False,46488,5866,6559,224,5
1,layer2.2.conv3,848945,False,1789725,12207,6255,2080,1538
1,layer2.2.bn3,168684,False,363629,29557,13527,5061,27
1,layer2.2.add,157253,False,339915,51994,33876,14394,3
1,layer2.2.relu3,78203,False,172699,24802,15240,9610,3
1,layer2.3.conv1,817354,False,1722714,31898,8426,797,96
1,layer2.3.bn1,47002,False,106660,7751,4915,843,17
1,layer2.3.relu1,17430,False,44743,5313,6648,179,5
1,layer2.3.conv2,1911033,False,4015240,12902,53091,2162,1621
1,layer2.3.bn2,43692,False,99989,7841,5639,395,23
1,layer2.3.relu2,17546,False,45133,5914,6521,227,2
1,layer2.3.conv3,848591,False,1788698,12411,6075,2254,1782
1,layer2.3.bn3,171004,False,368542,31066,11487,4227,22
1,layer2.3.add,156902,False,338756,51762,33999,14098,5
1,layer2.3.relu3,78301,False,173009,24665,14907,9917,2
1,layer3.0.conv1,1750758,False,3679438,22364,52014,11642,1762
1,layer3.0.bn1,83069,False,182822,15095,8141,2133,14
1,layer3.0.relu1,32736,False,76693,10995,11251,1631,4
1,layer3.0.conv2,2182216,False,4592305,37622,73747,12131,5755
1,layer3.0.bn2,34502,False,80253,4516,2791,328,26
1,layer3.0.relu2,11266,False,31859,3129,3617,79,6
1,layer3.0.conv3,973640,False,2050745,37853,26612,931,4961
1,layer3.0.bn3,92770,False,203509,15353,7666,1472,29
1,layer3.0.downsample.0,2219128,False,4661889,42018,324059,10639,5709
1,layer3.0.downsample.1,82765,False,182929,14506,8704,965,25
1,layer3.0.add,65254,False,145541,24081,18476,6031,3
1,layer3.0.relu3,33916,False,79192,12048,10681,2189,7
1,layer3.1.conv1,1013281,False,2133566,37579,34877,3331,1776
1,layer3.1.bn1,34486,False,80456,4585,2802,438,30
1,layer3.1.relu1,12186,False,33711,2727,3586,93,5
1,layer3.1.conv2,2035501,False,4277428,28357,60430,9626,5420
1,layer3.1.bn2,34102,False,80000,4403,2932,317,33
1,layer3.1.relu2,12793,False,35117,2784,3592,81,6
1,layer3.1.conv3,971423,False,2045709,38346,26662,907,5054
1,layer3.1.bn3,90327,False,198374,15368,8143,1586,27
1,layer3.1.add,66451,False,148000,23956,18502,6039,5
1,layer3.1.relu3,31631,False,74527,10792,11643,1271,4
1,layer3.2.conv1,1010439,False,2127649,37436,35046,3306,1805
1,layer3.2.bn1,33970,False,79124,4479,2776,448,24
1,layer3.2.relu1,11683,False,32752,2856,3570,88,2
1,layer3.2.conv2,2030990,False,4267121,28655,60070,9933,5452
1,layer3.2.bn2,33729,False,78964,4702,2873,326,33
1,layer3.2.relu2,12002,False,33293,2781,3589,90,2
1,layer3.2.conv3,963322,False,2036975,38487,26808,896,5170
1,layer3.2.bn3,93544,False,212707,16767,6552,1199,35
1,layer3.2.add,65738,False,146572,25890,18580,5882,6
1,layer3.2.relu3,30569,False,72169,10560,12065,901,4
1,layer3.3.conv1,1007146,False,2120358,36870,34601,3227,1792
1,layer3.3.bn1,32945,False,77271,4643,2866,450,31
1,layer3.3.relu1,11784,False,32857,2683,3605,90,4
1,layer3.3.conv2,2024560,False,4253687,28478,59148,10108,5401
1,layer3.3.bn2,33528,False,78382,4627,2860,327,38
1,layer3.3.relu2,12565,False,34704,3020,3587,89,5
1,layer3.3.conv3,970889,False,2044686,38679,26701,928,5131
1,layer3.3.bn3,90607,False,199431,15392,8100,1604,17
1,layer3.3.add,67101,False,149375,26034,18592,5883,7
1,layer3.3.relu3,30985,False,73140,10903,11874,1055,4
1,layer3.4.conv1,1011518,False,2129874,37457,35225,3308,1703
1,layer3.4.bn1,37144,False,85824,4636,2845,554,22
1,layer3.4.relu1,11097,False,31540,2805,3618,92,7
1,layer3.4.conv2,2044218,False,4295234,28618,59601,9406,6367
1,layer3.4.bn2,32798,False,76838,4444,2879,331,33
1,layer3.4.relu2,11686,False,32358,3128,3642,87,4
1,layer3.4.conv3,971525,False,2046053,37927,26837,872,4827
1,layer3.4.bn3,91173,False,200114,15478,7600,1362,26
1,layer3.4.add,66832,False,148923,24209,18555,5862,13
1,layer3.4.relu3,31761,False,74892,10920,11581,1302,6
1,layer3.5.conv1,1004977,False,2116060,37917,35046,3410,1721
1,layer3.5.bn1,33106,False,77718,4623,2803,473,23
1,layer3.5.relu1,11529,False,32435,3068,3577,85,2
1,layer3.5.conv2,2033969,False,4273281,28425,59271,9747,5705
1,layer3.5.bn2,32079,False,75298,4375,2836,316,35
1,layer3.5.relu2,12159,False,33640,2783,3586,78,9
1,layer3.5.conv3,969155,False,2041317,39248,26796,879,5297
1,layer3.5.bn3,90428,False,198952,15664,8182,1602,37
1,layer3.5.add,67011,False,149491,26178,18674,5662,19
1,layer3.5.relu3,32324,False,75793,11790,11471,1404,4
1,layer4.0.conv1,1975711,False,4150932,71145,65019,5589,4284
1,layer4.0.bn1,51468,False,116049,7991,4730,600,33
1,layer4.0.relu1,17412,False,44425,5361,6567,211,4
1,layer4.0.conv2,3433182,False,7205473,125512,183118,46869,20121
1,layer4.0.bn2,31020,False,73189,3206,1595,318,33
1,layer4.0.relu2,8185,False,25218,1823,2094,82,3
1,layer4.0.conv3,1283546,False,2700875,129698,36761,3001,1549
1,layer4.0.bn3,61016,False,135965,9345,3856,538,32
1,layer4.0.downsample.0,2901407,False,6091051,70304,428518,21634,6578
1,layer4.0.downsample.1,58480,False,130744,8293,2872,371,33
1,layer4.0.add,32164,False,75657,13069,9394,3115,59
1,layer4.0.relu3,18005,False,45843,5289,6601,168,9
1,layer4.1.conv1,1236390,False,2601801,126204,40731,3196,757
1,layer4.1.bn1,30165,False,71372,3116,1380,494,33
1,layer4.1.relu1,9077,False,27040,1800,2040,83,9
1,layer4.1.conv2,3188182,False,6691878,108191,172992,49705,19974
1,layer4.1.bn2,32694,False,76805,2713,1443,321,32
1,layer4.1.relu2,8689,False,26393,1788,2072,82,8
1,layer4.1.conv3,1284975,False,2703991,128763,35470,2456,2002
1,layer4.1.bn3,61441,False,137015,9174,3712,510,32
1,layer4.1.add,31477,False,74284,11140,9286,2837,21
1,layer4.1.relu3,16604,False,43041,5272,6717,91,7
1,layer4.2.conv1,1236614,False,2602653,125740,40203,2866,1085
1,layer4.2.bn1,32984,False,77051,3275,1420,577,34
1,layer4.2.relu1,8382,False,25691,1625,2092,91,4
1,layer4.2.conv2,3179287,False,6673411,108588,173374,49304,18941
1,layer4.2.bn2,32355,False,75740,2686,1501,323,33
1,layer4.2.relu2,8840,False,26871,1614,2069,78,8
1,layer4.2.conv3,1285084,False,2704099,132496,35700,2390,2116
1,layer4.2.bn3,61161,False,136503,9397,3817,515,38
1,layer4.2.add,31395,False,74050,13100,9442,2760,29
1,layer4.2.relu3,16943,False,43536,5326,6734,81,4
1,avgpool,93556,False,204812,4954,1193,178,206
1,flatten,9611,False,28206,264,324,16,25
1,fc,503488,False,1067360,98636,10253,465,10181
2,conv1,2175242,False,4570982,33765,20053,3413,2801
2,bn1,342698,False,730394,56539,23434,13095,90
2,relu,175523,False,377934,51560,21344,27339,185
2,maxpool,10244085,False,21477765,3833,3193,950,126
2,layer1.0.conv1,257123,False,499799,4766,2704,472,56
2,layer1.0.bn1,89688,False,196932,15658,6700,1595,26
2,layer1.0.relu1,32911,False,77292,10834,11881,875,67
2,layer1.0.conv2,1991045,False,4184367,13084,55366,2156,1063
2,layer1.0.bn2,77393,False,171454,16377,7208,939,112
2,layer1.0.relu2,33443,False,78198,11864,11261,1615,10
2,layer1.0.conv3,864815,False,1823286,7311,8982,5635,521
2,layer1.0.bn3,319738,False,681205,56970,25842,10011,507
2,layer1.0.downsample.0,870983,False,1836064,7206,5874,4835,4277
2,layer1.0.downsample.1,322274,False,686017,57605,25995,10549,50
2,layer1.0.add,315677,False,672614,103153,67277,27345,1139
2,layer1.0.relu3,173039,False,373234,51704,20753,28055,10
2,layer1.1.conv1,810586,False,1709589,107518,9183,888,72
2,layer1.1.bn1,94516,False,206904,16045,6039,2457,30
2,layer1.1.relu1,31039,False,73030,10846,11958,979,9
2,layer1.1.conv2,1970914,False,4141431,12716,54270,2245,988
2,layer1.1.bn2,76538,False,169482,16234,7126,990,105
2,layer1.1.relu2,32691,False,76841,10923,11451,1447,8
2,layer1.1.conv3,854986,False,1802821,7689,8591,5700,564
2,layer1.1.bn3,323762,False,689431,57785,25577,10239,70
2,layer1.1.add,313421,False,668213,107715,64396,24940,639
2,layer1.1.relu3,173254,False,373413,51742,20930,27727,9
2,layer1.2.conv1,809587,False,1707783,105977,8701,889,66
2,layer1.2.bn1,92981,False,203983,16127,5931,2586,30
2,layer1.2.relu1,30764,False,72395,10730,11958,947,21
2,layer1.2.conv2,1965200,False,4129498,13439,55226,2270,947
2,layer1.2.bn2,72635,False,161011,14912,9176,931,86
2,layer1.2.relu2,31644,False,74789,11487,12099,812,10
2,layer1.2.conv3,860038,False,1813059,8109,8713,5735,536
2,layer1.2.bn3,324785,False,691608,57519,25847,10139,50
2,layer1.2.add,313186,False,667309,107715,63666,25239,1228
2,layer1.2.relu3,173496,False,374254,51623,21190,27488,218
2,layer2.0.conv1,1596060,False,3355471,216032,17623,1028,104
2,layer2.0.bn1,174454,False,376172,29569,12509,5495,185
2,layer2.0.relu1,79202,False,174920,24881,14574,10303,6
2,layer2.0.conv2,2121507,False,4457749,63799,122946,6448,2100
2,layer2.0.bn2,45235,False,103613,7871,5175,379,25
2,layer2.0.relu2,18245,False,46619,5135,6651,90,11
2,layer2.0.conv3,849286,False,1790552,12558,6458,1774,1718
2,layer2.0.bn3,174196,False,375685,29131,13234,5629,42
2,layer2.0.downsample.0,2316906,False,4867113,162516,361969,12768,2850
2,layer2.0.downsample.1,177360,False,382507,31480,11344,4362,40
2,layer2.0.add,159403,False,344476,51919,33655,14281,261
2,layer2.0.relu3,79203,False,174934,25448,13901,10917,10
2,layer2.1.conv1,825904,False,1741032,32277,8746,774,126
2,layer2.1.bn1,50611,False,114359,7880,4853,861,33
2,layer2.1.relu1,17830,False,45738,6003,6519,290,6
2,layer2.1.conv2,1919793,False,4033710,13285,54611,2038,1811
2,layer2.1.bn2,44323,False,101377,7785,5502,362,36
2,layer2.1.relu2,18860,False,47923,5148,6627,128,9
2,layer2.1.conv3,845192,False,1781883,12040,6105,1895,1598
2,layer2.1.bn3,175865,False,378518,29323,12858,5324,34
2,layer2.1.add,157554,False,340259,55004,32266,13233,12
2,layer2.1.relu3,78255,False,172954,25257,14116,10667,6
2,layer2.2.conv1,819540,False,1727529,32995,8711,799,118
2,layer2.2.bn1,48430,False,109857,8659,3871,824,27
2,layer2.2.relu1,18093,False,45832,5217,6530,248,7
2,layer2.2.conv2,1915959,False,4025240,14179,55352,2060,1847
2,layer2.2.bn2,44724,False,102310,7718,5421,384,36
2,layer2.2.relu2,18722,False,47409,5786,6521,239,8
2,layer2.2.conv3,851888,False,1795969,12276,6076,1977,1790
2,layer2.2.bn3,172167,False,371317,29466,13877,4823,78
2,layer2.2.add,157836,False,341015,51705,34045,14166,9
2,layer2.2.relu3,78012,False,171952,24773,15008,9867,6
2,layer2.3.conv1,818910,False,1726030,32062,8466,783,133
2,layer2.3.bn1,48049,False,109009,7850,4886,764,29
2,layer2.3.relu1,18390,False,46752,5260,6554,193,10
2,layer2.3.conv2,1918458,False,4031077,12777,52703,1992,1944
2,layer2.3.bn2,42921,False,98978,7922,5673,389,28
2,layer2.3.relu2,17881,False,45995,5155,6623,171,6
2,layer2.3.conv3,843735,False,1778812,12299,5981,2124,1729
2,layer2.3.bn3,174749,False,376452,31387,11121,4653,39
2,layer2.3.add,157839,False,340871,51729,34337,13846,13
2,layer2.3.relu3,78563,False,173652,24654,14832,10091,8
2,layer3.0.conv1,1755386,False,3689341,23558,51986,10879,2660
2,layer3.0.bn1,84806,False,186537,14824,8027,2106,31
2,layer3.0.relu1,32480,False,76514,10992,11289,1648,7
2,layer3.0.conv2,2225054,False,4674076,36101,74654,9263,8183
2,layer3.0.bn2,35546,False,82696,4577,2860,329,37
2,layer3.0.relu2,12242,False,33541,3131,3598,74,9
2,layer3.0.conv3,974435,False,2052402,38533,26566,836,5331
2,layer3.0.bn3,93032,False,203782,15384,7555,1438,38
2,layer3.0.downsample.0,2224476,False,4673954,42587,324020,10724,6061
2,layer3.0.downsample.1,82618,False,182347,14737,8798,947,33
2,layer3.0.add,65691,False,146690,24124,18665,5774,10
2,layer3.0.relu3,33932,False,79375,12037,10806,2090,8
2,layer3.1.conv1,1016179,False,2139653,38138,33667,2749,3203
2,layer3.1.bn1,34932,False,81437,4659,2796,429,37
2,layer3.1.relu1,11764,False,32751,2648,3612,92,6
2,layer3.1.conv2,2034799,False,4276151,28421,62137,9384,5442
2,layer3.1.bn2,34181,False,79670,4591,2845,327,46
2,layer3.1.relu2,12287,False,33831,2688,3603,80,9
2,layer3.1.conv3,969888,False,2042830,38371,26757,874,5174
2,layer3.1.bn3,89972,False,197347,15507,8242,1656,34
2,layer3.1.add,70899,False,157280,25248,18528,5863,9
2,layer3.1.relu3,31664,False,74525,10839,11593,1330,7
2,layer3.2.conv1,1022727,False,2153161,37430,33370,2583,3217
2,layer3.2.bn1,33992,False,79202,4522,2776,450,30
2,layer3.2.relu1,11550,False,32182,2914,3604,90,4
2,layer3.2.conv2,2033903,False,4274132,28336,58630,9746,5253
2,layer3.2.bn2,33790,False,78966,4579,2884,325,38
2,layer3.2.relu2,11779,False,32813,3173,3650,84,2
2,layer3.2.conv3,978710,False,2061278,38211,26913,949,5072
2,layer3.2.bn3,93235,False,203844,16661,6396,1315,40
2,layer3.2.add,66325,False,147707,25955,18523,5845,5
2,layer3.2.relu3,31804,False,74638,10373,11989,906,7
2,layer3.3.conv1,1007515,False,2121424,37148,33684,2657,3065
2,layer3.3.bn1,34076,False,79419,4568,2857,436,37
2,layer3.3.relu1,11520,False,32515,3173,3610,97,8
2,layer3.3.conv2,2033535,False,4272900,28186,60048,9765,5152
2,layer3.3.bn2,34432,False,87453,4793,2887,330,44
2,layer3.3.relu2,11718,False,32780,2812,3634,81,10
2,layer3.3.conv3,971443,False,2046304,38669,26740,839,5125
2,layer3.3.bn3,92335,False,202620,15442,8106,1587,31
2,layer3.3.add,67522,False,150681,24569,18311,6067,6
2,layer3.3.relu3,30995,False,73297,10864,11785,1148,4
2,layer3.4.conv1,1007577,False,2122202,37746,33810,2616,3041
2,layer3.4.bn1,33094,False,77511,4687,2896,445,34
2,layer3.4.relu1,11581,False,32613,2719,3571,94,8
2,layer3.4.conv2,2045154,False,4297329,28386,58903,8866,6276
2,layer3.4.bn2,34101,False,79628,4447,2867,321,35
2,layer3.4.relu2,12087,False,33660,3123,3598,83,6
2,layer3.4.conv3,967419,False,2037632,37792,26927,856,4845
2,layer3.4.bn3,92303,False,202171,15592,7616,1375,35
2,layer3.4.add,67044,False,149274,24191,18240,6099,7
2,layer3.4.relu3,35570,False,82730,11948,11296,1664,5
2,layer3.5.conv1,1017227,False,2141797,36858,33905,2882,2673
2,layer3.5.bn1,32996,False,76975,4553,2753,460,26
2,layer3.5.relu1,10697,False,30839,2793,3615,81,6
2,layer3.5.conv2,2039349,False,4284493,28407,60541,10190,5003
2,layer3.5.bn2,32957,False,77262,4538,2898,316,36
2,layer3.5.relu2,11793,False,33109,2658,3623,78,12
2,layer3.5.conv3,967841,False,2038243,39337,26687,831,5532
2,layer3.5.bn3,90125,False,197945,15539,8081,1688,27
2,layer3.5.add,66603,False,148343,24226,18404,6088,5
2,layer3.5.relu3,32750,False,76594,10780,11562,1333,5
2,layer4.0.conv1,1969811,False,4138953,72496,63941,5080,5368
2,layer4.0.bn1,52116,False,117454,7988,4647,598,35
2,layer4.0.relu1,18107,False,45884,5938,6560,218,5
2,layer4.0.conv2,3402696,False,7142408,127999,181420,52703,17135
2,layer4.0.bn2,32157,False,75622,3075,1632,323,30
2,layer4.0.relu2,9333,False,27752,1739,2038,81,4
2,layer4.0.conv3,1277633,False,2688679,129224,36887,2864,1613
2,layer4.0.bn3,60555,False,134860,9659,3948,513,37
2,layer4.0.downsample.0,2898747,False,6085837,67914,423432,21853,5733
2,layer4.0.downsample.1,58418,False,130863,8320,2879,347,25
2,layer4.0.add,32822,False,77104,13011,9295,3220,8
2,layer4.0.relu3,18425,False,46709,5206,6561,175,9
2,layer4.1.conv1,1236737,False,2602498,126313,40247,3291,706
2,layer4.1.bn1,30556,False,72121,3080,1390,486,34
2,layer4.1.relu1,9032,False,26918,1813,2065,85,4
2,layer4.1.conv2,3149474,False,6611213,111227,170968,53187,17173
2,layer4.1.bn2,32325,False,75916,2671,1503,311,31
2,layer4.1.relu2,9007,False,27301,1682,2035,79,8
2,layer4.1.conv3,1271570,False,2675762,126706,35216,2904,1598
2,layer4.1.bn3,61290,False,136583,9655,4011,532,35
2,layer4.1.add,31551,False,74186,11068,9240,2923,6
2,layer4.1.relu3,17071,False,44056,5857,6691,108,7
2,layer4.2.conv1,1229835,False,2588018,122824,40299,3037,888
2,layer4.2.bn1,30020,False,70907,3149,1422,479,30
2,layer4.2.relu1,8328,False,25971,1519,2053,86,3
2,layer4.2.conv2,3143725,False,6599508,109873,171442,53358,16894
2,layer4.2.bn2,31837,False,74970,2519,1454,311,28
2,layer4.2.relu2,8495,False,26312,1543,2102,79,9
2,layer4.2.conv3,1274797,False,2682468,126995,35535,3056,1527
2,layer4.2.bn3,59988,False,133982,9299,3829,522,35
2,layer4.2.add,30917,False,73073,11131,9296,2909,12
2,layer4.2.relu3,17267,False,44353,5203,6714,84,4
2,avgpool,86921,False,190795,4657,1208,70,196
2,flatten,9673,False,28668,255,306,16,30
2,fc,498661,False,1056586,98448,10068,463,10590
3,conv1,2171327,False,4562693,30081,21063,3601,754
3,bn1,335899,False,716093,56718,24101,13021,44
3,relu,174718,False,376654,51851,20395,28192,125
3,maxpool,10243777,False,21451307,3790,3214,976,93
3,layer1.0.conv1,266526,False,491858,4355,2553,450,44
3,layer1.0.bn1,87628,False,192864,15856,6634,1629,12
3,layer1.0.relu1,33476,False,78340,11010,11920,927,20
3,layer1.0.conv2,1982903,False,4166052,13562,55238,2303,925
3,layer1.0.bn2,75123,False,166767,16262,7410,1050,47
3,layer1.0.relu2,33246,False,77918,11860,11306,1539,7
3,layer1.0.conv3,861445,False,1815967,7014,8447,6000,503
3,layer1.0.bn3,326743,False,696020,57663,25344,10948,129
3,layer1.0.downsample.0,863894,False,1821464,7538,6019,5866,2948
3,layer1.0.downsample.1,319243,False,680274,56725,26618,10422,35
3,layer1.0.add,314287,False,669640,104729,68052,27444,160
3,layer1.0.relu3,174130,False,374936,51468,21377,27589,9
3,layer1.1.conv1,809693,False,1707551,108044,8989,902,55
3,layer1.1.bn1,93492,False,205117,16346,6084,2423,22
3,layer1.1.relu1,31983,False,75476,10543,11930,937,9
3,layer1.1.conv2,1978213,False,4164101,13175,54981,2424,832
3,layer1.1.bn2,75397,False,167198,16238,7218,1136,35
3,layer1.1.relu2,33429,False,78166,10819,11553,1378,7
3,layer1.1.conv3,857303,False,1807305,8026,8568,5883,554
3,layer1.1.bn3,318905,False,679203,57310,25941,10007,41
3,layer1.1.add,313453,False,667949,109574,64300,25607,61
3,layer1.1.relu3,173954,False,374680,51530,21690,27232,3
3,layer1.2.conv1,806231,False,1700804,106460,8592,771,60
3,layer1.2.bn1,93392,False,204725,16252,5886,2377,19
3,layer1.2.relu1,35428,False,82607,11017,11808,1180,17
3,layer1.2.conv2,1966345,False,4131854,12502,54082,2268,865
3,layer1.2.bn2,69607,False,154715,14896,9379,998,32
3,layer1.2.relu2,31691,False,74878,10409,12131,788,7
3,layer1.2.conv3,854089,False,1800432,7233,8724,5737,481
3,layer1.2.bn3,317329,False,675889,57603,26341,9720,37
3,layer1.2.add,313273,False,667400,109410,63618,24802,431
3,layer1.2.relu3,177737,False,382912,51738,21575,27309,37
3,layer2.0.conv1,1591252,False,3345441,214498,17179,950,97
3,layer2.0.bn1,173866,False,375280,29091,12588,5819,47
3,layer2.0.relu1,78942,False,174429,24938,14676,10274,6
3,layer2.0.conv2,2124292,False,4470642,66371,126054,6672,1857
3,layer2.0.bn2,44022,False,100461,7951,5277,408,22
3,layer2.0.relu2,18742,False,47404,5089,6657,94,8
3,layer2.0.conv3,849406,False,1789758,12602,6359,1880,1689
3,layer2.0.bn3,170039,False,366606,29076,13376,5310,31
3,layer2.0.downsample.0,2312176,False,4856682,163379,361931,12946,2464
3,layer2.0.downsample.1,177652,False,382646,31592,11187,4229,28
3,layer2.0.add,162421,False,351053,52866,33211,14859,46
3,layer2.0.relu3,79165,False,174625,25412,14119,10717,5
3,layer2.1.conv1,824186,False,1737517,31708,8614,814,97
3,layer2.1.bn1,49475,False,111816,8026,4814,881,19
3,layer2.1.relu1,17329,False,44689,5463,6511,280,7
3,layer2.1.conv2,1914292,False,4022016,12575,52922,2127,1707
3,layer2.1.bn2,43934,False,100280,7715,5556,388,30
3,layer2.1.relu2,17611,False,45077,5075,6675,131,7
3,layer2.1.conv3,848018,False,1787573,12817,6269,2069,1661
3,layer2.1.bn3,171431,False,369550,29393,13145,5003,27
3,layer2.1.add,156879,False,339045,53756,32594,13076,11
3,layer2.1.relu3,77446,False,171435,25266,14367,10458,3
3,layer2.2.conv1,816966,False,1721869,32376,8693,811,104
3,layer2.2.bn1,48008,False,108822,8623,3927,807,17
3,layer2.2.relu1,17503,False,44877,5532,6523,261,6
3,layer2.2.conv2,1912421,False,4017860,13482,54048,2089,1779
3,layer2.2.bn2,42510,False,97380,8038,5290,426,33
3,layer2.2.relu2,18287,False,46551,5229,6559,215,7
3,layer2.2.conv3,848373,False,1788704,12547,6119,2052,1631
3,layer2.2.bn3,170268,False,367790,29332,13529,5102,49
3,layer2.2.add,161216,False,348220,52053,33418,14992,7
3,layer2.2.relu3,77319,False,170548,25390,14183,10573,4
3,layer2.3.conv1,820202,False,1728941,31210,8307,795,111
3,layer2.3.bn1,47932,False,109014,7832,4824,834,26
3,layer2.3.relu1,17589,False,45096,5405,6651,161,6
3,layer2.3.conv2,1912234,False,4017424,13082,53598,2113,1713
3,layer2.3.bn2,42875,False,98367,7863,5715,365,25
3,layer2.3.relu2,17732,False,45021,5338,6607,187,4
3,layer2.3.conv3,848895,False,1789005,12700,6124,2225,1705
3,layer2.3.bn3,171744,False,370389,31373,11184,4331,33
3,layer2.3.add,157887,False,341130,51811,34276,13858,8
3,layer2.3.relu3,78220,False,173285,25353,14416,10365,5
3,layer3.0.conv1,1752275,False,3681845,22995,51928,11510,2196
3,layer3.0.bn1,84004,False,185052,15011,8021,2124,24
3,layer3.0.relu1,32316,False,75981,11112,11348,1572,4
3,layer3.0.conv2,2224079,False,4671574,38482,77241,10160,6486
3,layer3.0.bn2,34439,False,80317,4528,2704,346,31
3,layer3.0.relu2,11951,False,33245,3222,3661,78,7
3,layer3.0.conv3,964831,False,2032595,38353,26535,759,5066
3,layer3.0.bn3,92337,False,202709,15698,7433,1396,36
3,layer3.0.downsample.0,2219960,False,4663920,42259,323412,10736,5891
3,layer3.0.downsample.1,81532,False,179811,14869,8640,952,29
3,layer3.0.add,65709,False,146755,24201,18569,5837,5
3,layer3.0.relu3,34550,False,80767,11991,10739,2124,7
3,layer3.1.conv1,1028775,False,2166128,36888,34178,3156,2365
3,layer3.1.bn1,34705,False,80841,4558,2829,432,31
3,layer3.1.relu1,11788,False,32975,2799,3618,91,5
3,layer3.1.conv2,2032572,False,4270289,28372,60139,9721,5402
3,layer3.1.bn2,33432,False,78063,4724,2904,316,45
3,layer3.1.relu2,12336,False,34216,2765,3608,79,9
3,layer3.1.conv3,968391,False,2039415,38576,26833,888,5023
3,layer3.1.bn3,90596,False,199117,15539,7996,1648,32
3,layer3.1.add,66889,False,148942,24301,19036,5389,5
3,layer3.1.relu3,32247,False,75771,10770,11646,1271,4
3,layer3.2.conv1,1012509,False,2132433,37644,34126,3020,2547
3,layer3.2.bn1,33180,False,77788,4644,2807,434,29
3,layer3.2.relu1,10771,False,30584,3186,3625,86,5
3,layer3.2.conv2,2026506,False,4257934,28355,59514,9866,5366
3,layer3.2.bn2,33019,False,77309,4656,2924,312,40
3,layer3.2.relu2,11653,False,32311,2738,3623,88,3
3,layer3.2.conv3,967713,False,2038259,38525,26696,926,5167
3,layer3.2.bn3,92000,False,201613,16512,6345,1170,30
3,layer3.2.add,65971,False,147230,23974,18654,5839,4
3,layer3.2.relu3,31021,False,73338,10324,11991,897,6
3,layer3.3.conv1,1025870,False,2159928,37453,33991,3152,2418
3,layer3.3.bn1,34406,False,79948,4587,2839,469,35
3,layer3.3.relu1,11161,False,31476,3214,3624,91,7
3,layer3.3.conv2,2025860,False,4256444,28534,59974,9689,5304
3,layer3.3.bn2,34469,False,80517,4548,2891,307,42
3,layer3.3.relu2,11416,False,32129,3190,3633,89,7
3,layer3.3.conv3,967863,False,2038817,38569,26752,850,5195
3,layer3.3.bn3,91581,False,201273,15470,8146,1652,30
3,layer3.3.add,66962,False,149084,26083,18699,5623,7
3,layer3.3.relu3,31264,False,73715,10733,11872,1067,6
3,layer3.4.conv1,1014233,False,2135387,37208,34127,2927,2378
3,layer3.4.bn1,32993,False,77379,4437,2782,437,29
3,layer3.4.relu1,11734,False,32790,3104,3585,91,6
3,layer3.4.conv2,2033131,False,4271640,28150,60057,9697,5231
3,layer3.4.bn2,33581,False,78329,4480,2807,327,32
3,layer3.4.relu2,11783,False,32694,2801,3618,88,4
3,layer3.4.conv3,967385,False,2037621,37981,26991,875,4960
3,layer3.4.bn3,96637,False,211846,15736,7430,1556,30
3,layer3.4.add,66815,False,149278,24196,18457,5906,6
3,layer3.4.relu3,31988,False,75907,11908,11371,1505,3
3,layer3.5.conv1,1006017,False,2118966,37223,34241,3201,2104
3,layer3.5.bn1,35439,False,82788,4523,2705,445,28
3,layer3.5.relu1,10925,False,31113,2662,3600,80,7
3,layer3.5.conv2,2066468,False,4288232,28086,58365,10192,5054
3,layer3.5.bn2,35265,False,82294,4438,2852,324,33
3,layer3.5.relu2,12396,False,33997,2682,3644,83,9
3,layer3.5.conv3,973649,False,2050732,38911,26424,850,5455
3,layer3.5.bn3,90189,False,197975,15407,8189,1598,31
3,layer3.5.add,67191,False,149591,24225,18532,5840,12
3,layer3.5.relu3,31683,False,74416,10898,11637,1293,5
3,layer4.0.conv1,1968796,False,4136409,71982,64174,4956,5059
3,layer4.0.bn1,55519,False,124782,8120,4726,727,35
3,layer4.0.relu1,16991,False,43673,5901,6541,269,4
3,layer4.0.conv2,3450062,False,7241655,123562,185154,43502,20239
3,layer4.0.bn2,31607,False,74241,2949,1622,329,30
3,layer4.0.relu2,8380,False,25535,1531,2080,82,4
3,layer4.0.conv3,1275171,False,2683400,127936,36785,2693,1742
3,layer4.0.bn3,64078,False,142690,9604,3895,574,30
3,layer4.0.downsample.0,2892146,False,6072056,68131,425598,20963,6747
3,layer4.0.downsample.1,58731,False,131227,8275,2834,360,27
3,layer4.0.add,31793,False,75034,11355,9395,3130,22
3,layer4.0.relu3,17194,False,44288,6037,6634,169,7
3,layer4.1.conv1,1234398,False,2598080,124999,40471,3103,815
3,layer4.1.bn1,30997,False,72911,3068,1395,483,33
3,layer4.1.relu1,8395,False,25699,1531,2052,84,5
3,layer4.1.conv2,3190459,False,6697056,109079,175018,48012,19091
3,layer4.1.bn2,32527,False,76223,2635,1487,316,30
3,layer4.1.relu2,9017,False,27055,1436,2037,82,10
3,layer4.1.conv3,1296919,False,2728392,130236,35455,2416,2168
3,layer4.1.bn3,61972,False,138212,9562,3788,525,42
3,layer4.1.add,31851,False,75086,11306,9413,2545,64
3,layer4.1.relu3,17000,False,43718,5290,6714,92,8
3,layer4.2.conv1,1243378,False,2616228,125095,40225,2699,1236
3,layer4.2.bn1,29157,False,69050,3138,1422,464,37
3,layer4.2.relu1,7899,False,24631,1665,2079,92,4
3,layer4.2.conv2,3218003,False,6754562,108846,174886,45467,21440
3,layer4.2.bn2,32213,False,75664,2685,1513,308,38
3,layer4.2.relu2,9252,False,27566,1750,2031,79,10
3,layer4.2.conv3,1304007,False,2743684,133571,36342,1989,2632
3,layer4.2.bn3,60469,False,134874,9325,3993,486,36
3,layer4.2.add,32062,False,75296,11126,9593,2407,143
3,layer4.2.relu3,16983,False,43791,5353,6673,86,8
3,avgpool,91576,False,200514,4781,1156,65,209
3,flatten,9752,False,28455,280,316,15,28
3,fc,516806,False,1094668,98604,10122,541,10222
4,conv1,2187357,False,4595939,37119,20132,2875,4501
4,bn1,345413,False,735755,56343,24484,12275,105
4,relu,175604,False,379341,51479,21468,27362,56
4,maxpool,10206048,False,21395832,3321,2870,838,93
4,layer1.0.conv1,256910,False,498913,5091,2591,415,65
4,layer1.0.bn1,96679,False,211962,15020,7091,1588,53
4,layer1.0.relu1,33064,False,77307,11930,11706,991,78
4,layer1.0.conv2,2008789,False,4220909,13348,56121,1979,1303
4,layer1.0.bn2,82151,False,181299,16032,6947,936,224
4,layer1.0.relu2,34107,False,79825,10889,11431,1401,10
4,layer1.0.conv3,881649,False,1858275,7479,8941,5518,512
4,layer1.0.bn3,324185,False,690289,57114,25367,9436,1840
4,layer1.0.downsample.0,878884,False,1852652,7412,6006,3052,5969
4,layer1.0.downsample.1,325415,False,693249,56665,25850,9715,52
4,layer1.0.add,321915,False,685731,103781,62468,24245,8223
4,layer1.0.relu3,172984,False,372632,51743,20836,27957,13
4,layer1.1.conv1,812739,False,1713938,109016,9553,909,80
4,layer1.1.bn1,96514,False,211350,15665,6197,2301,207
4,layer1.1.relu1,30924,False,73155,10937,11838,915,83
4,layer1.1.conv2,1982669,False,4166766,13007,54834,2106,1151
4,layer1.1.bn2,77147,False,170580,16144,7323,1012,133
4,layer1.1.relu2,32108,False,75395,11933,11424,1503,9
4,layer1.1.conv3,858541,False,1810403,7683,8763,5716,523
4,layer1.1.bn3,322412,False,686819,56890,26042,9508,476
4,layer1.1.add,315400,False,672111,109736,61897,23271,4211
4,layer1.1.relu3,173417,False,373147,51673,21506,27392,28
4,layer1.2.conv1,808859,False,1705201,106594,8872,887,75
4,layer1.2.bn1,95160,False,208174,15780,6050,2268,91
4,layer1.2.relu1,31139,False,73463,11025,11913,919,47
4,layer1.2.conv2,1975252,False,4149883,13152,55456,2148,1117
4,layer1.2.bn2,74732,False,165429,15016,9034,911,181
4,layer1.2.relu2,30659,False,72893,10328,12164,735,10
4,layer1.2.conv3,851723,False,1795396,7683,8683,5726,514
4,layer1.2.bn3,335192,False,713530,56014,26148,9575,54
4,layer1.2.add,323280,False,688605,110233,54188,19586,14396
4,layer1.2.relu3,174151,False,375103,51495,21651,27215,105
4,layer2.0.conv1,1597785,False,3359352,216818,18943,1032,116
4,layer2.0.bn1,174818,False,376603,29584,12676,5408,555
4,layer2.0.relu1,79027,False,174404,24712,14806,9961,7
4,layer2.0.conv2,2141086,False,4497984,61200,120755,5916,2971
4,layer2.0.bn2,46743,False,106450,7721,5314,372,37
4,layer2.0.relu2,18365,False,46638,5868,6680,89,10
4,layer2.0.conv3,851939,False,1795367,12281,6459,1697,1845
4,layer2.0.bn3,173488,False,373640,29398,13353,5424,48
4,layer2.0.downsample.0,2330154,False,4894876,162595,362271,11313,4193
4,layer2.0.downsample.1,178626,False,385018,30954,11590,4263,40
4,layer2.0.add,159286,False,344112,51944,33877,12871,1234
4,layer2.0.relu3,78735,False,174252,25471,14391,10377,8
4,layer2.1.conv1,827007,False,1743822,33423,8810,751,122
4,layer2.1.bn1,50766,False,115359,7960,4775,840,85
4,layer2.1.relu1,18435,False,46979,5903,6499,288,12
4,layer2.1.conv2,1927253,False,4049296,12841,52696,1930,1878
4,layer2.1.bn2,45588,False,103956,7731,5542,364,47
4,layer2.1.relu2,18271,False,54180,5334,6756,201,10
4,layer2.1.conv3,845317,False,1781745,12251,6270,1803,1658
4,layer2.1.bn3,175438,False,378401,29157,12827,5407,36
4,layer2.1.add,157099,False,339851,54818,32345,12503,13
4,layer2.1.relu3,78616,False,173485,24732,15000,9869,5
4,layer2.2.conv1,821424,False,1731246,32948,8780,764,135
4,layer2.2.bn1,48465,False,110112,8559,3924,785,34
4,layer2.2.relu1,17621,False,45140,5341,6522,243,6
4,layer2.2.conv2,1917361,False,4028264,12769,53003,2018,1930
4,layer2.2.bn2,43855,False,100123,7826,5303,411,41
4,layer2.2.relu2,18256,False,46390,5194,6511,231,8
4,layer2.2.conv3,851325,False,1794052,12349,6088,2013,1689
4,layer2.2.bn3,172010,False,370691,29252,13849,4728,722
4,layer2.2.add,156769,False,338531,51954,33911,14402,18
4,layer2.2.relu3,77536,False,171315,25332,14207,10639,11
4,layer2.3.conv1,822483,False,1733435,32678,8520,752,143
4,layer2.3.bn1,48000,False,109185,7757,4852,735,34
4,layer2.3.relu1,18335,False,46498,5946,6607,180,11
4,layer2.3.conv2,1920251,False,4035162,13669,54143,1975,2118
4,layer2.3.bn2,43213,False,98769,7962,5686,357,40
4,layer2.3.relu2,18231,False,46507,5873,6534,209,6
4,layer2.3.conv3,845771,False,1782446,12465,6095,2028,1816
4,layer2.3.bn3,175153,False,377247,31615,11041,4613,42
4,layer2.3.add,156935,False,338843,51803,34368,13620,17
4,layer2.3.relu3,77192,False,170639,25371,14376,10361,9
4,layer3.0.conv1,1732101,False,3639464,24627,52145,10606,3061
4,layer3.0.bn1,84283,False,185448,15000,8034,2145,39
4,layer3.0.relu1,32464,False,76295,10886,11428,1470,8
4,layer3.0.conv2,2240847,False,4707467,39659,77057,8832,9315
4,layer3.0.bn2,34413,False,80316,4594,2865,336,43
4,layer3.0.relu2,12016,False,33649,2660,3602,74,9
4,layer3.0.conv3,976291,False,2056139,38416,27059,774,5194
4,layer3.0.bn3,91633,False,201140,15500,7610,1357,43
4,layer3.0.downsample.0,2241695,False,4709151,42698,323586,10671,6810
4,layer3.0.downsample.1,82042,False,180898,14758,8803,972,40
4,layer3.0.add,65424,False,145749,24071,18852,5597,27
4,layer3.0.relu3,33866,False,79018,11324,10894,1988,9
4,layer3.1.conv1,1028754,False,2166051,38656,33869,2340,3991
4,layer3.1.bn1,34002,False,79459,4471,2808,425,39
4,layer3.1.relu1,11566,False,32363,2787,3630,84,10
4,layer3.1.conv2,2039689,False,4285474,28188,59734,9062,5535
4,layer3.1.bn2,33897,False,79277,4577,2881,311,46
4,layer3.1.relu2,12624,False,34707,3110,3592,80,5
4,layer3.1.conv3,971602,False,2046907,38249,27071,833,5285
4,layer3.1.bn3,91374,False,200454,15801,8047,1585,39
4,layer3.1.add,71920,False,159709,24419,18567,5835,9
4,layer3.1.relu3,31966,False,75176,11736,11476,1355,7
4,layer3.2.conv1,1021858,False,2151180,38052,33305,2413,3528
4,layer3.2.bn1,33456,False,78241,4659,2872,440,36
4,layer3.2.relu1,11659,False,32582,2689,3603,80,7
4,layer3.2.conv2,2030663,False,4266053,28119,60455,10013,5142
4,layer3.2.bn2,32917,False,77143,4547,2888,313,41
4,layer3.2.relu2,12033,False,33555,2780,3592,85,9
4,layer3.2.conv3,980257,False,2064625,38950,26820,871,5231
4,layer3.2.bn3,93574,False,204937,16577,6528,1276,35
4,layer3.2.add,65780,False,146547,24052,18624,5837,9
4,layer3.2.relu3,31451,False,74205,10459,11946,950,9
4,layer3.3.conv1,1014246,False,2135708,38276,33230,2470,3535
4,layer3.3.bn1,34256,False,80116,4557,2910,429,36
4,layer3.3.relu1,11045,False,31503,2704,3587,102,9
4,layer3.3.conv2,2033037,False,4271177,28656,60844,9810,5558
4,layer3.3.bn2,33586,False,78720,4590,2814,328,44
4,layer3.3.relu2,12067,False,33438,2799,3643,79,10
4,layer3.3.conv3,970880,False,2044889,38834,26528,756,5282
4,layer3.3.bn3,92135,False,201950,15515,8029,1590,43
4,layer3.3.add,66998,False,149239,24285,18467,5837,15
4,layer3.3.relu3,31728,False,74695,10633,11739,1089,8
4,layer3.4.conv1,1009558,False,2125379,37629,33363,2335,3606
4,layer3.4.bn1,33724,False,78645,4582,2855,437,34
4,layer3.4.relu1,10744,False,30497,2810,3625,99,7
4,layer3.4.conv2,2056547,False,4320788,28542,59607,8174,7374
4,layer3.4.bn2,34450,False,80184,4451,2823,322,39
4,layer3.4.relu2,11985,False,33327,2778,3606,83,7
4,layer3.4.conv3,977865,False,2059337,38089,26635,801,5037
4,layer3.4.bn3,91243,False,200215,15726,7605,1348,42
4,layer3.4.add,70969,False,157596,26079,18587,5841,11
4,layer3.4.relu3,32204,False,75810,11864,11375,1489,10
4,layer3.5.conv1,1009625,False,2126381,37661,33305,2460,3554
4,layer3.5.bn1,33330,False,77807,4611,2713,446,32
4,layer3.5.relu1,10639,False,30372,2805,3628,79,8
4,layer3.5.conv2,2031029,False,4267246,28243,59892,9731,5287
4,layer3.5.bn2,33269,False,77880,4579,2877,312,37
4,layer3.5.relu2,11991,False,33171,2814,3628,81,10
4,layer3.5.conv3,968812,False,2040672,39881,26369,795,5675
4,layer3.5.bn3,90380,False,198119,15690,8155,1653,40
4,layer3.5.add,66926,False,149003,26101,18513,5868,14
4,layer3.5.relu3,32272,False,75920,10642,11621,1275,10
4,layer4.0.conv1,1988548,False,4177631,72899,62230,3752,7434
4,layer4.0.bn1,51782,False,116705,7947,4698,603,35
4,layer4.0.relu1,17638,False,44987,5216,6610,198,11
4,layer4.0.conv2,3595910,False,7546594,118583,184579,29920,38841
4,layer4.0.bn2,31325,False,73870,2970,1612,307,39
4,layer4.0.relu2,9021,False,27111,1512,2028,75,9
4,layer4.0.conv3,1311762,False,2760056,134072,37809,1631,2839
4,layer4.0.bn3,64289,False,143311,9700,3980,574,45
4,layer4.0.downsample.0,2967415,False,6230160,69463,423174,19520,12170
4,layer4.0.downsample.1,59272,False,132468,8288,2822,338,41
4,layer4.0.add,32783,False,77060,11362,9483,2952,22
4,layer4.0.relu3,18439,False,46699,5135,6597,167,9
4,layer4.1.conv1,1255773,False,2642528,128939,41265,2829,1154
4,layer4.1.bn1,31168,False,73537,2940,1388,474,40
4,layer4.1.relu1,9151,False,27710,1473,2030,86,9
4,layer4.1.conv2,3287736,False,6900935,105860,175882,36581,31355
4,layer4.1.bn2,33303,False,78089,2656,1490,312,35
4,layer4.1.relu2,8617,False,26006,1499,2064,80,10
4,layer4.1.conv3,1309534,False,2754881,133208,36033,1562,2993
4,layer4.1.bn3,61557,False,137289,9775,3811,504,43
4,layer4.1.add,32430,False,76210,11670,9233,2580,16
4,layer4.1.relu3,17408,False,44772,5807,6686,95,7
4,layer4.2.conv1,1248448,False,2627334,125601,40951,2193,1728
4,layer4.2.bn1,34972,False,81503,2974,1355,521,41
4,layer4.2.relu1,8286,False,25312,1655,2079,78,10
4,layer4.2.conv2,3209104,False,6736007,107476,174375,45528,22899
4,layer4.2.bn2,32947,False,77080,2565,1450,311,39
4,layer4.2.relu2,9685,False,28652,1812,2043,80,9
4,layer4.2.conv3,1299845,False,2735116,134995,36552,1585,3005
4,layer4.2.bn3,61249,False,136643,9311,3856,516,40
4,layer4.2.add,31447,False,74117,13077,9427,2908,10
4,layer4.2.relu3,16696,False,43141,5120,6679,80,6
4,avgpool,93933,False,205380,5116,1232,183,209
4,flatten,9385,False,27773,267,323,12,28
4,fc,503287,False,1066716,98242,10269,418,10467
5,conv1,2182559,False,4585288,33269,21178,3487,2758
5,bn1,342677,False,730105,56371,23498,12738,858
5,relu,174860,False,377103,51553,21386,27361,204
5,maxpool,10250547,False,21489047,3551,2878,867,107
5,layer1.0.conv1,255538,False,500562,4971,2704,463,62
5,layer1.0.bn1,89169,False,196029,15686,6704,1598,32
5,layer1.0.relu1,33301,False,77922,10602,11846,922,68
5,layer1.0.conv2,1993081,False,4187942,12926,54603,2082,1095
5,layer1.0.bn2,78172,False,173166,16091,7274,971,89
5,layer1.0.relu2,33152,False,77745,10852,11417,1447,10
5,layer1.0.conv3,862590,False,1817919,7415,8629,5929,547
5,layer1.0.bn3,317790,False,677247,57247,26151,9973,270
5,layer1.0.downsample.0,874031,False,1842405,7042,5942,3723,5257
5,layer1.0.downsample.1,325411,False,692560,57129,25852,10398,44
5,layer1.0.add,314026,False,669073,104820,66713,27213,1653
5,layer1.0.relu3,173399,False,373331,51779,20848,27916,8
5,layer1.1.conv1,810170,False,1708328,108692,9178,889,75
5,layer1.1.bn1,94413,False,206661,16104,5984,2360,26
5,layer1.1.relu1,31989,False,75191,10728,11847,917,55
5,layer1.1.conv2,1977897,False,4155949,13684,55492,2272,1009
5,layer1.1.bn2,75693,False,167422,16089,7373,997,76
5,layer1.1.relu2,32814,False,77395,11045,11480,1423,8
5,layer1.1.conv3,855072,False,1802634,7806,8640,5879,533
5,layer1.1.bn3,323694,False,689171,57579,25695,10233,63
5,layer1.1.add,314160,False,669391,107707,63816,25707,913
5,layer1.1.relu3,174133,False,374937,51595,21549,27304,10
5,layer1.2.conv1,811487,False,1711110,106388,8846,852,80
5,layer1.2.bn1,93710,False,204985,16156,5842,2416,31
5,layer1.2.relu1,31908,False,74985,10630,11908,957,26
5,layer1.2.conv2,1974792,False,4149773,13001,54874,2227,1025
5,layer1.2.bn2,70543,False,156578,14904,9583,992,47
5,layer1.2.relu2,31602,False,74312,10378,12173,730,11
5,layer1.2.conv3,852861,False,1798270,7431,8673,5796,543
5,layer1.2.bn3,323350,False,688496,57901,26185,10033,53
5,layer1.2.add,313183,False,667039,107614,64137,25596,626
5,layer1.2.relu3,173479,False,373593,51498,21559,27323,16
5,layer2.0.conv1,1596826,False,3356609,214814,17593,1038,115
5,layer2.0.bn1,176055,False,379075,29532,12213,5765,163
5,layer2.0.relu1,78440,False,173079,25029,14498,10344,9
5,layer2.0.conv2,2121562,False,4457055,62505,122437,6339,2106
5,layer2.0.bn2,44266,False,100808,7921,5301,402,33
5,layer2.0.relu2,21334,False,52722,5286,6665,207,9
5,layer2.0.conv3,845866,False,1782682,12095,6395,1623,1731
5,layer2.0.bn3,172647,False,372187,29435,13143,5778,36
5,layer2.0.downsample.0,2317741,False,4868457,162383,361636,12407,3095
5,layer2.0.downsample.1,177529,False,382652,31646,11381,4293,44
5,layer2.0.add,158424,False,342410,51879,33852,14378,13
5,layer2.0.relu3,84874,False,186809,24991,14722,10151,11
5,layer2.1.conv1,820864,False,1730647,32732,8726,656,133
5,layer2.1.bn1,48825,False,110473,8032,4800,971,28
5,layer2.1.relu1,18122,False,54243,5411,6519,387,9
5,layer2.1.conv2,1918216,False,4029881,12495,53297,1891,1752
5,layer2.1.bn2,47797,False,108626,7953,5610,414,39
5,layer2.1.relu2,18873,False,47715,5727,6599,136,10
5,layer2.1.conv3,844737,False,1780947,12693,5952,1832,1771
5,layer2.1.bn3,172003,False,378762,29420,12723,5284,46
5,layer2.1.add,156470,False,337819,53910,33005,12645,15
5,layer2.1.relu3,77229,False,170578,25402,14175,10599,5
5,layer2.2.conv1,820033,False,1727938,32607,8735,810,135
5,layer2.2.bn1,48713,False,110332,8566,3853,826,29
5,layer2.2.relu1,18567,False,47071,6004,6495,246,8
5,layer2.2.conv2,1921823,False,4037821,12776,52906,2047,1828
5,layer2.2.bn2,43002,False,98303,7906,5317,415,41
5,layer2.2.relu2,17432,False,44815,5952,6569,236,7
5,layer2.2.conv3,849360,False,1790383,12477,6114,1930,1788
5,layer2.2.bn3,170837,False,368363,29293,13979,4808,40
5,layer2.2.add,157269,False,339883,52767,33865,14178,13
5,layer2.2.relu3,78666,False,173745,25239,14469,10328,7
5,layer2.3.conv1,814989,False,1725330,33190,8476,654,133
5,layer2.3.bn1,48241,False,109495,7902,4766,770,33
5,layer2.3.relu1,18091,False,45995,5342,6597,184,8
5,layer2.3.conv2,1922298,False,4038889,13439,53906,2009,2045
5,layer2.3.bn2,43990,False,106906,7932,5768,425,33
5,layer2.3.relu2,18742,False,47484,5356,6577,190,6
5,layer2.3.conv3,844215,False,1779965,12294,6053,2063,1794
5,layer2.3.bn3,181891,False,391472,31325,11200,4618,118
5,layer2.3.add,157348,False,340116,51660,34523,13540,16
5,layer2.3.relu3,78126,False,172780,24685,15083,9777,8
5,layer3.0.conv1,1740577,False,3657665,23649,51873,10907,2858
5,layer3.0.bn1,84592,False,185989,15237,7401,2160,43
5,layer3.0.relu1,32742,False,76577,11080,11418,1471,6
5,layer3.0.conv2,2191967,False,4604089,38923,75805,11178,5693
5,layer3.0.bn2,33702,False,78675,4648,2812,347,40
5,layer3.0.relu2,12355,False,33775,3100,3637,78,14
5,layer3.0.conv3,967966,False,2038876,38457,26669,778,5163
5,layer3.0.bn3,92317,False,202521,15472,7675,1407,42
5,layer3.0.downsample.0,2224621,False,4673088,43207,323501,10628,5997
5,layer3.0.downsample.1,83029,False,183110,15102,8717,926,42
5,layer3.0.add,65969,False,147578,24074,18626,5840,9
5,layer3.0.relu3,33849,False,79218,12039,10708,2139,8
5,layer3.1.conv1,1045974,False,2173568,37603,32659,2529,3766
5,layer3.1.bn1,34756,False,80847,4660,2843,408,37
5,layer3.1.relu1,11617,False,32478,2833,3640,91,8
5,layer3.1.conv2,2035613,False,4277029,28105,59831,9503,5673
5,layer3.1.bn2,33661,False,78920,4657,2868,320,48
5,layer3.1.relu2,12400,False,34184,3083,3601,84,10
5,layer3.1.conv3,968819,False,2040488,38588,26753,801,5299
5,layer3.1.bn3,90939,False,199640,15377,8130,1547,33
5,layer3.1.add,71039,False,157689,24511,18856,5538,5
5,layer3.1.relu3,31968,False,75117,10774,11626,1274,9
5,layer3.2.conv1,1011069,False,2128787,38161,33512,2657,3373
5,layer3.2.bn1,33626,False,78507,4632,2802,430,38
5,layer3.2.relu1,11852,False,32908,2604,3581,79,8
5,layer3.2.conv2,2031871,False,4268982,28402,60508,10031,5354
5,layer3.2.bn2,33831,False,78882,4609,2836,323,38
5,layer3.2.relu2,12004,False,33169,3183,3610,80,9
5,layer3.2.conv3,970341,False,2043682,38356,26667,861,5306
5,layer3.2.bn3,91739,False,201072,16807,6586,1297,41
5,layer3.2.add,66434,False,148188,24087,18983,5455,6
5,layer3.2.relu3,31619,False,74186,10408,12038,858,9
5,layer3.3.conv1,1006746,False,2119836,37965,33435,2501,3554
5,layer3.3.bn1,33384,False,77970,4581,2847,446,35
5,layer3.3.relu1,11712,False,32613,2822,3582,92,13
5,layer3.3.conv2,2031849,False,4268656,28279,59633,9570,5322
5,layer3.3.bn2,34970,False,81539,4547,2839,320,46
5,layer3.3.relu2,12850,False,35122,3178,3587,78,11
5,layer3.3.conv3,972233,False,2047887,38954,26728,778,5270
5,layer3.3.bn3,92244,False,202496,15398,8114,1651,37
5,layer3.3.add,66771,False,148607,24283,18382,6044,9
5,layer3.3.relu3,31186,False,73392,11764,11741,1202,9
5,layer3.4.conv1,1026335,False,2160506,37662,32740,2565,3501
5,layer3.4.bn1,32733,False,76658,4612,2780,443,28
5,layer3.4.relu1,10689,False,30435,3214,3617,106,5
5,layer3.4.conv2,2068972,False,4346856,28429,58101,8795,8118
5,layer3.4.bn2,33368,False,77776,4597,2867,324,35
5,layer3.4.relu2,11563,False,32173,2802,3618,80,7
5,layer3.4.conv3,968073,False,2038619,38145,27088,810,5030
5,layer3.4.bn3,92164,False,202072,15326,7531,1374,38
5,layer3.4.add,71189,False,157910,25786,18183,6256,7
5,layer3.4.relu3,32687,False,76514,10658,11468,1373,8
5,layer3.5.conv1,1014052,False,2134828,37565,33088,2706,3264
5,layer3.5.bn1,33141,False,77765,4528,2771,449,30
5,layer3.5.relu1,11416,False,31893,3143,3583,81,8
5,layer3.5.conv2,2026857,False,4258775,28454,58800,9688,5083
5,layer3.5.bn2,32645,False,76399,4498,2904,328,34
5,layer3.5.relu2,11901,False,32981,2646,3594,84,9
5,layer3.5.conv3,969984,False,2043111,38934,26706,748,5377
5,layer3.5.bn3,90349,False,198414,15584,8230,1591,33
5,layer3.5.add,66452,False,148058,24327,18602,5794,7
5,layer3.5.relu3,32164,False,75660,10821,11637,1291,11
5,layer4.0.conv1,1973521,False,4146113,71882,62914,4168,6655
5,layer4.0.bn1,51125,False,115412,7991,4782,582,38
5,layer4.0.relu1,17477,False,44616,5129,6537,194,10
5,layer4.0.conv2,3413442,False,7164676,132406,179507,51528,18457
5,layer4.0.bn2,31877,False,74675,3091,1589,326,39
5,layer4.0.relu2,8959,False,27192,1760,2067,76,9
5,layer4.0.conv3,1289955,False,2714407,131457,37083,2195,2212
5,layer4.0.bn3,59719,False,133450,9463,3823,490,40
5,layer4.0.downsample.0,2884999,False,6056835,68429,425686,22043,5833
5,layer4.0.downsample.1,58938,False,131472,8567,2847,364,39
5,layer4.0.add,31887,False,75279,11457,9277,3263,9
5,layer4.0.relu3,17866,False,45484,5392,6583,188,8
5,layer4.1.conv1,1239717,False,2616278,125912,40482,3338,733
5,layer4.1.bn1,30962,False,72911,3032,1389,475,36
5,layer4.1.relu1,8724,False,26397,1786,2082,83,6
5,layer4.1.conv2,3157688,False,6628125,110448,172344,52576,17630
5,layer4.1.bn2,32782,False,76755,2647,1435,317,34
5,layer4.1.relu2,9450,False,28265,1733,2013,79,9
5,layer4.1.conv3,1291308,False,2716764,130599,35727,2352,2122
5,layer4.1.bn3,61645,False,137362,9392,3869,511,34
5,layer4.1.add,32113,False,75575,11696,9207,2554,8
5,layer4.1.relu3,17545,False,45139,5779,6663,102,5
5,layer4.2.conv1,1240555,False,2610172,124044,40234,2645,1276
5,layer4.2.bn1,30202,False,71562,3100,1413,476,32
5,layer4.2.relu1,8126,False,25077,1895,2103,85,4
5,layer4.2.conv2,3150954,False,6613878,110147,172030,52882,16613
5,layer4.2.bn2,31890,False,75012,2763,1511,318,33
5,layer4.2.relu2,8491,False,25889,1855,2089,81,8
5,layer4.2.conv3,1276901,False,2686751,128578,35673,2756,1833
5,layer4.2.bn3,60028,False,133848,9257,3853,516,36
5,layer4.2.add,31425,False,74438,12026,9251,2598,11
5,layer4.2.relu3,17346,False,44550,5295,6700,83,6
5,avgpool,88546,False,194091,4774,1178,66,201
5,flatten,9433,False,27723,249,299,12,32
5,fc,506877,False,1073666,98714,10233,547,10503
6,conv1,2173106,False,4566232,30187,20692,3588,719
6,bn1,336375,False,716427,56540,23893,12934,52
6,relu,175256,False,378108,51442,21390,27533,37
6,maxpool,10250717,False,21488860,3532,2962,881,90
6,layer1.0.conv1,263684,False,491191,4230,2489,418,53
6,layer1.0.bn1,88396,False,194601,15842,6677,1711,17
6,layer1.0.relu1,32974,False,77108,11698,11975,860,18
6,layer1.0.conv2,1983511,False,4167660,12881,54329,2217,971
6,layer1.0.bn2,75674,False,167530,16279,7181,1030,56
6,layer1.0.relu2,33327,False,78054,10966,11368,1481,10
6,layer1.0.conv3,857598,False,1807898,6948,8429,5822,505
6,layer1.0.bn3,321542,False,684512,57367,25541,10473,86
6,layer1.0.downsample.0,903678,False,1852611,7614,5923,5930,3152
6,layer1.0.downsample.1,320542,False,682573,57204,25666,10415,38
6,layer1.0.add,314438,False,669708,104871,68259,27087,322
6,layer1.0.relu3,175820,False,378190,51695,21102,27845,8
6,layer1.1.conv1,805307,False,1698222,106755,9048,786,64
6,layer1.1.bn1,97189,False,212429,16178,5797,2826,24
6,layer1.1.relu1,30885,False,72944,10559,11921,991,8
6,layer1.1.conv2,1971591,False,4141653,13320,55559,2341,862
6,layer1.1.bn2,74356,False,164890,16152,7112,1091,38
6,layer1.1.relu2,32109,False,75869,11843,11425,1488,7
6,layer1.1.conv3,856087,False,1804305,7480,8534,5932,551
6,layer1.1.bn3,318179,False,677727,57293,25731,10198,38
6,layer1.1.add,313741,False,668192,109589,63289,25511,119
6,layer1.1.relu3,176427,False,379835,51651,21414,27640,4
6,layer1.2.conv1,804688,False,1696702,107790,8873,789,60
6,layer1.2.bn1,105599,False,230143,16362,6064,2452,25
6,layer1.2.relu1,31485,False,74063,10624,11995,900,13
6,layer1.2.conv2,1965516,False,4130503,13353,55069,2249,911
6,layer1.2.bn2,70737,False,157311,15006,9225,1047,55
6,layer1.2.relu2,31966,False,75246,10611,12156,741,8
6,layer1.2.conv3,852649,False,1797567,7747,8741,5603,530
6,layer1.2.bn3,319733,False,681247,57378,25999,9877,41
6,layer1.2.add,313366,False,668201,109279,63084,25500,445
6,layer1.2.relu3,176490,False,379710,51910,20130,28594,85
6,layer2.0.conv1,1589420,False,3341659,215765,17464,943,107
6,layer2.0.bn1,173161,False,373553,29660,12465,6036,72
6,layer2.0.relu1,78473,False,173208,25441,13916,10941,5
6,layer2.0.conv2,2125565,False,4466751,66736,125746,6519,1979
6,layer2.0.bn2,44814,False,101949,7896,5247,396,23
6,layer2.0.relu2,19158,False,48426,5125,6682,85,9
6,layer2.0.conv3,849613,False,1790732,12759,6473,1799,1727
6,layer2.0.bn3,168476,False,363398,29377,13555,5218,30
6,layer2.0.downsample.0,2307847,False,4847544,161778,358841,12817,2650
6,layer2.0.downsample.1,180496,False,389775,31577,11019,4496,33
6,layer2.0.add,159623,False,345028,52460,34537,13548,62
6,layer2.0.relu3,80481,False,177467,24680,14817,9962,7
6,layer2.1.conv1,825320,False,1739594,32912,8707,816,109
6,layer2.1.bn1,48621,False,110210,8020,4792,903,21
6,layer2.1.relu1,18354,False,46607,5355,6532,251,9
6,layer2.1.conv2,1913991,False,4021301,12546,53124,2044,1724
6,layer2.1.bn2,44816,False,102207,7722,5527,380,34
6,layer2.1.relu2,18297,False,46500,5909,6678,140,8
6,layer2.1.conv3,848234,False,1787556,12326,6193,1929,1631
6,layer2.1.bn3,171010,False,368804,29511,12847,4950,28
6,layer2.1.add,156975,False,339161,53847,32723,12808,11
6,layer2.1.relu3,78891,False,174607,24574,14734,10082,5
6,layer2.2.conv1,817088,False,1722697,32464,8794,813,111
6,layer2.2.bn1,47887,False,108766,8737,3851,865,24
6,layer2.2.relu1,18688,False,47172,5330,6505,235,8
6,layer2.2.conv2,1913836,False,4020744,14069,55046,2127,1930
6,layer2.2.bn2,43742,False,99964,7855,5373,387,30
6,layer2.2.relu2,18206,False,46502,5214,6545,214,7
6,layer2.2.conv3,851258,False,1794613,12595,6219,2132,1846
6,layer2.2.bn3,174162,False,375383,29365,13450,5283,31
6,layer2.2.add,157275,False,339631,52518,34102,14236,7
6,layer2.2.relu3,77750,False,171837,25360,14265,10497,5
6,layer2.3.conv1,821279,False,1731091,32036,8438,753,118
6,layer2.3.bn1,48483,False,109942,7873,4833,816,29
6,layer2.3.relu1,17013,False,43671,5239,6617,177,6
6,layer2.3.conv2,1915318,False,4023878,13240,53339,2117,1900
6,layer2.3.bn2,44560,False,101828,7798,5618,389,25
6,layer2.3.relu2,18193,False,46594,5303,6529,193,5
6,layer2.3.conv3,849049,False,1789579,12454,6021,2277,1806
6,layer2.3.bn3,171198,False,369369,31306,11139,4419,32
6,layer2.3.add,157992,False,341394,51595,34395,13780,6
6,layer2.3.relu3,77127,False,170540,25257,14437,10334,5
6,layer3.0.conv1,1717296,False,3609042,23639,52533,11243,2272
6,layer3.0.bn1,85348,False,187860,14831,8018,2116,29
6,layer3.0.relu1,32779,False,76920,11897,11167,1705,6
6,layer3.0.conv2,2223991,False,4671717,40524,76836,9761,7369
6,layer3.0.bn2,34589,False,80695,4618,2802,367,31
6,layer3.0.relu2,11851,False,32946,3118,3605,76,7
6,layer3.0.conv3,967926,False,2038994,38563,26355,828,5353
6,layer3.0.bn3,92084,False,201983,15550,7561,1429,37
6,layer3.0.downsample.0,2219523,False,4662544,42285,323485,10700,5864
6,layer3.0.downsample.1,81566,False,180169,14864,8810,878,32
6,layer3.0.add,65718,False,146502,24196,18529,5896,8
6,layer3.0.relu3,33811,False,78887,11362,10789,2091,7
6,layer3.1.conv1,1017754,False,2143257,37579,34173,3054,2465
6,layer3.1.bn1,34345,False,80181,4443,2775,413,32
6,layer3.1.relu1,11643,False,32573,2807,3621,91,7
6,layer3.1.conv2,2034340,False,4275461,28465,58729,9575,5314
6,layer3.1.bn2,34222,False,79842,4610,2862,314,37
6,layer3.1.relu2,12169,False,33993,3089,3588,82,7
6,layer3.1.conv3,970993,False,2045552,38204,26820,884,5259
6,layer3.1.bn3,90746,False,199293,15438,8230,1600,32
6,layer3.1.add,66804,False,148869,24327,18688,5813,6
6,layer3.1.relu3,31605,False,74278,10740,11662,1280,6
6,layer3.2.conv1,1007020,False,2120575,37660,34253,3033,2415
6,layer3.2.bn1,33904,False,79120,4559,2829,439,28
6,layer3.2.relu1,11282,False,31593,3198,3618,86,9
6,layer3.2.conv2,2032834,False,4271210,28647,60401,9270,5459
6,layer3.2.bn2,34191,False,79818,4481,2820,323,36
6,layer3.2.relu2,11352,False,31712,3113,3635,86,6
6,layer3.2.conv3,967884,False,2038736,38481,26636,948,5178
6,layer3.2.bn3,92135,False,201788,16528,6519,1242,33
6,layer3.2.add,69914,False,155279,24213,18402,6126,8
6,layer3.2.relu3,31447,False,74082,10818,12018,895,10
6,layer3.3.conv1,1006076,False,2118283,37234,33889,2921,2551
6,layer3.3.bn1,33527,False,78155,4534,2825,431,36
6,layer3.3.relu1,11103,False,31152,2841,3626,98,7
6,layer3.3.conv2,2028146,False,4261059,27805,60082,9906,5044
6,layer3.3.bn2,34035,False,79392,4582,2898,331,38
6,layer3.3.relu2,11517,False,32518,2840,3592,81,5
6,layer3.3.conv3,969220,False,2041222,38710,26694,822,5317
6,layer3.3.bn3,91214,False,200583,15448,8041,1610,36
6,layer3.3.add,67151,False,149641,24501,18406,5935,9
6,layer3.3.relu3,31455,False,74069,10599,11847,1098,7
6,layer3.4.conv1,1023347,False,2154770,36986,33754,3056,2471
6,layer3.4.bn1,33278,False,77687,4662,2840,447,30
6,layer3.4.relu1,10720,False,30460,3268,3597,91,5
6,layer3.4.conv2,2048628,False,4303873,28167,59522,8793,6459
6,layer3.4.bn2,36853,False,85351,4674,2934,437,36
6,layer3.4.relu2,12488,False,34263,2815,3586,81,4
6,layer3.4.conv3,968687,False,2040171,38339,26678,832,5035
6,layer3.4.bn3,92261,False,202488,15342,7573,1374,27
6,layer3.4.add,66873,False,149044,24086,18234,6249,4
6,layer3.4.relu3,32087,False,75403,10820,11619,1313,7
6,layer3.5.conv1,1012522,False,2132108,37593,34346,3177,2243
6,layer3.5.bn1,33308,False,77764,4544,2771,458,29
6,layer3.5.relu1,10954,False,31180,2750,3613,83,6
6,layer3.5.conv2,2029967,False,4264855,28312,59699,10157,5226
6,layer3.5.bn2,33228,False,77532,4534,2912,319,36
6,layer3.5.relu2,12769,False,34798,2656,3581,84,8
6,layer3.5.conv3,968200,False,2039015,39520,26621,830,5379
6,layer3.5.bn3,90395,False,198602,15601,8200,1662,28
6,layer3.5.add,67817,False,150980,24175,18594,5716,7
6,layer3.5.relu3,32303,False,75986,11801,11503,1364,11
6,layer4.0.conv1,1971925,False,4142873,72352,64428,5019,4977
6,layer4.0.bn1,52294,False,118095,7965,4648,629,35
6,layer4.0.relu1,17430,False,44605,5131,6625,187,6
6,layer4.0.conv2,3400927,False,7138458,129906,182503,54789,17136
6,layer4.0.bn2,31143,False,73108,3006,1596,320,31
6,layer4.0.relu2,9132,False,27141,1454,2027,78,8
6,layer4.0.conv3,1259396,False,2650041,125770,36421,3307,1136
6,layer4.0.bn3,60883,False,135737,9294,3708,485,36
6,layer4.0.downsample.0,2882130,False,6057849,69308,430589,21969,5687
6,layer4.0.downsample.1,59392,False,132951,8182,2907,359,30
6,layer4.0.add,32587,False,76686,11290,9434,3103,8
6,layer4.0.relu3,18621,False,47237,5084,6548,191,8
6,layer4.1.conv1,1238964,False,2607291,124548,40302,3444,479
6,layer4.1.bn1,31224,False,73554,3069,1354,498,33
6,layer4.1.relu1,8977,False,27106,1771,2006,83,8
6,layer4.1.conv2,3148210,False,6608867,111439,171260,53196,18141
6,layer4.1.bn2,32007,False,75262,2710,1484,318,29
6,layer4.1.relu2,9230,False,27701,1556,2085,83,8
6,layer4.1.conv3,1258282,False,2647352,125326,35284,3530,1117
6,layer4.1.bn3,62547,False,139095,9559,3924,540,35
6,layer4.1.add,32488,False,76160,11610,9095,2780,7
6,layer4.1.relu3,17336,False,44686,5173,6663,98,4
6,layer4.2.conv1,1228620,False,2585717,126544,40246,3260,682
6,layer4.2.bn1,28781,False,68686,3029,1351,490,26
6,layer4.2.relu1,8107,False,25122,1827,2050,89,5
6,layer4.2.conv2,3149190,False,6610230,110838,172514,53121,17000
6,layer4.2.bn2,34857,False,81005,2779,1518,435,28
6,layer4.2.relu2,8425,False,25778,1620,2079,84,8
6,layer4.2.conv3,1249486,False,2629247,125505,35087,3438,1091
6,layer4.2.bn3,60079,False,134125,9488,3934,531,40
6,layer4.2.add,31743,False,74734,11290,9490,2731,9
6,layer4.2.relu3,17099,False,43878,5219,6675,79,6
6,avgpool,83405,False,183264,4690,1175,61,198
6,flatten,8563,False,26043,255,315,11,30
6,fc,504070,False,1067702,98452,10206,574,10415
7,conv1,2173516,False,4566462,30553,21730,3620,851
7,bn1,334507,False,713260,56679,23817,13313,29
7,relu,178470,False,383985,51621,21199,27770,41
7,maxpool,10578134,False,22174973,2977,2689,813,76
7,layer1.0.conv1,262938,False,501522,4457,2666,523,50
7,layer1.0.bn1,87866,False,193069,15668,6739,1661,15
7,layer1.0.relu1,32760,False,76874,10900,11821,1022,31
7,layer1.0.conv2,1982788,False,4165788,12766,54358,2349,860
7,layer1.0.bn2,75508,False,167107,16231,7404,979,50
7,layer1.0.relu2,33499,False,78138,10885,11354,1518,9
7,layer1.0.conv3,859204,False,1811225,7283,8426,5954,524
7,layer1.0.bn3,317436,False,676442,57399,25890,10204,148
7,layer1.0.downsample.0,869456,False,1832453,7637,5961,6262,2783
7,layer1.0.downsample.1,320592,False,682714,56863,25971,10382,36
7,layer1.0.add,317908,False,676910,103352,67549,27995,271
7,layer1.0.relu3,173987,False,374737,51532,21573,27364,8
7,layer1.1.conv1,808088,False,1703853,107229,9141,908,51
7,layer1.1.bn1,93198,False,204089,16180,5950,2487,17
7,layer1.1.relu1,31241,False,73715,11715,11797,1083,22
7,layer1.1.conv2,1968963,False,4137421,13365,54791,2386,826
7,layer1.1.bn2,74036,False,164339,16167,7227,1033,37
7,layer1.1.relu2,32315,False,75986,11885,11412,1512,7
7,layer1.1.conv3,855146,False,1802689,7261,8407,6033,560
7,layer1.1.bn3,317576,False,676105,57288,25610,10130,33
7,layer1.1.add,312901,False,666520,109766,64413,25243,125
7,layer1.1.relu3,174106,False,375294,51416,21576,27404,3
7,layer1.2.conv1,808685,False,1705480,105993,8756,936,51
7,layer1.2.bn1,93089,False,204118,16035,6028,2423,18
7,layer1.2.relu1,31704,False,74560,10900,11931,946,13
7,layer1.2.conv2,1966562,False,4131618,12878,54732,2287,861
7,layer1.2.bn2,71308,False,158439,14873,9508,1025,47
7,layer1.2.relu2,31314,False,73851,10675,12180,769,5
7,layer1.2.conv3,852270,False,1796987,7428,8586,5687,498
7,layer1.2.bn3,322243,False,686216,57281,26644,9698,33
7,layer1.2.add,312577,False,666127,107565,64594,25308,476
7,layer1.2.relu3,173488,False,374093,51493,21355,27498,82
7,layer2.0.conv1,1595184,False,3353345,215131,17332,1059,98
7,layer2.0.bn1,172174,False,371233,29380,12868,5817,51
7,layer2.0.relu1,78545,False,173323,25410,14008,10726,4
7,layer2.0.conv2,2114474,False,4442286,63497,122700,6668,1820
7,layer2.0.bn2,42993,False,98388,7961,5149,406,22
7,layer2.0.relu2,17498,False,44818,5109,6717,90,4
7,layer2.0.conv3,848141,False,1787734,12507,6468,1847,1691
7,layer2.0.bn3,168125,False,362396,29514,13139,5551,24
7,layer2.0.downsample.0,2298610,False,4827875,162456,361245,13200,2393
7,layer2.0.downsample.1,176044,False,379944,31491,11137,4314,33
7,layer2.0.add,159054,False,343712,51713,34451,13706,3
7,layer2.0.relu3,78655,False,173905,25372,14226,10579,4
7,layer2.1.conv1,822240,False,1732816,32122,8720,858,102
7,layer2.1.bn1,47856,False,108483,7960,4837,891,21
7,layer2.1.relu1,18028,False,45961,5987,6507,299,7
7,layer2.1.conv2,1920260,False,4034823,13070,53502,2295,1715
7,layer2.1.bn2,43273,False,98935,7772,5487,371,30
7,layer2.1.relu2,18763,False,47662,5810,6612,121,8
7,layer2.1.conv3,880973,False,1805387,12423,5989,2269,1609
7,layer2.1.bn3,171020,False,368883,29220,13089,5092,24
7,layer2.1.add,157399,False,340286,55034,32517,12997,7
7,layer2.1.relu3,78375,False,173048,24642,14951,9939,2
7,layer2.2.conv1,821772,False,1732009,32451,8717,797,102
7,layer2.2.bn1,48029,False,108883,8687,3897,869,17
7,layer2.2.relu1,17296,False,44397,5507,6544,238,6
7,layer2.2.conv2,1914474,False,4022097,13702,55024,2130,1812
7,layer2.2.bn2,42835,False,97948,7933,5262,422,28
7,layer2.2.relu2,17347,False,44324,5983,6558,223,7
7,layer2.2.conv3,848419,False,1787921,12486,6173,2054,1677
7,layer2.2.bn3,170121,False,366793,29242,13974,4998,25
7,layer2.2.add,157743,False,340606,51742,34158,14050,4
7,layer2.2.relu3,78872,False,174277,24614,14863,9995,4
7,layer2.3.conv1,818735,False,1725512,31872,8391,838,112
7,layer2.3.bn1,48460,False,109953,7707,4804,780,23
7,layer2.3.relu1,17141,False,43971,5279,6663,161,4
7,layer2.3.conv2,1913955,False,4020920,12965,52738,2085,1813
7,layer2.3.bn2,42809,False,98379,7759,5655,384,25
7,layer2.3.relu2,17945,False,45643,5907,6604,191,3
7,layer2.3.conv3,848113,False,1787160,12355,5939,2256,1693
7,layer2.3.bn3,171240,False,368961,31570,11156,4150,26
7,layer2.3.add,160892,False,347053,51665,33914,14296,6
7,layer2.3.relu3,78019,False,172373,24616,15105,9769,5
7,layer3.0.conv1,1725368,False,3626527,22627,52277,11315,1915
7,layer3.0.bn1,86460,False,189983,14770,8049,2049,24
7,layer3.0.relu1,32363,False,76131,10959,11355,1573,4
7,layer3.0.conv2,2211426,False,4645077,40027,77782,9983,6660
7,layer3.0.bn2,33513,False,78031,4575,2782,334,29
7,layer3.0.relu2,11977,False,33278,3116,3589,81,5
7,layer3.0.conv3,968801,False,2040344,38723,26676,859,5245
7,layer3.0.bn3,91684,False,200936,15615,7738,1420,36
7,layer3.0.downsample.0,2215312,False,4653088,43194,322965,10649,6045
7,layer3.0.downsample.1,85718,False,188374,14984,8534,1087,26
7,layer3.0.add,66404,False,148068,23884,18677,5778,9
7,layer3.0.relu3,34260,False,79783,11335,10838,2012,7
7,layer3.1.conv1,1015364,False,2137957,37623,34378,3374,2134
7,layer3.1.bn1,34667,False,80700,4606,2809,430,35
7,layer3.1.relu1,11565,False,32295,3243,3625,91,9
7,layer3.1.conv2,2030490,False,4266385,28371,59768,10095,5357
7,layer3.1.bn2,33908,False,79206,4556,2838,316,41
7,layer3.1.relu2,11558,False,32219,3129,3641,87,5
7,layer3.1.conv3,971000,False,2044846,37921,26715,913,5107
7,layer3.1.bn3,89390,False,196530,15555,8183,1622,27
7,layer3.1.add,67239,False,149843,25998,18874,5625,6
7,layer3.1.relu3,31327,False,73844,10929,11629,1288,5
7,layer3.2.conv1,1019410,False,2146393,36919,34418,3256,1887
7,layer3.2.bn1,33271,False,77632,4500,2769,447,30
7,layer3.2.relu1,15386,False,40317,2838,3600,196,6
7,layer3.2.conv2,2024931,False,4254467,28713,60813,9606,5161
7,layer3.2.bn2,33026,False,77851,4651,2854,321,35
7,layer3.2.relu2,12166,False,34367,2773,3622,81,5
7,layer3.2.conv3,967880,False,2039089,38237,26842,979,5060
7,layer3.2.bn3,96042,False,210693,16542,6598,1229,35
7,layer3.2.add,66662,False,149060,23935,18933,5524,5
7,layer3.2.relu3,30694,False,72495,10576,12059,893,8
7,layer3.3.conv1,1011867,False,2130614,37413,34352,3083,2166
7,layer3.3.bn1,33294,False,77977,4590,2769,433,36
7,layer3.3.relu1,11485,False,32354,2853,3621,96,8
7,layer3.3.conv2,2031205,False,4267998,28319,59651,9463,5214
7,layer3.3.bn2,35615,False,82825,4559,2814,298,39
7,layer3.3.relu2,12518,False,34542,2757,3623,78,6
7,layer3.3.conv3,968882,False,2040799,38485,26694,882,5082
7,layer3.3.bn3,93846,False,205615,15157,8038,1623,34
7,layer3.3.add,68237,False,151979,25981,18458,5964,7
7,layer3.3.relu3,32694,False,76532,10656,11728,1138,6
7,layer3.4.conv1,1021866,False,2151545,37591,34538,3176,1963
7,layer3.4.bn1,33441,False,78155,4582,2794,449,27
7,layer3.4.relu1,11372,False,31782,3180,3620,84,3
7,layer3.4.conv2,2047447,False,4301546,28616,59923,9806,6113
7,layer3.4.bn2,33721,False,78778,4562,2910,317,34
7,layer3.4.relu2,11660,False,32654,2972,3610,83,5
7,layer3.4.conv3,967610,False,2037928,37746,27069,892,4754
7,layer3.4.bn3,92286,False,202504,15465,7571,1370,30
7,layer3.4.add,66928,False,148909,24295,18448,5880,3
7,layer3.4.relu3,31939,False,75222,10905,11537,1343,4
7,layer3.5.conv1,1009917,False,2126277,37800,34518,3399,1797
7,layer3.5.bn1,33185,False,77907,4481,2824,465,26
7,layer3.5.relu1,11235,False,31497,2981,3600,86,5
7,layer3.5.conv2,2032039,False,4269201,28626,59038,9883,5196
7,layer3.5.bn2,32866,False,76987,4574,2869,336,32
7,layer3.5.relu2,11953,False,33311,2614,3589,88,6
7,layer3.5.conv3,968884,False,2040977,39379,26456,823,5454
7,layer3.5.bn3,90477,False,198714,15511,8074,1665,30
7,layer3.5.add,66785,False,148756,23925,18736,5701,7
7,layer3.5.relu3,31993,False,75095,10702,11616,1298,9
7,layer4.0.conv1,1975334,False,4149993,71381,64768,5523,4107
7,layer4.0.bn1,52178,False,117769,7892,4568,650,35
7,layer4.0.relu1,18180,False,46344,6017,6483,272,7
7,layer4.0.conv2,3393566,False,7122707,130795,181651,53645,16957
7,layer4.0.bn2,30856,False,72804,3029,1615,334,29
7,layer4.0.relu2,9118,False,27017,1758,2067,82,8
7,layer4.0.conv3,1248885,False,2627777,126239,36518,3425,953
7,layer4.0.bn3,61440,False,136806,9620,4018,490,37
7,layer4.0.downsample.0,2885582,False,6058153,70497,429251,21525,5821
7,layer4.0.downsample.1,59597,False,133217,8204,2815,373,29
7,layer4.0.add,31598,False,74622,13036,9472,3067,8
7,layer4.0.relu3,17893,False,45897,5905,6588,198,7
7,layer4.1.conv1,1224010,False,2575711,123511,40304,3534,362
7,layer4.1.bn1,30552,False,72434,2996,1337,513,32
7,layer4.1.relu1,8832,False,32655,1946,2078,195,10
7,layer4.1.conv2,3171952,False,6608544,113728,169952,55136,17511
7,layer4.1.bn2,32039,False,75342,2637,1414,328,25
7,layer4.1.relu2,9486,False,27826,1513,2080,83,6
7,layer4.1.conv3,1252031,False,2634600,126030,34655,3439,1009
7,layer4.1.bn3,62352,False,138954,8985,3698,527,28
7,layer4.1.add,32477,False,76115,11219,9171,2903,5
7,layer4.1.relu3,17255,False,44437,5816,6682,87,5
7,layer4.2.conv1,1230522,False,2590012,124743,40231,3365,654
7,layer4.2.bn1,30031,False,71185,3192,1357,496,30
7,layer4.2.relu1,8691,False,26270,1506,2028,81,4
7,layer4.2.conv2,3141362,False,6594009,110954,170161,54766,17399
7,layer4.2.bn2,31416,False,73971,2611,1504,322,27
7,layer4.2.relu2,8659,False,26263,1607,2110,81,9
7,layer4.2.conv3,1248561,False,2627935,123803,34650,3542,1006
7,layer4.2.bn3,60014,False,134284,9269,3820,546,36
7,layer4.2.add,30872,False,72943,13086,9506,2784,21
7,layer4.2.relu3,17460,False,44620,5410,6695,71,6
7,avgpool,112921,False,199075,4920,1209,241,204
7,flatten,8240,False,25166,261,310,13,27
7,fc,498626,False,1056942,99204,10885,467,10382
8,conv1,2171824,False,4563966,30479,20427,3649,717
8,bn1,340195,False,724740,56529,23958,13829,41
8,relu,174825,False,376779,51407,21668,27210,56
8,maxpool,10297271,False,21586247,3529,3157,893,71
8,layer1.0.conv1,256931,False,500260,4485,2625,495,55
8,layer1.0.bn1,88208,False,193889,15754,6684,1717,13
8,layer1.0.relu1,33451,False,78215,10791,11905,936,30
8,layer1.0.conv2,1981250,False,4162863,12638,54052,2323,920
8,layer1.0.bn2,77116,False,170695,16072,7434,1067,47
8,layer1.0.relu2,33416,False,78379,10748,11354,1536,7
8,layer1.0.conv3,858713,False,1810265,7572,8612,5819,521
8,layer1.0.bn3,317798,False,677244,57583,25450,10295,33
8,layer1.0.downsample.0,866474,False,1826303,7371,5939,6333,2658
8,layer1.0.downsample.1,322028,False,686248,57676,25803,10582,37
8,layer1.0.add,314733,False,670940,104749,67954,27546,219
8,layer1.0.relu3,173641,False,374077,51577,20902,28049,7
8,layer1.1.conv1,809205,False,1706251,107582,9103,922,49
8,layer1.1.bn1,93487,False,204838,16165,5810,2451,13
8,layer1.1.relu1,31305,False,73375,10665,12036,905,2
8,layer1.1.conv2,1970879,False,4141488,12721,54047,2354,764
8,layer1.1.bn2,74334,False,165154,16287,7431,1045,40
8,layer1.1.relu2,32656,False,76500,11925,11334,1572,6
8,layer1.1.conv3,856944,False,1806682,8013,8548,5924,569
8,layer1.1.bn3,321898,False,685649,57481,25999,10775,29
8,layer1.1.add,312464,False,665779,107777,64510,25625,115
8,layer1.1.relu3,173015,False,372262,51527,21561,27298,1
8,layer1.2.conv1,812325,False,1713235,106594,8812,935,50
8,layer1.2.bn1,95407,False,208752,16323,5880,2442,12
8,layer1.2.relu1,31304,False,73473,10749,11981,969,9
8,layer1.2.conv2,1964731,False,4127374,13619,56047,2299,826
8,layer1.2.bn2,70366,False,156591,14905,9339,1013,49
8,layer1.2.relu2,31683,False,74510,10526,12155,745,7
8,layer1.2.conv3,852155,False,1796661,7396,8713,5694,490
8,layer1.2.bn3,323108,False,688351,57595,26051,10267,30
8,layer1.2.add,312509,False,665796,107958,64294,25319,411
8,layer1.2.relu3,174010,False,374902,51669,21508,27247,75
8,layer2.0.conv1,1592244,False,3347259,214842,17431,1053,92
8,layer2.0.bn1,173345,False,373401,29648,12424,6238,11
8,layer2.0.relu1,79102,False,174693,24737,14716,10079,5
8,layer2.0.conv2,2123584,False,4461073,68750,128487,6945,1796
8,layer2.0.bn2,44120,False,100754,7977,5242,423,21
8,layer2.0.relu2,17817,False,45596,5153,6677,87,4
8,layer2.0.conv3,842914,False,1777272,12393,6377,1715,1698
8,layer2.0.bn3,177086,False,381651,29234,13208,5826,95
8,layer2.0.downsample.0,2304894,False,4841889,162962,360215,13094,2450
8,layer2.0.downsample.1,176429,False,380190,31468,11138,4566,32
8,layer2.0.add,158627,False,343142,51764,33986,14012,33
8,layer2.0.relu3,79800,False,176384,25339,14278,10471,4
8,layer2.1.conv1,820018,False,1728506,31580,8689,797,103
8,layer2.1.bn1,48296,False,109483,7861,4818,888,12
8,layer2.1.relu1,17764,False,45336,5886,6521,309,6
8,layer2.1.conv2,1918168,False,4029913,12266,52987,2231,1500
8,layer2.1.bn2,44035,False,100438,7828,5442,382,30
8,layer2.1.relu2,18718,False,54592,5300,6717,161,5
8,layer2.1.conv3,842426,False,1776632,12200,6255,1933,1532
8,layer2.1.bn3,174011,False,375701,29389,12886,5274,19
8,layer2.1.add,156022,False,336819,54918,32249,12589,4
8,layer2.1.relu3,77330,False,171012,25331,14385,10459,2
8,layer2.2.conv1,819842,False,1727898,31965,8715,808,86
8,layer2.2.bn1,46978,False,106812,8693,3958,827,16
8,layer2.2.relu1,17592,False,44823,5461,6555,236,6
8,layer2.2.conv2,1923637,False,4041964,14169,55112,2343,1559
8,layer2.2.bn2,43824,False,100639,7871,5360,415,27
8,layer2.2.relu2,18009,False,45721,5424,6577,231,5
8,layer2.2.conv3,847081,False,1785022,12035,6260,2052,1600
8,layer2.2.bn3,169290,False,364693,29475,13890,5020,23
8,layer2.2.add,157554,False,340766,52606,33914,14284,4
8,layer2.2.relu3,77687,False,171797,25375,14285,10435,4
8,layer2.3.conv1,817276,False,1722820,31458,8462,802,103
8,layer2.3.bn1,47305,False,107276,7916,4890,775,18
8,layer2.3.relu1,18162,False,46226,5198,6566,192,5
8,layer2.3.conv2,1912686,False,4019021,12866,53548,2151,1769
8,layer2.3.bn2,42844,False,97983,7861,5666,386,24
8,layer2.3.relu2,18393,False,46868,5250,6558,173,4
8,layer2.3.conv3,845986,False,1783231,12339,5974,2266,1609
8,layer2.3.bn3,174976,False,376850,31464,11029,4410,22
8,layer2.3.add,157307,False,339808,51765,34297,13883,6
8,layer2.3.relu3,77622,False,171505,25295,14238,10522,3
8,layer3.0.conv1,1713577,False,3600976,23394,52718,11632,1827
8,layer3.0.bn1,84363,False,185635,15126,7927,2199,17
8,layer3.0.relu1,32863,False,76764,10987,11385,1526,4
8,layer3.0.conv2,2207497,False,4637099,37522,76331,10454,6047
8,layer3.0.bn2,33360,False,78019,4548,2778,353,26
8,layer3.0.relu2,12099,False,33525,2773,3626,82,6
8,layer3.0.conv3,967004,False,2036683,38575,26469,920,5056
8,layer3.0.bn3,91743,False,201252,15410,7569,1433,37
8,layer3.0.downsample.0,2219130,False,4661630,42448,324315,11086,5729
8,layer3.0.downsample.1,83585,False,184076,14771,8503,982,22
8,layer3.0.add,65413,False,146009,26000,18674,5731,5
8,layer3.0.relu3,33990,False,79290,11191,10882,2026,8
8,layer3.1.conv1,1017588,False,2142427,37445,34977,3292,1783
8,layer3.1.bn1,34740,False,81028,4485,2765,436,31
8,layer3.1.relu1,10968,False,31107,2745,3605,97,6
8,layer3.1.conv2,2025254,False,4254844,28369,60974,10005,5370
8,layer3.1.bn2,33134,False,77326,4595,2949,323,38
8,layer3.1.relu2,11521,False,32186,2714,3658,85,6
8,layer3.1.conv3,967311,False,2037825,38329,26570,875,5099
8,layer3.1.bn3,88742,False,195150,15581,8229,1601,23
8,layer3.1.add,67047,False,149452,26073,18661,5758,6
8,layer3.1.relu3,31576,False,74199,10730,11635,1263,7
8,layer3.2.conv1,1032217,False,2173351,37658,34231,3558,1986
8,layer3.2.bn1,33334,False,78093,4478,2846,441,27
8,layer3.2.relu1,11326,False,31941,3075,3620,83,9
8,layer3.2.conv2,2031303,False,4267848,28372,60022,9897,5163
8,layer3.2.bn2,33536,False,78457,4633,2901,317,32
8,layer3.2.relu2,11943,False,33122,2817,3639,80,6
8,layer3.2.conv3,967181,False,2036666,38315,26828,991,4932
8,layer3.2.bn3,92610,False,202989,16317,6418,1275,27
8,layer3.2.add,65758,False,147188,24009,18519,5927,5
8,layer3.2.relu3,30830,False,72690,10527,12005,934,7
8,layer3.3.conv1,1012261,False,2131224,37848,34522,3196,1976
8,layer3.3.bn1,33690,False,78561,4597,2888,423,30
8,layer3.3.relu1,11195,False,31463,2664,3626,85,7
8,layer3.3.conv2,2027830,False,4261258,28512,58901,9787,5501
8,layer3.3.bn2,33863,False,79338,4509,2811,327,37
8,layer3.3.relu2,12417,False,34144,2710,3633,85,5
8,layer3.3.conv3,967400,False,2037242,38245,26662,903,5083
8,layer3.3.bn3,95945,False,210366,15265,7982,1806,27
8,layer3.3.add,67104,False,149453,24361,18284,6088,4
8,layer3.3.relu3,31299,False,73825,10988,11763,1129,5
8,layer3.4.conv1,1006718,False,2119666,37021,34982,3190,1757
8,layer3.4.bn1,33296,False,77959,4503,2835,459,26
8,layer3.4.relu1,11874,False,33331,2725,3585,97,5
8,layer3.4.conv2,2041236,False,4289410,28556,60084,9835,5679
8,layer3.4.bn2,34047,False,79329,4428,2836,327,37
8,layer3.4.relu2,11959,False,33406,3086,3631,87,4
8,layer3.4.conv3,970936,False,2045011,38235,26765,913,4921
8,layer3.4.bn3,92433,False,202773,15225,7516,1363,27
8,layer3.4.add,67419,False,149883,24165,18422,5989,2
8,layer3.4.relu3,31980,False,75311,10969,11536,1330,6
8,layer3.5.conv1,1006434,False,2119321,37674,34751,3528,1612
8,layer3.5.bn1,32821,False,76895,4574,2776,456,26
8,layer3.5.relu1,10759,False,36956,2879,3678,86,5
8,layer3.5.conv2,2029400,False,4263455,28256,59756,9549,5330
8,layer3.5.bn2,34040,False,79758,4560,2809,331,33
8,layer3.5.relu2,11940,False,33296,3095,3623,88,7
8,layer3.5.conv3,966238,False,2035147,39124,26688,900,5368
8,layer3.5.bn3,90354,False,198413,15460,8224,1596,26
8,layer3.5.add,66753,False,148810,26009,18806,5576,7
8,layer3.5.relu3,32672,False,76568,10740,11548,1306,11
8,layer4.0.conv1,1972251,False,4143606,71416,64994,5691,3958
8,layer4.0.bn1,51590,False,116533,7924,4625,642,34
8,layer4.0.relu1,17644,False,45181,5255,6537,219,8
8,layer4.0.conv2,3409880,False,7156575,126838,182407,52559,18293
8,layer4.0.bn2,30358,False,71719,3180,1581,336,29
8,layer4.0.relu2,9049,False,27076,1506,2064,79,7
8,layer4.0.conv3,1249069,False,2628650,123117,36371,3447,952
8,layer4.0.bn3,61779,False,137461,9364,3840,509,33
8,layer4.0.downsample.0,2885577,False,6057807,70176,427028,22169,5741
8,layer4.0.downsample.1,59375,False,132495,8155,2827,360,28
8,layer4.0.add,32725,False,77128,12996,9376,3134,7
8,layer4.0.relu3,18461,False,46668,5203,6591,185,7
8,layer4.1.conv1,1224075,False,2576671,123971,40153,3482,386
8,layer4.1.bn1,33703,False,78728,3237,1463,596,27
8,layer4.1.relu1,8661,False,26144,1826,2068,87,6
8,layer4.1.conv2,3154487,False,6621275,110989,171249,55219,17538
8,layer4.1.bn2,31702,False,74572,2492,1460,319,28
8,layer4.1.relu2,9157,False,27435,1463,2062,83,6
8,layer4.1.conv3,1256875,False,2645091,124310,34612,3425,1055
8,layer4.1.bn3,62408,False,139349,9452,3763,532,34
8,layer4.1.add,31977,False,75358,11787,9172,2609,9
8,layer4.1.relu3,17255,False,44545,5326,6711,98,5
8,layer4.2.conv1,1228124,False,2584186,125780,40091,3366,660
8,layer4.2.bn1,30125,False,71216,3096,1331,494,25
8,layer4.2.relu1,8704,False,26236,1498,2061,85,5
8,layer4.2.conv2,3151186,False,6615108,110500,173238,53333,17416
8,layer4.2.bn2,32811,False,77057,2621,1472,323,29
8,layer4.2.relu2,9361,False,27645,1771,2058,82,10
8,layer4.2.conv3,1246877,False,2623563,123623,34945,3498,1014
8,layer4.2.bn3,59929,False,133749,9411,3768,517,34
8,layer4.2.add,31412,False,73808,11343,9350,2865,10
8,layer4.2.relu3,17777,False,52696,5422,6724,201,5
8,avgpool,80075,False,176188,4713,1167,61,197
8,flatten,7913,False,24392,274,320,13,28
8,fc,500276,False,1060431,98448,10244,484,10442
9,conv1,2175146,False,4570224,29745,20663,3562,720
9,bn1,335980,False,723060,56741,24001,13048,81
9,relu,174870,False,377229,51461,21567,27248,75
9,maxpool,10157939,False,21294057,3349,2930,846,77
9,layer1.0.conv1,265640,False,498817,4388,2594,508,56
9,layer1.0.bn1,87763,False,192648,15692,6627,1750,11
9,layer1.0.relu1,32691,False,76617,10793,11967,912,13
9,layer1.0.conv2,1988596,False,4177929,13321,55310,2360,885
9,layer1.0.bn2,74578,False,165422,16319,7374,1068,40
9,layer1.0.relu2,33864,False,79008,12014,11196,1668,8
9,layer1.0.conv3,861259,False,1815262,7001,8454,6049,508
9,layer1.0.bn3,317275,False,676336,56473,26317,10277,101
9,layer1.0.downsample.0,869219,False,1832535,7742,6120,6275,2737
9,layer1.0.downsample.1,323285,False,688770,57027,25926,10537,42
9,layer1.0.add,313419,False,667675,104705,67644,27558,461
9,layer1.0.relu3,174141,False,375529,51774,20946,27769,9
9,layer1.1.conv1,808961,False,1705629,107224,8928,915,52
9,layer1.1.bn1,94770,False,207614,16188,5819,2471,10
9,layer1.1.relu1,31298,False,73875,10665,11977,921,3
9,layer1.1.conv2,1972587,False,4144231,12881,54183,2409,830
9,layer1.1.bn2,73920,False,164133,16064,7352,1131,35
9,layer1.1.relu2,33137,False,77684,11868,11356,1538,6
9,layer1.1.conv3,855957,False,1804240,7440,8532,5880,545
9,layer1.1.bn3,323260,False,688020,57304,25628,10613,30
9,layer1.1.add,313094,False,667105,107731,64360,25534,270
9,layer1.1.relu3,172916,False,372207,51587,21304,27628,1
9,layer1.2.conv1,810874,False,1710030,106040,8827,913,54
9,layer1.2.bn1,93136,False,204499,16166,5776,2435,13
9,layer1.2.relu1,31924,False,74977,10699,11940,930,13
9,layer1.2.conv2,1960279,False,4118598,13164,54855,2340,842
9,layer1.2.bn2,68333,False,152224,14991,9428,982,48
9,layer1.2.relu2,31489,False,74336,10568,12132,729,5
9,layer1.2.conv3,851601,False,1795366,7864,8598,5810,462
9,layer1.2.bn3,323527,False,688994,57290,25881,9996,27
9,layer1.2.add,312906,False,666431,109616,63682,25755,592
9,layer1.2.relu3,173838,False,374493,51628,21498,26994,283
9,layer2.0.conv1,1598318,False,3360249,213942,17470,1171,156
9,layer2.0.bn1,172073,False,371102,29600,12514,6185,7
9,layer2.0.relu1,78847,False,173856,24861,14693,10133,3
9,layer2.0.conv2,2120096,False,4453486,67104,124906,6578,1739
9,layer2.0.bn2,44126,False,100767,7858,5250,408,22
9,layer2.0.relu2,17603,False,45086,5145,6630,103,3
9,layer2.0.conv3,849019,False,1789389,12447,6329,1886,1661
9,layer2.0.bn3,168263,False,362420,29518,13105,5439,20
9,layer2.0.downsample.0,2297221,False,4825111,162213,359379,13040,2412
9,layer2.0.downsample.1,176010,False,379034,31181,11298,4468,29
9,layer2.0.add,158405,False,342179,52691,34201,13892,49
9,layer2.0.relu3,80414,False,177404,24702,14708,10094,4
9,layer2.1.conv1,823343,False,1735157,32265,8721,790,92
9,layer2.1.bn1,48643,False,110291,7876,4820,911,14
9,layer2.1.relu1,17761,False,45369,6011,6501,306,7
9,layer2.1.conv2,1909209,False,4011134,12775,53511,2172,1629
9,layer2.1.bn2,43512,False,99486,7791,5515,395,29
9,layer2.1.relu2,17884,False,45452,5840,6637,134,4
9,layer2.1.conv3,846701,False,1784341,12299,6232,2089,1514
9,layer2.1.bn3,175911,False,378796,29415,12710,5239,18
9,layer2.1.add,156410,False,338276,54806,32194,12745,4
9,layer2.1.relu3,78359,False,172982,24639,15007,9824,2
9,layer2.2.conv1,818584,False,1725675,31891,8740,831,89
9,layer2.2.bn1,47988,False,108922,8701,3917,823,15
9,layer2.2.relu1,17543,False,44872,5373,6549,233,4
9,layer2.2.conv2,1913047,False,4019265,12571,52894,2226,1591
9,layer2.2.bn2,43690,False,99727,7878,5406,413,23
9,layer2.2.relu2,17774,False,45410,5216,6564,227,6
9,layer2.2.conv3,848313,False,1788020,12176,6176,2114,1551
9,layer2.2.bn3,170111,False,366605,29100,13985,5035,25
9,layer2.2.add,157920,False,341053,51894,33993,14194,5
9,layer2.2.relu3,78002,False,172291,24891,14767,10134,3
9,layer2.3.conv1,818500,False,1725833,31641,8342,863,102
9,layer2.3.bn1,46888,False,106692,7861,4960,802,19
9,layer2.3.relu1,17961,False,45881,5810,6575,177,4
9,layer2.3.conv2,1911663,False,4016747,12317,52399,2184,1667
9,layer2.3.bn2,42600,False,97815,7907,5563,391,25
9,layer2.3.relu2,18233,False,46396,5282,6551,191,4
9,layer2.3.conv3,848159,False,1787406,12041,5983,2298,1651
9,layer2.3.bn3,171116,False,368877,31218,11201,4566,19
9,layer2.3.add,159924,False,345092,51845,33822,14331,4
9,layer2.3.relu3,77856,False,172035,25299,14151,10698,3
9,layer3.0.conv1,1714523,False,3602828,23604,52754,11825,1723
9,layer3.0.bn1,84141,False,184863,15034,7889,2146,22
9,layer3.0.relu1,32537,False,76317,11003,11272,1629,5
9,layer3.0.conv2,2188958,False,4598189,39360,76937,11957,5795
9,layer3.0.bn2,33927,False,79059,4583,2860,371,26
9,layer3.0.relu2,11616,False,32014,3132,3608,81,4
9,layer3.0.conv3,967771,False,2038253,37927,26669,964,4875
9,layer3.0.bn3,92669,False,203121,15463,7474,1466,34
9,layer3.0.downsample.0,2217554,False,4658608,42335,323779,10645,5932
9,layer3.0.downsample.1,86348,False,189718,14873,8594,1170,18
9,layer3.0.add,65852,False,146486,26084,18778,5675,5
9,layer3.0.relu3,34493,False,80305,11112,10838,1974,8
9,layer3.1.conv1,1023850,False,2155722,37217,34620,3326,1770
9,layer3.1.bn1,34683,False,80694,4551,2792,422,27
9,layer3.1.relu1,11888,False,33143,3116,3588,90,5
9,layer3.1.conv2,2029656,False,4264542,28450,58755,10629,5378
9,layer3.1.bn2,34091,False,79392,4573,2858,318,42
9,layer3.1.relu2,12580,False,34550,2649,3580,81,5
9,layer3.1.conv3,966993,False,2036729,38380,26607,941,5062
9,layer3.1.bn3,90081,False,197758,15442,8178,1592,22
9,layer3.1.add,67578,False,150337,24207,18905,5566,5
9,layer3.1.relu3,31910,False,74929,10818,11639,1262,6
9,layer3.2.conv1,1010952,False,2128751,37845,35194,3499,1560
9,layer3.2.bn1,34433,False,80471,4612,2764,445,29
9,layer3.2.relu1,11822,False,39724,3340,3653,182,6
9,layer3.2.conv2,2027953,False,4260377,28121,61159,10099,4815
9,layer3.2.bn2,32984,False,77152,4623,2906,323,31
9,layer3.2.relu2,12331,False,33895,2700,3601,83,3
9,layer3.2.conv3,968840,False,2040384,38189,27209,1010,5004
9,layer3.2.bn3,92626,False,202750,16545,6352,1332,34
9,layer3.2.add,66022,False,147419,24242,18689,5747,5
9,layer3.2.relu3,30911,False,72667,10879,12068,896,7
9,layer3.3.conv1,1010478,False,2127599,37372,34879,3379,1720
9,layer3.3.bn1,33600,False,78446,4606,2789,441,34
9,layer3.3.relu1,12119,False,33678,3165,3586,93,7
9,layer3.3.conv2,2027735,False,4260256,28632,60673,9711,5408
9,layer3.3.bn2,33715,False,78710,4470,2845,334,34
9,layer3.3.relu2,12790,False,35234,2773,3604,79,4
9,layer3.3.conv3,970567,False,2045190,38580,26269,926,5183
9,layer3.3.bn3,90351,False,198240,15501,8142,1609,24
9,layer3.3.add,70953,False,157349,24459,18072,6492,5
9,layer3.3.relu3,32110,False,75260,10629,11781,1156,5
9,layer3.4.conv1,1005167,False,2116147,37936,35200,3215,1650
9,layer3.4.bn1,32555,False,76378,4470,2810,443,24
9,layer3.4.relu1,11290,False,31653,2825,3608,96,6
9,layer3.4.conv2,2038451,False,4282467,28212,59495,9606,5581
9,layer3.4.bn2,34997,False,81338,4475,2845,295,37
9,layer3.4.relu2,12313,False,34035,2763,3641,83,6
9,layer3.4.conv3,970616,False,2044068,38026,26926,951,4913
9,layer3.4.bn3,92230,False,202091,15331,7521,1413,23
9,layer3.4.add,67009,False,149183,24402,18347,6076,3
9,layer3.4.relu3,32081,False,75395,11846,11396,1505,6
9,layer3.5.conv1,1010854,False,2128359,37245,34818,3564,1412
9,layer3.5.bn1,34151,False,79576,4694,2690,461,26
9,layer3.5.relu1,11540,False,32140,3144,3591,79,7
9,layer3.5.conv2,2025487,False,4255676,28485,59476,9883,5188
9,layer3.5.bn2,34058,False,86743,4686,2884,404,32
9,layer3.5.relu2,12035,False,33315,2839,3608,91,6
9,layer3.5.conv3,970443,False,2043922,39051,26567,927,5285
9,layer3.5.bn3,89829,False,197500,15616,8172,1685,30
9,layer3.5.add,67921,False,151238,25972,18659,5713,8
9,layer3.5.relu3,32431,False,75843,10925,11576,1322,8
9,layer4.0.conv1,1960703,False,4119347,71128,65807,5849,3373
9,layer4.0.bn1,52054,False,117348,8149,4686,651,31
9,layer4.0.relu1,17331,False,44128,5124,6612,185,7
9,layer4.0.conv2,3407933,False,7153039,127684,182692,50859,17331
9,layer4.0.bn2,44333,False,101017,3298,1652,449,34
9,layer4.0.relu2,9276,False,27484,1803,2022,76,7
9,layer4.0.conv3,1248404,False,2627278,124250,36151,3516,913
9,layer4.0.bn3,60186,False,134211,9479,3852,525,30
9,layer4.0.downsample.0,2885618,False,6058691,69672,426621,21707,5700
9,layer4.0.downsample.1,59030,False,131980,8334,2871,379,25
9,layer4.0.add,31688,False,74515,11394,9420,3134,8
9,layer4.0.relu3,18413,False,46661,5168,6614,166,6
9,layer4.1.conv1,1224926,False,2578128,125121,40142,3459,446
9,layer4.1.bn1,30500,False,72163,3073,1404,496,25
9,layer4.1.relu1,8452,False,25960,1801,2055,83,7
9,layer4.1.conv2,3156276,False,6625163,111469,171657,53495,17164
9,layer4.1.bn2,32191,False,75567,2598,1475,324,24
9,layer4.1.relu2,9493,False,27946,1483,2039,79,6
9,layer4.1.conv3,1248148,False,2626696,127003,34989,3348,1101
9,layer4.1.bn3,60920,False,135946,9567,3912,507,33
9,layer4.1.add,31642,False,74403,13132,9329,2796,10
9,layer4.1.relu3,17721,False,45248,5312,6660,85,5
9,layer4.2.conv1,1226296,False,2580565,123716,39856,3403,674
9,layer4.2.bn1,30281,False,71593,3176,1338,535,28
9,layer4.2.relu1,7996,False,24683,1607,2089,85,5
9,layer4.2.conv2,3143179,False,6597444,109918,171451,53920,16555
9,layer4.2.bn2,31454,False,74134,2811,1542,320,28
9,layer4.2.relu2,8680,False,26332,1761,2076,82,9
9,layer4.2.conv3,1247452,False,2625213,124666,35113,3452,1036
9,layer4.2.bn3,59783,False,133586,9282,3843,528,36
9,layer4.2.add,31649,False,74542,11336,9114,3042,12
9,layer4.2.relu3,17394,False,44513,5125,6686,82,4
9,avgpool,83991,False,184518,5043,1208,192,194
9,flatten,8097,False,25097,264,328,15,26
9,fc,498661,False,1057065,98128,10303,499,10344
10,conv1,2170644,False,4561005,30631,21527,3527,1067
10,bn1,339470,False,723844,57053,23823,13107,33
10,relu,174192,False,375438,51751,20696,27908,100
10,maxpool,10181217,False,21345518,3508,3096,850,66
10,layer1.0.conv1,259291,False,488784,4184,2513,436,56
10,layer1.0.bn1,87945,False,200352,15956,6726,1679,14
10,layer1.0.relu1,33031,False,77705,11693,11814,985,27
10,layer1.0.conv2,1988269,False,4177715,12848,55473,2244,890
10,layer1.0.bn2,75309,False,166938,16360,7311,1046,37
10,layer1.0.relu2,32559,False,76674,11805,11287,1620,8
10,layer1.0.conv3,860585,False,1813923,7230,8480,5861,471
10,layer1.0.bn3,317264,False,676138,57579,25599,10436,115
10,layer1.0.downsample.0,866217,False,1826078,7611,6033,6002,2899
10,layer1.0.downsample.1,319330,False,680128,56884,26290,10101,36
10,layer1.0.add,317808,False,677498,104636,67246,28482,104
10,layer1.0.relu3,174107,False,375186,51407,21596,27362,9
10,layer1.1.conv1,809355,False,1706534,107849,8975,928,53
10,layer1.1.bn1,93838,False,205595,16063,5898,2522,15
10,layer1.1.relu1,31136,False,73835,10910,11922,964,18
10,layer1.1.conv2,1971564,False,4142451,13402,55329,2419,831
10,layer1.1.bn2,75092,False,166466,16037,7329,1059,28
10,layer1.1.relu2,32702,False,77006,11841,11330,1558,6
10,layer1.1.conv3,855467,False,1803776,7563,8480,5986,526
10,layer1.1.bn3,318322,False,678338,57080,25418,10381,34
10,layer1.1.add,316793,False,675388,107927,63998,26489,11
10,layer1.1.relu3,172556,False,371833,51632,21668,27153,1
10,layer1.2.conv1,814227,False,1716952,105940,8864,1005,115
10,layer1.2.bn1,94087,False,205760,15853,5760,2405,12
10,layer1.2.relu1,31101,False,73128,10630,12013,903,10
10,layer1.2.conv2,1964440,False,4127720,12607,54151,2330,849
10,layer1.2.bn2,69478,False,154326,14857,9405,1002,28
10,layer1.2.relu2,31389,False,73883,11610,12135,799,8
10,layer1.2.conv3,853140,False,1798771,7327,8580,5863,528
10,layer1.2.bn3,317494,False,676582,57530,26186,9651,29
10,layer1.2.add,312673,False,672559,109486,63396,25090,474
10,layer1.2.relu3,174022,False,374984,51479,21263,27656,47
10,layer2.0.conv1,1594575,False,3352288,214559,17304,1057,97
10,layer2.0.bn1,171475,False,369465,29564,12605,5807,29
10,layer2.0.relu1,79111,False,174647,24703,14647,10190,5
10,layer2.0.conv2,2120361,False,4454569,65986,124640,6554,1676
10,layer2.0.bn2,43192,False,98675,7934,5192,426,19
10,layer2.0.relu2,17731,False,45364,5160,6712,98,5
10,layer2.0.conv3,849502,False,1790471,12600,6282,1805,1685
10,layer2.0.bn3,168586,False,363480,29283,13390,5507,31
10,layer2.0.downsample.0,2304896,False,4841392,161822,359872,13274,2354
10,layer2.0.downsample.1,177439,False,382613,31443,11202,4329,30
10,layer2.0.add,158477,False,342089,52651,33919,14215,18
10,layer2.0.relu3,79598,False,175612,24772,14746,10066,5
10,layer2.1.conv1,823937,False,1736523,31525,8694,825,110
10,layer2.1.bn1,47795,False,108323,8098,4810,891,11
10,layer2.1.relu1,17572,False,44798,5452,6514,284,5
10,layer2.1.conv2,1907084,False,4006655,12439,53366,2081,1415
10,layer2.1.bn2,44594,False,101669,7734,5429,369,29
10,layer2.1.relu2,17500,False,44686,5936,6616,161,5
10,layer2.1.conv3,846167,False,1783635,12293,6110,2121,1519
10,layer2.1.bn3,171654,False,370182,29668,12793,4941,23
10,layer2.1.add,160208,False,345935,54961,31649,13461,6
10,layer2.1.relu3,78188,False,172621,24637,14894,9909,2
10,layer2.2.conv1,818423,False,1724956,32355,8702,843,94
10,layer2.2.bn1,47670,False,107974,8752,3807,858,15
10,layer2.2.relu1,17339,False,44396,5260,6591,230,3
10,layer2.2.conv2,1917930,False,4029777,13546,54884,2172,1580
10,layer2.2.bn2,42984,False,98045,7890,5345,431,28
10,layer2.2.relu2,17373,False,44551,5301,6583,211,5
10,layer2.2.conv3,846368,False,1783867,12348,6256,2167,1535
10,layer2.2.bn3,168546,False,363448,29350,13965,4785,22
10,layer2.2.add,157525,False,340413,51875,33807,14349,6
10,layer2.2.relu3,77356,False,170830,24739,15140,9773,6
10,layer2.3.conv1,817853,False,1723854,32419,8411,830,99
10,layer2.3.bn1,46755,False,106326,7938,4851,836,19
10,layer2.3.relu1,17461,False,44445,5383,6596,173,4
10,layer2.3.conv2,1913760,False,4020700,13077,53390,2121,1729
10,layer2.3.bn2,41739,False,95953,7919,5669,382,22
10,layer2.3.relu2,18104,False,45946,5235,6575,183,4
10,layer2.3.conv3,846080,False,1782846,12198,6125,2274,1639
10,layer2.3.bn3,171501,False,369903,31330,11359,4294,23
10,layer2.3.add,160688,False,346803,52760,33425,14755,6
10,layer2.3.relu3,77512,False,171062,24716,14868,10075,5
10,layer3.0.conv1,1743131,False,3662911,22612,51925,11742,1727
10,layer3.0.bn1,87034,False,191267,15203,7974,2290,19
10,layer3.0.relu1,32936,False,77147,11976,11117,1791,5
10,layer3.0.conv2,2187153,False,4594151,40017,76299,11911,5612
10,layer3.0.bn2,34259,False,80140,4552,2836,339,28
10,layer3.0.relu2,12255,False,34156,2713,3572,85,3
10,layer3.0.conv3,973098,False,2049530,38150,26651,943,5113
10,layer3.0.bn3,92496,False,202910,15446,7514,1422,32
10,layer3.0.downsample.0,2214742,False,4651981,42380,322648,10909,5815
10,layer3.0.downsample.1,81561,False,180270,14848,8655,990,25
10,layer3.0.add,69024,False,154147,24552,18373,6086,6
10,layer3.0.relu3,35170,False,82088,11962,10719,2134,7
10,layer3.1.conv1,1031995,False,2173452,37984,34673,3317,1870
10,layer3.1.bn1,38363,False,88749,4437,2805,430,29
10,layer3.1.relu1,12252,False,33867,3070,3585,89,6
10,layer3.1.conv2,2038719,False,4283647,28373,59081,10017,5359
10,layer3.1.bn2,34491,False,80602,4618,2896,309,39
10,layer3.1.relu2,11862,False,32898,2739,3647,83,6
10,layer3.1.conv3,967390,False,2038074,37980,26890,1000,5008
10,layer3.1.bn3,91186,False,200738,15489,8287,1541,27
10,layer3.1.add,67827,False,151018,26069,18984,5379,5
10,layer3.1.relu3,32572,False,76478,10728,11661,1206,5
10,layer3.2.conv1,1012636,False,2132229,36758,34960,3397,1659
10,layer3.2.bn1,34512,False,80570,4581,2752,433,26
10,layer3.2.relu1,11570,False,38880,2867,3638,180,10
10,layer3.2.conv2,2031870,False,4269341,28568,60703,10130,5237
10,layer3.2.bn2,33443,False,78323,4639,2823,322,32
10,layer3.2.relu2,12167,False,33520,3186,3616,86,5
10,layer3.2.conv3,967269,False,2037189,38153,26893,1012,4949
10,layer3.2.bn3,92988,False,203599,16357,6417,1262,32
10,layer3.2.add,66510,False,148380,25914,18462,5960,5
10,layer3.2.relu3,31195,False,73688,11621,11943,972,6
10,layer3.3.conv1,1022534,False,2152785,36628,34598,3278,1743
10,layer3.3.bn1,34300,False,79832,4588,2839,430,32
10,layer3.3.relu1,11487,False,32162,3187,3612,86,6
10,layer3.3.conv2,2025732,False,4255917,28404,58888,9504,5071
10,layer3.3.bn2,34168,False,79465,4639,2860,333,40
10,layer3.3.relu2,12113,False,33456,2787,3587,86,3
10,layer3.3.conv3,965491,False,2033681,38279,26733,935,5045
10,layer3.3.bn3,91928,False,201747,15536,8174,1569,28
10,layer3.3.add,70913,False,157552,24255,18494,6020,6
10,layer3.3.relu3,32008,False,75556,10621,11690,1163,7
10,layer3.4.conv1,1012382,False,2131687,36943,34681,3139,1825
10,layer3.4.bn1,33659,False,78725,4552,2774,451,24
10,layer3.4.relu1,11193,False,31353,2894,3627,97,5
10,layer3.4.conv2,2045544,False,4297881,28173,59605,9490,5724
10,layer3.4.bn2,33499,False,78312,4471,2888,326,35
10,layer3.4.relu2,11248,False,31673,3224,3615,87,3
10,layer3.4.conv3,967550,False,2038192,38015,26934,1016,4804
10,layer3.4.bn3,90886,False,199415,15505,7634,1431,24
10,layer3.4.add,66491,False,148096,25984,18551,5797,3
10,layer3.4.relu3,31364,False,73940,10982,11527,1357,7
10,layer3.5.conv1,1003688,False,2113299,37144,34949,3602,1334
10,layer3.5.bn1,33707,False,78828,4534,2758,452,24
10,layer3.5.relu1,11349,False,32044,2771,3623,83,7
10,layer3.5.conv2,2024249,False,4253261,28077,60602,10214,4816
10,layer3.5.bn2,33788,False,79368,4525,2913,323,34
10,layer3.5.relu2,12305,False,34067,3002,3588,86,7
10,layer3.5.conv3,967145,False,2037175,39287,26677,968,5278
10,layer3.5.bn3,90173,False,197915,15368,8235,1665,29
10,layer3.5.add,66523,False,148521,26052,18799,5506,6
10,layer3.5.relu3,32137,False,75819,10842,11615,1321,8
10,layer4.0.conv1,1965658,False,4129865,71330,65886,6077,3013
10,layer4.0.bn1,50875,False,114639,7942,4663,608,30
10,layer4.0.relu1,17489,False,44448,5227,6596,216,4
10,layer4.0.conv2,3403057,False,7142846,129421,182107,52283,17411
10,layer4.0.bn2,31428,False,80759,3142,1639,451,26
10,layer4.0.relu2,9260,False,27451,1789,2050,81,7
10,layer4.0.conv3,1245347,False,2620649,123254,36228,3626,834
10,layer4.0.bn3,61030,False,136310,9415,3764,505,29
10,layer4.0.downsample.0,2882687,False,6052555,70064,425103,22355,5455
10,layer4.0.downsample.1,58346,False,130555,8244,2861,368,23
10,layer4.0.add,31783,False,74959,13073,9502,2991,10
10,layer4.0.relu3,17434,False,44683,5368,6614,180,5
10,layer4.1.conv1,1221233,False,2570151,122599,40167,3541,390
10,layer4.1.bn1,30038,False,71088,3098,1398,498,25
10,layer4.1.relu1,8661,False,26356,1461,2042,88,5
10,layer4.1.conv2,3143953,False,6600260,110021,171305,53743,16523
10,layer4.1.bn2,31907,False,75318,2553,1478,321,25
10,layer4.1.relu2,8784,False,26554,1808,2047,84,6
10,layer4.1.conv3,1242263,False,2614112,125722,34754,3628,880
10,layer4.1.bn3,60912,False,135723,9323,3801,545,26
10,layer4.1.add,32151,False,75696,12972,9429,2683,9
10,layer4.1.relu3,17237,False,44288,5279,6712,90,6
10,layer4.2.conv1,1219837,False,2567289,126274,39813,3382,536
10,layer4.2.bn1,29784,False,76981,3156,1445,488,27
10,layer4.2.relu1,8830,False,26487,1472,2063,85,6
10,layer4.2.conv2,3143441,False,6598846,113844,172840,53865,16912
10,layer4.2.bn2,31795,False,75013,2588,1506,320,28
10,layer4.2.relu2,8664,False,26250,1806,2096,84,7
10,layer4.2.conv3,1237515,False,2604481,122832,34946,3627,898
10,layer4.2.bn3,61040,False,136357,9089,3766,517,37
10,layer4.2.add,31239,False,73463,11197,9300,2961,10
10,layer4.2.relu3,16971,False,43651,5385,6741,77,4
10,avgpool,80728,False,177939,4731,1174,68,192
10,flatten,11998,False,33244,450,367,139,27
10,fc,498203,False,1055554,98225,10155,505,10463
11,conv1,2172007,False,4563938,29964,21038,3774,788
11,bn1,339947,False,724750,56927,23765,13410,41
11,relu,174410,False,375584,51569,21481,27386,48
11,maxpool,10169025,False,21317254,3272,2931,843,71
11,layer1.0.conv1,266949,False,488595,4181,2549,445,46
11,layer1.0.bn1,91894,False,197513,15911,6872,1775,11
11,layer1.0.relu1,33559,False,78547,10966,11880,967,29
11,layer1.0.conv2,1998341,False,4199597,13161,54701,2414,827
11,layer1.0.bn2,75750,False,167905,16108,7299,1110,34
11,layer1.0.relu2,33319,False,77879,11894,11328,1512,8
11,layer1.0.conv3,858638,False,1809592,7277,8632,5953,482
11,layer1.0.bn3,317525,False,676520,57068,26267,9970,70
11,layer1.0.downsample.0,866959,False,1827463,7500,6080,6605,2364
11,layer1.0.downsample.1,318854,False,679439,57222,25516,10496,31
11,layer1.0.add,317840,False,676926,103403,66966,28852,203
11,layer1.0.relu3,173821,False,374302,51448,21559,27447,10
11,layer1.1.conv1,814262,False,1716671,107628,9117,1050,102
11,layer1.1.bn1,95207,False,208245,15985,5780,2474,9
11,layer1.1.relu1,30604,False,72245,10603,11940,985,2
11,layer1.1.conv2,1974456,False,4148794,13175,54958,2460,765
11,layer1.1.bn2,73441,False,162701,16144,7347,1144,22
11,layer1.1.relu2,32531,False,76429,11920,11438,1471,5
11,layer1.1.conv3,855113,False,1802920,7795,8578,5751,491
11,layer1.1.bn3,317980,False,677043,57161,26097,9965,42
11,layer1.1.add,316625,False,673929,109708,63364,26603,80
11,layer1.1.relu3,172873,False,372329,51693,20773,27893,67
11,layer1.2.conv1,810185,False,1708316,106702,8881,916,51
11,layer1.2.bn1,93223,False,203921,16053,5931,2383,8
11,layer1.2.relu1,31418,False,73963,10625,11902,960,14
11,layer1.2.conv2,1964715,False,4127152,13090,55415,2311,764
11,layer1.2.bn2,69867,False,155252,14992,9261,1010,24
11,layer1.2.relu2,31425,False,73989,11651,12058,841,8
11,layer1.2.conv3,852388,False,1797144,7546,8630,5672,489
11,layer1.2.bn3,318829,False,679110,57845,25967,9939,26
11,layer1.2.add,316416,False,673884,109455,62924,25292,502
11,layer1.2.relu3,173228,False,373006,51575,21484,27368,77
11,layer2.0.conv1,1602380,False,3368093,215126,17503,1124,98
11,layer2.0.bn1,173407,False,373318,29727,12391,6094,10
11,layer2.0.relu1,78641,False,173538,25459,13983,10805,2
11,layer2.0.conv2,2121237,False,4455940,61845,120940,6649,1740
11,layer2.0.bn2,43653,False,99608,7998,5144,428,19
11,layer2.0.relu2,18329,False,46506,4986,6653,87,5
11,layer2.0.conv3,849248,False,1789854,12343,6440,1878,1610
11,layer2.0.bn3,169387,False,365195,29161,13287,5369,26
11,layer2.0.downsample.0,2302991,False,4837614,162578,360374,13292,2319
11,layer2.0.downsample.1,177469,False,381873,31120,11408,4340,26
11,layer2.0.add,159144,False,344270,52578,34403,13604,68
11,layer2.0.relu3,79501,False,175536,24815,14934,9927,4
11,layer2.1.conv1,823270,False,1735384,31343,8657,821,98
11,layer2.1.bn1,47916,False,108597,8006,4777,881,8
11,layer2.1.relu1,17766,False,45084,5475,6524,270,6
11,layer2.1.conv2,1915255,False,4023867,12796,53665,2178,1497
11,layer2.1.bn2,44250,False,101061,7821,5434,367,28
11,layer2.1.relu2,17702,False,45093,5223,6675,132,6
11,layer2.1.conv3,849907,False,1791667,11926,6194,2153,1496
11,layer2.1.bn3,171079,False,368774,29338,12852,5160,25
11,layer2.1.add,160776,False,347329,53926,32062,13737,7
11,layer2.1.relu3,77922,False,172178,24657,14914,10017,3
11,layer2.2.conv1,815765,False,1718905,31794,8704,840,83
11,layer2.2.bn1,47170,False,107213,8655,3866,823,13
11,layer2.2.relu1,18034,False,45887,5863,6506,220,4
11,layer2.2.conv2,1912418,False,4017985,12988,53813,2232,1529
11,layer2.2.bn2,43229,False,98911,7819,5350,415,24
11,layer2.2.relu2,17947,False,45810,5127,6541,228,6
11,layer2.2.conv3,845934,False,1782924,12259,6230,2182,1535
11,layer2.2.bn3,169700,False,365815,29279,13818,4973,23
11,layer2.2.add,156574,False,338407,51732,34092,14090,4
11,layer2.2.relu3,77592,False,171291,24621,15341,9566,4
11,layer2.3.conv1,815368,False,1718266,30992,8413,791,102
11,layer2.3.bn1,48087,False,109205,7736,4752,783,17
11,layer2.3.relu1,17285,False,44080,5495,6621,187,3
11,layer2.3.conv2,1910557,False,4014306,13590,55219,2220,1674
11,layer2.3.bn2,42792,False,98099,7796,5616,388,21
11,layer2.3.relu2,17631,False,45053,5929,6553,208,3
11,layer2.3.conv3,848184,False,1787669,12435,5966,2320,1693
11,layer2.3.bn3,172901,False,372770,31256,11317,4367,20
11,layer2.3.add,156587,False,338629,52505,34032,14020,5
11,layer2.3.relu3,77721,False,171822,24745,14734,10103,4
11,layer3.0.conv1,1746363,False,3669525,22373,51911,11716,1636
11,layer3.0.bn1,88107,False,193520,15139,7825,2383,16
11,layer3.0.relu1,32628,False,76281,11040,11336,1589,5
11,layer3.0.conv2,2200954,False,4623694,41570,83599,10559,6097
11,layer3.0.bn2,33666,False,78719,4593,2865,352,27
11,layer3.0.relu2,12023,False,33514,3147,3634,84,4
11,layer3.0.conv3,967585,False,2037672,37778,26753,958,4862
11,layer3.0.bn3,92446,False,203361,15409,7509,1523,30
11,layer3.0.downsample.0,2215736,False,4654562,42058,322612,10753,5845
11,layer3.0.downsample.1,82189,False,181418,14585,8668,974,22
11,layer3.0.add,70006,False,155411,24833,18358,6040,3
11,layer3.0.relu3,34789,False,81175,11356,10829,2032,7
11,layer3.1.conv1,1013418,False,2133831,37667,35525,3394,1525
11,layer3.1.bn1,35539,False,82622,4381,2793,445,29
11,layer3.1.relu1,12206,False,33613,2762,3607,85,7
11,layer3.1.conv2,2025578,False,4255893,28247,59905,10041,5047
11,layer3.1.bn2,32993,False,77313,4529,2867,334,38
11,layer3.1.relu2,12360,False,33995,3228,3619,87,5
11,layer3.1.conv3,968306,False,2039115,38009,26783,1007,4908
11,layer3.1.bn3,89247,False,196157,15438,8278,1661,24
11,layer3.1.add,67012,False,148992,26085,18682,5642,5
11,layer3.1.relu3,32114,False,75511,10890,11655,1241,3
11,layer3.2.conv1,1008159,False,2122594,37760,35042,3348,1531
11,layer3.2.bn1,33777,False,78638,4637,2803,426,30
11,layer3.2.relu1,11817,False,32741,2710,3591,88,5
11,layer3.2.conv2,2026840,False,4258069,28274,58967,9744,5179
11,layer3.2.bn2,36666,False,84866,4659,2930,415,32
11,layer3.2.relu2,12338,False,34256,2589,3570,83,4
11,layer3.2.conv3,965897,False,2034367,38108,26795,1030,4884
11,layer3.2.bn3,92270,False,201745,16539,6570,1222,34
11,layer3.2.add,66229,False,147585,24107,18460,5948,6
11,layer3.2.relu3,31061,False,73443,11596,11977,931,5
11,layer3.3.conv1,1051185,False,2170586,36924,34509,3323,1699
11,layer3.3.bn1,33343,False,77858,4664,2830,431,33
11,layer3.3.relu1,12137,False,33510,3178,3553,98,6
11,layer3.3.conv2,2027906,False,4260266,28303,60253,9733,5094
11,layer3.3.bn2,34258,False,80030,4571,2865,332,35
11,layer3.3.relu2,12095,False,33606,2823,3639,89,4
11,layer3.3.conv3,968452,False,2040179,38225,26896,984,4928
11,layer3.3.bn3,91341,False,200522,15615,8084,1635,27
11,layer3.3.add,68291,False,151994,26049,18490,5930,3
11,layer3.3.relu3,31995,False,82688,11938,11603,1428,3
11,layer3.4.conv1,1005893,False,2117824,37732,35461,3167,1482
11,layer3.4.bn1,33160,False,77603,4483,2780,467,23
11,layer3.4.relu1,10827,False,30696,2774,3620,105,6
11,layer3.4.conv2,2042265,False,4290810,28241,59480,9563,5627
11,layer3.4.bn2,33148,False,77768,4467,2827,336,32
11,layer3.4.relu2,11594,False,32213,3020,3587,88,3
11,layer3.4.conv3,968433,False,2039431,37825,27149,1045,4618
11,layer3.4.bn3,90415,False,198428,15461,7706,1413,22
11,layer3.4.add,68034,False,151383,26002,18439,5840,3
11,layer3.4.relu3,32284,False,75731,11029,11480,1454,5
11,layer3.5.conv1,1023615,False,2155155,36803,35032,3624,1219
11,layer3.5.bn1,33831,False,79137,4438,2716,462,23
11,layer3.5.relu1,11930,False,33263,3030,3573,80,7
11,layer3.5.conv2,2036824,False,4279846,28261,60294,9938,4962
11,layer3.5.bn2,33043,False,77140,4619,2841,335,35
11,layer3.5.relu2,11935,False,33094,2765,3642,84,7
11,layer3.5.conv3,967083,False,2036591,39214,26538,1017,5307
11,layer3.5.bn3,90024,False,197860,15338,8130,1570,28
11,layer3.5.add,66904,False,148970,24332,18837,5611,16
11,layer3.5.relu3,32696,False,76742,11725,11439,1398,9
11,layer4.0.conv1,1970851,False,4140678,71167,65320,5701,3616
11,layer4.0.bn1,51174,False,115918,8234,4792,659,33
11,layer4.0.relu1,17795,False,45360,5191,6597,179,5
11,layer4.0.conv2,3424086,False,7186452,126712,182735,48879,18862
11,layer4.0.bn2,31219,False,73424,3233,1644,336,34
11,layer4.0.relu2,9697,False,28387,1418,2027,85,5
11,layer4.0.conv3,1250408,False,2631204,124164,36180,3439,1029
11,layer4.0.bn3,60307,False,134460,9399,3891,498,32
11,layer4.0.downsample.0,2885941,False,6058738,68730,429332,21973,6131
11,layer4.0.downsample.1,58382,False,130740,8218,2867,363,25
11,layer4.0.add,32157,False,75616,11342,9308,3211,10
11,layer4.0.relu3,18423,False,46932,5307,6561,174,5
11,layer4.1.conv1,1225867,False,2580150,124335,40245,3444,450
11,layer4.1.bn1,30066,False,71041,3043,1387,508,26
11,layer4.1.relu1,9634,False,28513,1429,2013,86,6
11,layer4.1.conv2,3179166,False,6673410,110627,172958,51023,18087
11,layer4.1.bn2,31891,False,74660,2612,1554,310,29
11,layer4.1.relu2,8640,False,26247,1518,2066,82,6
11,layer4.1.conv3,1255754,False,2642626,124464,34838,3190,1278
11,layer4.1.bn3,60881,False,135901,9375,3843,512,28
11,layer4.1.add,31856,False,75090,13031,9396,2698,11
11,layer4.1.relu3,17157,False,44058,5406,6669,95,5
11,layer4.2.conv1,1227175,False,2588427,123048,39840,3273,761
11,layer4.2.bn1,29785,False,70617,3083,1378,483,28
11,layer4.2.relu1,8248,False,25499,1502,2045,88,5
11,layer4.2.conv2,3161762,False,6637399,109300,172406,51265,17677
11,layer4.2.bn2,32687,False,76604,2657,1497,320,29
11,layer4.2.relu2,9246,False,27642,1725,2020,82,6
11,layer4.2.conv3,1255158,False,2641470,125498,35011,3212,1301
11,layer4.2.bn3,60285,False,134781,9509,3894,514,39
11,layer4.2.add,31892,False,75043,13154,9354,2893,17
11,layer4.2.relu3,17671,False,45164,5334,6694,83,3
11,avgpool,89341,False,196468,4735,1139,199,195
11,flatten,8423,False,25906,254,318,15,26
11,fc,500172,False,1059852,98346,10256,490,10326
12,conv1,2181507,False,4584448,31604,21638,3636,1491
12,bn1,338172,False,720461,56657,23893,13658,124
12,relu,174692,False,376224,51447,21477,27400,78
12,maxpool,10232058,False,21449519,3381,2948,856,72
12,layer1.0.conv1,268554,False,498736,4335,2657,531,43
12,layer1.0.bn1,87754,False,193193,15562,6611,1815,10
12,layer1.0.relu1,33078,False,77313,10616,11916,882,58
12,layer1.0.conv2,1988256,False,4177656,13605,55563,2312,979
12,layer1.0.bn2,76503,False,169853,16045,7277,1077,49
12,layer1.0.relu2,34172,False,80169,11132,11470,1411,8
12,layer1.0.conv3,859662,False,1812142,7463,8560,5803,473
12,layer1.0.bn3,319036,False,679783,57236,25573,10189,136
12,layer1.0.downsample.0,868878,False,1832037,7423,6016,5831,3187
12,layer1.0.downsample.1,320007,False,682371,57311,26236,10366,39
12,layer1.0.add,313090,False,666646,104692,67778,27189,743
12,layer1.0.relu3,173994,False,374753,51494,21697,27209,9
12,layer1.1.conv1,810952,False,1710154,107653,9028,881,63
12,layer1.1.bn1,94212,False,206525,15984,5979,2423,15
12,layer1.1.relu1,31676,False,74214,10704,11981,940,4
12,layer1.1.conv2,1971712,False,4142887,13755,55350,2448,860
12,layer1.1.bn2,74599,False,165282,16318,7160,1091,51
12,layer1.1.relu2,32478,False,76247,10981,11429,1487,5
12,layer1.1.conv3,855456,False,1803371,7512,8457,5842,478
12,layer1.1.bn3,322981,False,687962,57471,26437,10267,67
12,layer1.1.add,312989,False,666900,107760,64138,25605,459
12,layer1.1.relu3,173062,False,372815,51608,21274,27214,438
12,layer1.2.conv1,810268,False,1709123,106111,8620,902,55
12,layer1.2.bn1,93561,False,205414,15943,6003,2383,11
12,layer1.2.relu1,31164,False,73331,10639,11997,909,13
12,layer1.2.conv2,1962080,False,4122638,13139,54336,2347,820
12,layer1.2.bn2,70150,False,155832,14918,9323,1081,23
12,layer1.2.relu2,31085,False,73025,11756,12144,814,7
12,layer1.2.conv3,852734,False,1797530,7341,8587,5853,458
12,layer1.2.bn3,323336,False,688367,57546,25858,10062,29
12,layer1.2.add,313106,False,667187,109728,63784,24964,1116
12,layer1.2.relu3,173994,False,375146,51633,21616,27062,207
12,layer2.0.conv1,1595834,False,3354644,215452,17240,1116,102
12,layer2.0.bn1,173105,False,373377,29561,12498,5620,13
12,layer2.0.relu1,78639,False,173552,24870,14530,10354,3
12,layer2.0.conv2,2117292,False,4448097,62928,122559,6670,1675
12,layer2.0.bn2,43643,False,99600,7902,5260,416,19
12,layer2.0.relu2,17755,False,45380,5401,6668,98,5
12,layer2.0.conv3,848838,False,1789057,12397,6422,1922,1592
12,layer2.0.bn3,169282,False,365266,29513,13213,5340,31
12,layer2.0.downsample.0,2301657,False,4834561,161295,360307,12723,2495
12,layer2.0.downsample.1,177490,False,382278,31536,11065,4188,35
12,layer2.0.add,158919,False,343336,52092,33664,14281,152
12,layer2.0.relu3,80738,False,178110,24747,14562,10247,5
12,layer2.1.conv1,822198,False,1732686,31650,8755,787,108
12,layer2.1.bn1,48543,False,110225,7963,4759,859,12
12,layer2.1.relu1,17878,False,45444,5280,6490,291,5
12,layer2.1.conv2,1914549,False,4022505,12687,53111,2201,1581
12,layer2.1.bn2,44092,False,100745,7713,5581,367,29
12,layer2.1.relu2,18418,False,46942,5894,6680,126,7
12,layer2.1.conv3,846592,False,1784423,12182,6202,2090,1601
12,layer2.1.bn3,184451,False,396479,29805,12492,5295,30
12,layer2.1.add,157885,False,341455,54834,32125,12684,8
12,layer2.1.relu3,78243,False,172669,24663,15088,9820,4
12,layer2.2.conv1,819727,False,1727635,32155,8663,825,110
12,layer2.2.bn1,48508,False,110344,8681,3808,828,18
12,layer2.2.relu1,17291,False,44506,5365,6546,262,3
12,layer2.2.conv2,1913818,False,4020756,13351,54135,2235,1600
12,layer2.2.bn2,43930,False,100447,7814,5321,418,26
12,layer2.2.relu2,17882,False,45642,5174,6532,263,8
12,layer2.2.conv3,848685,False,1788746,12348,6189,2171,1610
12,layer2.2.bn3,170853,False,368142,29247,13863,4934,41
12,layer2.2.add,158067,False,341831,52540,33704,14504,11
12,layer2.2.relu3,78541,False,173387,24833,14926,9913,5
12,layer2.3.conv1,820016,False,1728444,32446,8413,801,119
12,layer2.3.bn1,48037,False,109387,7856,4764,789,23
12,layer2.3.relu1,18005,False,46157,5347,6542,189,3
12,layer2.3.conv2,1918606,False,4030625,12933,52986,2056,1749
12,layer2.3.bn2,43709,False,99941,7787,5746,372,25
12,layer2.3.relu2,18674,False,47416,5801,6533,181,6
12,layer2.3.conv3,849804,False,1791343,12292,5931,2237,1665
12,layer2.3.bn3,172759,False,372626,31262,11163,4262,26
12,layer2.3.add,157695,False,340500,52489,34398,13717,11
12,layer2.3.relu3,77538,False,171448,25287,14298,10543,6
12,layer3.0.conv1,1758045,False,3694272,22454,51622,11636,2081
12,layer3.0.bn1,86158,False,189330,14840,7457,2053,20
12,layer3.0.relu1,32727,False,76454,11077,11356,1547,4
12,layer3.0.conv2,2191901,False,4604861,39315,77679,11727,5159
12,layer3.0.bn2,34132,False,79554,4540,2839,331,27
12,layer3.0.relu2,11385,False,32272,2792,3646,84,5
12,layer3.0.conv3,971243,False,2045469,38611,26595,918,5150
12,layer3.0.bn3,93021,False,203703,15361,7465,1435,36
12,layer3.0.downsample.0,2218393,False,4660104,42941,324202,10818,5786
12,layer3.0.downsample.1,82066,False,180767,14919,8842,953,24
12,layer3.0.add,66183,False,147471,23986,18501,5888,5
12,layer3.0.relu3,34227,False,79721,11146,10841,2040,7
12,layer3.1.conv1,1026864,False,2162056,36610,34347,3089,2217
12,layer3.1.bn1,35439,False,82380,4567,2746,422,33
12,layer3.1.relu1,11597,False,32303,2893,3624,92,7
12,layer3.1.conv2,2029351,False,4263611,28578,60074,9664,5156
12,layer3.1.bn2,33551,False,78343,4544,2885,318,39
12,layer3.1.relu2,12375,False,33921,2680,3586,82,6
12,layer3.1.conv3,967922,False,2038885,38492,26917,999,5097
12,layer3.1.bn3,89322,False,196335,15627,8155,1567,27
12,layer3.1.add,66763,False,148821,26088,18744,5657,5
12,layer3.1.relu3,32348,False,76070,11719,11448,1439,4
12,layer3.2.conv1,1005974,False,2118200,37113,34766,3159,1913
12,layer3.2.bn1,33617,False,78523,4586,2810,439,26
12,layer3.2.relu1,11953,False,33230,2749,3598,84,5
12,layer3.2.conv2,2032366,False,4269880,28125,60144,9821,5007
12,layer3.2.bn2,33055,False,77313,4599,2864,323,36
12,layer3.2.relu2,11995,False,33265,2823,3630,85,5
12,layer3.2.conv3,969443,False,2041860,38280,26841,977,5024
12,layer3.2.bn3,92664,False,203116,16531,6558,1276,34
12,layer3.2.add,66989,False,149416,24103,18560,5872,4
12,layer3.2.relu3,30835,False,72937,11689,11991,937,6
12,layer3.3.conv1,1005062,False,2116293,36609,34550,3189,2023
12,layer3.3.bn1,33935,False,79340,4529,2961,421,35
12,layer3.3.relu1,11179,False,31442,2773,3617,92,5
12,layer3.3.conv2,2031735,False,4268449,28442,60011,9746,5691
12,layer3.3.bn2,34467,False,80436,4498,2776,329,35
12,layer3.3.relu2,11831,False,33160,3125,3630,83,7
12,layer3.3.conv3,974129,False,2051627,38220,26411,922,5068
12,layer3.3.bn3,94314,False,206633,15551,8137,1835,26
12,layer3.3.add,66814,False,149249,24357,18488,5893,5
12,layer3.3.relu3,31266,False,73564,10852,11744,1161,7
12,layer3.4.conv1,1006793,False,2119789,37577,34529,3074,2135
12,layer3.4.bn1,33510,False,78247,4561,2771,455,24
12,layer3.4.relu1,11135,False,31377,2667,3631,98,6
12,layer3.4.conv2,2049116,False,4305215,28617,58864,9031,7138
12,layer3.4.bn2,33885,False,78965,4433,2796,322,32
12,layer3.4.relu2,12841,False,35143,3083,3582,81,5
12,layer3.4.conv3,978330,False,2060550,37770,26915,988,4791
12,layer3.4.bn3,91529,False,200926,15437,7672,1400,26
12,layer3.4.add,67594,False,150494,24414,18678,5658,5
12,layer3.4.relu3,32941,False,77369,10698,11526,1335,7
12,layer3.5.conv1,1006059,False,2118090,37752,34646,3214,1970
12,layer3.5.bn1,33356,False,77868,4519,2784,467,26
12,layer3.5.relu1,11864,False,40334,2944,3629,86,8
12,layer3.5.conv2,2028689,False,4262971,28705,60346,9691,5349
12,layer3.5.bn2,33474,False,78364,4552,2861,324,34
12,layer3.5.relu2,12317,False,33889,2694,3621,84,9
12,layer3.5.conv3,968840,False,2040550,39476,26654,934,5290
12,layer3.5.bn3,90542,False,199057,15428,8103,1618,30
12,layer3.5.add,67219,False,149777,23902,18669,5756,8
12,layer3.5.relu3,31521,False,74050,11810,11538,1409,7
12,layer4.0.conv1,1961055,False,4120263,72412,65606,5536,3927
12,layer4.0.bn1,52234,False,117583,7879,4694,646,31
12,layer4.0.relu1,17494,False,44991,6019,6584,192,6
12,layer4.0.conv2,3414374,False,7165820,128376,182331,52707,18054
12,layer4.0.bn2,30646,False,72273,2994,1597,327,27
12,layer4.0.relu2,8552,False,25998,1572,2097,80,5
12,layer4.0.conv3,1252383,False,2635490,124341,36385,3369,1080
12,layer4.0.bn3,59377,False,132645,9452,3805,500,31
12,layer4.0.downsample.0,2880570,False,6047387,70404,427123,21954,5775
12,layer4.0.downsample.1,58964,False,131721,8255,2859,360,27
12,layer4.0.add,31626,False,74328,13131,9416,3060,9
12,layer4.0.relu3,17576,False,44867,5288,6588,188,5
12,layer4.1.conv1,1223462,False,2575122,125148,39994,3464,452
12,layer4.1.bn1,33601,False,78556,3121,1409,592,25
12,layer4.1.relu1,8383,False,25570,1522,2090,92,4
12,layer4.1.conv2,3148792,False,6609550,111694,172321,52813,17861
12,layer4.1.bn2,31171,False,73507,2629,1436,319,26
12,layer4.1.relu2,8829,False,26604,1506,2078,79,7
12,layer4.1.conv3,1252366,False,2635330,124146,34739,3429,1117
12,layer4.1.bn3,61237,False,136453,9326,3858,530,36
12,layer4.1.add,32433,False,76011,12940,9379,2691,9
12,layer4.1.relu3,17522,False,44768,5267,6664,93,7
12,layer4.2.conv1,1225126,False,2578076,123045,40011,3448,638
12,layer4.2.bn1,29619,False,70287,3010,1401,493,26
12,layer4.2.relu1,8397,False,25549,1520,2066,86,3
12,layer4.2.conv2,3156462,False,6625734,110473,173534,52359,17041
12,layer4.2.bn2,32661,False,76417,2657,1459,327,32
12,layer4.2.relu2,8327,False,25621,1856,2085,86,6
12,layer4.2.conv3,1248963,False,2628244,124151,34823,3437,1144
12,layer4.2.bn3,60173,False,134410,9317,3828,524,34
12,layer4.2.add,31407,False,73820,13181,9555,2661,12
12,layer4.2.relu3,20456,False,50891,5438,6679,196,5
12,avgpool,80951,False,178883,5060,1205,80,194
12,flatten,8647,False,26343,270,322,16,29
12,fc,498110,False,1055802,97918,10393,495,10329
13,conv1,2183396,False,4588300,30487,21395,3758,699
13,bn1,340326,False,726458,56295,24332,13121,46
13,relu,175964,False,379320,51550,20898,27855,142
13,maxpool,10223926,False,21432593,3300,2803,1017,151
13,layer1.0.conv1,268136,False,502006,4385,2638,479,47
13,layer1.0.bn1,88757,False,194772,15868,6567,1745,11
13,layer1.0.relu1,32723,False,76693,10909,11938,923,23
13,layer1.0.conv2,1979115,False,4158194,13293,55975,2379,849
13,layer1.0.bn2,76884,False,170299,16035,7343,1069,38
13,layer1.0.relu2,33433,False,78228,10799,11370,1473,7
13,layer1.0.conv3,861831,False,1817429,7531,8474,5928,478
13,layer1.0.bn3,319338,False,680352,57021,26167,10222,34
13,layer1.0.downsample.0,868797,False,1831703,7131,6058,6333,2484
13,layer1.0.downsample.1,323349,False,688971,57227,25701,10410,32
13,layer1.0.add,314014,False,669083,103205,66923,28410,691
13,layer1.0.relu3,173173,False,372976,51818,20421,28183,9
13,layer1.1.conv1,808246,False,1704156,108539,9208,868,55
13,layer1.1.bn1,94917,False,207740,16044,5877,2452,15
13,layer1.1.relu1,30921,False,72908,10674,11967,988,7
13,layer1.1.conv2,1968958,False,4137395,13652,55601,2495,800
13,layer1.1.bn2,74362,False,164811,16294,7407,1048,34
13,layer1.1.relu2,32893,False,77116,11816,11316,1582,5
13,layer1.1.conv3,856269,False,1805521,7755,8485,5946,562
13,layer1.1.bn3,322115,False,686106,57286,25867,10354,33
13,layer1.1.add,313955,False,668919,107694,64188,25613,417
13,layer1.1.relu3,172658,False,371649,51588,21538,27391,3
13,layer1.2.conv1,809018,False,1705706,106273,8800,896,55
13,layer1.2.bn1,93574,False,204979,16191,5938,2568,11
13,layer1.2.relu1,30575,False,72113,10988,12022,914,13
13,layer1.2.conv2,1964587,False,4127856,12508,54105,2309,781
13,layer1.2.bn2,69962,False,155707,14919,9315,1066,27
13,layer1.2.relu2,31244,False,73983,10389,12152,768,7
13,layer1.2.conv3,852623,False,1797277,7396,8525,5819,478
13,layer1.2.bn3,323752,False,689164,57939,26282,9824,55
13,layer1.2.add,313291,False,667268,109534,63612,23991,1348
13,layer1.2.relu3,172967,False,372288,51868,20709,27852,174
13,layer2.0.conv1,1592117,False,3346969,214546,17522,1069,99
13,layer2.0.bn1,173230,False,373802,29602,12833,5605,67
13,layer2.0.relu1,79258,False,174986,24917,14714,10174,11
13,layer2.0.conv2,2121702,False,4457238,65924,125817,6824,1795
13,layer2.0.bn2,44803,False,101885,7904,5248,435,25
13,layer2.0.relu2,17458,False,44514,5873,6709,96,6
13,layer2.0.conv3,843421,False,1777861,12296,6411,1795,1628
13,layer2.0.bn3,173847,False,374427,29488,13190,5531,37
13,layer2.0.downsample.0,2304123,False,4839715,162296,360893,12840,2490
13,layer2.0.downsample.1,178477,False,384754,31597,11392,4262,30
13,layer2.0.add,159365,False,344517,51704,34188,13870,88
13,layer2.0.relu3,80581,False,177696,25421,14151,10613,6
13,layer2.1.conv1,819061,False,1735460,31347,8742,780,102
13,layer2.1.bn1,49447,False,112370,8010,4806,879,28
13,layer2.1.relu1,17456,False,44915,5282,6492,272,5
13,layer2.1.conv2,1920313,False,4034658,12686,53278,2231,1535
13,layer2.1.bn2,45190,False,108689,7845,5704,423,30
13,layer2.1.relu2,17761,False,45485,5266,6632,129,7
13,layer2.1.conv3,843311,False,1777751,12124,6226,1890,1568
13,layer2.1.bn3,175033,False,377076,29229,12760,5245,29
13,layer2.1.add,156842,False,339259,55014,32578,12879,8
13,layer2.1.relu3,77596,False,171322,24698,15250,9580,4
13,layer2.2.conv1,819949,False,1728369,32107,8841,803,111
13,layer2.2.bn1,48238,False,109886,8704,3775,822,19
13,layer2.2.relu1,17691,False,45106,5299,6510,263,5
13,layer2.2.conv2,1915625,False,4024843,13589,54616,2262,1832
13,layer2.2.bn2,43373,False,99332,7859,5242,437,29
13,layer2.2.relu2,17634,False,45219,5862,6530,210,7
13,layer2.2.conv3,848779,False,1789298,12199,6095,2088,1584
13,layer2.2.bn3,170613,False,368180,28927,14096,4764,31
13,layer2.2.add,157255,False,339725,52639,34012,14178,11
13,layer2.2.relu3,77626,False,171542,25301,14202,10570,3
13,layer2.3.conv1,816094,False,1720359,31354,8492,799,110
13,layer2.3.bn1,48371,False,109408,7866,4792,823,19
13,layer2.3.relu1,18238,False,46394,5271,6548,200,5
13,layer2.3.conv2,1916083,False,4026527,13006,53363,2069,1798
13,layer2.3.bn2,43417,False,99406,7734,5674,392,26
13,layer2.3.relu2,18319,False,46884,5351,6564,167,5
13,layer2.3.conv3,844299,False,1780186,12273,6005,2193,1736
13,layer2.3.bn3,232711,False,396742,31715,11110,4559,50
13,layer2.3.add,157854,False,341123,52432,34448,13652,11
13,layer2.3.relu3,78174,False,172834,24748,14959,9906,5
13,layer3.0.conv1,1760106,False,3698808,22464,51505,11321,2118
13,layer3.0.bn1,85812,False,188618,14871,7986,2118,27
13,layer3.0.relu1,33913,False,79173,10776,11320,1543,7
13,layer3.0.conv2,2216219,False,4655196,38562,77182,9603,7215
13,layer3.0.bn2,33931,False,79414,4589,2842,349,29
13,layer3.0.relu2,11752,False,32694,2766,3621,80,6
13,layer3.0.conv3,972604,False,2048720,38299,26322,865,5095
13,layer3.0.bn3,91919,False,201590,15594,7609,1439,34
13,layer3.0.downsample.0,2221200,False,4665793,42594,324486,10531,6423
13,layer3.0.downsample.1,82457,False,181822,14690,8543,987,29
13,layer3.0.add,65397,False,146179,26169,18549,5880,7
13,layer3.0.relu3,34723,False,81147,11308,10875,1969,6
13,layer3.1.conv1,1015644,False,2139016,37588,34501,2920,2526
13,layer3.1.bn1,34786,False,81054,4678,2824,429,34
13,layer3.1.relu1,12290,False,33916,2760,3567,90,6
13,layer3.1.conv2,2044798,False,4296086,28356,60155,9769,5181
13,layer3.1.bn2,34243,False,80055,4617,2830,300,43
13,layer3.1.relu2,12249,False,33774,2747,3622,82,7
13,layer3.1.conv3,973344,False,2049955,38260,26837,896,5170
13,layer3.1.bn3,90175,False,197760,15462,8211,1569,27
13,layer3.1.add,67369,False,157611,24511,18762,5656,8
13,layer3.1.relu3,31169,False,73238,10928,11562,1354,5
13,layer3.2.conv1,1006980,False,2120890,37893,34375,2908,2594
13,layer3.2.bn1,34157,False,79761,4418,2734,429,32
13,layer3.2.relu1,11312,False,31761,3119,3595,85,6
13,layer3.2.conv2,2033606,False,4273484,28273,59851,10248,5304
13,layer3.2.bn2,33915,False,79317,4644,2840,323,37
13,layer3.2.relu2,12634,False,34647,3043,3565,78,5
13,layer3.2.conv3,972107,False,2047112,38511,26830,906,5097
13,layer3.2.bn3,92986,False,203758,16634,6486,1268,36
13,layer3.2.add,66364,False,148033,24294,18466,5951,6
13,layer3.2.relu3,31114,False,73638,10727,12010,896,7
13,layer3.3.conv1,1006568,False,2119311,37769,33889,2772,2812
13,layer3.3.bn1,32911,False,77392,4543,2840,440,35
13,layer3.3.relu1,11690,False,32725,2769,3579,90,8
13,layer3.3.conv2,2031061,False,4267476,28531,59538,9708,5391
13,layer3.3.bn2,35417,False,82719,4487,2807,306,42
13,layer3.3.relu2,12399,False,34058,2978,3597,81,9
13,layer3.3.conv3,972124,False,2047453,38424,26623,848,5207
13,layer3.3.bn3,90864,False,199573,15484,8013,1648,31
13,layer3.3.add,67756,False,150938,26076,18367,5882,8
13,layer3.3.relu3,31724,False,74448,10804,11763,1166,7
13,layer3.4.conv1,1008759,False,2124505,37731,33713,2714,3024
13,layer3.4.bn1,32815,False,77103,4505,2715,436,28
13,layer3.4.relu1,10911,False,30821,2698,3614,82,4
13,layer3.4.conv2,2062211,False,4332573,28532,60420,9076,6292
13,layer3.4.bn2,33503,False,78628,4574,2903,304,35
13,layer3.4.relu2,11803,False,32947,3203,3638,83,6
13,layer3.4.conv3,968635,False,2040362,37867,26569,886,4861
13,layer3.4.bn3,91282,False,200223,15336,7569,1442,31
13,layer3.4.add,70991,False,157741,24485,18150,6223,11
13,layer3.4.relu3,32082,False,75532,11763,11405,1457,11
13,layer3.5.conv1,1005855,False,2118085,37476,34227,2855,2652
13,layer3.5.bn1,32986,False,77191,4582,2787,463,30
13,layer3.5.relu1,11663,False,32459,2723,3618,84,8
13,layer3.5.conv2,2026451,False,4258255,28588,60638,9992,5319
13,layer3.5.bn2,33875,False,78947,4581,2865,319,40
13,layer3.5.relu2,12341,False,33989,2761,3586,82,10
13,layer3.5.conv3,969137,False,2041237,39353,26524,844,5542
13,layer3.5.bn3,91661,False,201023,15360,8033,1607,32
13,layer3.5.add,66691,False,148668,24227,18551,5887,7
13,layer3.5.relu3,31495,False,73863,10829,11606,1301,10
13,layer4.0.conv1,1975481,False,4150228,72093,64046,4459,5846
13,layer4.0.bn1,52496,False,118302,8056,4625,633,39
13,layer4.0.relu1,17412,False,44841,5308,6565,236,10
13,layer4.0.conv2,3525591,False,7399165,121671,186108,36324,28942
13,layer4.0.bn2,30925,False,72875,3007,1619,318,34
13,layer4.0.relu2,9334,False,27459,1694,2026,75,7
13,layer4.0.conv3,1281092,False,2695347,128833,36971,2274,2163
13,layer4.0.bn3,60825,False,135564,9342,3796,500,34
13,layer4.0.downsample.0,2914974,False,6119720,69198,423284,20010,9008
13,layer4.0.downsample.1,59755,False,133314,8270,2935,348,34
13,layer4.0.add,31799,False,74973,11220,9528,3061,12
13,layer4.0.relu3,18049,False,46129,5065,6589,175,8
13,layer4.1.conv1,1240108,False,2609150,124928,40537,2879,994
13,layer4.1.bn1,31710,False,74655,2867,1344,504,33
13,layer4.1.relu1,8952,False,27210,1571,2028,86,6
13,layer4.1.conv2,3225732,False,6770465,105626,176237,41140,23428
13,layer4.1.bn2,32608,False,76406,2751,1537,311,32
13,layer4.1.relu2,9121,False,27402,1433,2034,80,6
13,layer4.1.conv3,1292234,False,2718753,129077,35770,2263,2336
13,layer4.1.bn3,62529,False,139339,9393,3817,539,43
13,layer4.1.add,31662,False,74464,11232,9240,2863,7
13,layer4.1.relu3,16843,False,43526,5877,6696,111,7
13,layer4.2.conv1,1236143,False,2601008,124975,40369,2599,1317
13,layer4.2.bn1,29578,False,70027,3189,1410,483,28
13,layer4.2.relu1,8634,False,26045,1522,2071,82,7
13,layer4.2.conv2,3184133,False,6684162,109156,175475,49090,19720
13,layer4.2.bn2,32707,False,76769,2584,1459,312,35
13,layer4.2.relu2,8976,False,26867,1543,2063,76,10
13,layer4.2.conv3,1282642,False,2698599,130099,35700,2193,2331
13,layer4.2.bn3,60750,False,135741,9348,3813,493,37
13,layer4.2.add,30826,False,72864,11720,9341,2554,9
13,layer4.2.relu3,17207,False,44154,5887,6669,79,5
13,avgpool,89126,False,195522,4734,1144,69,202
13,flatten,9115,False,27557,244,310,15,25
13,fc,506326,False,1072537,98424,10436,542,10421
14,conv1,2170962,False,4562212,30169,21177,3577,1200
14,bn1,336733,False,717664,56789,24129,12976,178
14,relu,175565,False,385317,51839,20741,26457,1640
14,maxpool,10229812,False,21444802,3270,2764,954,205
14,layer1.0.conv1,255950,False,491834,4207,2511,437,50
14,layer1.0.bn1,88074,False,193474,15767,6688,1690,17
14,layer1.0.relu1,33334,False,78091,10631,11923,888,16
14,layer1.0.conv2,1984711,False,4178662,13201,55095,2340,1044
14,layer1.0.bn2,77985,False,172559,16146,7265,1112,41
14,layer1.0.relu2,33221,False,77879,11038,11376,1511,9
14,layer1.0.conv3,861259,False,1815563,7309,8657,5988,507
14,layer1.0.bn3,316763,False,674940,57311,26288,10521,118
14,layer1.0.downsample.0,867057,False,1827478,7406,5865,5817,3202
14,layer1.0.downsample.1,319146,False,679740,57246,25768,10269,38
14,layer1.0.add,318250,False,677851,104543,66856,28574,272
14,layer1.0.relu3,173286,False,373101,51611,21554,27368,10
14,layer1.1.conv1,811249,False,1710299,108725,8982,903,70
14,layer1.1.bn1,93852,False,206029,15998,5932,2346,26
14,layer1.1.relu1,31641,False,74566,10785,11901,975,6
14,layer1.1.conv2,1972223,False,4144544,13065,54302,2251,939
14,layer1.1.bn2,73427,False,163394,16115,7440,1074,34
14,layer1.1.relu2,33597,False,78997,10898,11467,1426,7
14,layer1.1.conv3,856003,False,1804462,7568,8555,5884,510
14,layer1.1.bn3,320078,False,681737,57148,25886,9951,48
14,layer1.1.add,318096,False,677710,108017,63641,26552,134
14,layer1.1.relu3,172686,False,372276,51483,21470,27639,6
14,layer1.2.conv1,811276,False,1710658,106009,8796,922,64
14,layer1.2.bn1,93079,False,204038,16341,5797,2623,21
14,layer1.2.relu1,30759,False,72384,11838,11943,980,12
14,layer1.2.conv2,1965364,False,4129471,12740,54049,2273,840
14,layer1.2.bn2,69516,False,154483,14718,9360,971,31
14,layer1.2.relu2,30884,False,73026,10735,12113,803,9
14,layer1.2.conv3,851662,False,1795633,7535,8646,5684,492
14,layer1.2.bn3,318839,False,679553,57270,26051,9841,32
14,layer1.2.add,317418,False,676609,108855,63559,25770,815
14,layer1.2.relu3,173423,False,373598,51865,20355,28009,296
14,layer2.0.conv1,1590046,False,3342903,215941,17371,945,107
14,layer2.0.bn1,173418,False,373982,29433,12646,5977,29
14,layer2.0.relu1,79020,False,174395,24755,14986,9839,2
14,layer2.0.conv2,2121227,False,4456625,64056,124059,6730,1852
14,layer2.0.bn2,44396,False,101296,7902,5241,437,19
14,layer2.0.relu2,17999,False,46184,5180,6677,92,7
14,layer2.0.conv3,848484,False,1788844,12568,6388,1844,1684
14,layer2.0.bn3,169237,False,364685,29315,13059,5476,30
14,layer2.0.downsample.0,2303511,False,4838165,162346,361183,13316,2435
14,layer2.0.downsample.1,176870,False,381421,31283,11312,4373,32
14,layer2.0.add,158448,False,342345,51944,33871,14299,7
14,layer2.0.relu3,79428,False,175537,24799,14690,10104,4
14,layer2.1.conv1,824241,False,1737420,31779,8764,789,106
14,layer2.1.bn1,48567,False,110097,8027,4730,912,15
14,layer2.1.relu1,17666,False,45140,5976,6538,271,5
14,layer2.1.conv2,1915294,False,4023846,12968,55649,2164,1597
14,layer2.1.bn2,44502,False,101514,7653,5632,363,29
14,layer2.1.relu2,18237,False,46282,5001,6615,138,8
14,layer2.1.conv3,848761,False,1788742,12425,6162,2106,1610
14,layer2.1.bn3,170420,False,367224,29525,12812,5007,25
14,layer2.1.add,156559,False,338239,54832,32208,12709,9
14,layer2.1.relu3,83847,False,184448,24692,14335,10597,5
14,layer2.2.conv1,814491,False,1716407,32085,8830,712,108
14,layer2.2.bn1,47864,False,108725,8641,3828,846,18
14,layer2.2.relu1,17877,False,45405,5453,6501,274,7
14,layer2.2.conv2,1909301,False,4011400,12352,52958,2078,1616
14,layer2.2.bn2,43974,False,100512,7770,5333,410,30
14,layer2.2.relu2,17742,False,45314,5362,6539,208,5
14,layer2.2.conv3,843265,False,1777459,12152,6120,1909,1691
14,layer2.2.bn3,169685,False,365624,29443,13808,4943,30
14,layer2.2.add,157785,False,341242,51671,34392,13793,8
14,layer2.2.relu3,77675,False,171203,25349,14375,10366,3
14,layer2.3.conv1,818807,False,1725432,31649,8375,821,114
14,layer2.3.bn1,47650,False,108209,7818,4791,761,19
14,layer2.3.relu1,17887,False,45739,5776,6531,176,5
14,layer2.3.conv2,1913954,False,4021183,12810,53683,2129,1685
14,layer2.3.bn2,43745,False,100048,7758,5730,401,25
14,layer2.3.relu2,18415,False,46976,5112,6556,171,4
14,layer2.3.conv3,851484,False,1794638,12191,6037,2351,1699
14,layer2.3.bn3,171727,False,370356,31455,11284,4373,29
14,layer2.3.add,156968,False,338951,51748,34543,13509,8
14,layer2.3.relu3,77403,False,171093,25320,14274,10476,4
14,layer3.0.conv1,1739913,False,3655975,23071,52376,11494,2001
14,layer3.0.bn1,85468,False,188056,14960,7953,2158,24
14,layer3.0.relu1,33258,False,77827,10866,11292,1557,5
14,layer3.0.conv2,2188083,False,4596596,39888,75479,11927,5576
14,layer3.0.bn2,34725,False,80810,4532,2773,362,33
14,layer3.0.relu2,12107,False,33593,2813,3590,76,6
14,layer3.0.conv3,973243,False,2050017,38883,26668,906,5250
14,layer3.0.bn3,92830,False,203513,15405,7541,1429,32
14,layer3.0.downsample.0,2217294,False,4658184,42142,323921,10565,5649
14,layer3.0.downsample.1,81978,False,180970,14742,8738,957,24
14,layer3.0.add,65669,False,146696,25955,18707,5783,5
14,layer3.0.relu3,34113,False,79556,11149,10736,2126,6
14,layer3.1.conv1,1024877,False,2166091,37443,34702,3235,2117
14,layer3.1.bn1,35086,False,81623,4582,2775,449,31
14,layer3.1.relu1,11830,False,33054,2608,3586,85,7
14,layer3.1.conv2,2027971,False,4261010,28170,59885,10108,5184
14,layer3.1.bn2,33688,False,78538,4629,2878,303,41
14,layer3.1.relu2,11794,False,32800,3106,3609,83,6
14,layer3.1.conv3,967003,False,2036559,38266,26749,935,5029
14,layer3.1.bn3,89461,False,196382,15381,8125,1670,26
14,layer3.1.add,67563,False,150398,24321,18681,5762,6
14,layer3.1.relu3,31801,False,74837,10803,11647,1281,5
14,layer3.2.conv1,1012018,False,2130829,37313,34413,3222,2118
14,layer3.2.bn1,33513,False,78625,4584,2756,439,32
14,layer3.2.relu1,11020,False,31358,2819,3645,81,5
14,layer3.2.conv2,2032909,False,4271784,28162,59551,9715,5187
14,layer3.2.bn2,33720,False,78787,4659,2823,321,36
14,layer3.2.relu2,12036,False,33244,2944,3620,81,6
14,layer3.2.conv3,966310,False,2035583,38388,26640,946,5154
14,layer3.2.bn3,95027,False,207809,16682,6477,1467,39
14,layer3.2.add,65677,False,146511,24337,18218,6294,4
14,layer3.2.relu3,30730,False,72622,10492,11991,909,7
14,layer3.3.conv1,1020833,False,2149253,37361,33986,3006,2296
14,layer3.3.bn1,32790,False,76917,4594,2843,437,34
14,layer3.3.relu1,11351,False,31746,2800,3583,85,5
14,layer3.3.conv2,2023456,False,4251276,28086,59630,10052,5223
14,layer3.3.bn2,33460,False,78366,4645,2827,327,38
14,layer3.3.relu2,11708,False,32779,2699,3617,85,5
14,layer3.3.conv3,966518,False,2035809,39288,26709,877,5200
14,layer3.3.bn3,91728,False,201616,15356,8038,1579,29
14,layer3.3.add,66637,False,148406,26196,18364,5986,8
14,layer3.3.relu3,31807,False,74822,11794,11693,1202,3
14,layer3.4.conv1,1034299,False,2153489,37021,34559,2975,2224
14,layer3.4.bn1,36239,False,84187,4805,2772,568,28
14,layer3.4.relu1,11783,False,32900,2731,3530,97,5
14,layer3.4.conv2,2044514,False,4295260,28585,58886,9148,6346
14,layer3.4.bn2,33807,False,78989,4544,2783,327,33
14,layer3.4.relu2,12012,False,33230,2747,3632,85,5
14,layer3.4.conv3,972564,False,2048213,38543,26612,912,5077
14,layer3.4.bn3,90847,False,199463,15661,7545,1386,33
14,layer3.4.add,66750,False,148620,24156,18386,5932,4
14,layer3.4.relu3,31735,False,74716,11716,11408,1465,7
14,layer3.5.conv1,1009760,False,2126759,37598,34523,3369,1950
14,layer3.5.bn1,34065,False,79299,4429,2766,438,30
14,layer3.5.relu1,11158,False,31350,2900,3625,78,8
14,layer3.5.conv2,2031882,False,4269111,28025,60183,9673,4891
14,layer3.5.bn2,33368,False,77969,4454,2920,305,38
14,layer3.5.relu2,11529,False,32128,3186,3606,85,9
14,layer3.5.conv3,969516,False,2042193,38791,26541,888,5291
14,layer3.5.bn3,93500,False,205174,15501,8152,1776,28
14,layer3.5.add,67178,False,149653,24183,18600,5800,8
14,layer3.5.relu3,31566,False,74256,11948,11514,1404,8
14,layer4.0.conv1,1973038,False,4144949,72150,64892,5150,4716
14,layer4.0.bn1,51547,False,116255,7968,4705,616,35
14,layer4.0.relu1,17692,False,45137,5278,6578,215,7
14,layer4.0.conv2,3399591,False,7135609,128405,180149,53763,17410
14,layer4.0.bn2,31561,False,74325,3117,1615,302,33
14,layer4.0.relu2,8427,False,25729,1474,2071,79,6
14,layer4.0.conv3,1266255,False,2664545,129985,36765,3209,1373
14,layer4.0.bn3,60915,False,135814,9432,3864,486,34
14,layer4.0.downsample.0,2887901,False,6063333,69992,429870,22053,5654
14,layer4.0.downsample.1,58844,False,131633,8338,2889,356,27
14,layer4.0.add,32282,False,76026,11394,9244,3239,15
14,layer4.0.relu3,18276,False,46580,5293,6577,200,6
14,layer4.1.conv1,1229062,False,2586839,124704,40078,3352,540
14,layer4.1.bn1,31000,False,73266,3112,1400,506,30
14,layer4.1.relu1,9822,False,28711,1752,2032,89,7
14,layer4.1.conv2,3150215,False,6612765,112182,171867,54530,16744
14,layer4.1.bn2,36140,False,83741,2780,1506,425,30
14,layer4.1.relu2,9951,False,29193,1652,2002,81,7
14,layer4.1.conv3,1262401,False,2656098,124759,35088,3002,1517
14,layer4.1.bn3,62620,False,139539,9289,3789,508,33
14,layer4.1.add,31669,False,74592,11184,9310,2744,9
14,layer4.1.relu3,17116,False,43883,5265,6700,87,5
14,layer4.2.conv1,1227693,False,2583642,123713,40254,3015,869
14,layer4.2.bn1,29881,False,70567,2966,1386,496,33
14,layer4.2.relu1,8217,False,25331,1862,2069,90,8
14,layer4.2.conv2,3146768,False,6605029,110568,171632,55358,16975
14,layer4.2.bn2,32358,False,75873,2616,1451,335,33
14,layer4.2.relu2,8710,False,26317,1541,2072,81,8
14,layer4.2.conv3,1265068,False,2661985,126288,35148,3101,1595
14,layer4.2.bn3,59962,False,133909,9532,3890,534,38
14,layer4.2.add,31155,False,73503,13108,9397,2812,16
14,layer4.2.relu3,17487,False,44860,5239,6678,77,5
14,avgpool,85854,False,188543,4989,1215,62,203
14,flatten,9119,False,27232,254,317,15,27
14,fc,505277,False,1070718,98577,10317,555,10420
15,conv1,2173211,False,4566014,29950,21189,3675,1053
15,bn1,340363,False,724575,56755,23602,13322,34
15,relu,175251,False,377640,51479,21522,27383,22
15,maxpool,10297273,False,21587696,3516,2929,897,72
15,layer1.0.conv1,254266,False,490419,4206,2549,444,47
15,layer1.0.bn1,91460,False,200609,16006,6648,1800,12
15,layer1.0.relu1,33114,False,77702,10637,11901,924,32
15,layer1.0.conv2,1981827,False,4164582,13621,56417,2319,887
15,layer1.0.bn2,78047,False,172737,16047,7208,1090,55
15,layer1.0.relu2,33863,False,79005,11054,11400,1476,8
15,layer1.0.conv3,861433,False,1816277,7330,8512,5924,525
15,layer1.0.bn3,317578,False,677122,56350,26423,10396,145
15,layer1.0.downsample.0,865137,False,1823859,7679,5868,7029,2062
15,layer1.0.downsample.1,320153,False,682148,57118,25841,10438,41
15,layer1.0.add,317565,False,676462,103351,68089,27350,285
15,layer1.0.relu3,173035,False,373213,51562,20427,28318,8
15,layer1.1.conv1,810106,False,1708277,107317,9200,913,53
15,layer1.1.bn1,94018,False,206054,16116,5789,2582,24
15,layer1.1.relu1,31455,False,73834,10907,11960,936,22
15,layer1.1.conv2,1975194,False,4149927,12561,53988,2340,823
15,layer1.1.bn2,75597,False,168261,15876,7475,1032,33
15,layer1.1.relu2,32439,False,76172,10983,11413,1480,6
15,layer1.1.conv3,856006,False,1804810,7350,8548,5973,555
15,layer1.1.bn3,317357,False,676221,57292,25919,10190,38
15,layer1.1.add,316854,False,674924,109518,63165,25853,128
15,layer1.1.relu3,173479,False,374121,51647,20321,28444,6
15,layer1.2.conv1,809957,False,1707536,106348,8766,883,59
15,layer1.2.bn1,94024,False,206049,16045,5931,2419,20
15,layer1.2.relu1,30813,False,72726,11747,11860,1086,12
15,layer1.2.conv2,1962301,False,4122889,13047,54334,2234,877
15,layer1.2.bn2,70958,False,157775,14891,9348,994,50
15,layer1.2.relu2,30937,False,73085,10375,12199,751,7
15,layer1.2.conv3,851757,False,1795917,7888,8724,5727,486
15,layer1.2.bn3,318191,False,677977,57605,26030,9688,34
15,layer1.2.add,316815,False,674627,109809,63042,26475,630
15,layer1.2.relu3,173671,False,374236,51554,21148,27660,82
15,layer2.0.conv1,1593017,False,3349139,216385,17462,1077,103
15,layer2.0.bn1,172549,False,372026,29401,12687,5780,71
15,layer2.0.relu1,78392,False,173147,25401,13982,10831,2
15,layer2.0.conv2,2119342,False,4452318,64994,123215,6520,1752
15,layer2.0.bn2,43452,False,99226,7963,5211,423,17
15,layer2.0.relu2,17953,False,46045,5817,6663,88,5
15,layer2.0.conv3,848311,False,1787795,12516,6486,1884,1632
15,layer2.0.bn3,169203,False,364756,29027,13544,5538,29
15,layer2.0.downsample.0,2306401,False,4844773,162084,359713,13284,2420
15,layer2.0.downsample.1,176405,False,380442,31627,11253,4513,29
15,layer2.0.add,158448,False,342570,52612,34328,13581,84
15,layer2.0.relu3,80125,False,177002,24671,14750,10036,4
15,layer2.1.conv1,823173,False,1735284,32832,8729,809,99
15,layer2.1.bn1,48067,False,108969,7972,4741,904,11
15,layer2.1.relu1,17766,False,45175,5954,6549,272,7
15,layer2.1.conv2,1916430,False,4026684,13269,53683,2149,1600
15,layer2.1.bn2,44114,False,100763,7838,5571,385,31
15,layer2.1.relu2,18545,False,47233,5235,6604,127,7
15,layer2.1.conv3,849277,False,1790476,12171,6170,2018,1513
15,layer2.1.bn3,170336,False,367120,29084,12837,5368,21
15,layer2.1.add,159889,False,344916,54674,31769,13497,9
15,layer2.1.relu3,77869,False,172147,25333,14369,10339,5
15,layer2.2.conv1,818731,False,1725331,31927,8701,805,97
15,layer2.2.bn1,48200,False,109337,8605,3844,927,16
15,layer2.2.relu1,17938,False,45836,5882,6496,259,5
15,layer2.2.conv2,1917490,False,4028532,12424,52428,2122,1764
15,layer2.2.bn2,43981,False,100676,7858,5365,374,26
15,layer2.2.relu2,18061,False,46249,5217,6536,213,6
15,layer2.2.conv3,846630,False,1784373,12467,6221,2003,1647
15,layer2.2.bn3,171000,False,370234,29101,13925,5087,30
15,layer2.2.add,158032,False,341671,51895,33579,14559,6
15,layer2.2.relu3,77388,False,170872,25370,14506,10262,3
15,layer2.3.conv1,819703,False,1727641,32093,8428,792,113
15,layer2.3.bn1,49719,False,112384,7630,4972,771,17
15,layer2.3.relu1,17205,False,43902,5970,6605,187,4
15,layer2.3.conv2,1921030,False,4035918,12923,53706,2062,1672
15,layer2.3.bn2,43235,False,99094,7866,5554,435,24
15,layer2.3.relu2,18058,False,46110,5791,6551,193,3
15,layer2.3.conv3,849010,False,1789425,12539,5975,2251,1697
15,layer2.3.bn3,171774,False,370265,31296,11326,4377,28
15,layer2.3.add,161194,False,347952,51716,33706,14511,6
15,layer2.3.relu3,77538,False,171308,25298,14417,10389,4
15,layer3.0.conv1,1736159,False,3648606,22425,52131,11488,1863
15,layer3.0.bn1,88228,False,193775,15125,7899,2302,22
15,layer3.0.relu1,33026,False,77328,11941,11109,1733,3
15,layer3.0.conv2,2185138,False,4590370,37382,76299,11848,5560
15,layer3.0.bn2,33731,False,78906,4689,2794,367,32
15,layer3.0.relu2,11886,False,32989,2760,3611,83,4
15,layer3.0.conv3,969233,False,2041347,38431,26530,907,4952
15,layer3.0.bn3,92596,False,202861,15457,7460,1426,31
15,layer3.0.downsample.0,2216100,False,4655401,42435,323798,10449,5919
15,layer3.0.downsample.1,82719,False,182862,14747,8765,907,26
15,layer3.0.add,66273,False,154575,24262,18426,6100,5
15,layer3.0.relu3,34384,False,80052,11229,10834,2039,5
15,layer3.1.conv1,1020410,False,2148637,37668,34599,3178,2094
15,layer3.1.bn1,34903,False,81325,4523,2772,432,29
15,layer3.1.relu1,12144,False,33548,2714,3602,88,7
15,layer3.1.conv2,2029702,False,4264994,28643,59366,10087,5340
15,layer3.1.bn2,33492,False,78214,4644,2864,329,42
15,layer3.1.relu2,11589,False,32763,2729,3636,82,6
15,layer3.1.conv3,965977,False,2035058,38358,26677,943,5052
15,layer3.1.bn3,90355,False,198702,15415,8070,1587,26
15,layer3.1.add,67563,False,150433,25988,18559,5851,6
15,layer3.1.relu3,32436,False,76205,10928,11615,1248,4
15,layer3.2.conv1,1007668,False,2121947,37034,35066,3068,1917
15,layer3.2.bn1,33124,False,77519,4493,2826,430,31
15,layer3.2.relu1,11328,False,31718,2829,3628,88,8
15,layer3.2.conv2,2026374,False,4257676,28398,59462,10114,5199
15,layer3.2.bn2,33718,False,78848,4528,2841,304,37
15,layer3.2.relu2,11564,False,32311,3195,3627,89,5
15,layer3.2.conv3,969838,False,2043330,38651,26851,940,5095
15,layer3.2.bn3,93386,False,204237,16541,6544,1265,36
15,layer3.2.add,65994,False,147039,24153,18589,5852,4
15,layer3.2.relu3,31224,False,73466,10579,12028,893,6
15,layer3.3.conv1,1005143,False,2116000,37355,34772,3134,1926
15,layer3.3.bn1,33508,False,78467,4571,2807,415,35
15,layer3.3.relu1,11691,False,32933,2875,3578,96,8
15,layer3.3.conv2,2026916,False,4258733,28314,59814,9650,5137
15,layer3.3.bn2,34132,False,79661,4623,2841,321,31
15,layer3.3.relu2,12066,False,33310,2634,3623,86,4
15,layer3.3.conv3,972845,False,2049546,38723,26767,908,5167
15,layer3.3.bn3,91553,False,200791,15372,8184,1676,28
15,layer3.3.add,67202,False,149735,26086,18330,5991,6
15,layer3.3.relu3,34629,False,80624,11862,11603,1456,3
15,layer3.4.conv1,1005162,False,2116640,36930,34674,2968,2026
15,layer3.4.bn1,32168,False,75352,4661,2832,461,29
15,layer3.4.relu1,11590,False,32264,2831,3615,100,7
15,layer3.4.conv2,2051335,False,4310569,28548,58071,9064,6339
15,layer3.4.bn2,34595,False,80721,4430,2890,332,33
15,layer3.4.relu2,11857,False,32805,2817,3649,84,4
15,layer3.4.conv3,968514,False,2039527,37473,27072,934,4763
15,layer3.4.bn3,92452,False,202798,15687,7559,1377,36
15,layer3.4.add,67232,False,149501,25879,18493,5942,6
15,layer3.4.relu3,32639,False,76388,10666,11619,1301,8
15,layer3.5.conv1,1017430,False,2142479,37126,34608,3448,1777
15,layer3.5.bn1,33337,False,77909,4671,2842,447,26
15,layer3.5.relu1,11418,False,32060,2774,3602,85,7
15,layer3.5.conv2,2031861,False,4268658,28424,59143,9981,5578
15,layer3.5.bn2,33711,False,79152,4577,2856,330,35
15,layer3.5.relu2,12133,False,40728,2889,3668,88,9
15,layer3.5.conv3,969172,False,2040886,38969,26582,876,5452
15,layer3.5.bn3,90859,False,199191,15310,8119,1630,35
15,layer3.5.add,66858,False,148563,24420,18612,5845,12
15,layer3.5.relu3,33234,False,77731,10864,11486,1380,9
15,layer4.0.conv1,1967193,False,4132401,70959,64684,5281,4644
15,layer4.0.bn1,50967,False,114883,8050,4655,652,36
15,layer4.0.relu1,18644,False,47182,5325,6526,235,8
15,layer4.0.conv2,3425598,False,7189982,129169,182489,49704,19530
15,layer4.0.bn2,31182,False,73413,2897,1582,332,30
15,layer4.0.relu2,9209,False,27493,1586,2056,85,6
15,layer4.0.conv3,1262503,False,2656191,129243,36446,3103,1379
15,layer4.0.bn3,60110,False,133962,9457,3944,504,35
15,layer4.0.downsample.0,2895596,False,6079032,69618,427436,21753,6086
15,layer4.0.downsample.1,59890,False,133464,8197,2901,338,26
15,layer4.0.add,32608,False,76468,11427,9471,3008,27
15,layer4.0.relu3,18918,False,47885,5875,6557,196,5
15,layer4.1.conv1,1230876,False,2590502,124219,40347,3396,559
15,layer4.1.bn1,30623,False,72291,3098,1356,467,33
15,layer4.1.relu1,9255,False,27362,1481,2068,86,8
15,layer4.1.conv2,3169496,False,6653194,109139,171797,50900,17906
15,layer4.1.bn2,32303,False,75852,2614,1483,326,28
15,layer4.1.relu2,8528,False,26078,1847,2077,77,8
15,layer4.1.conv3,1275437,False,2684005,126954,35339,2778,1702
15,layer4.1.bn3,61869,False,138050,9347,3735,507,35
15,layer4.1.add,32790,False,76974,12962,9291,2806,26
15,layer4.1.relu3,16775,False,43196,5568,6710,88,5
15,layer4.2.conv1,1240937,False,2611150,124814,40240,3143,982
15,layer4.2.bn1,30621,False,72249,3051,1393,491,33
15,layer4.2.relu1,7908,False,24557,1884,2099,87,4
15,layer4.2.conv2,3163632,False,6640830,110626,171134,54103,18152
15,layer4.2.bn2,32629,False,76595,2624,1456,323,31
15,layer4.2.relu2,8234,False,25440,1635,2084,83,7
15,layer4.2.conv3,1277318,False,2687832,129382,35349,2727,1754
15,layer4.2.bn3,61116,False,136340,9337,3839,510,29
15,layer4.2.add,31189,False,73729,11196,9200,2993,17
15,layer4.2.relu3,17385,False,44550,5810,6658,84,6
15,avgpool,85209,False,187094,4784,1191,59,203
15,flatten,9296,False,27377,272,315,16,26
15,fc,504867,False,1069874,98755,10143,451,10311
16,conv1,2179204,False,4579714,32840,19479,3219,2192
16,bn1,340644,False,733495,56936,23984,12599,116
16,relu,174948,False,377289,51703,20574,27928,254
16,maxpool,10224795,False,21434060,3362,2902,846,92
16,layer1.0.conv1,273260,False,502727,4508,2679,473,56
16,layer1.0.bn1,88408,False,194246,15630,6665,1695,27
16,layer1.0.relu1,34010,False,79336,11089,11801,912,122
16,layer1.0.conv2,1990292,False,4181696,12454,54489,2148,1056
16,layer1.0.bn2,77959,False,172784,16258,7292,1065,91
16,layer1.0.relu2,33067,False,77485,11023,11480,1399,10
16,layer1.0.conv3,864330,False,1821889,7453,8721,5828,487
16,layer1.0.bn3,317977,False,677418,56766,26088,10482,237
16,layer1.0.downsample.0,868757,False,1831580,7577,6064,5492,3461
16,layer1.0.downsample.1,323152,False,688170,57471,25898,10613,47
16,layer1.0.add,314226,False,669461,104708,67416,27174,1050
16,layer1.0.relu3,174152,False,375185,51580,21600,27242,9
16,layer1.1.conv1,809558,False,1706894,108054,9126,898,71
16,layer1.1.bn1,94462,False,207589,16082,5867,2465,30
16,layer1.1.relu1,31848,False,74901,10625,11940,989,6
16,layer1.1.conv2,1969637,False,4138788,12787,54780,2314,976
16,layer1.1.bn2,75413,False,167278,15990,7231,1007,81
16,layer1.1.relu2,32689,False,77128,10951,11488,1417,10
16,layer1.1.conv3,856345,False,1806193,7957,8517,5733,568
16,layer1.1.bn3,324241,False,690602,57270,25919,10162,80
16,layer1.1.add,313794,False,668300,109826,63744,25419,562
16,layer1.1.relu3,173071,False,373365,51686,21091,27639,6
16,layer1.2.conv1,808448,False,1705205,105902,8707,910,68
16,layer1.2.bn1,94163,False,206679,15906,5997,2336,25
16,layer1.2.relu1,31413,False,74026,10940,11943,941,27
16,layer1.2.conv2,1965200,False,4129328,12923,54791,2210,942
16,layer1.2.bn2,72095,False,160308,14914,9113,913,104
16,layer1.2.relu2,30786,False,72941,11648,12119,825,9
16,layer1.2.conv3,851991,False,1796088,7439,8489,5887,521
16,layer1.2.bn3,323349,False,688642,57551,25967,10391,49
16,layer1.2.add,314486,False,670548,109674,63398,24990,1383
16,layer1.2.relu3,174562,False,376432,51492,21907,26909,119
16,layer2.0.conv1,1594031,False,3351311,215475,17618,1039,111
16,layer2.0.bn1,172343,False,371555,29479,12188,6014,79
16,layer2.0.relu1,78133,False,172411,25370,14299,10440,4
16,layer2.0.conv2,2123872,False,4462052,64964,125555,6650,2149
16,layer2.0.bn2,43988,False,100718,7936,5241,413,22
16,layer2.0.relu2,23097,False,56890,5213,6625,197,11
16,layer2.0.conv3,843511,False,1778401,12462,6567,1614,1722
16,layer2.0.bn3,173603,False,374026,29166,13278,5570,31
16,layer2.0.downsample.0,2309947,False,4851895,162389,360632,12612,3024
16,layer2.0.downsample.1,177013,False,381384,31430,11395,4378,35
16,layer2.0.add,158807,False,343140,51837,33894,14138,118
16,layer2.0.relu3,79606,False,175508,24714,14625,10248,7
16,layer2.1.conv1,819132,False,1726779,32209,8694,691,117
16,layer2.1.bn1,48335,False,109599,8085,4848,843,23
16,layer2.1.relu1,17704,False,44990,5476,6470,304,8
16,layer2.1.conv2,1913595,False,4020455,14034,55831,1953,1739
16,layer2.1.bn2,46922,False,106652,7866,5521,421,33
16,layer2.1.relu2,17857,False,45818,5373,6648,134,8
16,layer2.1.conv3,843762,False,1779286,12422,6162,1902,1719
16,layer2.1.bn3,174254,False,375284,29504,12856,5046,36
16,layer2.1.add,156968,False,339028,54009,32687,12829,13
16,layer2.1.relu3,77335,False,170843,25344,14264,10483,7
16,layer2.2.conv1,819314,False,1726593,32961,8806,825,121
16,layer2.2.bn1,47562,False,107968,8696,3855,837,22
16,layer2.2.relu1,18023,False,45767,5349,6532,262,8
16,layer2.2.conv2,1913794,False,4022100,12472,52952,2096,1727
16,layer2.2.bn2,43764,False,100219,7866,5432,397,36
16,layer2.2.relu2,17425,False,44479,6009,6560,245,8
16,layer2.2.conv3,849586,False,1790949,12403,6125,2030,1722
16,layer2.2.bn3,170399,False,367544,29414,13743,5008,37
16,layer2.2.add,157491,False,340100,52117,33851,14387,10
16,layer2.2.relu3,77323,False,170716,25371,14197,10596,6
16,layer2.3.conv1,819306,False,1727063,32212,8369,795,128
16,layer2.3.bn1,48302,False,109870,7705,4847,807,24
16,layer2.3.relu1,17718,False,45331,5989,6583,188,6
16,layer2.3.conv2,1914887,False,4022972,13746,55109,2029,1847
16,layer2.3.bn2,44029,False,100580,7781,5659,409,26
16,layer2.3.relu2,17615,False,45219,5320,6610,194,5
16,layer2.3.conv3,842976,False,1777370,12377,5986,2111,1762
16,layer2.3.bn3,175634,False,378018,31656,10948,4611,38
16,layer2.3.add,158248,False,341939,52443,34023,14052,10
16,layer2.3.relu3,77414,False,170823,24696,15090,9815,7
16,layer3.0.conv1,1735425,False,3646453,23853,52189,11090,2503
16,layer3.0.bn1,85107,False,187127,14924,8019,2222,33
16,layer3.0.relu1,32128,False,75461,12003,11294,1598,6
16,layer3.0.conv2,2222971,False,4621511,38080,76521,11794,5646
16,layer3.0.bn2,33791,False,79067,4645,2826,350,36
16,layer3.0.relu2,11715,False,32670,2751,3632,76,9
16,layer3.0.conv3,974192,False,2051972,38380,26695,859,5033
16,layer3.0.bn3,93070,False,203940,15436,7432,1452,38
16,layer3.0.downsample.0,2219027,False,4661665,42950,323934,10848,5991
16,layer3.0.downsample.1,82679,False,182748,14776,8611,962,30
16,layer3.0.add,66682,False,149106,26060,18484,5965,6
16,layer3.0.relu3,34971,False,81575,11284,10889,1932,6
16,layer3.1.conv1,1020760,False,2149631,37847,33959,2887,2950
16,layer3.1.bn1,35384,False,82160,4618,2783,422,32
16,layer3.1.relu1,12045,False,33147,2852,3621,84,10
16,layer3.1.conv2,2037835,False,4281056,28325,58842,9504,5318
16,layer3.1.bn2,34328,False,79855,4596,2860,320,45
16,layer3.1.relu2,12488,False,34361,3113,3595,81,9
16,layer3.1.conv3,970730,False,2044683,38449,26660,888,5263
16,layer3.1.bn3,90684,False,199321,15314,8225,1561,33
16,layer3.1.add,70780,False,157144,24440,18638,5821,6
16,layer3.1.relu3,32380,False,75927,10981,11577,1332,5
16,layer3.2.conv1,1027969,False,2164403,37299,33562,2801,2863
16,layer3.2.bn1,34243,False,79697,4629,2805,438,33
16,layer3.2.relu1,11794,False,32936,2680,3586,83,4
16,layer3.2.conv2,2030142,False,4265444,28452,59345,9887,5311
16,layer3.2.bn2,34593,False,81038,4649,2845,315,35
16,layer3.2.relu2,12142,False,33704,3088,3611,84,9
16,layer3.2.conv3,967287,False,2037520,38617,26712,889,5162
16,layer3.2.bn3,93523,False,204753,16718,6449,1254,43
16,layer3.2.add,65737,False,146977,23993,18335,6056,4
16,layer3.2.relu3,31170,False,73644,10454,11947,927,11
16,layer3.3.conv1,1015665,False,2138499,37906,33925,2693,2899
16,layer3.3.bn1,33772,False,79176,4558,2776,416,37
16,layer3.3.relu1,11609,False,32545,2783,3563,87,16
16,layer3.3.conv2,2028529,False,4261889,28434,60229,9713,5318
16,layer3.3.bn2,37635,False,86843,4731,2865,414,40
16,layer3.3.relu2,11785,False,32803,3177,3632,85,6
16,layer3.3.conv3,970084,False,2042934,38317,26737,864,5159
16,layer3.3.bn3,92070,False,202144,15535,8033,1633,34
16,layer3.3.add,67314,False,149765,26120,18318,5975,9
16,layer3.3.relu3,31529,False,73981,11003,11740,1152,8
16,layer3.4.conv1,1008002,False,2122696,37547,33740,2575,3110
16,layer3.4.bn1,33577,False,78335,4483,2896,436,31
16,layer3.4.relu1,11904,False,33320,2760,3568,96,6
16,layer3.4.conv2,2055364,False,4318024,28612,58297,8532,7453
16,layer3.4.bn2,33972,False,79277,4497,2813,329,34
16,layer3.4.relu2,11483,False,32253,2793,3629,83,5
16,layer3.4.conv3,974282,False,2052322,38043,26869,885,4781
16,layer3.4.bn3,91570,False,200924,15692,7656,1292,33
16,layer3.4.add,67428,False,150143,25982,18560,5740,6
16,layer3.4.relu3,34990,False,81566,11233,11438,1571,10
16,layer3.5.conv1,1004218,False,2114469,37440,33755,2929,2647
16,layer3.5.bn1,34137,False,79553,4542,2771,462,28
16,layer3.5.relu1,11563,False,32089,3123,3595,85,7
16,layer3.5.conv2,2032345,False,4269546,28572,59754,10040,5331
16,layer3.5.bn2,33927,False,79240,4514,2848,314,39
16,layer3.5.relu2,12472,False,34797,3044,3576,82,9
16,layer3.5.conv3,968864,False,2040674,39457,26574,871,5537
16,layer3.5.bn3,91517,False,200705,15451,8215,1632,31
16,layer3.5.add,67088,False,149562,24428,18595,5835,11
16,layer3.5.relu3,31204,False,73424,11926,11542,1400,9
16,layer4.0.conv1,1972649,False,4144588,71406,63691,4965,5446
16,layer4.0.bn1,51428,False,116265,8169,4811,622,37
16,layer4.0.relu1,17945,False,45945,5188,6569,191,8
16,layer4.0.conv2,3396946,False,7129179,130224,180527,53727,17341
16,layer4.0.bn2,31269,False,73826,2947,1595,326,32
16,layer4.0.relu2,9517,False,28296,1709,2018,80,6
16,layer4.0.conv3,1275900,False,2684229,127253,36571,2728,1696
16,layer4.0.bn3,60602,False,135341,9423,3888,516,34
16,layer4.0.downsample.0,2884220,False,6055532,69977,428146,21862,5558
16,layer4.0.downsample.1,59961,False,133710,8436,2923,363,35
16,layer4.0.add,31885,False,75058,11338,9216,3299,9
16,layer4.0.relu3,17973,False,45764,5893,6568,194,6
16,layer4.1.conv1,1242825,False,2614712,125082,40521,3431,701
16,layer4.1.bn1,31270,False,73584,2985,1397,498,33
16,layer4.1.relu1,8698,False,26519,1785,2066,87,7
16,layer4.1.conv2,3145070,False,6602012,109307,171427,52716,16609
16,layer4.1.bn2,32395,False,75918,2627,1507,323,32
16,layer4.1.relu2,8612,False,26298,1795,2056,84,7
16,layer4.1.conv3,1266631,False,2664985,126318,35266,2916,1565
16,layer4.1.bn3,61004,False,136273,9265,3775,531,35
16,layer4.1.add,35188,False,82162,11499,8857,3183,7
16,layer4.1.relu3,16450,False,42801,5126,6716,102,5
16,layer4.2.conv1,1229831,False,2588072,125013,40162,2996,882
16,layer4.2.bn1,30495,False,71966,2961,1377,486,29
16,layer4.2.relu1,8247,False,25321,1636,2060,87,3
16,layer4.2.conv2,3135147,False,6580906,110353,171151,56171,16613
16,layer4.2.bn2,31990,False,74986,2567,1463,326,28
16,layer4.2.relu2,8690,False,26633,1842,2044,83,9
16,layer4.2.conv3,1279967,False,2693398,127319,35253,3189,1450
16,layer4.2.bn3,60830,False,135619,9427,3858,530,41
16,layer4.2.add,31435,False,74120,11965,9135,2758,10
16,layer4.2.relu3,17107,False,44055,5818,6706,81,6
16,avgpool,85418,False,187666,4742,1182,64,199
16,flatten,8195,False,25094,277,320,16,27
16,fc,498541,False,1056709,98548,10233,466,10336
17,conv1,2171675,False,4571077,29752,21418,3915,758
17,bn1,335411,False,714244,56496,24112,13168,43
17,relu,174601,False,376201,51434,21401,27461,36
17,maxpool,10174895,False,21330055,3597,3294,876,69
17,layer1.0.conv1,248569,False,489772,4236,2551,445,43
17,layer1.0.bn1,87928,False,192984,15705,6589,1724,14
17,layer1.0.relu1,33093,False,77442,10924,11955,922,27
17,layer1.0.conv2,1985870,False,4173606,12923,54342,2254,915
17,layer1.0.bn2,75911,False,168226,16372,7339,1069,43
17,layer1.0.relu2,33658,False,79160,11080,11333,1495,10
17,layer1.0.conv3,859104,False,1811303,7938,8582,5914,496
17,layer1.0.bn3,318678,False,679362,57065,26083,10266,69
17,layer1.0.downsample.0,867485,False,1828904,7617,6103,6318,2695
17,layer1.0.downsample.1,322773,False,688232,57519,25846,10552,38
17,layer1.0.add,314256,False,669690,104701,67799,27837,172
17,layer1.0.relu3,173106,False,373742,51518,21755,27144,8
17,layer1.1.conv1,807837,False,1703858,108101,9165,909,62
17,layer1.1.bn1,94090,False,206231,15992,5832,2380,19
17,layer1.1.relu1,31242,False,73704,10916,12010,923,8
17,layer1.1.conv2,1973947,False,4147083,13031,54504,2411,829
17,layer1.1.bn2,73921,False,163671,16062,7436,1105,33
17,layer1.1.relu2,35957,False,83800,11629,11363,1591,8
17,layer1.1.conv3,851870,False,1795905,7587,8441,5794,537
17,layer1.1.bn3,322686,False,687133,57488,26141,9941,38
17,layer1.1.add,313323,False,668001,109500,64497,25466,84
17,layer1.1.relu3,172790,False,372468,51527,21493,27389,67
17,layer1.2.conv1,809317,False,1706521,105851,8721,930,51
17,layer1.2.bn1,93763,False,205447,16001,5932,2452,18
17,layer1.2.relu1,32042,False,75357,10835,11884,1012,11
17,layer1.2.conv2,1965117,False,4129022,13375,55745,2358,854
17,layer1.2.bn2,70526,False,156609,14687,9429,981,35
17,layer1.2.relu2,31324,False,73890,10417,12120,832,7
17,layer1.2.conv3,847171,False,1786099,7598,8759,5489,488
17,layer1.2.bn3,321819,False,685380,57858,25775,10098,39
17,layer1.2.add,313985,False,669196,109830,63636,25794,385
17,layer1.2.relu3,173945,False,374655,51662,21387,27389,142
17,layer2.0.conv1,1595221,False,3353614,214002,17692,1048,102
17,layer2.0.bn1,172593,False,373182,29325,13009,5816,45
17,layer2.0.relu1,79336,False,174986,24981,14689,10136,4
17,layer2.0.conv2,2124837,False,4464036,70881,129769,7032,1810
17,layer2.0.bn2,43896,False,100624,7906,5170,411,19
17,layer2.0.relu2,17803,False,45711,5912,6715,92,6
17,layer2.0.conv3,841677,False,1773699,12457,6431,1698,1681
17,layer2.0.bn3,169464,False,365768,29416,13637,5158,26
17,layer2.0.downsample.0,2302287,False,4835665,162784,359943,12755,2570
17,layer2.0.downsample.1,176083,False,380057,31389,11374,4344,27
17,layer2.0.add,158555,False,342958,51842,34256,13982,12
17,layer2.0.relu3,82520,False,181706,25123,14413,10570,4
17,layer2.1.conv1,816948,False,1722119,31748,8707,714,87
17,layer2.1.bn1,52100,False,117621,7917,4839,1048,14
17,layer2.1.relu1,17667,False,45233,5309,6478,284,7
17,layer2.1.conv2,1917852,False,4029450,13195,54225,2077,1656
17,layer2.1.bn2,44147,False,100719,7765,5468,367,34
17,layer2.1.relu2,18599,False,47016,4989,6625,127,7
17,layer2.1.conv3,849568,False,1790563,12366,6189,2024,1578
17,layer2.1.bn3,170294,False,367374,29269,12708,5153,26
17,layer2.1.add,157181,False,339938,54941,32440,13062,6
17,layer2.1.relu3,77959,False,172322,24900,14838,9941,4
17,layer2.2.conv1,816846,False,1721424,32192,8813,813,106
17,layer2.2.bn1,46514,False,105951,8676,3915,898,19
17,layer2.2.relu1,17649,False,44855,5364,6515,251,8
17,layer2.2.conv2,1914047,False,4020990,13239,54118,2251,1601
17,layer2.2.bn2,43241,False,98681,7867,5334,403,30
17,layer2.2.relu2,17618,False,45203,5897,6553,226,5
17,layer2.2.conv3,846574,False,1784057,12541,6103,2119,1593
17,layer2.2.bn3,170301,False,367477,29565,13647,5058,33
17,layer2.2.add,157188,False,339699,51914,34141,14079,9
17,layer2.2.relu3,81412,False,179347,25382,14703,10176,6
17,layer2.3.conv1,813391,False,1714379,32436,8498,706,112
17,layer2.3.bn1,47176,False,107033,7997,4830,800,14
17,layer2.3.relu1,16904,False,43437,5963,6630,189,5
17,layer2.3.conv2,1913421,False,4020133,12913,54074,2113,1749
17,layer2.3.bn2,46660,False,106019,8026,5710,429,26
17,layer2.3.relu2,17995,False,46047,5169,6555,182,4
17,layer2.3.conv3,842045,False,1774698,12311,6163,2014,1698
17,layer2.3.bn3,175744,False,378558,31315,11279,4461,27
17,layer2.3.add,156934,False,339090,52560,34216,13831,5
17,layer2.3.relu3,77604,False,171476,24851,14764,10130,5
17,layer3.0.conv1,1751687,False,3680528,22823,51763,11634,1984
17,layer3.0.bn1,83807,False,184779,15196,7961,2166,23
17,layer3.0.relu1,32470,False,76060,11039,11372,1552,7
17,layer3.0.conv2,2182367,False,4584185,38328,75599,11677,5790
17,layer3.0.bn2,33116,False,77328,4694,2802,366,34
17,layer3.0.relu2,11324,False,31829,2875,3611,80,8
17,layer3.0.conv3,969248,False,2041473,38769,26322,877,5192
17,layer3.0.bn3,91380,False,200493,15495,7687,1415,38
17,layer3.0.downsample.0,2220714,False,4664961,42377,325296,10670,6023
17,layer3.0.downsample.1,82475,False,181799,14665,8605,987,27
17,layer3.0.add,65462,False,146385,24074,18824,5667,6
17,layer3.0.relu3,33582,False,78413,12007,10695,2199,6
17,layer3.1.conv1,1018799,False,2145151,36680,34414,3088,2104
17,layer3.1.bn1,34371,False,80018,4515,2808,437,32
17,layer3.1.relu1,12034,False,33357,3213,3617,86,9
17,layer3.1.conv2,2026675,False,4258052,28403,63800,10014,5302
17,layer3.1.bn2,33304,False,77966,4633,2889,325,37
17,layer3.1.relu2,11844,False,32905,2755,3593,82,5
17,layer3.1.conv3,967418,False,2037940,38200,26761,928,4974
17,layer3.1.bn3,89665,False,196747,15363,8234,1528,22
17,layer3.1.add,70582,False,157064,24217,18484,5956,8
17,layer3.1.relu3,31235,False,73483,11798,11569,1386,3
17,layer3.2.conv1,1006793,False,2120048,37902,34552,3151,2206
17,layer3.2.bn1,32815,False,76923,4565,2786,439,28
17,layer3.2.relu1,11442,False,31928,2840,3651,87,4
17,layer3.2.conv2,2034033,False,4273646,28238,60252,9932,5706
17,layer3.2.bn2,33693,False,78739,4607,2845,321,31
17,layer3.2.relu2,11499,False,32215,3205,3627,86,6
17,layer3.2.conv3,967446,False,2037763,38558,26530,906,5106
17,layer3.2.bn3,93060,False,203904,16532,6512,1233,34
17,layer3.2.add,65323,False,145854,26048,18381,6051,4
17,layer3.2.relu3,30769,False,72617,10497,12064,885,7
17,layer3.3.conv1,1005804,False,2117924,37262,34421,3106,2148
17,layer3.3.bn1,33369,False,77972,4652,2838,434,32
17,layer3.3.relu1,11157,False,31430,2782,3624,89,6
17,layer3.3.conv2,2023174,False,4250703,28489,60222,9704,4986
17,layer3.3.bn2,34268,False,79775,4561,2860,318,36
17,layer3.3.relu2,11980,False,39736,3029,3703,177,3
17,layer3.3.conv3,969155,False,2040943,38178,26763,907,5042
17,layer3.3.bn3,91525,False,200885,15447,8148,1591,25
17,layer3.3.add,67043,False,149346,26160,18375,5997,7
17,layer3.3.relu3,31162,False,73551,10996,11788,1132,5
17,layer3.4.conv1,1022721,False,2153058,37377,34115,3009,2232
17,layer3.4.bn1,32695,False,76499,4619,2802,456,31
17,layer3.4.relu1,10611,False,30364,2859,3624,93,4
17,layer3.4.conv2,2054178,False,4315573,28223,59057,8887,6996
17,layer3.4.bn2,33521,False,78187,4530,2819,323,34
17,layer3.4.relu2,11683,False,32574,2773,3639,84,3
17,layer3.4.conv3,967654,False,2037830,38051,26952,877,4768
17,layer3.4.bn3,91303,False,200441,15381,7540,1367,28
17,layer3.4.add,67026,False,149289,26060,18362,5963,4
17,layer3.4.relu3,31565,False,74472,11844,11503,1406,7
17,layer3.5.conv1,1002411,False,2116971,37828,34608,3301,1893
17,layer3.5.bn1,33623,False,78487,4530,2799,475,24
17,layer3.5.relu1,11680,False,32694,2699,3573,80,7
17,layer3.5.conv2,2034095,False,4273355,28491,59089,9918,5174
17,layer3.5.bn2,33487,False,78213,4503,2903,322,35
17,layer3.5.relu2,12031,False,33250,2820,3600,86,5
17,layer3.5.conv3,971606,False,2045947,38967,26649,928,5358
17,layer3.5.bn3,89402,False,196409,15593,8201,1552,28
17,layer3.5.add,66783,False,148844,26019,18848,5547,5
17,layer3.5.relu3,32499,False,76485,11797,11451,1459,8
17,layer4.0.conv1,1975104,False,4149759,70924,65413,5517,3801
17,layer4.0.bn1,51118,False,115740,8214,4716,616,32
17,layer4.0.relu1,17150,False,43947,5949,6594,194,5
17,layer4.0.conv2,3402521,False,7141084,131053,181693,53819,17111
17,layer4.0.bn2,30716,False,72398,3153,1626,334,31
17,layer4.0.relu2,8682,False,26441,1521,2014,78,5
17,layer4.0.conv3,1249187,False,2628662,123022,36461,3617,971
17,layer4.0.bn3,60838,False,135760,9956,3952,517,40
17,layer4.0.downsample.0,2892464,False,6072738,69707,428894,21717,5586
17,layer4.0.downsample.1,58429,False,130672,8297,2885,380,23
17,layer4.0.add,31928,False,75512,11182,9408,3085,6
17,layer4.0.relu3,17909,False,45878,5196,6586,200,5
17,layer4.1.conv1,1227933,False,2584229,123509,40374,3582,421
17,layer4.1.bn1,30220,False,71365,3028,1396,487,32
17,layer4.1.relu1,8834,False,26511,1784,2036,86,7
17,layer4.1.conv2,3143781,False,6599493,110455,170875,53863,16731
17,layer4.1.bn2,31525,False,74118,2632,1466,320,21
17,layer4.1.relu2,9363,False,27796,1715,2051,84,5
17,layer4.1.conv3,1249796,False,2629922,126666,34725,3503,968
17,layer4.1.bn3,61838,False,137708,9376,3764,533,28
17,layer4.1.add,31291,False,73779,13086,9231,2899,9
17,layer4.1.relu3,16512,False,43025,5207,6674,82,6
17,layer4.2.conv1,1238134,False,2605791,123931,40036,3473,588
17,layer4.2.bn1,30224,False,71440,2950,1405,494,26
17,layer4.2.relu1,8647,False,26213,1486,2066,86,2
17,layer4.2.conv2,3145424,False,6602620,109941,171114,54709,16807
17,layer4.2.bn2,32899,False,77073,2577,1476,319,24
17,layer4.2.relu2,9156,False,27138,1589,2106,83,7
17,layer4.2.conv3,1240788,False,2611275,121624,34631,3570,874
17,layer4.2.bn3,60741,False,135405,9250,3792,545,31
17,layer4.2.add,31351,False,73743,13143,9352,2941,10
17,layer4.2.relu3,17280,False,44442,5816,6689,81,5
17,avgpool,81285,False,178798,5000,1208,77,194
17,flatten,7869,False,24760,272,321,17,25
17,fc,496195,False,1052000,98369,10420,499,10315
18,conv1,2177259,False,4574277,29392,21091,3743,775
18,bn1,336094,False,715944,56585,23772,12933,32
18,relu,175114,False,378025,51426,21645,27164,104
18,maxpool,10174166,False,21327623,3242,2846,896,61
18,layer1.0.conv1,255337,False,496206,4340,2601,484,49
18,layer1.0.bn1,88004,False,193508,15693,6575,1742,9
18,layer1.0.relu1,32781,False,76750,10610,11979,906,19
18,layer1.0.conv2,1983119,False,4167204,13030,54971,2281,868
18,layer1.0.bn2,76127,False,168723,16020,7401,1060,49
18,layer1.0.relu2,32600,False,76392,11963,11286,1633,9
18,layer1.0.conv3,859613,False,1812631,7438,8680,5938,514
18,layer1.0.bn3,317283,False,675778,57454,25544,10243,35
18,layer1.0.downsample.0,867249,False,1828693,7286,6072,6391,2474
18,layer1.0.downsample.1,322086,False,685914,57132,25914,10670,33
18,layer1.0.add,313429,False,668310,104747,67803,27624,190
18,layer1.0.relu3,174166,False,375156,51446,21674,27325,9
18,layer1.1.conv1,809288,False,1706825,108015,9054,883,50
18,layer1.1.bn1,93933,False,205658,16197,5865,2433,12
18,layer1.1.relu1,30878,False,72933,10923,11972,964,6
18,layer1.1.conv2,1973412,False,4145962,13516,54825,2487,803
18,layer1.1.bn2,73047,False,161941,16305,7318,1061,33
18,layer1.1.relu2,32963,False,77387,10739,11508,1384,7
18,layer1.1.conv3,855561,False,1803628,7686,8562,5840,503
18,layer1.1.bn3,321252,False,684313,57729,25526,10543,34
18,layer1.1.add,313169,False,667735,109572,64233,25664,90
18,layer1.1.relu3,173266,False,373304,51555,21267,27678,2
18,layer1.2.conv1,810687,False,1709506,105841,8703,904,51
18,layer1.2.bn1,93838,False,205505,16150,5815,2451,17
18,layer1.2.relu1,30947,False,72906,10976,11923,995,8
18,layer1.2.conv2,1964128,False,4126594,13001,54599,2307,829
18,layer1.2.bn2,69879,False,155124,15040,9314,976,35
18,layer1.2.relu2,31135,False,73466,10530,12157,750,5
18,layer1.2.conv3,851759,False,1795624,7866,8634,5885,473
18,layer1.2.bn3,322410,False,686612,57363,26092,10557,33
18,layer1.2.add,312700,False,666437,107929,64042,25501,475
18,layer1.2.relu3,173666,False,374380,51496,21564,27334,71
18,layer2.0.conv1,1594818,False,3353012,214346,17164,1068,97
18,layer2.0.bn1,173483,False,373624,29563,12694,5795,20
18,layer2.0.relu1,78642,False,174036,25460,14037,10733,3
18,layer2.0.conv2,2116712,False,4447257,62119,124912,6889,1712
18,layer2.0.bn2,43623,False,99612,7950,5261,441,17
18,layer2.0.relu2,17646,False,44995,5800,6710,91,6
18,layer2.0.conv3,845798,False,1782651,12409,6549,1807,1653
18,layer2.0.bn3,171921,False,370681,29458,13158,5716,25
18,layer2.0.downsample.0,2344735,False,4875171,162408,361521,12936,2338
18,layer2.0.downsample.1,177980,False,384159,31568,11103,4324,27
18,layer2.0.add,159437,False,344906,52538,33863,14263,47
18,layer2.0.relu3,80578,False,177730,24825,14570,10293,2
18,layer2.1.conv1,821685,False,1732486,31846,8744,687,96
18,layer2.1.bn1,50268,False,113709,7846,4886,909,8
18,layer2.1.relu1,17903,False,45415,5315,6476,304,6
18,layer2.1.conv2,1918748,False,4039137,12428,52828,2096,1496
18,layer2.1.bn2,48751,False,110653,7717,5634,424,29
18,layer2.1.relu2,18848,False,47661,5800,6625,130,7
18,layer2.1.conv3,843657,False,1778429,12247,6168,1916,1590
18,layer2.1.bn3,174612,False,376077,29418,12853,5277,42
18,layer2.1.add,156071,False,336992,53949,32671,13099,8
18,layer2.1.relu3,78259,False,173094,24618,14959,9951,2
18,layer2.2.conv1,816634,False,1721273,32023,8745,812,94
18,layer2.2.bn1,48421,False,110145,8602,3850,846,16
18,layer2.2.relu1,17790,False,45504,5931,6518,270,4
18,layer2.2.conv2,1919039,False,4031612,13406,54787,2218,1640
18,layer2.2.bn2,43748,False,99936,7866,5356,413,29
18,layer2.2.relu2,18066,False,46657,5360,6559,219,5
18,layer2.2.conv3,848095,False,1787736,12165,6078,2176,1533
18,layer2.2.bn3,170164,False,367064,29085,13867,4974,31
18,layer2.2.add,158328,False,342285,51631,34064,14230,29
18,layer2.2.relu3,78039,False,172412,24632,15059,9728,5
18,layer2.3.conv1,819034,False,1725960,31708,8496,776,105
18,layer2.3.bn1,47431,False,107723,7898,4854,808,18
18,layer2.3.relu1,17251,False,44313,5982,6597,198,4
18,layer2.3.conv2,1917620,False,4029230,13194,53317,2180,1724
18,layer2.3.bn2,43434,False,99364,7891,5640,380,25
18,layer2.3.relu2,17867,False,52810,6055,6603,262,4
18,layer2.3.conv3,843845,False,1778640,12519,5930,2151,1757
18,layer2.3.bn3,176229,False,379547,31397,10973,4516,35
18,layer2.3.add,156662,False,338171,51846,34085,14071,11
18,layer2.3.relu3,77653,False,171720,25331,14267,10484,7
18,layer3.0.conv1,1740032,False,3656221,22692,51887,11688,1810
18,layer3.0.bn1,84819,False,186481,15164,7257,2199,23
18,layer3.0.relu1,32604,False,76367,10843,11433,1433,7
18,layer3.0.conv2,2191113,False,4603243,42727,77830,11779,5409
18,layer3.0.bn2,34816,False,81597,4482,2848,353,31
18,layer3.0.relu2,11789,False,32714,2761,3613,81,7
18,layer3.0.conv3,968314,False,2039940,38301,26829,900,5125
18,layer3.0.bn3,92701,False,203330,15495,7463,1447,36
18,layer3.0.downsample.0,2238488,False,4702397,42916,323576,10603,6204
18,layer3.0.downsample.1,83705,False,184466,14930,8623,922,34
18,layer3.0.add,65751,False,146626,23938,18584,5861,10
18,layer3.0.relu3,35112,False,81974,11211,10805,2025,8
18,layer3.1.conv1,1024841,False,2157888,37201,34202,3086,2550
18,layer3.1.bn1,33949,False,79850,4669,2805,399,38
18,layer3.1.relu1,12573,False,34481,2770,3579,88,8
18,layer3.1.conv2,2026570,False,4257903,28186,60603,9684,5128
18,layer3.1.bn2,34181,False,80224,4576,2866,296,41
18,layer3.1.relu2,11742,False,33038,2708,3635,78,9
18,layer3.1.conv3,968485,False,2039976,38309,26965,896,5021
18,layer3.1.bn3,90901,False,199832,15544,8128,1654,27
18,layer3.1.add,67260,False,149600,25957,18876,5543,6
18,layer3.1.relu3,32880,False,77152,10849,11488,1421,5
18,layer3.2.conv1,1007922,False,2121972,37929,34341,3011,2493
18,layer3.2.bn1,33778,False,78861,4664,2838,440,36
18,layer3.2.relu1,11442,False,32163,2667,3617,81,7
18,layer3.2.conv2,2030866,False,4266874,28395,58871,9896,5276
18,layer3.2.bn2,33057,False,77414,4537,2868,314,34
18,layer3.2.relu2,11073,False,31380,3149,3641,83,6
18,layer3.2.conv3,969570,False,2041842,38239,26554,906,5053
18,layer3.2.bn3,92070,False,201579,16456,6494,1268,35
18,layer3.2.add,65833,False,147173,25891,18442,6008,5
18,layer3.2.relu3,30438,False,72014,11656,11966,996,8
18,layer3.3.conv1,1007856,False,2122337,37432,33739,2789,2895
18,layer3.3.bn1,33801,False,79023,4513,2889,446,34
18,layer3.3.relu1,10792,False,30670,2827,3623,91,10
18,layer3.3.conv2,2024014,False,4253056,28332,58880,9388,5270
18,layer3.3.bn2,34545,False,80714,4502,2910,325,39
18,layer3.3.relu2,16103,False,42051,2808,3621,164,8
18,layer3.3.conv3,971430,False,2046173,38472,26517,821,5194
18,layer3.3.bn3,91325,False,200504,15577,8147,1656,30
18,layer3.3.add,67117,False,149376,24236,18476,5892,8
18,layer3.3.relu3,32053,False,75492,10822,11730,1095,7
18,layer3.4.conv1,1025537,False,2158890,36680,33566,2687,2701
18,layer3.4.bn1,33413,False,78550,4515,2812,433,31
18,layer3.4.relu1,11023,False,31285,2710,3617,91,4
18,layer3.4.conv2,2057197,False,4322171,28535,59008,8895,7112
18,layer3.4.bn2,33730,False,78931,4462,2897,308,38
18,layer3.4.relu2,11574,False,32345,2813,3633,80,5
18,layer3.4.conv3,968723,False,2040316,38078,26769,873,4882
18,layer3.4.bn3,91547,False,200859,15475,7595,1371,32
18,layer3.4.add,67620,False,150286,24377,18497,5854,9
18,layer3.4.relu3,31731,False,74633,11863,11408,1507,10
18,layer3.5.conv1,1015605,False,2138319,36924,34195,3091,2462
18,layer3.5.bn1,32928,False,77158,4631,2805,458,28
18,layer3.5.relu1,11457,False,32293,3103,3586,90,7
18,layer3.5.conv2,2028590,False,4262024,28348,60186,9985,5376
18,layer3.5.bn2,33159,False,77666,4596,2892,325,34
18,layer3.5.relu2,12089,False,33455,2769,3640,78,11
18,layer3.5.conv3,971463,False,2046100,39493,26341,873,5397
18,layer3.5.bn3,89505,False,197027,15609,8109,1678,31
18,layer3.5.add,67159,False,149591,24149,18615,5802,8
18,layer3.5.relu3,31902,False,74837,10852,11600,1302,10
18,layer4.0.conv1,1974455,False,4147956,71881,63530,4630,5989
18,layer4.0.bn1,51506,False,116083,8124,4659,624,38
18,layer4.0.relu1,17323,False,44434,5984,6573,235,8
18,layer4.0.conv2,3600479,False,7557110,121383,186040,26262,39096
18,layer4.0.bn2,32448,False,76173,3098,1618,325,33
18,layer4.0.relu2,8872,False,26889,1732,2020,80,6
18,layer4.0.conv3,1288243,False,2710997,133902,37189,2440,2050
18,layer4.0.bn3,62524,False,139624,9310,3907,492,33
18,layer4.0.downsample.0,2975784,False,6247891,69254,425097,19021,12327
18,layer4.0.downsample.1,63677,False,141527,8346,2931,447,32
18,layer4.0.add,32364,False,76323,11124,9412,3126,21
18,layer4.0.relu3,18557,False,47097,5203,6543,199,8
18,layer4.1.conv1,1259422,False,2649973,127832,40561,3032,905
18,layer4.1.bn1,32411,False,76004,3043,1421,452,38
18,layer4.1.relu1,9353,False,27779,1496,2037,84,8
18,layer4.1.conv2,3279659,False,6883804,104486,176856,37938,28818
18,layer4.1.bn2,32757,False,76972,2563,1472,317,35
18,layer4.1.relu2,8651,False,26001,1809,2068,78,9
18,layer4.1.conv3,1298176,False,2730916,132969,36093,1935,2525
18,layer4.1.bn3,61850,False,137987,9394,3922,508,43
18,layer4.1.add,32064,False,75839,11121,9347,2798,17
18,layer4.1.relu3,17037,False,43726,5392,6723,84,8
18,layer4.2.conv1,1246155,False,2623086,126685,40488,2577,1333
18,layer4.2.bn1,31860,False,74911,2959,1400,486,31
18,layer4.2.relu1,8124,False,25172,1557,2067,89,5
18,layer4.2.conv2,3260340,False,6843031,106014,176863,38555,27198
18,layer4.2.bn2,33249,False,77931,2598,1467,324,31
18,layer4.2.relu2,8676,False,26274,1849,2085,79,8
18,layer4.2.conv3,1303405,False,2742501,133586,36193,1859,2646
18,layer4.2.bn3,60394,False,134769,9433,3913,513,38
18,layer4.2.add,32290,False,76027,13081,9381,2831,26
18,layer4.2.relu3,16891,False,43521,5879,6696,74,5
18,avgpool,96299,False,210376,5240,1235,177,209
18,flatten,8565,False,26080,270,318,14,27
18,fc,506409,False,1073749,98499,10003,425,10466
19,conv1,2182371,False,4585084,33032,19756,3200,2919
19,bn1,343756,False,731923,56971,23676,12783,443
19,relu,175870,False,378995,51623,20941,27382,491
19,maxpool,10162878,False,21306819,3313,2856,851,100
19,layer1.0.conv1,266544,False,492193,4487,2550,445,65
19,layer1.0.bn1,88200,False,194022,15524,6719,1715,31
19,layer1.0.relu1,33959,False,79470,10957,11718,866,153
19,layer1.0.conv2,1998306,False,4198430,13317,55954,2035,1145
19,layer1.0.bn2,78473,False,173561,16048,7284,988,91
19,layer1.0.relu2,33019,False,77396,11864,11218,1602,9
19,layer1.0.conv3,864527,False,1822453,7437,8750,5707,532
19,layer1.0.bn3,317504,False,676680,57211,26054,10157,450
19,layer1.0.downsample.0,872969,False,1840175,7542,6021,5430,3580
19,layer1.0.downsample.1,324067,False,690218,56492,26072,9652,47
19,layer1.0.add,320623,False,683124,103453,62959,24678,7337
19,layer1.0.relu3,173077,False,373110,51797,20627,28166,12
19,layer1.1.conv1,811190,False,1710800,107432,9194,895,76
19,layer1.1.bn1,94329,False,206543,16037,5837,2472,37
19,layer1.1.relu1,31134,False,73437,10877,11903,994,9
19,layer1.1.conv2,1973950,False,4148332,12774,54221,2229,999
19,layer1.1.bn2,76785,False,169996,16150,7298,1022,108
19,layer1.1.relu2,33546,False,78550,11136,11418,1446,10
19,layer1.1.conv3,856397,False,1805368,7750,8647,5883,548
19,layer1.1.bn3,324541,False,691389,57299,26270,9654,48
19,layer1.1.add,313139,False,666723,109589,64312,25575,58
19,layer1.1.relu3,173438,False,373324,51811,20613,28143,8
19,layer1.2.conv1,811058,False,1709949,105876,8856,875,72
19,layer1.2.bn1,93319,False,204653,16042,5914,2373,30
19,layer1.2.relu1,31172,False,73301,10793,11973,948,29
19,layer1.2.conv2,1965011,False,4128567,13551,55507,2254,1000
19,layer1.2.bn2,71609,False,158954,15018,9121,946,128
19,layer1.2.relu2,31626,False,74452,10393,12192,714,11
19,layer1.2.conv3,851772,False,1795522,7666,8725,5709,516
19,layer1.2.bn3,326456,False,695143,57159,26142,9805,47
19,layer1.2.add,314637,False,669981,109891,61225,24071,4308
19,layer1.2.relu3,173258,False,373326,51665,20296,28227,379
19,layer2.0.conv1,1596610,False,3356311,216203,18069,1056,113
19,layer2.0.bn1,174348,False,375277,29426,12396,5671,325
19,layer2.0.relu1,78800,False,173706,25248,13998,10814,6
19,layer2.0.conv2,2125079,False,4464479,68100,126952,6639,2015
19,layer2.0.bn2,44094,False,100878,7949,5252,411,33
19,layer2.0.relu2,18749,False,47549,5837,6663,94,9
19,layer2.0.conv3,848967,False,1789428,12644,6502,1770,1761
19,layer2.0.bn3,169225,False,365854,29082,13376,5367,43
19,layer2.0.downsample.0,2326671,False,4894231,161961,362248,12439,3103
19,layer2.0.downsample.1,178391,False,384200,31291,11375,4198,41
19,layer2.0.add,159511,False,344345,51770,34097,13935,148
19,layer2.0.relu3,80214,False,177264,24834,14846,10000,8
19,layer2.1.conv1,825847,False,1740395,32588,8688,733,138
19,layer2.1.bn1,49150,False,111479,7943,4879,900,28
19,layer2.1.relu1,17802,False,45399,6020,6502,305,10
19,layer2.1.conv2,1920559,False,4035055,14213,56828,1885,1920
19,layer2.1.bn2,44721,False,101856,7749,5508,383,37
19,layer2.1.relu2,17741,False,45342,5802,6644,146,10
19,layer2.1.conv3,847013,False,1785379,12546,6313,1936,1701
19,layer2.1.bn3,175422,False,377902,29524,12762,5321,38
19,layer2.1.add,157097,False,339491,54923,32544,13029,14
19,layer2.1.relu3,78166,False,172513,24620,15183,9685,6
19,layer2.2.conv1,820279,False,1728922,32687,8775,776,125
19,layer2.2.bn1,48348,False,109665,8609,3893,803,28
19,layer2.2.relu1,17159,False,43945,5376,6616,212,9
19,layer2.2.conv2,1914391,False,4021660,12830,52888,2013,1799
19,layer2.2.bn2,43679,False,99553,7872,5241,431,35
19,layer2.2.relu2,18058,False,45765,5926,6553,232,7
19,layer2.2.conv3,850075,False,1791689,12460,6074,1968,1795
19,layer2.2.bn3,171295,False,369022,29239,13861,4934,128
19,layer2.2.add,157253,False,339664,52667,34138,14042,14
19,layer2.2.relu3,77813,False,171586,24760,15166,9705,7
19,layer2.3.conv1,818618,False,1725193,31694,8446,806,130
19,layer2.3.bn1,49086,False,111189,7726,4673,797,25
19,layer2.3.relu1,17180,False,44126,5982,6607,197,6
19,layer2.3.conv2,1922035,False,4037562,13511,53765,2026,2102
19,layer2.3.bn2,44262,False,101071,7735,5497,364,30
19,layer2.3.relu2,17884,False,45606,5393,6599,182,6
19,layer2.3.conv3,849399,False,1789690,12598,5998,2102,1832
19,layer2.3.bn3,173200,False,380759,31204,11236,4415,40
19,layer2.3.add,157355,False,339755,51758,33989,14125,15
19,layer2.3.relu3,77613,False,171737,25258,14287,10468,8
19,layer3.0.conv1,1755006,False,3687545,23634,51764,10884,2877
19,layer3.0.bn1,85414,False,187831,14829,7848,2273,36
19,layer3.0.relu1,32839,False,76953,11867,11202,1679,10
19,layer3.0.conv2,2188684,False,4597958,40621,75307,11688,6122
19,layer3.0.bn2,34479,False,80238,4682,2757,366,40
19,layer3.0.relu2,12170,False,34109,2749,3594,78,7
19,layer3.0.conv3,973737,False,2050492,38455,26918,838,5207
19,layer3.0.bn3,92333,False,203007,15654,7487,1385,39
19,layer3.0.downsample.0,2224962,False,4674333,42734,323650,10562,6013
19,layer3.0.downsample.1,83248,False,184030,14711,8679,908,38
19,layer3.0.add,66080,False,147901,24016,18750,5669,29
19,layer3.0.relu3,34111,False,79677,11263,10819,2083,7
19,layer3.1.conv1,1031132,False,2171003,38135,33254,2646,3394
19,layer3.1.bn1,35460,False,82323,4575,2782,430,39
19,layer3.1.relu1,12050,False,33319,3178,3601,86,11
19,layer3.1.conv2,2027978,False,4261001,28185,60041,10006,5297
19,layer3.1.bn2,32853,False,76837,4615,2880,319,43
19,layer3.1.relu2,12545,False,34490,3064,3585,76,9
19,layer3.1.conv3,969954,False,2042818,38096,26829,847,5077
19,layer3.1.bn3,88962,False,195337,15521,8094,1621,38
19,layer3.1.add,66698,False,148540,26013,18519,5920,10
19,layer3.1.relu3,32135,False,75463,10649,11573,1278,7
19,layer3.2.conv1,1015872,False,2146163,37050,33716,2728,3023
19,layer3.2.bn1,32708,False,76446,4523,2827,454,33
19,layer3.2.relu1,11022,False,31398,3198,3645,88,5
19,layer3.2.conv2,2029209,False,4263048,28361,59850,9840,5345
19,layer3.2.bn2,32972,False,77360,4510,2935,314,38
19,layer3.2.relu2,11128,False,31679,3165,3625,81,6
19,layer3.2.conv3,971456,False,2045960,38388,26518,895,5211
19,layer3.2.bn3,93205,False,204196,16442,6505,1259,39
19,layer3.2.add,66397,False,148119,26052,18360,6130,12
19,layer3.2.relu3,31769,False,74818,10441,11959,914,11
19,layer3.3.conv1,1008595,False,2123605,37228,33560,2523,3262
19,layer3.3.bn1,34168,False,80102,4443,2826,438,35
19,layer3.3.relu1,11940,False,33260,3230,3595,86,15
19,layer3.3.conv2,2030992,False,4267040,28518,60187,9750,5443
19,layer3.3.bn2,34437,False,80262,4559,2835,331,41
19,layer3.3.relu2,12246,False,34110,2827,3619,82,9
19,layer3.3.conv3,972374,False,2047729,38365,26537,799,5137
19,layer3.3.bn3,94903,False,208029,15619,8109,1763,32
19,layer3.3.add,67322,False,150279,24097,18443,5947,19
19,layer3.3.relu3,31539,False,74347,10741,11798,1154,8
19,layer3.4.conv1,1007294,False,2120785,37670,33773,2719,3281
19,layer3.4.bn1,33010,False,77476,4618,2830,454,35
19,layer3.4.relu1,11088,False,31574,3222,3604,97,5
19,layer3.4.conv2,2061983,False,4331951,28517,58749,8779,8090
19,layer3.4.bn2,34333,False,80133,4489,2787,333,37
19,layer3.4.relu2,12226,False,33750,2719,3603,75,9
19,layer3.4.conv3,972143,False,2047086,38440,26831,848,5073
19,layer3.4.bn3,91060,False,199875,15498,7646,1402,36
19,layer3.4.add,67056,False,149348,25996,18100,6278,7
19,layer3.4.relu3,32182,False,75592,11780,11419,1484,7
19,layer3.5.conv1,1025243,False,2158348,37877,33763,3021,2968
19,layer3.5.bn1,33762,False,85739,4625,2785,548,28
19,layer3.5.relu1,11199,False,31624,3169,3615,76,7
19,layer3.5.conv2,2027697,False,4259850,28641,60101,9872,5547
19,layer3.5.bn2,33530,False,78555,4619,2837,317,40
19,layer3.5.relu2,11996,False,33202,3108,3623,80,12
19,layer3.5.conv3,970178,False,2042934,39291,26664,840,5538
19,layer3.5.bn3,90189,False,198393,15635,8201,1614,35
19,layer3.5.add,67068,False,149522,24466,18746,5627,8
19,layer3.5.relu3,32743,False,76900,10748,11493,1384,8
19,layer4.0.conv1,1970336,False,4139705,71501,63819,4810,5838
19,layer4.0.bn1,52073,False,117519,7930,4749,570,35
19,layer4.0.relu1,17316,False,44382,5958,6605,212,8
19,layer4.0.conv2,3404292,False,7144859,130157,179975,52540,18165
19,layer4.0.bn2,30605,False,72324,2948,1645,320,28
19,layer4.0.relu2,9077,False,27287,1454,2043,79,5
19,layer4.0.conv3,1294039,False,2723038,131026,37007,2402,2056
19,layer4.0.bn3,59950,False,133633,9382,3923,533,34
19,layer4.0.downsample.0,2886820,False,6061216,70225,427945,21656,5937
19,layer4.0.downsample.1,59889,False,133759,8201,2854,360,37
19,layer4.0.add,32683,False,76729,12997,9365,3094,15
19,layer4.0.relu3,17532,False,44752,5277,6606,198,8
19,layer4.1.conv1,1244764,False,2619822,127886,40662,3222,819
19,layer4.1.bn1,30133,False,71239,3098,1414,487,35
19,layer4.1.relu1,9628,False,28320,1718,2017,78,9
19,layer4.1.conv2,3147982,False,6608238,113177,170816,53217,18457
19,layer4.1.bn2,32663,False,76792,2575,1442,311,36
19,layer4.1.relu2,9422,False,28069,1483,2022,76,9
19,layer4.1.conv3,1288425,False,2710924,129757,35318,2482,1961
19,layer4.1.bn3,63293,False,140782,9320,3934,514,41
19,layer4.1.add,31461,False,74146,13077,9314,2806,13
19,layer4.1.relu3,17653,False,51668,5450,6734,219,8
19,layer4.2.conv1,1236336,False,2602159,125954,40087,2824,1122
19,layer4.2.bn1,30163,False,71365,3041,1416,486,30
19,layer4.2.relu1,8355,False,25737,1784,2064,85,4
19,layer4.2.conv2,3147949,False,6607863,111935,171515,53336,16980
19,layer4.2.bn2,31681,False,74358,2679,1516,327,31
19,layer4.2.relu2,8353,False,25543,1603,2097,85,8
19,layer4.2.conv3,1279377,False,2698641,130442,35651,2737,1947
19,layer4.2.bn3,60352,False,134586,9444,3817,513,35
19,layer4.2.add,30660,False,72505,11209,9247,3025,14
19,layer4.2.relu3,17278,False,44349,5164,6697,77,6
19,avgpool,87779,False,192989,4682,1172,65,200
19,flatten,8759,False,26518,271,323,12,28
19,fc,500330,False,1060576,98345,10089,459,10571
20,conv1,2175662,False,4572030,30607,21233,3769,737
20,bn1,335609,False,715262,56757,24187,12724,39
20,relu,175949,False,379306,51498,21384,27533,55
20,maxpool,10313853,False,21557281,3635,3252,903,111
20,layer1.0.conv1,268631,False,495547,4220,2518,458,56
20,layer1.0.bn1,89788,False,197058,15748,6635,1614,21
20,layer1.0.relu1,32814,False,77089,10837,11866,980,29
20,layer1.0.conv2,1987259,False,4175506,13094,55472,2257,943
20,layer1.0.bn2,76977,False,170302,16089,7219,1080,39
20,layer1.0.relu2,32999,False,77058,10942,11445,1463,9
20,layer1.0.conv3,861802,False,1817842,7520,8548,5937,507
20,layer1.0.bn3,324462,False,690986,57188,25461,10418,96
20,layer1.0.downsample.0,870643,False,1835158,7182,5808,6382,2686
20,layer1.0.downsample.1,319448,False,680570,56143,26294,10501,39
20,layer1.0.add,315214,False,671311,103331,67729,28016,167
20,layer1.0.relu3,174247,False,375726,51565,21813,26944,11
20,layer1.1.conv1,808888,False,1705512,108659,9162,896,57
20,layer1.1.bn1,94756,False,207839,16261,5805,2463,20
20,layer1.1.relu1,35508,False,82887,10927,11888,1092,7
20,layer1.1.conv2,1974469,False,4148882,12950,54598,2264,896
20,layer1.1.bn2,75832,False,168125,16253,7306,1140,43
20,layer1.1.relu2,32742,False,76958,11855,11377,1518,8
20,layer1.1.conv3,855749,False,1803930,7957,8514,5830,575
20,layer1.1.bn3,320400,False,682210,57071,26021,10031,45
20,layer1.1.add,312945,False,666561,109479,64331,25690,77
20,layer1.1.relu3,177689,False,382484,51625,21386,27556,8
20,layer1.2.conv1,806232,False,1700339,105791,8743,764,64
20,layer1.2.bn1,94578,False,207467,16000,5957,2416,23
20,layer1.2.relu1,31842,False,75036,10961,11794,1108,9
20,layer1.2.conv2,1965131,False,4128821,13166,54839,2288,867
20,layer1.2.bn2,70876,False,157361,14881,9140,982,42
20,layer1.2.relu2,31364,False,74060,11557,12085,828,9
20,layer1.2.conv3,852874,False,1797937,7772,8711,5667,526
20,layer1.2.bn3,319182,False,679767,57684,26271,9976,29
20,layer1.2.add,312823,False,666651,109616,64100,25566,343
20,layer1.2.relu3,176774,False,380453,51776,20841,28083,112
20,layer2.0.conv1,1590863,False,3344788,215211,17334,951,87
20,layer2.0.bn1,173924,False,374837,29283,12466,5861,43
20,layer2.0.relu1,82149,False,181042,24985,14638,10339,2
20,layer2.0.conv2,2122815,False,4460038,62532,121782,6715,1912
20,layer2.0.bn2,44791,False,102005,7828,5217,392,25
20,layer2.0.relu2,18632,False,47104,5824,6694,100,6
20,layer2.0.conv3,848760,False,1788950,12713,6495,1772,1710
20,layer2.0.bn3,168427,False,363257,29328,13292,5447,32
20,layer2.0.downsample.0,2310499,False,4853603,163142,359637,12890,2607
20,layer2.0.downsample.1,177715,False,383588,31408,11490,4232,35
20,layer2.0.add,162660,False,351253,51887,33994,14331,42
20,layer2.0.relu3,79248,False,174829,25405,14058,10693,5
20,layer2.1.conv1,825645,False,1740218,32611,8608,808,114
20,layer2.1.bn1,48603,False,110052,7970,4784,941,15
20,layer2.1.relu1,17435,False,44586,5352,6533,281,7
20,layer2.1.conv2,1915847,False,4025608,13870,56290,2057,1697
20,layer2.1.bn2,43995,False,100412,7805,5521,386,31
20,layer2.1.relu2,17742,False,45186,5783,6674,135,6
20,layer2.1.conv3,848002,False,1787280,12612,6197,2028,1684
20,layer2.1.bn3,170213,False,367067,29424,13041,5124,28
20,layer2.1.add,156765,False,339236,54003,32666,12800,9
20,layer2.1.relu3,78101,False,172529,24508,14967,9884,3
20,layer2.2.conv1,818409,False,1725308,32945,8748,820,115
20,layer2.2.bn1,47812,False,108691,8600,3882,825,20
20,layer2.2.relu1,18067,False,45948,5931,6533,279,6
20,layer2.2.conv2,1912035,False,4017769,12853,53339,2007,1756
20,layer2.2.bn2,43401,False,99450,7807,5337,418,29
20,layer2.2.relu2,18634,False,47314,5202,6523,222,8
20,layer2.2.conv3,848041,False,1787305,12523,6144,1964,1737
20,layer2.2.bn3,171384,False,369663,29050,13848,4994,29
20,layer2.2.add,160514,False,346400,52256,33435,14730,4
20,layer2.2.relu3,77200,False,170876,24738,14965,9941,3
20,layer2.3.conv1,820017,False,1728470,31802,8454,783,109
20,layer2.3.bn1,48053,False,108956,7900,4841,803,23
20,layer2.3.relu1,18283,False,46400,5342,6606,160,8
20,layer2.3.conv2,1917630,False,4029035,13355,54898,2117,1928
20,layer2.3.bn2,43486,False,99525,7714,5681,383,28
20,layer2.3.relu2,17471,False,44997,5251,6566,178,5
20,layer2.3.conv3,848353,False,1788188,12571,5930,2190,1684
20,layer2.3.bn3,172225,False,371217,31220,11056,4292,28
20,layer2.3.add,156681,False,338291,51656,34286,13853,11
20,layer2.3.relu3,78687,False,173598,24707,14969,9891,5
20,layer3.0.conv1,1746020,False,3669173,23148,52080,11294,2371
20,layer3.0.bn1,85182,False,187225,14999,7834,2240,28
20,layer3.0.relu1,33505,False,78448,11159,11297,1604,8
20,layer3.0.conv2,2214775,False,4652389,41698,78678,9703,7279
20,layer3.0.bn2,33963,False,79357,4596,2805,357,39
20,layer3.0.relu2,15958,False,41738,2786,3650,188,8
20,layer3.0.conv3,970405,False,2043658,38266,26554,892,5098
20,layer3.0.bn3,91743,False,200912,15451,7497,1490,33
20,layer3.0.downsample.0,2216570,False,4657161,42639,323682,10745,5836
20,layer3.0.downsample.1,82246,False,182071,14828,8556,977,31
20,layer3.0.add,65662,False,146677,24121,18594,5888,7
20,layer3.0.relu3,33885,False,79119,11145,10846,2028,7
20,layer3.1.conv1,1010701,False,2128248,37909,34516,3012,2354
20,layer3.1.bn1,34442,False,80401,4474,2772,413,34
20,layer3.1.relu1,11549,False,32471,3228,3630,94,6
20,layer3.1.conv2,2032683,False,4270715,29866,60222,9622,5474
20,layer3.1.bn2,34453,False,80781,4581,2888,310,42
20,layer3.1.relu2,12533,False,34750,2690,3598,82,8
20,layer3.1.conv3,971774,False,2047220,38054,26547,873,5051
20,layer3.1.bn3,90208,False,197848,15491,8060,1631,27
20,layer3.1.add,67049,False,149155,24240,18737,5660,7
20,layer3.1.relu3,31758,False,74788,10874,11601,1288,6
20,layer3.2.conv1,1006385,False,2119417,37137,34344,3078,2250
20,layer3.2.bn1,33418,False,78167,4584,2810,418,32
20,layer3.2.relu1,11175,False,31546,3111,3628,81,7
20,layer3.2.conv2,2029288,False,4263375,28499,61142,10045,5242
20,layer3.2.bn2,33541,False,78309,4612,2898,327,35
20,layer3.2.relu2,11509,False,32432,2682,3647,87,5
20,layer3.2.conv3,968730,False,2040303,38086,26590,942,5155
20,layer3.2.bn3,93281,False,204183,16539,6594,1250,42
20,layer3.2.add,65882,False,147137,26015,18488,5897,5
20,layer3.2.relu3,30485,False,71997,11689,12024,935,8
20,layer3.3.conv1,1004190,False,2114193,36944,34417,2952,2228
20,layer3.3.bn1,33693,False,78953,4447,2807,446,36
20,layer3.3.relu1,11579,False,32585,2801,3582,86,10
20,layer3.3.conv2,2028200,False,4260901,28178,59844,9863,5160
20,layer3.3.bn2,34349,False,80003,4545,2817,316,36
20,layer3.3.relu2,12706,False,34779,2771,3601,84,7
20,layer3.3.conv3,975305,False,2054389,38931,26641,925,5177
20,layer3.3.bn3,90656,False,198875,15611,8038,1668,29
20,layer3.3.add,66973,False,148988,24563,18432,5887,8
20,layer3.3.relu3,32268,False,75823,10885,11687,1200,6
20,layer3.4.conv1,1004316,False,2114742,37261,34465,2993,2318
20,layer3.4.bn1,32750,False,76684,4585,2837,443,29
20,layer3.4.relu1,11096,False,31530,2809,3603,95,6
20,layer3.4.conv2,2049176,False,4305236,28349,59750,9127,6369
20,layer3.4.bn2,33711,False,78821,4523,2858,303,38
20,layer3.4.relu2,12020,False,33448,2791,3617,87,5
20,layer3.4.conv3,968503,False,2040160,38459,26940,910,4999
20,layer3.4.bn3,95644,False,209279,15503,7530,1604,32
20,layer3.4.add,67088,False,149345,25949,18359,6092,5
20,layer3.4.relu3,32166,False,75462,10750,11497,1377,7
20,layer3.5.conv1,1005208,False,2116670,37265,34976,3319,1876
20,layer3.5.bn1,33551,False,78315,4467,2721,452,25
20,layer3.5.relu1,10847,False,30782,2871,3649,81,6
20,layer3.5.conv2,2025955,False,4256426,28416,60433,10275,5332
20,layer3.5.bn2,33126,False,77467,4596,2838,329,39
20,layer3.5.relu2,11906,False,33225,3085,3593,86,6
20,layer3.5.conv3,974761,False,2052575,39075,26431,944,5451
20,layer3.5.bn3,89118,False,195835,15490,8162,1672,29
20,layer3.5.add,66811,False,148712,26144,18455,5892,8
20,layer3.5.relu3,32505,False,76184,10675,11601,1311,8
20,layer4.0.conv1,1960070,False,4117861,71850,65638,5384,4157
20,layer4.0.bn1,51542,False,116092,8016,4696,604,32
20,layer4.0.relu1,18116,False,46175,5263,6538,216,5
20,layer4.0.conv2,3401942,False,7166542,131337,181871,52837,17460
20,layer4.0.bn2,31500,False,74022,3199,1616,336,30
20,layer4.0.relu2,8786,False,26552,1425,2050,85,4
20,layer4.0.conv3,1252562,False,2635472,125083,36728,3375,1039
20,layer4.0.bn3,60103,False,134303,9640,3829,504,32
20,layer4.0.downsample.0,2885931,False,6058546,69787,429917,21779,5563
20,layer4.0.downsample.1,58546,False,131117,8361,2926,374,28
20,layer4.0.add,32546,False,76596,11298,9396,3140,7
20,layer4.0.relu3,18204,False,46225,5256,6585,200,9
20,layer4.1.conv1,1226363,False,2580727,125083,40245,3422,533
20,layer4.1.bn1,29843,False,70674,3103,1408,486,32
20,layer4.1.relu1,8783,False,26659,1466,2028,81,6
20,layer4.1.conv2,3153527,False,6619976,110699,171373,52854,17475
20,layer4.1.bn2,33645,False,78709,2470,1476,318,31
20,layer4.1.relu2,8734,False,26302,1540,2092,79,7
20,layer4.1.conv3,1258425,False,2648418,126112,34843,3492,1082
20,layer4.1.bn3,61304,False,136880,9465,3871,541,33
20,layer4.1.add,31788,False,74922,11135,9243,2872,9
20,layer4.1.relu3,17496,False,44925,5177,6658,88,5
20,layer4.2.conv1,1223855,False,2575104,127370,40040,3202,732
20,layer4.2.bn1,30231,False,71487,3167,1453,494,29
20,layer4.2.relu1,8411,False,25800,1450,2040,86,4
20,layer4.2.conv2,3145024,False,6601799,109635,171199,55216,16421
20,layer4.2.bn2,31897,False,75327,2552,1456,319,27
20,layer4.2.relu2,9416,False,28028,1769,2035,81,8
20,layer4.2.conv3,1254914,False,2640290,124446,35004,3537,1014
20,layer4.2.bn3,60433,False,134974,9173,3864,534,34
20,layer4.2.add,31455,False,74112,13095,9318,2873,12
20,layer4.2.relu3,17833,False,45657,5231,6666,81,6
20,avgpool,83822,False,184038,4710,1159,75,193
20,flatten,8374,False,25840,252,321,14,28
20,fc,505363,False,1070013,98673,10278,559,10242
21,conv1,2169404,False,4557659,29524,20676,3871,739
21,bn1,336845,False,717204,56579,23750,13111,43
21,relu,174976,False,377556,51377,21366,27530,106
21,maxpool,10181891,False,21347168,3460,3192,906,93
21,layer1.0.conv1,258324,False,491985,4639,2750,444,49
21,layer1.0.bn1,89322,False,196281,15599,6744,1684,14
21,layer1.0.relu1,32666,False,76705,11719,11906,1015,28
21,layer1.0.conv2,1980828,False,4162329,13340,55432,2362,901
21,layer1.0.bn2,76240,False,169065,16061,7240,1071,38
21,layer1.0.relu2,33196,False,78024,10962,11391,1479,9
21,layer1.0.conv3,859422,False,1811926,7489,8531,5919,514
21,layer1.0.bn3,322181,False,685889,57662,25661,10456,61
21,layer1.0.downsample.0,862982,False,1827377,7119,5864,6513,2424
21,layer1.0.downsample.1,317653,False,676353,57226,25738,10375,36
21,layer1.0.add,313690,False,668308,103293,68367,27192,205
21,layer1.0.relu3,173958,False,374795,51503,21534,27373,5
21,layer1.1.conv1,810328,False,1709151,107576,9099,886,45
21,layer1.1.bn1,93368,False,204586,16468,5762,2468,14
21,layer1.1.relu1,32044,False,75648,10645,11871,1008,5
21,layer1.1.conv2,1969164,False,4144218,13328,55080,2403,849
21,layer1.1.bn2,74915,False,166231,16343,7215,1096,42
21,layer1.1.relu2,32733,False,76942,11869,11304,1589,6
21,layer1.1.conv3,854982,False,1802271,7825,8559,5905,553
21,layer1.1.bn3,317948,False,676832,57391,26089,9947,31
21,layer1.1.add,312573,False,665767,109561,64510,25555,110
21,layer1.1.relu3,172783,False,371911,51533,22119,26674,3
21,layer1.2.conv1,805525,False,1705259,106736,8822,784,56
21,layer1.2.bn1,93526,False,205009,16098,6003,2474,19
21,layer1.2.relu1,34976,False,81276,11042,11883,1116,9
21,layer1.2.conv2,1961508,False,4121215,12830,54922,2321,758
21,layer1.2.bn2,71464,False,158518,14830,9398,1034,46
21,layer1.2.relu2,31749,False,74749,11653,12116,787,7
21,layer1.2.conv3,853159,False,1798278,7895,8633,5710,488
21,layer1.2.bn3,319311,False,680461,57300,26067,10200,29
21,layer1.2.add,314313,False,669650,109693,63930,25454,417
21,layer1.2.relu3,174272,False,375572,51634,21168,27492,146
21,layer2.0.conv1,1589387,False,3341672,216476,17379,991,92
21,layer2.0.bn1,172812,False,372611,29677,12690,5914,58
21,layer2.0.relu1,78516,False,173048,24942,14420,10480,3
21,layer2.0.conv2,2125864,False,4465884,65955,124046,6745,1867
21,layer2.0.bn2,43452,False,99297,7870,5313,429,17
21,layer2.0.relu2,18559,False,47110,4916,6672,88,4
21,layer2.0.conv3,847132,False,1785691,12897,6510,1823,1755
21,layer2.0.bn3,168397,False,362998,29522,13112,5308,31
21,layer2.0.downsample.0,2304898,False,4841571,162590,359584,13092,2439
21,layer2.0.downsample.1,176911,False,381337,31574,11363,4271,31
21,layer2.0.add,162285,False,350938,52474,33906,14258,25
21,layer2.0.relu3,80213,False,177178,24783,14674,10109,3
21,layer2.1.conv1,819857,False,1728086,32777,8757,784,101
21,layer2.1.bn1,48635,False,110613,7998,4688,958,14
21,layer2.1.relu1,17600,False,45100,6000,6491,294,5
21,layer2.1.conv2,1916618,False,4027148,13194,54232,2123,1716
21,layer2.1.bn2,44412,False,101178,7749,5531,372,27
21,layer2.1.relu2,18226,False,46566,5858,6623,142,8
21,layer2.1.conv3,849426,False,1790043,12443,6176,2117,1546
21,layer2.1.bn3,170735,False,368000,29412,12826,5101,21
21,layer2.1.add,157620,False,340728,54973,32686,12675,9
21,layer2.1.relu3,77959,False,172189,24751,14892,9981,2
21,layer2.2.conv1,818067,False,1723909,32611,8754,825,100
21,layer2.2.bn1,47026,False,107052,8692,3863,850,12
21,layer2.2.relu1,17965,False,45955,5205,6507,252,4
21,layer2.2.conv2,1915520,False,4024255,13408,54178,2185,1648
21,layer2.2.bn2,43694,False,99926,7713,5495,408,22
21,layer2.2.relu2,17771,False,45591,6010,6534,225,6
21,layer2.2.conv3,846705,False,1784601,12443,6152,2109,1639
21,layer2.2.bn3,170347,False,367503,29041,14066,4796,25
21,layer2.2.add,161633,False,348632,52151,33263,14989,3
21,layer2.2.relu3,77031,False,170037,25333,14188,10651,3
21,layer2.3.conv1,818204,False,1724740,31619,8448,820,107
21,layer2.3.bn1,47400,False,107720,7906,4761,869,18
21,layer2.3.relu1,17346,False,44433,5368,6629,176,6
21,layer2.3.conv2,1914479,False,4022282,13288,53967,2107,1738
21,layer2.3.bn2,44387,False,101248,7767,5657,406,25
21,layer2.3.relu2,19019,False,48062,5097,6589,185,4
21,layer2.3.conv3,849704,False,1790796,12422,5913,2241,1713
21,layer2.3.bn3,172572,False,371798,31519,11029,4408,25
21,layer2.3.add,157411,False,339774,51838,34133,14082,7
21,layer2.3.relu3,78551,False,173508,24753,14949,9879,4
21,layer3.0.conv1,1758215,False,3694215,23013,51702,11594,1949
21,layer3.0.bn1,84661,False,186260,14830,8092,2293,23
21,layer3.0.relu1,32457,False,76237,11894,11277,1639,5
21,layer3.0.conv2,2189796,False,4600153,38324,75546,11672,5898
21,layer3.0.bn2,34335,False,80091,4566,2842,346,33
21,layer3.0.relu2,11970,False,33109,3181,3630,79,8
21,layer3.0.conv3,968651,False,2040619,37965,26556,937,5000
21,layer3.0.bn3,96435,False,211058,15627,7611,1533,32
21,layer3.0.downsample.0,2223314,False,4670436,41871,324389,10871,5757
21,layer3.0.downsample.1,81959,False,181056,14707,8524,983,27
21,layer3.0.add,66343,False,148287,24060,18795,5620,6
21,layer3.0.relu3,33829,False,79066,11157,10944,1967,6
21,layer3.1.conv1,1010129,False,2127102,37523,34861,3386,1898
21,layer3.1.bn1,34616,False,80753,4499,2775,423,29
21,layer3.1.relu1,11209,False,31960,3151,3615,92,5
21,layer3.1.conv2,2030651,False,4267108,28330,59971,9671,5261
21,layer3.1.bn2,33417,False,78254,4664,2822,319,40
21,layer3.1.relu2,12369,False,34083,3072,3613,76,6
21,layer3.1.conv3,964669,False,2039423,37617,26835,810,5061
21,layer3.1.bn3,90720,False,199105,15515,8114,1619,30
21,layer3.1.add,67152,False,149829,25962,18820,5676,6
21,layer3.1.relu3,31250,False,73868,11852,11541,1383,5
21,layer3.2.conv1,1006405,False,2119516,37601,34851,3204,1870
21,layer3.2.bn1,34250,False,79857,4527,2817,442,32
21,layer3.2.relu1,11860,False,33043,2716,3597,84,5
21,layer3.2.conv2,2033342,False,4272792,28631,59180,9737,5383
21,layer3.2.bn2,33202,False,77870,4620,2882,327,33
21,layer3.2.relu2,11394,False,31968,3163,3637,87,4
21,layer3.2.conv3,974394,False,2052257,38282,26991,1064,5207
21,layer3.2.bn3,92323,False,202257,16648,6437,1316,33
21,layer3.2.add,65646,False,146485,24030,18741,5698,4
21,layer3.2.relu3,30387,False,71922,10638,12004,892,8
21,layer3.3.conv1,1003873,False,2114169,37896,34616,3340,1874
21,layer3.3.bn1,36777,False,85227,4723,2815,538,38
21,layer3.3.relu1,11803,False,33119,2723,3609,87,11
21,layer3.3.conv2,2032053,False,4269273,28700,59768,9906,5759
21,layer3.3.bn2,34146,False,79651,4468,2853,327,37
21,layer3.3.relu2,11976,False,32948,2798,3636,82,8
21,layer3.3.conv3,972357,False,2047957,38762,26590,933,5224
21,layer3.3.bn3,91840,False,201428,15310,7920,1649,25
21,layer3.3.add,66892,False,149145,24139,18483,5949,5
21,layer3.3.relu3,31812,False,74853,10715,11812,1074,6
21,layer3.4.conv1,1005017,False,2116046,37564,34866,3366,1840
21,layer3.4.bn1,33058,False,77466,4511,2810,460,28
21,layer3.4.relu1,11225,False,31401,2744,3650,94,5
21,layer3.4.conv2,2046766,False,4300158,28532,59197,9266,6755
21,layer3.4.bn2,33720,False,78803,4524,2886,329,32
21,layer3.4.relu2,11117,False,31247,3138,3616,86,3
21,layer3.4.conv3,972967,False,2049402,37836,26748,987,4753
21,layer3.4.bn3,94731,False,207556,15724,7595,1639,30
21,layer3.4.add,67148,False,149556,24222,18551,5766,4
21,layer3.4.relu3,30925,False,72875,11802,11448,1460,5
21,layer3.5.conv1,1014686,False,2136547,37317,34867,3505,1562
21,layer3.5.bn1,33049,False,77367,4608,2801,450,21
21,layer3.5.relu1,10971,False,31068,2635,3610,87,5
21,layer3.5.conv2,2022076,False,4248037,28230,60286,10029,5262
21,layer3.5.bn2,32223,False,75849,4580,2921,328,38
21,layer3.5.relu2,11625,False,32538,2683,3613,86,8
21,layer3.5.conv3,967951,False,2038480,39125,26609,956,5267
21,layer3.5.bn3,90584,False,198687,15531,8145,1547,29
21,layer3.5.add,67243,False,149602,24503,18736,5654,4
21,layer3.5.relu3,31867,False,75208,10628,11573,1327,9
21,layer4.0.conv1,1967326,False,4133396,72502,66169,5768,3504
21,layer4.0.bn1,51749,False,116732,7844,4659,651,34
21,layer4.0.relu1,17964,False,45773,5271,6543,235,5
21,layer4.0.conv2,3398200,False,7132662,129985,180629,51763,17367
21,layer4.0.bn2,31654,False,74558,2909,1577,329,29
21,layer4.0.relu2,8398,False,25710,1824,2070,84,3
21,layer4.0.conv3,1241077,False,2611562,123592,36294,3654,842
21,layer4.0.bn3,59479,False,132785,9557,3936,480,32
21,layer4.0.downsample.0,2881257,False,6049543,68369,425823,22149,5342
21,layer4.0.downsample.1,58722,False,131202,8233,2840,384,24
21,layer4.0.add,31829,False,75063,11285,9520,3026,10
21,layer4.0.relu3,17764,False,45594,5361,6547,183,5
21,layer4.1.conv1,1222641,False,2573023,124521,40042,3464,455
21,layer4.1.bn1,31317,False,73994,2933,1445,461,27
21,layer4.1.relu1,8503,False,25780,1497,2074,83,9
21,layer4.1.conv2,3148166,False,6607952,109141,172153,52825,16298
21,layer4.1.bn2,31996,False,75043,2677,1514,325,25
21,layer4.1.relu2,8574,False,25861,1593,2081,81,7
21,layer4.1.conv3,1245055,False,2620224,127358,34759,3563,919
21,layer4.1.bn3,66198,False,147183,9313,3791,630,31
21,layer4.1.add,31779,False,74873,11164,9294,2829,9
21,layer4.1.relu3,16948,False,43645,5093,6713,87,5
21,layer4.2.conv1,1219116,False,2565633,123424,39960,3336,610
21,layer4.2.bn1,29796,False,70556,3007,1374,493,21
21,layer4.2.relu1,8378,False,25661,1474,2053,88,2
21,layer4.2.conv2,3146814,False,6605381,112630,171162,54402,17706
21,layer4.2.bn2,32634,False,76718,2641,1532,324,30
21,layer4.2.relu2,8519,False,25941,1563,2095,87,6
21,layer4.2.conv3,1246681,False,2623318,122984,34793,3703,856
21,layer4.2.bn3,60592,False,135308,9637,3937,520,38
21,layer4.2.add,31811,False,75056,12945,9334,2918,11
21,layer4.2.relu3,17436,False,44698,5090,6670,78,6
21,avgpool,79947,False,176166,5017,1150,76,186
21,flatten,7748,False,24296,262,315,12,27
21,fc,499926,False,1059186,98388,10297,483,10418
22,conv1,2172057,False,4563574,29602,20529,3791,787
22,bn1,333219,False,709742,56765,24203,12740,25
22,relu,175086,False,377538,51465,21332,27453,111
22,maxpool,10282782,False,21555446,3401,3051,889,62
22,layer1.0.conv1,254789,False,487633,4225,2563,443,43
22,layer1.0.bn1,88072,False,193576,15754,6799,1672,14
22,layer1.0.relu1,32706,False,76846,10621,11997,837,33
22,layer1.0.conv2,1977696,False,4155259,13500,55034,2374,875
22,layer1.0.bn2,75743,False,167773,16235,7321,1118,42
22,layer1.0.relu2,33212,False,77948,10814,11484,1470,7
22,layer1.0.conv3,858405,False,1809662,7379,8515,6062,495
22,layer1.0.bn3,321397,False,684733,57535,25954,10278,98
22,layer1.0.downsample.0,861883,False,1816932,7435,5923,6802,2161
22,layer1.0.downsample.1,318462,False,678498,57001,25870,10191,33
22,layer1.0.add,314562,False,670022,103161,67720,27884,202
22,layer1.0.relu3,174060,False,375257,51380,21605,27405,6
22,layer1.1.conv1,809613,False,1706843,107255,9144,937,44
22,layer1.1.bn1,93236,False,204343,16261,6012,2448,15
22,layer1.1.relu1,30722,False,72371,11810,11846,1105,4
22,layer1.1.conv2,1967460,False,4133237,12792,54857,2528,806
22,layer1.1.bn2,78448,False,173414,16408,7369,1215,42
22,layer1.1.relu2,32690,False,76745,11870,11339,1545,5
22,layer1.1.conv3,854460,False,1800798,7635,8520,5959,524
22,layer1.1.bn3,318282,False,678073,57314,25718,9767,38
22,layer1.1.add,312894,False,666763,109694,64265,25718,97
22,layer1.1.relu3,173277,False,373246,51691,21498,27351,2
22,layer1.2.conv1,807277,False,1702281,106677,8831,900,49
22,layer1.2.bn1,94449,False,207279,16024,5747,2522,13
22,layer1.2.relu1,31100,False,73408,10891,11925,965,8
22,layer1.2.conv2,1960554,False,4118965,12492,54198,2244,774
22,layer1.2.bn2,71305,False,158590,14788,9398,1065,46
22,layer1.2.relu2,31930,False,75511,10382,12090,774,7
22,layer1.2.conv3,852831,False,1797785,7670,8712,5776,492
22,layer1.2.bn3,317811,False,677516,57727,25880,10221,27
22,layer1.2.add,312466,False,666590,107945,63945,25498,452
22,layer1.2.relu3,173235,False,373694,51603,21380,27290,260
22,layer2.0.conv1,1589873,False,3342752,215139,16962,955,91
22,layer2.0.bn1,172295,False,371531,29590,12569,5869,15
22,layer2.0.relu1,78180,False,172601,25375,14146,10669,1
22,layer2.0.conv2,2123469,False,4462439,62952,122438,6821,1709
22,layer2.0.bn2,43808,False,99957,7912,5283,420,17
22,layer2.0.relu2,18617,False,47277,5018,6661,96,3
22,layer2.0.conv3,850377,False,1792063,12519,6493,1828,1681
22,layer2.0.bn3,169535,False,366123,29168,13229,5521,31
22,layer2.0.downsample.0,2298544,False,4827913,163137,361560,13204,2339
22,layer2.0.downsample.1,176147,False,379585,31317,11596,4221,31
22,layer2.0.add,162801,False,351203,51871,33929,14331,29
22,layer2.0.relu3,79304,False,174848,25450,13967,10841,4
22,layer2.1.conv1,823199,False,1734928,31645,8623,812,99
22,layer2.1.bn1,48096,False,108952,7898,4746,1013,12
22,layer2.1.relu1,17539,False,44675,6016,6491,291,4
22,layer2.1.conv2,1915043,False,4023790,12312,52664,2192,1574
22,layer2.1.bn2,43459,False,99623,7843,5616,389,27
22,layer2.1.relu2,18580,False,47232,5731,6633,134,7
22,layer2.1.conv3,848033,False,1787516,12401,6359,1970,1495
22,layer2.1.bn3,170502,False,367814,29105,13198,5064,22
22,layer2.1.add,156201,False,337757,54866,32662,12947,7
22,layer2.1.relu3,77807,False,171624,24723,14783,10155,1
22,layer2.2.conv1,817104,False,1722946,32043,8607,807,100
22,layer2.2.bn1,47517,False,107825,8601,3887,887,13
22,layer2.2.relu1,17357,False,44670,5319,6546,244,4
22,layer2.2.conv2,1910794,False,4014734,13583,54504,2188,1667
22,layer2.2.bn2,43294,False,99308,7777,5209,432,21
22,layer2.2.relu2,18094,False,46170,5911,6525,231,7
22,layer2.2.conv3,846622,False,1785142,12254,6206,2152,1538
22,layer2.2.bn3,168754,False,364428,29178,13873,5072,23
22,layer2.2.add,157029,False,339244,52036,33869,14397,5
22,layer2.2.relu3,78440,False,172904,24698,14907,9979,3
22,layer2.3.conv1,813896,False,1715843,31145,8263,696,100
22,layer2.3.bn1,48089,False,117537,7902,4954,937,13
22,layer2.3.relu1,17536,False,44887,5923,6626,172,7
22,layer2.3.conv2,1911019,False,4015066,13035,54156,2138,1650
22,layer2.3.bn2,42992,False,98276,7813,5593,395,22
22,layer2.3.relu2,17180,False,44189,5920,6621,181,4
22,layer2.3.conv3,845481,False,1782089,12276,6048,2264,1627
22,layer2.3.bn3,172029,False,370729,31329,11321,4268,28
22,layer2.3.add,156988,False,338826,51651,34089,14111,3
22,layer2.3.relu3,77357,False,171050,25361,14418,10365,4
22,layer3.0.conv1,1753599,False,3685253,22512,51939,11531,1702
22,layer3.0.bn1,84238,False,185754,14971,7880,2211,21
22,layer3.0.relu1,32778,False,76783,11123,11401,1498,4
22,layer3.0.conv2,2181110,False,4582071,38042,75177,11654,5547
22,layer3.0.bn2,34013,False,79082,4667,2827,352,28
22,layer3.0.relu2,11792,False,33088,3146,3622,77,7
22,layer3.0.conv3,969049,False,2040979,38273,26675,990,5025
22,layer3.0.bn3,95460,False,209070,15447,7589,1578,35
22,layer3.0.downsample.0,2213236,False,4649438,42668,322973,10872,5558
22,layer3.0.downsample.1,81587,False,180328,14775,8701,926,25
22,layer3.0.add,66051,False,147578,26039,18853,5580,3
22,layer3.0.relu3,34525,False,80782,11264,10852,1981,6
22,layer3.1.conv1,1025674,False,2159557,37078,34242,3524,1699
22,layer3.1.bn1,33888,False,79324,4559,2807,418,32
22,layer3.1.relu1,11706,False,32566,2786,3616,90,4
22,layer3.1.conv2,2035610,False,4276908,28405,59627,9480,5638
22,layer3.1.bn2,33902,False,79261,4552,2881,326,40
22,layer3.1.relu2,12223,False,34165,2715,3601,86,6
22,layer3.1.conv3,976424,False,2056958,37832,26662,1012,4991
22,layer3.1.bn3,94700,False,207613,15607,7905,1801,23
22,layer3.1.add,66603,False,148219,26124,18669,5699,6
22,layer3.1.relu3,31939,False,75181,10985,11611,1303,4
22,layer3.2.conv1,1006820,False,2120169,38066,35028,3332,1635
22,layer3.2.bn1,33741,False,78693,4529,2797,428,31
22,layer3.2.relu1,12080,False,33537,3139,3594,81,6
22,layer3.2.conv2,2028683,False,4262173,28563,60568,10378,5303
22,layer3.2.bn2,33553,False,78251,4547,2870,319,29
22,layer3.2.relu2,12687,False,34818,3010,3565,82,3
22,layer3.2.conv3,967341,False,2038122,38098,26861,1020,4852
22,layer3.2.bn3,93421,False,204801,16373,6471,1306,37
22,layer3.2.add,66652,False,148618,24293,18455,5896,4
22,layer3.2.relu3,30821,False,72876,11706,12016,933,7
22,layer3.3.conv1,1004775,False,2116092,37314,35179,3291,1620
22,layer3.3.bn1,33528,False,78376,4615,2863,433,33
22,layer3.3.relu1,11416,False,31978,2953,3618,95,7
22,layer3.3.conv2,2031068,False,4267564,28803,59654,9898,5419
22,layer3.3.bn2,34094,False,79678,4575,2889,342,32
22,layer3.3.relu2,11746,False,32914,3168,3617,91,4
22,layer3.3.conv3,977944,False,2060175,38304,26958,919,4979
22,layer3.3.bn3,91078,False,200329,15186,8133,1587,19
22,layer3.3.add,67545,False,150631,24409,18706,5656,5
22,layer3.3.relu3,31587,False,74246,11788,11698,1264,6
22,layer3.4.conv1,1007123,False,2120922,37115,34899,3163,1705
22,layer3.4.bn1,33108,False,77593,4539,2784,452,29
22,layer3.4.relu1,11046,False,31406,2769,3610,103,6
22,layer3.4.conv2,2048453,False,4303788,28575,60067,9009,6246
22,layer3.4.bn2,33481,False,78396,4540,2866,328,32
22,layer3.4.relu2,12238,False,33978,2678,3594,88,3
22,layer3.4.conv3,972748,False,2048735,37870,26816,990,4675
22,layer3.4.bn3,90525,False,198373,15498,7621,1301,29
22,layer3.4.add,71776,False,159340,24217,18312,6108,4
22,layer3.4.relu3,33044,False,77472,10716,11500,1341,5
22,layer3.5.conv1,1024359,False,2156430,37692,34815,3560,1435
22,layer3.5.bn1,33241,False,77756,4524,2774,459,24
22,layer3.5.relu1,11038,False,31399,3174,3641,84,6
22,layer3.5.conv2,2026054,False,4256887,28126,60458,10135,4937
22,layer3.5.bn2,32953,False,77108,4523,2928,322,31
22,layer3.5.relu2,11926,False,33127,2851,3638,82,8
22,layer3.5.conv3,969948,False,2042779,39063,26340,938,5288
22,layer3.5.bn3,89206,False,196353,15511,8151,1588,39
22,layer3.5.add,66997,False,149024,24152,18577,5744,26
22,layer3.5.relu3,32391,False,76243,10973,11609,1295,8
22,layer4.0.conv1,1973235,False,4145552,71524,65542,5317,3965
22,layer4.0.bn1,51365,False,116014,7929,4704,615,35
22,layer4.0.relu1,17091,False,44038,5223,6586,197,4
22,layer4.0.conv2,3445877,False,7232278,124864,186091,42920,19339
22,layer4.0.bn2,31660,False,74462,2941,1615,321,30
22,layer4.0.relu2,9353,False,27747,1687,2021,77,2
22,layer4.0.conv3,1254518,False,2640107,123633,36527,3161,1302
22,layer4.0.bn3,60736,False,135428,9248,3822,521,29
22,layer4.0.downsample.0,2892512,False,6073200,68877,424233,21357,6640
22,layer4.0.downsample.1,59549,False,132908,8312,2906,366,19
22,layer4.0.add,31874,False,74791,11331,9396,3152,22
22,layer4.0.relu3,18558,False,54346,5308,6594,213,6
22,layer4.1.conv1,1227731,False,2583736,123542,40336,3242,709
22,layer4.1.bn1,29364,False,69964,3155,1402,496,34
22,layer4.1.relu1,9523,False,28188,1686,2008,83,9
22,layer4.1.conv2,3182380,False,6680133,109605,174802,48995,19453
22,layer4.1.bn2,32707,False,76545,2675,1494,319,33
22,layer4.1.relu2,9240,False,27424,1715,2045,83,7
22,layer4.1.conv3,1278897,False,2691233,126954,35136,2720,1850
22,layer4.1.bn3,61948,False,138318,9514,3842,548,36
22,layer4.1.add,31961,False,75232,11766,9158,2647,26
22,layer4.1.relu3,17543,False,44735,5896,6699,80,5
22,layer4.2.conv1,1228777,False,2585484,124084,40130,2878,1042
22,layer4.2.bn1,30033,False,71443,3073,1427,485,28
22,layer4.2.relu1,8170,False,25603,1570,2070,85,6
22,layer4.2.conv2,3179235,False,6673662,109351,174102,50988,18726
22,layer4.2.bn2,32253,False,75679,2623,1509,322,31
22,layer4.2.relu2,9597,False,28405,1500,2040,81,10
22,layer4.2.conv3,1276260,False,2684999,132193,35693,2473,2080
22,layer4.2.bn3,60392,False,134966,9320,3836,519,35
22,layer4.2.add,31814,False,74888,11287,9227,2969,29
22,layer4.2.relu3,17652,False,45324,5196,6674,82,7
22,avgpool,84230,False,185301,4818,1162,64,199
22,flatten,8624,False,26195,276,325,13,29
22,fc,507053,False,1074174,98471,10170,531,10444
23,conv1,2179236,False,4578562,32832,20187,3458,2350
23,bn1,337905,False,719366,56739,24333,12715,70
23,relu,179157,False,385791,51683,21413,27332,129
23,maxpool,10370677,False,21739590,3072,2806,777,75
23,layer1.0.conv1,259494,False,491045,4364,2539,416,53
23,layer1.0.bn1,88838,False,195271,15461,6847,1611,20
23,layer1.0.relu1,33710,False,78872,10715,11853,912,106
23,layer1.0.conv2,1989246,False,4179790,13193,54970,2258,1086
23,layer1.0.bn2,78892,False,180917,16425,7218,1173,88
23,layer1.0.relu2,33385,False,78316,10973,11385,1496,9
23,layer1.0.conv3,863447,False,1819852,7665,8732,5704,485
23,layer1.0.bn3,319367,False,680263,57429,25738,10226,221
23,layer1.0.downsample.0,883977,False,1863045,7525,5986,5245,3701
23,layer1.0.downsample.1,320516,False,682929,56692,25849,10118,49
23,layer1.0.add,318944,False,679086,104521,67079,27503,1193
23,layer1.0.relu3,173560,False,374034,51424,21636,27282,8
23,layer1.1.conv1,811904,False,1711866,108326,9183,891,71
23,layer1.1.bn1,94630,False,207304,15984,6042,2484,32
23,layer1.1.relu1,31802,False,74647,10897,11919,985,6
23,layer1.1.conv2,2015428,False,4184523,13352,55656,2476,1043
23,layer1.1.bn2,76594,False,169464,16312,7223,957,76
23,layer1.1.relu2,32992,False,77546,11116,11469,1414,9
23,layer1.1.conv3,858562,False,1809962,7812,8526,5817,566
23,layer1.1.bn3,317578,False,677676,57401,26078,9759,69
23,layer1.1.add,318732,False,678868,108772,63347,25396,650
23,layer1.1.relu3,174027,False,375894,51553,21431,27227,204
23,layer1.2.conv1,812100,False,1713210,105643,8679,887,68
23,layer1.2.bn1,96447,False,211223,15875,5920,2426,22
23,layer1.2.relu1,31371,False,73981,11813,11901,978,22
23,layer1.2.conv2,1970741,False,4140383,13176,55275,2159,946
23,layer1.2.bn2,70671,False,156747,14821,9550,1027,33
23,layer1.2.relu2,31538,False,74443,10704,12210,679,10
23,layer1.2.conv3,852229,False,1796712,7681,8680,5580,501
23,layer1.2.bn3,319851,False,681450,57160,26567,9941,43
23,layer1.2.add,316872,False,675177,108423,62942,25945,1500
23,layer1.2.relu3,175052,False,377713,51430,21325,27521,67
23,layer2.0.conv1,1596640,False,3356606,215783,17366,975,112
23,layer2.0.bn1,173265,False,373135,29709,12502,5510,35
23,layer2.0.relu1,78513,False,173367,25496,13951,10848,8
23,layer2.0.conv2,2133000,False,4481173,62327,120567,6610,1877
23,layer2.0.bn2,43522,False,99699,7869,5312,399,30
23,layer2.0.relu2,18125,False,46106,5924,6701,94,10
23,layer2.0.conv3,851510,False,1794848,12470,6444,1764,1667
23,layer2.0.bn3,169879,False,366065,29280,13245,5174,34
23,layer2.0.downsample.0,2317468,False,4867445,162556,361839,12738,3054
23,layer2.0.downsample.1,175716,False,378819,31356,11378,4375,45
23,layer2.0.add,158931,False,343605,52523,34137,13582,381
23,layer2.0.relu3,80107,False,176687,24788,14691,10165,8
23,layer2.1.conv1,825300,False,1739411,32539,8714,784,125
23,layer2.1.bn1,48480,False,110056,7947,4947,873,28
23,layer2.1.relu1,18573,False,46961,5423,6459,293,7
23,layer2.1.conv2,1918682,False,4030822,12910,54177,1948,1810
23,layer2.1.bn2,44374,False,101276,7782,5568,348,35
23,layer2.1.relu2,18823,False,47656,5003,6601,114,9
23,layer2.1.conv3,850217,False,1791803,12480,6279,2002,1656
23,layer2.1.bn3,169838,False,366374,29625,12786,5121,36
23,layer2.1.add,161593,False,348694,54549,32493,12935,14
23,layer2.1.relu3,77892,False,172236,24619,15077,9794,4
23,layer2.2.conv1,820257,False,1728729,32311,8671,780,125
23,layer2.2.bn1,48438,False,110138,8615,3767,819,25
23,layer2.2.relu1,17715,False,45473,5986,6492,268,4
23,layer2.2.conv2,1911744,False,4016954,12867,53515,1941,1779
23,layer2.2.bn2,44843,False,102281,7799,5360,419,31
23,layer2.2.relu2,18103,False,46348,5867,6537,250,7
23,layer2.2.conv3,849138,False,1789679,12440,6062,1954,1688
23,layer2.2.bn3,170797,False,368193,29332,13713,5027,45
23,layer2.2.add,157707,False,340450,51879,34035,14047,13
23,layer2.2.relu3,78148,False,172433,25334,14631,10140,9
23,layer2.3.conv1,819229,False,1727605,31615,8430,781,116
23,layer2.3.bn1,48357,False,109835,7789,4831,815,28
23,layer2.3.relu1,17284,False,44421,5539,6638,170,6
23,layer2.3.conv2,1922367,False,4038929,12638,53306,2006,2038
23,layer2.3.bn2,42667,False,97620,7903,5701,386,30
23,layer2.3.relu2,18230,False,46205,5876,6535,205,5
23,layer2.3.conv3,850388,False,1792469,12305,5988,2259,1781
23,layer2.3.bn3,172560,False,372168,31058,11417,4174,40
23,layer2.3.add,162470,False,350672,51803,34204,13973,13
23,layer2.3.relu3,78955,False,174347,24768,14775,10102,8
23,layer3.0.conv1,1739233,False,3654877,23492,52198,10892,2703
23,layer3.0.bn1,88925,False,195176,15116,7930,2293,29
23,layer3.0.relu1,33054,False,77287,11281,11245,1636,5
23,layer3.0.conv2,2231137,False,4687581,41228,79340,9481,8282
23,layer3.0.bn2,33783,False,78974,4719,2814,344,38
23,layer3.0.relu2,11980,False,33444,3068,3590,78,9
23,layer3.0.conv3,970596,False,2044221,38318,26909,864,5102
23,layer3.0.bn3,91302,False,200178,15583,7660,1417,38
23,layer3.0.downsample.0,2223496,False,4670497,42656,323721,10524,6020
23,layer3.0.downsample.1,81438,False,180062,14992,8670,1015,32
23,layer3.0.add,65673,False,146378,25985,18933,5541,6
23,layer3.0.relu3,33962,False,79425,11248,10855,2005,7
23,layer3.1.conv1,1023336,False,2155197,37861,33587,2769,3121
23,layer3.1.bn1,35445,False,82520,4593,2777,415,35
23,layer3.1.relu1,12816,False,34886,2783,3572,88,8
23,layer3.1.conv2,2033313,False,4271796,28502,60050,9948,5517
23,layer3.1.bn2,33742,False,78930,4679,2879,327,42
23,layer3.1.relu2,12275,False,33766,2794,3603,83,8
23,layer3.1.conv3,970967,False,2044853,38617,26763,870,5327
23,layer3.1.bn3,91175,False,200010,15561,8154,1618,36
23,layer3.1.add,67162,False,149439,24313,18570,5907,10
23,layer3.1.relu3,32207,False,75500,11064,11717,1232,6
23,layer3.2.conv1,1008271,False,2123453,38411,33559,2672,3261
23,layer3.2.bn1,33624,False,78555,4710,2776,431,33
23,layer3.2.relu1,11392,False,32117,3133,3626,87,7
23,layer3.2.conv2,2030117,False,4272663,28629,60441,9673,5199
23,layer3.2.bn2,33950,False,79159,4628,2867,319,41
23,layer3.2.relu2,13146,False,35620,2712,3563,80,10
23,layer3.2.conv3,968971,False,2040821,38886,26785,977,5275
23,layer3.2.bn3,92167,False,201669,16413,6622,1247,38
23,layer3.2.add,65768,False,146986,24289,18664,5739,6
23,layer3.2.relu3,31383,False,73954,10426,11901,965,8
23,layer3.3.conv1,1008298,False,2122805,37671,33515,2668,3066
23,layer3.3.bn1,33516,False,78351,4584,2869,421,35
23,layer3.3.relu1,11170,False,31509,3191,3619,86,13
23,layer3.3.conv2,2027922,False,4261429,28372,59021,9262,5175
23,layer3.3.bn2,34783,False,81301,4607,2812,331,36
23,layer3.3.relu2,12467,False,34704,3104,3595,83,8
23,layer3.3.conv3,971330,False,2045750,38497,26906,810,5092
23,layer3.3.bn3,91892,False,201949,15597,8074,1597,28
23,layer3.3.add,71212,False,158116,25473,17884,6605,6
23,layer3.3.relu3,31757,False,74896,10656,11751,1167,6
23,layer3.4.conv1,1007183,False,2120679,38261,33992,2678,3023
23,layer3.4.bn1,33333,False,78263,4590,2802,438,32
23,layer3.4.relu1,10867,False,30666,2886,3629,90,5
23,layer3.4.conv2,2056205,False,4319637,28784,59732,8686,7272
23,layer3.4.bn2,33577,False,78502,4466,2844,324,35
23,layer3.4.relu2,11603,False,32600,2787,3618,84,5
23,layer3.4.conv3,971002,False,2045101,38020,26927,883,5011
23,layer3.4.bn3,90502,False,198720,15636,7548,1377,32
23,layer3.4.add,66930,False,149072,25870,18512,5837,7
23,layer3.4.relu3,32059,False,75083,10746,11450,1401,9
23,layer3.5.conv1,1006586,False,2119127,37686,33893,2800,2964
23,layer3.5.bn1,32181,False,75340,4589,2818,452,23
23,layer3.5.relu1,11646,False,32694,3106,3592,81,8
23,layer3.5.conv2,2030528,False,4265884,28383,59678,10065,5266
23,layer3.5.bn2,35940,False,83234,4647,2887,409,38
23,layer3.5.relu2,12333,False,34074,2821,3577,79,10
23,layer3.5.conv3,967560,False,2038196,39406,26543,921,5495
23,layer3.5.bn3,90621,False,198957,15713,8187,1630,34
23,layer3.5.add,67324,False,149794,24412,18743,5647,11
23,layer3.5.relu3,32713,False,76493,11906,11387,1477,8
23,layer4.0.conv1,1975077,False,4149247,71812,63557,4749,5734
23,layer4.0.bn1,50227,False,113517,8212,4746,625,34
23,layer4.0.relu1,17414,False,44715,5953,6591,205,6
23,layer4.0.conv2,3399667,False,7135898,132816,182816,51711,16638
23,layer4.0.bn2,34933,False,81369,3071,1651,431,34
23,layer4.0.relu2,9587,False,28135,1692,2029,76,5
23,layer4.0.conv3,1277591,False,2688496,132765,36725,2519,1974
23,layer4.0.bn3,61753,False,137765,9499,3840,517,35
23,layer4.0.downsample.0,2890390,False,6067666,70143,425711,22100,5949
23,layer4.0.downsample.1,59440,False,132668,8434,2976,355,29
23,layer4.0.add,31214,False,73827,11309,9371,3131,6
23,layer4.0.relu3,18090,False,45888,5251,6585,173,6
23,layer4.1.conv1,1233243,False,2595215,125216,40588,3079,861
23,layer4.1.bn1,30584,False,72259,3009,1377,492,35
23,layer4.1.relu1,8235,False,25473,1532,2068,82,5
23,layer4.1.conv2,3144204,False,6599824,110990,170871,54005,17142
23,layer4.1.bn2,32567,False,76304,2783,1556,310,32
23,layer4.1.relu2,8709,False,26275,1624,2068,82,8
23,layer4.1.conv3,1267953,False,2667921,130155,35558,2737,1720
23,layer4.1.bn3,62543,False,139172,9122,3750,557,35
23,layer4.1.add,32102,False,75322,13060,9132,2935,7
23,layer4.1.relu3,17237,False,44283,5279,6706,87,6
23,layer4.2.conv1,1238874,False,2607225,126473,40269,3084,927
23,layer4.2.bn1,30407,False,72209,2967,1339,464,31
23,layer4.2.relu1,8726,False,26253,1857,2040,83,8
23,layer4.2.conv2,3147264,False,6606617,110507,171549,53904,16128
23,layer4.2.bn2,31950,False,75288,2728,1528,325,30
23,layer4.2.relu2,8679,False,26244,1515,2100,85,7
23,layer4.2.conv3,1264442,False,2660265,131754,35501,2873,1630
23,layer4.2.bn3,60632,False,135326,9505,3949,509,33
23,layer4.2.add,31735,False,74797,11820,9211,2622,16
23,layer4.2.relu3,17399,False,44629,5769,6660,88,5
23,avgpool,84323,False,192924,5137,1251,75,194
23,flatten,9098,False,27022,273,318,12,30
23,fc,499812,False,1059215,98339,10203,467,10394
24,conv1,2172139,False,4564305,30051,20832,3699,694
24,bn1,340253,False,724633,56991,23412,13235,36
24,relu,176373,False,380396,51420,21474,27402,32
24,maxpool,10239859,False,21465257,3640,3118,893,67
24,layer1.0.conv1,273365,False,498432,4357,2652,482,52
24,layer1.0.bn1,90208,False,198151,15587,6541,1703,16
24,layer1.0.relu1,33661,False,78949,11700,11829,1021,20
24,layer1.0.conv2,1982532,False,4165462,13413,55273,2321,923
24,layer1.0.bn2,76695,False,170237,16114,7307,1005,43
24,layer1.0.relu2,33374,False,78291,11865,11311,1596,9
24,layer1.0.conv3,861291,False,1815277,7023,8450,6011,506
24,layer1.0.bn3,318008,False,677645,57265,25828,10110,43
24,layer1.0.downsample.0,867977,False,1830096,7444,5866,6839,2320
24,layer1.0.downsample.1,322492,False,686621,57977,25704,10611,37
24,layer1.0.add,313954,False,669172,104827,68232,27155,250
24,layer1.0.relu3,174128,False,375239,51555,21673,27253,9
24,layer1.1.conv1,810544,False,1710079,107396,9096,903,53
24,layer1.1.bn1,93753,False,205390,16361,5831,2498,17
24,layer1.1.relu1,31754,False,75052,10778,11856,978,5
24,layer1.1.conv2,1975730,False,4151445,13258,55019,2331,886
24,layer1.1.bn2,74927,False,166129,16332,7432,1031,42
24,layer1.1.relu2,32193,False,75638,10950,11488,1399,7
24,layer1.1.conv3,854300,False,1801316,7603,8512,6063,536
24,layer1.1.bn3,323293,False,688625,57153,25830,10171,31
24,layer1.1.add,314266,False,669816,107767,64319,25762,63
24,layer1.1.relu3,173363,False,373660,51585,21388,27513,2
24,layer1.2.conv1,807683,False,1703087,106142,8741,928,56
24,layer1.2.bn1,93119,False,204203,16163,5961,2393,14
24,layer1.2.relu1,31048,False,73369,11716,11907,1048,8
24,layer1.2.conv2,1966890,False,4132592,12619,53552,2289,832
24,layer1.2.bn2,69051,False,153332,15011,9497,1029,27
24,layer1.2.relu2,31387,False,74278,10377,12148,764,6
24,layer1.2.conv3,851442,False,1796072,7579,8592,5680,512
24,layer1.2.bn3,321885,False,685301,57795,26114,10216,28
24,layer1.2.add,313122,False,667423,109540,64171,25461,376
24,layer1.2.relu3,173957,False,374780,51501,21531,27310,88
24,layer2.0.conv1,1591564,False,3345850,215865,17369,1070,94
24,layer2.0.bn1,173736,False,374673,29509,12762,5791,22
24,layer2.0.relu1,77711,False,171685,25521,13895,10882,2
24,layer2.0.conv2,2116764,False,4446694,57283,119228,6328,1798
24,layer2.0.bn2,43885,False,100169,7887,5283,398,24
24,layer2.0.relu2,17600,False,44943,5175,6691,103,8
24,layer2.0.conv3,846747,False,1784929,12632,6372,1833,1721
24,layer2.0.bn3,172701,False,372161,29516,13105,5778,33
24,layer2.0.downsample.0,2307815,False,4847910,162951,361329,12995,2583
24,layer2.0.downsample.1,177227,False,382211,31419,11406,4411,30
24,layer2.0.add,159572,False,344876,52515,34513,13619,53
24,layer2.0.relu3,81196,False,178966,24912,14663,10149,4
24,layer2.1.conv1,823856,False,1736791,32110,8641,787,116
24,layer2.1.bn1,47898,False,108711,8076,4794,899,11
24,layer2.1.relu1,18275,False,46575,5886,6469,318,7
24,layer2.1.conv2,1919515,False,4033279,12595,53420,2028,1604
24,layer2.1.bn2,44384,False,101159,7684,5464,378,29
24,layer2.1.relu2,18460,False,53335,5876,6714,174,8
24,layer2.1.conv3,842120,False,1775207,12180,6171,1923,1565
24,layer2.1.bn3,173724,False,374301,29650,12771,5290,22
24,layer2.1.add,156451,False,338105,53840,32873,12697,10
24,layer2.1.relu3,78266,False,172870,24747,15056,9796,3
24,layer2.2.conv1,820387,False,1728736,32410,8782,826,112
24,layer2.2.bn1,48735,False,110639,8587,3904,837,15
24,layer2.2.relu1,17760,False,45617,5476,6562,231,5
24,layer2.2.conv2,1916558,False,4026757,13618,54415,2136,1711
24,layer2.2.bn2,43628,False,99609,7921,5346,423,31
24,layer2.2.relu2,17539,False,44903,5264,6602,219,7
24,layer2.2.conv3,848308,False,1788324,12231,6175,2080,1580
24,layer2.2.bn3,170885,False,368385,29184,14107,4978,35
24,layer2.2.add,157516,False,340663,52548,33917,14233,6
24,layer2.2.relu3,78359,False,173299,24748,15051,9742,4
24,layer2.3.conv1,817188,False,1722186,32106,8431,831,103
24,layer2.3.bn1,48675,False,110644,7632,4830,785,19
24,layer2.3.relu1,17520,False,44947,5866,6577,212,6
24,layer2.3.conv2,1918059,False,4030700,13318,53895,2061,1914
24,layer2.3.bn2,44323,False,101769,7753,5639,370,25
24,layer2.3.relu2,18369,False,47032,5905,6529,229,5
24,layer2.3.conv3,850106,False,1792033,12339,6049,2191,1642
24,layer2.3.bn3,177073,False,381493,31455,11288,4479,31
24,layer2.3.add,156902,False,339331,52649,33979,14134,8
24,layer2.3.relu3,77241,False,170728,25382,14375,10406,5
24,layer3.0.conv1,1721808,False,3618633,23557,52512,11566,2094
24,layer3.0.bn1,85926,False,189167,14938,7913,2150,22
24,layer3.0.relu1,32262,False,75973,10932,11389,1499,3
24,layer3.0.conv2,2215191,False,4653575,39258,78595,9888,6955
24,layer3.0.bn2,34079,False,79432,4527,2850,333,32
24,layer3.0.relu2,11773,False,33088,3146,3594,78,7
24,layer3.0.conv3,969212,False,2041471,38290,26397,880,5047
24,layer3.0.bn3,91896,False,201562,15387,7665,1423,30
24,layer3.0.downsample.0,2223490,False,4670811,42673,322970,10773,5764
24,layer3.0.downsample.1,82573,False,182062,14635,8667,984,26
24,layer3.0.add,66204,False,147897,24043,18792,5633,8
24,layer3.0.relu3,34204,False,80008,11315,10838,2026,8
24,layer3.1.conv1,1018180,False,2144432,37736,34351,3203,2230
24,layer3.1.bn1,34456,False,80379,4503,2824,440,28
24,layer3.1.relu1,11870,False,33071,2805,3656,92,4
24,layer3.1.conv2,2031364,False,4268147,28483,60693,9899,5386
24,layer3.1.bn2,33434,False,78421,4591,2839,323,42
24,layer3.1.relu2,11885,False,32957,2728,3653,82,6
24,layer3.1.conv3,966122,False,2035118,38514,26585,891,5188
24,layer3.1.bn3,89948,False,197633,15468,8115,1574,31
24,layer3.1.add,67079,False,149240,24567,18608,5874,6
24,layer3.1.relu3,31952,False,75397,11774,11497,1428,4
24,layer3.2.conv1,1007897,False,2122281,37603,34498,3174,2332
24,layer3.2.bn1,33960,False,79411,4638,2819,428,35
24,layer3.2.relu1,11493,False,32486,3143,3627,85,5
24,layer3.2.conv2,2026327,False,4257292,28051,60549,10208,5225
24,layer3.2.bn2,32881,False,77149,4563,2832,325,33
24,layer3.2.relu2,11257,False,31750,3236,3630,90,1
24,layer3.2.conv3,969467,False,2042172,38526,26907,944,5126
24,layer3.2.bn3,92056,False,201898,16647,6510,1268,39
24,layer3.2.add,66493,False,148311,24071,18546,5799,6
24,layer3.2.relu3,30997,False,73221,10616,12050,905,8
24,layer3.3.conv1,1007129,False,2120791,37373,34485,3059,2302
24,layer3.3.bn1,33745,False,78991,4538,2868,430,37
24,layer3.3.relu1,12048,False,33455,3110,3590,97,6
24,layer3.3.conv2,2027805,False,4260603,28577,61380,9841,5386
24,layer3.3.bn2,33704,False,78895,4453,2837,318,33
24,layer3.3.relu2,12692,False,34807,3088,3597,86,8
24,layer3.3.conv3,969394,False,2041938,38145,26570,888,5023
24,layer3.3.bn3,95011,False,208403,15386,8169,1784,25
24,layer3.3.add,67124,False,149571,24148,18297,6070,4
24,layer3.3.relu3,32140,False,75583,10883,11757,1102,5
24,layer3.4.conv1,1003510,False,2113102,37500,34282,3080,2302
24,layer3.4.bn1,33181,False,77752,4538,2801,466,31
24,layer3.4.relu1,11470,False,32137,2773,3611,96,6
24,layer3.4.conv2,2040137,False,4286205,28074,58788,9124,5948
24,layer3.4.bn2,33364,False,78128,4490,2812,316,33
24,layer3.4.relu2,11672,False,32531,3180,3633,82,1
24,layer3.4.conv3,971675,False,2046223,38164,26993,911,4930
24,layer3.4.bn3,91261,False,200252,15433,7812,1377,30
24,layer3.4.add,66960,False,149211,24395,18441,5879,5
24,layer3.4.relu3,31754,False,74769,11822,11456,1456,6
24,layer3.5.conv1,1005035,False,2116467,37508,34512,3394,1921
24,layer3.5.bn1,33105,False,77519,4643,2799,455,24
24,layer3.5.relu1,11081,False,31438,3104,3620,83,7
24,layer3.5.conv2,2029511,False,4263765,28556,59688,9891,5214
24,layer3.5.bn2,32728,False,76757,4562,2822,314,35
24,layer3.5.relu2,11968,False,33304,3127,3613,88,6
24,layer3.5.conv3,968205,False,2039300,39623,26657,907,5382
24,layer3.5.bn3,89969,False,198023,15352,8286,1594,33
24,layer3.5.add,67270,False,149685,24194,18610,5786,9
24,layer3.5.relu3,32565,False,76392,10718,11599,1276,7
24,layer4.0.conv1,1960151,False,4118194,72193,64693,5453,4484
24,layer4.0.bn1,52833,False,119234,8051,4761,581,34
24,layer4.0.relu1,18145,False,45908,5286,6551,237,6
24,layer4.0.conv2,3406059,False,7148768,131142,182214,52311,17539
24,layer4.0.bn2,31801,False,74835,3011,1614,320,26
24,layer4.0.relu2,8377,False,25864,1621,2103,83,5
24,layer4.0.conv3,1253304,False,2637365,124826,36481,3337,1128
24,layer4.0.bn3,59499,False,132969,9455,3836,502,32
24,layer4.0.downsample.0,2882099,False,6051496,68972,427060,21473,5775
24,layer4.0.downsample.1,59122,False,132452,8103,2881,376,18
24,layer4.0.add,32804,False,77023,11210,9329,3174,12
24,layer4.0.relu3,17610,False,45068,5360,6601,179,5
24,layer4.1.conv1,1223707,False,2575284,126164,40341,3369,515
24,layer4.1.bn1,31282,False,73780,2998,1415,492,33
24,layer4.1.relu1,8620,False,26500,1548,2111,89,10
24,layer4.1.conv2,3144228,False,6599721,110144,171929,53324,17383
24,layer4.1.bn2,32530,False,76297,2580,1456,317,28
24,layer4.1.relu2,8797,False,26676,1513,2052,83,8
24,layer4.1.conv3,1252668,False,2635760,124188,35139,3297,1138
24,layer4.1.bn3,60665,False,135523,9284,3840,524,29
24,layer4.1.add,32197,False,75848,11706,9125,2762,8
24,layer4.1.relu3,17544,False,44995,5170,6621,89,4
24,layer4.2.conv1,1225780,False,2579715,122627,40033,3364,662
24,layer4.2.bn1,29260,False,69480,3013,1405,485,28
24,layer4.2.relu1,8281,False,25457,1843,2081,87,6
24,layer4.2.conv2,3140480,False,6592176,111450,172572,55090,16327
24,layer4.2.bn2,32498,False,76112,2770,1494,316,28
24,layer4.2.relu2,9190,False,27566,1489,2045,82,6
24,layer4.2.conv3,1248863,False,2628710,127094,34919,3319,1076
24,layer4.2.bn3,60322,False,134704,9304,3821,532,32
24,layer4.2.add,30996,False,73386,11937,9197,2720,14
24,layer4.2.relu3,17197,False,44480,5858,6676,93,5
24,avgpool,84102,False,185182,5032,1185,202,180
24,flatten,8494,False,25888,252,332,13,27
24,fc,497906,False,1054800,98484,10125,492,10542
25,conv1,2171163,False,4562234,29108,20731,3656,803
25,bn1,338599,False,720705,57248,23437,13310,39
25,relu,175894,False,379252,51639,20904,27090,890
25,maxpool,10239783,False,21464899,3567,3276,895,63
25,layer1.0.conv1,270803,False,498884,4501,2620,535,48
25,layer1.0.bn1,88062,False,193717,15665,6768,1760,12
25,layer1.0.relu1,32682,False,76773,10740,12016,863,35
25,layer1.0.conv2,1982759,False,4166168,13178,54814,2280,865
25,layer1.0.bn2,75247,False,166680,16093,7484,1037,48
25,layer1.0.relu2,33783,False,79031,10980,11456,1415,8
25,layer1.0.conv3,861806,False,1816584,7578,8594,5887,474
25,layer1.0.bn3,317263,False,676310,57473,25452,10546,81
25,layer1.0.downsample.0,867704,False,1829643,7415,5880,6867,2177
25,layer1.0.downsample.1,323264,False,688348,57260,26415,10470,41
25,layer1.0.add,314350,False,669953,104572,67995,27431,234
25,layer1.0.relu3,174009,False,375137,51480,21677,27234,6
25,layer1.1.conv1,807856,False,1703606,107732,9085,924,52
25,layer1.1.bn1,93774,False,205894,16126,5819,2439,17
25,layer1.1.relu1,30699,False,72408,10987,12026,936,4
25,layer1.1.conv2,1969823,False,4138605,12716,54512,2314,836
25,layer1.1.bn2,75322,False,167201,16222,7376,1041,39
25,layer1.1.relu2,33009,False,77821,11951,11385,1520,6
25,layer1.1.conv3,856559,False,1805953,7847,8663,5879,518
25,layer1.1.bn3,323832,False,689840,57429,25558,10585,44
25,layer1.1.add,313498,False,668291,107889,64542,25559,124
25,layer1.1.relu3,173095,False,373291,51670,21568,27170,113
25,layer1.2.conv1,810406,False,1708980,106452,8759,892,50
25,layer1.2.bn1,93720,False,205250,16078,6083,2397,14
25,layer1.2.relu1,30499,False,72157,10677,11998,939,10
25,layer1.2.conv2,1965415,False,4129269,12946,53856,2390,810
25,layer1.2.bn2,70497,False,156615,14856,9459,1022,56
25,layer1.2.relu2,31786,False,74937,10453,12196,719,7
25,layer1.2.conv3,851541,False,1795099,7455,8689,5869,506
25,layer1.2.bn3,323199,False,688041,57322,26197,10006,27
25,layer1.2.add,313665,False,668560,108079,64238,25374,416
25,layer1.2.relu3,173007,False,372657,51589,21147,27789,58
25,layer2.0.conv1,1593377,False,3349859,215715,17489,1070,97
25,layer2.0.bn1,173308,False,373505,29475,12768,5762,51
25,layer2.0.relu1,78530,False,173344,24802,14693,10125,2
25,layer2.0.conv2,2117602,False,4450150,61132,121681,6426,1750
25,layer2.0.bn2,43319,False,98895,7986,5345,411,18
25,layer2.0.relu2,17385,False,44587,5197,6709,93,5
25,layer2.0.conv3,848349,False,1788124,12565,6262,1894,1689
25,layer2.0.bn3,169759,False,365838,29029,13285,5376,26
25,layer2.0.downsample.0,2305836,False,4844168,161546,361041,12727,2572
25,layer2.0.downsample.1,179826,False,388268,31229,11448,4207,30
25,layer2.0.add,158850,False,343568,51805,34220,13922,25
25,layer2.0.relu3,80163,False,176968,24661,14796,10012,4
25,layer2.1.conv1,825386,False,1739876,32142,8752,787,102
25,layer2.1.bn1,50200,False,114093,7824,4829,849,9
25,layer2.1.relu1,18423,False,46656,5438,6486,291,8
25,layer2.1.conv2,1922357,False,4038857,13302,54146,2120,1752
25,layer2.1.bn2,44468,False,101683,7643,5627,362,26
25,layer2.1.relu2,17655,False,45314,5109,6667,135,7
25,layer2.1.conv3,845213,False,1781470,12504,6179,2048,1620
25,layer2.1.bn3,174599,False,376390,29508,12525,5436,24
25,layer2.1.add,155991,False,337045,53947,32410,13214,7
25,layer2.1.relu3,77530,False,171607,25341,14427,10331,1
25,layer2.2.conv1,816881,False,1721563,32793,8620,855,99
25,layer2.2.bn1,47834,False,108458,8645,3778,899,9
25,layer2.2.relu1,18031,False,46078,5327,6526,231,6
25,layer2.2.conv2,1909706,False,4012063,13189,54128,2086,1631
25,layer2.2.bn2,42778,False,97992,7862,5368,448,22
25,layer2.2.relu2,18684,False,47524,5284,6533,231,5
25,layer2.2.conv3,848022,False,1787741,12371,6191,2131,1570
25,layer2.2.bn3,170242,False,367207,29473,13920,4902,33
25,layer2.2.add,157338,False,340012,52771,33730,14558,3
25,layer2.2.relu3,78067,False,172260,24681,14968,9872,3
25,layer2.3.conv1,823480,False,1735429,31771,8426,934,161
25,layer2.3.bn1,47282,False,107807,7793,4887,829,13
25,layer2.3.relu1,17620,False,45005,5366,6626,168,4
25,layer2.3.conv2,1913982,False,4021698,12819,53383,1989,1788
25,layer2.3.bn2,43622,False,99981,7758,5591,371,23
25,layer2.3.relu2,18001,False,45806,5258,6574,191,4
25,layer2.3.conv3,849140,False,1789820,12242,5993,2227,1704
25,layer2.3.bn3,172915,False,372606,31144,11254,4267,28
25,layer2.3.add,156390,False,345654,51969,34282,13821,6
25,layer2.3.relu3,78110,False,172654,24686,15121,9777,3
25,layer3.0.conv1,1738202,False,3652565,22316,51651,11784,1740
25,layer3.0.bn1,85853,False,188928,14767,7961,2055,22
25,layer3.0.relu1,32301,False,76053,11077,11299,1606,4
25,layer3.0.conv2,2181697,False,4583857,37987,75992,11941,5486
25,layer3.0.bn2,34526,False,80297,4560,2805,370,30
25,layer3.0.relu2,12402,False,34128,2775,3607,76,8
25,layer3.0.conv3,966428,False,2035691,39034,26644,953,5205
25,layer3.0.bn3,93311,False,204770,15570,7602,1441,35
25,layer3.0.downsample.0,2216204,False,4655820,42956,324384,10502,5778
25,layer3.0.downsample.1,84790,False,187018,14932,8778,1052,24
25,layer3.0.add,65405,False,146239,26090,18542,5882,4
25,layer3.0.relu3,34489,False,80442,11003,10884,1975,8
25,layer3.1.conv1,1019678,False,2146565,36917,34428,3256,1906
25,layer3.1.bn1,35270,False,81908,4584,2838,420,31
25,layer3.1.relu1,11018,False,31278,3148,3610,92,5
25,layer3.1.conv2,2026873,False,4258398,28179,59730,10032,5194
25,layer3.1.bn2,33701,False,78560,4592,2905,334,38
25,layer3.1.relu2,11535,False,32376,2630,3625,77,5
25,layer3.1.conv3,967207,False,2037198,38474,26602,930,5090
25,layer3.1.bn3,90299,False,198816,15425,8056,1572,25
25,layer3.1.add,66930,False,148833,24190,18594,5786,6
25,layer3.1.relu3,31076,False,73157,11823,11610,1295,3
25,layer3.2.conv1,1005610,False,2117373,37185,34757,3206,1843
25,layer3.2.bn1,33598,False,78365,4540,2814,433,31
25,layer3.2.relu1,11831,False,32780,3180,3580,81,9
25,layer3.2.conv2,2031031,False,4267020,28155,60054,9561,5150
25,layer3.2.bn2,33412,False,78513,4514,2847,326,31
25,layer3.2.relu2,11383,False,32239,2826,3590,87,4
25,layer3.2.conv3,1002364,False,2057746,38175,26774,965,5068
25,layer3.2.bn3,92373,False,202361,16516,6498,1225,34
25,layer3.2.add,66034,False,147462,24025,18406,6016,7
25,layer3.2.relu3,31094,False,73203,10446,12068,888,8
25,layer3.3.conv1,1006736,False,2119940,36784,34786,3225,1832
25,layer3.3.bn1,34298,False,80308,4505,2796,453,33
25,layer3.3.relu1,11703,False,32982,2734,3594,93,7
25,layer3.3.conv2,2030592,False,4266285,28201,59973,9839,5413
25,layer3.3.bn2,33623,False,78717,4483,2892,334,32
25,layer3.3.relu2,11514,False,32136,3162,3618,85,5
25,layer3.3.conv3,973012,False,2049324,38354,26616,884,5116
25,layer3.3.bn3,94484,False,207345,15433,8114,1778,26
25,layer3.3.add,67701,False,150698,24591,18523,5940,8
25,layer3.3.relu3,30897,False,72858,10879,11778,1144,6
25,layer3.4.conv1,1005702,False,2117399,37678,34657,3194,1925
25,layer3.4.bn1,33223,False,78121,4557,2818,449,25
25,layer3.4.relu1,11123,False,31457,2702,3587,99,5
25,layer3.4.conv2,2044731,False,4295779,28274,59604,9006,6148
25,layer3.4.bn2,33908,False,79525,4442,2831,329,29
25,layer3.4.relu2,11680,False,32638,2760,3618,84,2
25,layer3.4.conv3,970172,False,2043020,38044,27014,936,4803
25,layer3.4.bn3,90459,False,198875,15424,7716,1316,24
25,layer3.4.add,67674,False,150686,25887,18449,5863,3
25,layer3.4.relu3,32134,False,75387,11869,11417,1459,6
25,layer3.5.conv1,1004605,False,2115094,38150,35070,3445,1768
25,layer3.5.bn1,33093,False,77448,4481,2786,457,21
25,layer3.5.relu1,11808,False,32718,2805,3613,84,6
25,layer3.5.conv2,2056831,False,4321657,28812,59432,9952,5229
25,layer3.5.bn2,33515,False,78343,4535,2875,324,35
25,layer3.5.relu2,11576,False,32205,2758,3632,83,5
25,layer3.5.conv3,968761,False,2040436,39206,26649,942,5288
25,layer3.5.bn3,89329,False,196516,15572,8110,1631,30
25,layer3.5.add,67401,False,150183,24456,18670,5721,7
25,layer3.5.relu3,31806,False,74704,10698,11570,1331,6
25,layer4.0.conv1,1971931,False,4142700,71333,65766,5499,3671
25,layer4.0.bn1,52486,False,118260,7964,4687,625,31
25,layer4.0.relu1,16946,False,43434,6001,6581,213,6
25,layer4.0.conv2,3393291,False,7121457,131606,181411,53254,17104
25,layer4.0.bn2,30882,False,72839,2943,1623,313,27
25,layer4.0.relu2,9246,False,27488,1772,2060,80,5
25,layer4.0.conv3,1244739,False,2619274,123817,36166,3572,914
25,layer4.0.bn3,60653,False,135537,9439,3853,478,27
25,layer4.0.downsample.0,2885450,False,6057963,69089,427747,21916,5642
25,layer4.0.downsample.1,59055,False,131960,8122,2888,377,15
25,layer4.0.add,32666,False,76784,11238,9355,3177,7
25,layer4.0.relu3,17754,False,45453,5375,6591,192,5
25,layer4.1.conv1,1220115,False,2567699,123964,39950,3576,391
25,layer4.1.bn1,31163,False,73655,2998,1360,505,33
25,layer4.1.relu1,9396,False,34559,1604,2084,197,8
25,layer4.1.conv2,3143408,False,6598237,110299,171907,54896,16397
25,layer4.1.bn2,32212,False,75627,2620,1525,315,25
25,layer4.1.relu2,9110,False,27200,1452,2039,84,6
25,layer4.1.conv3,1238800,False,2606825,122219,34809,3552,931
25,layer4.1.bn3,62141,False,138636,9304,3837,549,33
25,layer4.1.add,31973,False,75006,13090,9367,2761,8
25,layer4.1.relu3,16997,False,43760,5867,6705,94,4
25,layer4.2.conv1,1225213,False,2578203,122753,39747,3434,568
25,layer4.2.bn1,30222,False,71552,2932,1369,504,23
25,layer4.2.relu1,8640,False,26363,1532,2046,88,5
25,layer4.2.conv2,3137883,False,6586257,110423,172697,55209,16478
25,layer4.2.bn2,32955,False,77134,2549,1427,330,25
25,layer4.2.relu2,8819,False,26583,1495,2085,83,6
25,layer4.2.conv3,1241468,False,2612717,121764,34807,3593,856
25,layer4.2.bn3,60366,False,134495,9212,3824,528,35
25,layer4.2.add,31122,False,73728,11263,9307,2906,11
25,layer4.2.relu3,17088,False,43656,5280,6727,90,5
25,avgpool,85128,False,186587,5026,1209,186,180
25,flatten,8407,False,25821,269,325,14,29
25,fc,498010,False,1055008,98384,10433,517,10313
26,conv1,2171574,False,4562489,30152,20643,3620,771
26,bn1,339236,False,722229,56912,24175,13422,57
26,relu,174796,False,376843,51383,21201,27562,195
26,maxpool,10102715,False,21180552,3306,2964,817,60
26,layer1.0.conv1,253137,False,490596,4440,2746,452,49
26,layer1.0.bn1,91982,False,201717,15701,6541,1917,9
26,layer1.0.relu1,32436,False,76396,10661,11895,943,36
26,layer1.0.conv2,1982784,False,4166721,13194,55334,2295,873
26,layer1.0.bn2,74257,False,164717,16013,7389,998,34
26,layer1.0.relu2,33932,False,79784,11072,11330,1510,8
26,layer1.0.conv3,859488,False,1811935,7587,8558,5874,485
26,layer1.0.bn3,316229,False,673850,57520,25747,10365,31
26,layer1.0.downsample.0,864596,False,1822661,7816,5983,7190,1790
26,layer1.0.downsample.1,319865,False,681316,56865,26464,10112,35
26,layer1.0.add,317897,False,677370,103991,67308,28264,283
26,layer1.0.relu3,173403,False,374517,51502,21490,27371,6
26,layer1.1.conv1,810182,False,1708475,107687,9176,959,47
26,layer1.1.bn1,93718,False,205066,16317,5800,2491,11
26,layer1.1.relu1,31692,False,74633,10512,11934,932,5
26,layer1.1.conv2,1966203,False,4130769,13254,55155,2466,812
26,layer1.1.bn2,74551,False,164980,16267,7189,1104,41
26,layer1.1.relu2,33333,False,77880,11115,11458,1445,6
26,layer1.1.conv3,853583,False,1799500,7243,8539,5850,526
26,layer1.1.bn3,319739,False,681287,57210,26072,10084,30
26,layer1.1.add,316776,False,675149,107917,63269,26952,135
26,layer1.1.relu3,173120,False,373087,51601,21361,27579,4
26,layer1.2.conv1,810232,False,1708187,105615,8764,949,48
26,layer1.2.bn1,93185,False,204058,16254,5842,2458,9
26,layer1.2.relu1,31181,False,73463,11784,11841,1038,11
26,layer1.2.conv2,1965807,False,4130129,12987,55034,2270,802
26,layer1.2.bn2,69743,False,154631,14981,9296,1005,51
26,layer1.2.relu2,30867,False,73058,10457,12178,751,5
26,layer1.2.conv3,851615,False,1795206,7735,8771,5713,450
26,layer1.2.bn3,320165,False,682443,57277,25875,9828,20
26,layer1.2.add,316015,False,673609,107996,63616,25930,638
26,layer1.2.relu3,172642,False,372003,51598,21480,27209,247
26,layer2.0.conv1,1593329,False,3349464,216336,17573,1090,97
26,layer2.0.bn1,171866,False,371107,29611,12494,5694,38
26,layer2.0.relu1,78572,False,173894,25457,14260,10436,2
26,layer2.0.conv2,2122658,False,4459839,64463,125360,6722,1686
26,layer2.0.bn2,43454,False,99435,7958,5215,417,16
26,layer2.0.relu2,17992,False,45859,5178,6723,91,5
26,layer2.0.conv3,849360,False,1790437,12756,6310,1838,1727
26,layer2.0.bn3,167791,False,361792,29197,13423,5372,25
26,layer2.0.downsample.0,2304275,False,4839872,162773,359760,13367,2496
26,layer2.0.downsample.1,178022,False,383793,31552,11217,4322,28
26,layer2.0.add,159345,False,344403,52004,33928,14069,5
26,layer2.0.relu3,80100,False,176601,24794,14541,10286,4
26,layer2.1.conv1,831841,False,1753264,32542,8634,835,105
26,layer2.1.bn1,48647,False,110469,8021,4725,945,11
26,layer2.1.relu1,18050,False,45796,5463,6472,309,7
26,layer2.1.conv2,1912965,False,4020377,13172,54835,2104,1543
26,layer2.1.bn2,45352,False,103331,7779,5474,364,31
26,layer2.1.relu2,18012,False,45830,5234,6665,121,6
26,layer2.1.conv3,848856,False,1789231,12208,6249,2164,1509
26,layer2.1.bn3,171783,False,370546,29295,12740,5336,24
26,layer2.1.add,165942,False,358150,55175,31787,13955,98
26,layer2.1.relu3,78313,False,172762,24686,14865,9957,3
26,layer2.2.conv1,816263,False,1720704,32064,8610,876,84
26,layer2.2.bn1,47385,False,107806,8641,3840,876,8
26,layer2.2.relu1,17942,False,45900,5935,6504,259,4
26,layer2.2.conv2,1918657,False,4031678,12690,52907,2196,1620
26,layer2.2.bn2,43693,False,100223,7885,5347,391,26
26,layer2.2.relu2,18982,False,48072,5137,6543,209,8
26,layer2.2.conv3,846239,False,1783761,12169,6172,2093,1583
26,layer2.2.bn3,169378,False,365274,29577,13756,4884,26
26,layer2.2.add,156896,False,338976,51735,34153,13812,4
26,layer2.2.relu3,77528,False,171347,24608,15042,9844,3
26,layer2.3.conv1,818750,False,1725840,31461,8296,796,99
26,layer2.3.bn1,47248,False,107651,7808,4849,820,7
26,layer2.3.relu1,17728,False,45436,5228,6598,171,6
26,layer2.3.conv2,1912622,False,4018398,12979,53100,2245,1740
26,layer2.3.bn2,43651,False,99952,7846,5583,398,21
26,layer2.3.relu2,18041,False,46060,5992,6558,194,4
26,layer2.3.conv3,848244,False,1787904,12375,6040,2247,1647
26,layer2.3.bn3,171959,False,370627,31259,11226,4302,27
26,layer2.3.add,157250,False,339848,51696,34352,13767,5
26,layer2.3.relu3,77734,False,179780,24870,14918,10106,3
26,layer3.0.conv1,1747508,False,3672603,22266,51796,11903,1692
26,layer3.0.bn1,83833,False,184769,14741,8028,2174,20
26,layer3.0.relu1,32338,False,75823,11810,11179,1758,3
26,layer3.0.conv2,2175371,False,4570047,39769,75377,12114,5296
26,layer3.0.bn2,33485,False,78233,4508,2860,338,27
26,layer3.0.relu2,12158,False,33777,2789,3596,80,8
26,layer3.0.conv3,966747,False,2036362,38523,26738,958,5137
26,layer3.0.bn3,92149,False,202326,15328,7619,1413,32
26,layer3.0.downsample.0,2210844,False,4644563,42855,324093,10517,5713
26,layer3.0.downsample.1,81568,False,180016,14812,8579,959,27
26,layer3.0.add,65340,False,146105,25947,18854,5625,4
26,layer3.0.relu3,34466,False,80542,11127,10739,2112,8
26,layer3.1.conv1,1026290,False,2161347,37020,34665,3166,1850
26,layer3.1.bn1,34077,False,79547,4514,2840,436,31
26,layer3.1.relu1,11265,False,31725,2749,3602,91,6
26,layer3.1.conv2,2025492,False,4255994,28414,59086,9735,5160
26,layer3.1.bn2,32620,False,76767,4694,2898,334,39
26,layer3.1.relu2,11693,False,32818,2696,3628,84,6
26,layer3.1.conv3,966332,False,2035393,38791,26727,933,5104
26,layer3.1.bn3,89740,False,197280,15310,8199,1544,24
26,layer3.1.add,66916,False,149045,24290,18641,5788,5
26,layer3.1.relu3,32255,False,75773,10795,11534,1319,4
26,layer3.2.conv1,1012244,False,2131656,37103,34982,3421,1694
26,layer3.2.bn1,33182,False,77751,4468,2799,449,25
26,layer3.2.relu1,11323,False,31961,2687,3583,81,5
26,layer3.2.conv2,2027057,False,4259208,28341,59917,10145,5210
26,layer3.2.bn2,33071,False,77343,4688,2859,326,29
26,layer3.2.relu2,11999,False,40179,2920,3666,88,3
26,layer3.2.conv3,967762,False,2039078,38283,26618,1028,4923
26,layer3.2.bn3,93240,False,204067,16391,6416,1243,32
26,layer3.2.add,65857,False,147212,23916,18649,5777,5
26,layer3.2.relu3,31568,False,74809,10630,11984,961,7
26,layer3.3.conv1,1005202,False,2116756,36653,35040,3211,1693
26,layer3.3.bn1,33001,False,77336,4596,2858,419,32
26,layer3.3.relu1,11243,False,31949,2720,3592,92,4
26,layer3.3.conv2,2021953,False,4247912,28482,59283,10072,5228
26,layer3.3.bn2,33947,False,79175,4579,2829,335,28
26,layer3.3.relu2,12255,False,33814,3243,3643,85,3
26,layer3.3.conv3,968698,False,2040696,38442,26614,945,5088
26,layer3.3.bn3,91277,False,200662,15375,7931,1685,26
26,layer3.3.add,67064,False,149878,26169,18315,6033,5
26,layer3.3.relu3,31041,False,73395,10968,11821,1111,5
26,layer3.4.conv1,1003525,False,2113494,37594,34537,3239,1806
26,layer3.4.bn1,32144,False,82290,4707,2866,548,27
26,layer3.4.relu1,11826,False,32924,3138,3591,98,5
26,layer3.4.conv2,2045760,False,4298068,28799,58513,9116,6457
26,layer3.4.bn2,33143,False,77579,4483,2871,329,34
26,layer3.4.relu2,12101,False,33436,2677,3599,89,3
26,layer3.4.conv3,968671,False,2040217,37881,26833,1002,4842
26,layer3.4.bn3,91204,False,199831,15305,7713,1372,20
26,layer3.4.add,66605,False,148613,25887,18470,6041,4
26,layer3.4.relu3,31370,False,73780,11881,11437,1501,5
26,layer3.5.conv1,1021527,False,2151033,37591,34230,3611,1663
26,layer3.5.bn1,33723,False,78733,4529,2761,464,21
26,layer3.5.relu1,11636,False,32580,3059,3571,83,6
26,layer3.5.conv2,2028550,False,4261853,28546,59740,9997,5542
26,layer3.5.bn2,33792,False,79187,4600,2888,329,36
26,layer3.5.relu2,12280,False,33800,3134,3604,85,7
26,layer3.5.conv3,966576,False,2036034,38693,26513,946,5126
26,layer3.5.bn3,95462,False,209270,15771,8043,1858,32
26,layer3.5.add,66547,False,148253,24374,18834,5593,7
26,layer3.5.relu3,32158,False,75588,11925,11395,1487,8
26,layer4.0.conv1,1971338,False,4141618,71368,65554,5715,3582
26,layer4.0.bn1,50819,False,114746,8155,4752,627,31
26,layer4.0.relu1,17077,False,43888,5867,6614,204,2
26,layer4.0.conv2,3398577,False,7132946,129090,183578,52727,16507
26,layer4.0.bn2,31118,False,73290,3013,1604,330,25
26,layer4.0.relu2,8957,False,26769,1525,2075,82,6
26,layer4.0.conv3,1252049,False,2634317,124268,36337,3643,891
26,layer4.0.bn3,60506,False,134998,9751,3977,518,30
26,layer4.0.downsample.0,2915372,False,6069920,69374,426902,21791,5432
26,layer4.0.downsample.1,58771,False,131259,8114,2896,368,15
26,layer4.0.add,32777,False,77093,11343,9391,3148,6
26,layer4.0.relu3,18513,False,46996,5241,6559,183,5
26,layer4.1.conv1,1221823,False,2571637,124556,39813,3607,353
26,layer4.1.bn1,30839,False,72831,3053,1384,494,27
26,layer4.1.relu1,9290,False,27452,1647,2044,82,9
26,layer4.1.conv2,3142190,False,6595885,110302,171679,53642,16810
26,layer4.1.bn2,32256,False,75505,2584,1507,311,22
26,layer4.1.relu2,9460,False,28083,1525,2044,83,6
26,layer4.1.conv3,1247478,False,2625318,121997,34617,3536,949
26,layer4.1.bn3,61539,False,137391,9150,3641,549,30
26,layer4.1.add,31801,False,74805,11711,9209,2613,6
26,layer4.1.relu3,17207,False,43951,5237,6717,94,6
26,layer4.2.conv1,1215531,False,2558671,122118,40115,3380,538
26,layer4.2.bn1,29683,False,70192,3052,1405,505,26
26,layer4.2.relu1,7548,False,23904,1583,2098,90,4
26,layer4.2.conv2,3142738,False,6597527,110516,172375,53313,15868
26,layer4.2.bn2,32725,False,76453,2454,1469,309,26
26,layer4.2.relu2,8444,False,25741,1593,2095,83,9
26,layer4.2.conv3,1241431,False,2612613,122326,34600,3466,954
26,layer4.2.bn3,60091,False,134037,9226,3875,524,33
26,layer4.2.add,31440,False,74169,13107,9443,2813,10
26,layer4.2.relu3,16601,False,42800,5125,6727,77,6
26,avgpool,79894,False,176232,4697,1164,90,183
26,flatten,8210,False,25290,264,301,15,24
26,fc,502717,False,1065528,98434,10518,585,10082
27,conv1,2168964,False,4557059,28755,20422,3746,794
27,bn1,341442,False,726982,56511,23253,13521,79
27,relu,173987,False,374953,51797,20106,28525,90
27,maxpool,10217361,False,21418280,3758,3392,916,54
27,layer1.0.conv1,260100,False,488209,4136,2524,443,44
27,layer1.0.bn1,87180,False,192328,15782,6909,1628,10
27,layer1.0.relu1,36829,False,85388,11945,11557,1409,33
27,layer1.0.conv2,1983008,False,4166608,12777,54425,2344,858
27,layer1.0.bn2,77002,False,170555,16219,7272,1092,41
27,layer1.0.relu2,33401,False,78355,11085,11415,1446,8
27,layer1.0.conv3,860914,False,1814853,7345,8709,5999,428
27,layer1.0.bn3,317909,False,677498,57172,25699,10058,101
27,layer1.0.downsample.0,864062,False,1821462,7506,5804,7601,1526
27,layer1.0.downsample.1,319491,False,680724,57191,25665,10461,32
27,layer1.0.add,318160,False,678299,104531,66885,28637,203
27,layer1.0.relu3,173619,False,374407,51485,21382,27574,7
27,layer1.1.conv1,810750,False,1709673,107100,8977,909,41
27,layer1.1.bn1,93866,False,205456,15923,5805,2452,9
27,layer1.1.relu1,30935,False,73103,10833,11934,957,16
27,layer1.1.conv2,1976401,False,4152752,13605,55669,2528,747
27,layer1.1.bn2,74428,False,165181,16309,7331,1036,30
27,layer1.1.relu2,33076,False,77342,11081,11499,1398,7
27,layer1.1.conv3,856013,False,1804391,7593,8590,5892,538
27,layer1.1.bn3,318065,False,677469,57193,25823,10083,39
27,layer1.1.add,316334,False,673834,109781,63128,26275,105
27,layer1.1.relu3,174045,False,374814,51448,21228,27815,2
27,layer1.2.conv1,808495,False,1704964,106488,8737,887,50
27,layer1.2.bn1,93346,False,204562,15980,5846,2503,9
27,layer1.2.relu1,31095,False,73195,10792,11996,951,11
27,layer1.2.conv2,1963597,False,4125600,12805,54194,2347,711
27,layer1.2.bn2,69697,False,155006,14752,9462,1046,23
27,layer1.2.relu2,31171,False,73180,10418,12186,747,6
27,layer1.2.conv3,851487,False,1795347,7596,8660,5745,445
27,layer1.2.bn3,317175,False,675839,57668,26037,9904,19
27,layer1.2.add,316765,False,674697,109639,63118,26725,455
27,layer1.2.relu3,173835,False,375077,51479,21414,27443,71
27,layer2.0.conv1,1592611,False,3348296,215480,17435,1091,97
27,layer2.0.bn1,171634,False,369919,29677,12733,6064,21
27,layer2.0.relu1,78576,False,173373,24694,14720,10159,3
27,layer2.0.conv2,2121005,False,4455747,65012,123070,6846,1768
27,layer2.0.bn2,44421,False,101520,7976,5254,412,13
27,layer2.0.relu2,18557,False,47099,5153,6633,106,3
27,layer2.0.conv3,848248,False,1788324,12497,6346,1899,1692
27,layer2.0.bn3,168514,False,363905,29427,13222,5351,26
27,layer2.0.downsample.0,2310594,False,4853265,161574,359979,13284,2368
27,layer2.0.downsample.1,177903,False,383531,31324,11309,4339,27
27,layer2.0.add,159051,False,344017,51885,34041,14261,5
27,layer2.0.relu3,80296,False,177376,24899,14721,10080,3
27,layer2.1.conv1,825366,False,1740045,31762,8663,751,97
27,layer2.1.bn1,48783,False,110399,7953,4846,890,11
27,layer2.1.relu1,18597,False,47258,5369,6461,300,6
27,layer2.1.conv2,1917758,False,4029293,13452,55509,2230,1525
27,layer2.1.bn2,44566,False,101837,7701,5499,364,28
27,layer2.1.relu2,17656,False,45022,5278,6690,130,6
27,layer2.1.conv3,849252,False,1790963,12175,6221,2176,1471
27,layer2.1.bn3,170543,False,367603,29426,13003,5066,18
27,layer2.1.add,157098,False,339319,53977,32386,13289,6
27,layer2.1.relu3,78641,False,181684,24755,14914,10037,3
27,layer2.2.conv1,811901,False,1711044,31678,8636,718,84
27,layer2.2.bn1,52229,False,117942,8490,3811,950,8
27,layer2.2.relu1,17364,False,44510,6072,6538,259,4
27,layer2.2.conv2,1911201,False,4015259,12950,52898,2219,1541
27,layer2.2.bn2,44089,False,100775,7987,5146,424,25
27,layer2.2.relu2,18160,False,46314,5862,6548,201,6
27,layer2.2.conv3,845780,False,1782572,12352,6189,2125,1529
27,layer2.2.bn3,169167,False,364742,29222,14030,4876,21
27,layer2.2.add,157252,False,339865,52618,34013,14111,2
27,layer2.2.relu3,77801,False,171557,25322,14067,10702,3
27,layer2.3.conv1,814833,False,1717280,31612,8423,819,100
27,layer2.3.bn1,46084,False,104890,7830,4864,795,9
27,layer2.3.relu1,17062,False,43754,5574,6626,186,6
27,layer2.3.conv2,1915195,False,4024118,13567,54583,2190,1743
27,layer2.3.bn2,43453,False,99269,7739,5572,388,20
27,layer2.3.relu2,18221,False,46308,5317,6569,190,3
27,layer2.3.conv3,848631,False,1788539,12270,6127,2264,1624
27,layer2.3.bn3,171586,False,369942,31296,11233,4324,28
27,layer2.3.add,157321,False,339864,51674,34413,13681,4
27,layer2.3.relu3,78499,False,173575,24579,14902,9862,3
27,layer3.0.conv1,1750534,False,3678152,22267,52183,11780,1601
27,layer3.0.bn1,83787,False,184420,15083,8078,2174,19
27,layer3.0.relu1,32482,False,76289,11190,11297,1555,3
27,layer3.0.conv2,2183167,False,4593228,39378,74306,12257,5272
27,layer3.0.bn2,33397,False,78002,4595,2826,332,24
27,layer3.0.relu2,11801,False,32589,2776,3633,81,6
27,layer3.0.conv3,971774,False,2046657,38220,26514,997,4932
27,layer3.0.bn3,92204,False,202075,15425,7588,1485,29
27,layer3.0.downsample.0,2211406,False,4645344,42315,324041,10841,5666
27,layer3.0.downsample.1,81138,False,179174,14721,8651,980,22
27,layer3.0.add,65836,False,146777,24146,18563,5867,5
27,layer3.0.relu3,33864,False,79140,11147,10932,1974,7
27,layer3.1.conv1,1028970,False,2173341,37579,34837,3449,1571
27,layer3.1.bn1,34801,False,81113,4482,2762,446,27
27,layer3.1.relu1,12385,False,34163,3080,3579,95,4
27,layer3.1.conv2,2028637,False,4262016,28212,59326,9961,5118
27,layer3.1.bn2,33540,False,78579,4557,2804,317,36
27,layer3.1.relu2,11536,False,32194,2842,3620,83,4
27,layer3.1.conv3,968879,False,2040729,38229,26473,1028,4971
27,layer3.1.bn3,89543,False,196666,15385,8126,1654,26
27,layer3.1.add,66969,False,149144,24166,18799,5588,5
27,layer3.1.relu3,31259,False,73691,11026,11725,1231,4
27,layer3.2.conv1,1005129,False,2116259,38562,35158,3371,1665
27,layer3.2.bn1,33162,False,77554,4522,2751,438,24
27,layer3.2.relu1,11782,False,32659,3159,3587,83,5
27,layer3.2.conv2,2032739,False,4270654,28064,59363,9908,5153
27,layer3.2.bn2,33542,False,78110,4658,2909,329,30
27,layer3.2.relu2,12095,False,33343,2800,3635,84,3
27,layer3.2.conv3,968380,False,2039867,37971,26517,1051,4923
27,layer3.2.bn3,96750,False,211768,16682,6473,1284,30
27,layer3.2.add,66082,False,147682,24188,18469,5990,5
27,layer3.2.relu3,30396,False,71810,11790,11998,962,6
27,layer3.3.conv1,1005817,False,2117572,36792,34571,3243,1674
27,layer3.3.bn1,33316,False,78004,4634,2783,428,29
27,layer3.3.relu1,11816,False,32968,3157,3577,100,6
27,layer3.3.conv2,2024107,False,4252288,28364,59607,10045,5074
27,layer3.3.bn2,34039,False,79495,4500,2823,334,30
27,layer3.3.relu2,11628,False,32331,2861,3640,88,5
27,layer3.3.conv3,965242,False,2033427,38323,26784,981,4923
27,layer3.3.bn3,90686,False,199042,15235,8219,1661,24
27,layer3.3.add,67116,False,149758,24449,18666,5772,6
27,layer3.3.relu3,30931,False,73223,11695,11681,1242,4
27,layer3.4.conv1,1003005,False,2112129,36888,35165,3200,1566
27,layer3.4.bn1,33178,False,77666,4506,2784,459,25
27,layer3.4.relu1,14120,False,37662,3217,3618,182,4
27,layer3.4.conv2,2045662,False,4298008,28597,59303,9331,6303
27,layer3.4.bn2,33128,False,77386,4578,2865,335,32
27,layer3.4.relu2,11462,False,31794,3092,3632,86,3
27,layer3.4.conv3,966229,False,2035015,37658,26931,1001,4865
27,layer3.4.bn3,91229,False,199642,15500,7615,1379,21
27,layer3.4.add,67363,False,149981,24508,18316,6010,3
27,layer3.4.relu3,31540,False,74292,11022,11528,1401,4
27,layer3.5.conv1,1020720,False,2149044,37284,34930,3587,1443
27,layer3.5.bn1,33102,False,77415,4527,2831,466,18
27,layer3.5.relu1,10917,False,31154,3137,3599,82,6
27,layer3.5.conv2,2029274,False,4263483,28456,58488,9638,5325
27,layer3.5.bn2,34729,False,81054,4557,2851,323,36
27,layer3.5.relu2,11535,False,32098,2795,3628,83,7
27,layer3.5.conv3,965670,False,2034185,38862,26687,992,5290
27,layer3.5.bn3,91117,False,200027,15609,8155,1566,31
27,layer3.5.add,71078,False,157951,25887,18780,5624,7
27,layer3.5.relu3,31986,False,75040,10820,11612,1295,7
27,layer4.0.conv1,1969922,False,4138587,71401,66030,5984,3206
27,layer4.0.bn1,51967,False,117247,7808,4635,591,31
27,layer4.0.relu1,17952,False,45633,5336,6520,240,3
27,layer4.0.conv2,3399458,False,7134546,133497,184627,50827,17240
27,layer4.0.bn2,30615,False,72156,3058,1620,332,24
27,layer4.0.relu2,8616,False,26159,1520,2036,80,5
27,layer4.0.conv3,1246958,False,2623827,126663,36393,3750,794
27,layer4.0.bn3,60231,False,134409,9672,3819,524,25
27,layer4.0.downsample.0,2881989,False,6050998,69487,425785,21822,5410
27,layer4.0.downsample.1,58449,False,130875,8158,2854,370,19
27,layer4.0.add,32461,False,76193,13102,9373,3077,9
27,layer4.0.relu3,17942,False,45734,5232,6613,183,5
27,layer4.1.conv1,1222175,False,2572080,124378,39805,3602,349
27,layer4.1.bn1,30529,False,72050,2987,1426,508,27
27,layer4.1.relu1,8960,False,26532,1517,2056,85,8
27,layer4.1.conv2,3151239,False,6614992,112043,171132,55260,16680
27,layer4.1.bn2,32297,False,75695,2623,1480,326,19
27,layer4.1.relu2,8480,False,25924,1512,2084,86,5
27,layer4.1.conv3,1243106,False,2622546,122342,34505,3658,946
27,layer4.1.bn3,61376,False,136655,9118,3776,530,24
27,layer4.1.add,32701,False,76821,11236,9198,2815,10
27,layer4.1.relu3,17111,False,43921,5113,6633,98,4
27,layer4.2.conv1,1219642,False,2566741,123618,39504,3389,561
27,layer4.2.bn1,29643,False,70219,3082,1434,492,27
27,layer4.2.relu1,7863,False,24515,1502,2080,91,5
27,layer4.2.conv2,3144809,False,6608182,111054,172607,54118,17251
27,layer4.2.bn2,31341,False,73730,2621,1528,326,24
27,layer4.2.relu2,9269,False,27755,1446,2051,77,6
27,layer4.2.conv3,1238468,False,2605847,122020,34816,3561,911
27,layer4.2.bn3,59869,False,133648,9320,3868,547,34
27,layer4.2.add,32204,False,75838,11398,9377,2828,19
27,layer4.2.relu3,17103,False,43862,5159,6688,77,4
27,avgpool,79982,False,176391,4722,1183,85,181
27,flatten,8203,False,25149,282,331,15,22
27,fc,502342,False,1064166,98553,10343,647,10240
28,conv1,2172126,False,4563896,29401,20542,3767,868
28,bn1,336276,False,716314,56672,23843,13039,49
28,relu,178598,False,385260,51705,20840,28007,39
28,maxpool,10289821,False,21570400,3465,2950,972,88
28,layer1.0.conv1,257437,False,489649,4237,2585,454,47
28,layer1.0.bn1,87282,False,192153,15689,6789,1655,12
28,layer1.0.relu1,33792,False,79204,10751,11849,924,37
28,layer1.0.conv2,1983769,False,4169025,12927,55047,2440,860
28,layer1.0.bn2,74800,False,165841,16095,7502,1066,33
28,layer1.0.relu2,33837,False,79108,11033,11375,1450,7
28,layer1.0.conv3,860868,False,1814850,7539,8713,5972,438
28,layer1.0.bn3,317608,False,677282,57433,25809,10254,135
28,layer1.0.downsample.0,864246,False,1821506,7709,6009,6989,1969
28,layer1.0.downsample.1,319408,False,680704,57260,25632,10307,33
28,layer1.0.add,318265,False,677715,104811,67263,28371,146
28,layer1.0.relu3,173604,False,373665,51527,21481,27473,9
28,layer1.1.conv1,819864,False,1728473,107640,9114,942,47
28,layer1.1.bn1,94480,False,207304,15971,5781,2625,6
28,layer1.1.relu1,30951,False,73093,11673,11854,990,14
28,layer1.1.conv2,1974679,False,4149498,12912,54502,2473,748
28,layer1.1.bn2,73923,False,163785,16087,7385,1057,19
28,layer1.1.relu2,32851,False,77169,11058,11504,1421,7
28,layer1.1.conv3,856584,False,1805707,7890,8624,5857,547
28,layer1.1.bn3,319992,False,682127,56939,26002,10282,54
28,layer1.1.add,317246,False,675726,108097,63440,26920,83
28,layer1.1.relu3,173197,False,373123,51642,21695,27319,1
28,layer1.2.conv1,810368,False,1709069,106538,8791,909,47
28,layer1.2.bn1,93972,False,205601,16244,5748,2544,8
28,layer1.2.relu1,30661,False,72588,11733,11928,1001,7
28,layer1.2.conv2,1961322,False,4120973,13004,54749,2369,757
28,layer1.2.bn2,69649,False,154524,15290,9165,1057,25
28,layer1.2.relu2,31972,False,75254,11586,12119,808,7
28,layer1.2.conv3,852293,False,1796416,7727,8634,5615,442
28,layer1.2.bn3,318064,False,677588,57583,26258,10349,21
28,layer1.2.add,316521,False,674007,109657,62651,26023,587
28,layer1.2.relu3,173383,False,373559,51529,21268,27468,246
28,layer2.0.conv1,1588085,False,3338745,215314,17450,955,98
28,layer2.0.bn1,176013,False,379060,29608,12762,6084,28
28,layer2.0.relu1,78530,False,173598,24916,14704,10158,2
28,layer2.0.conv2,2118852,False,4451125,61156,120748,6945,1806
28,layer2.0.bn2,44235,False,101033,8028,5214,405,20
28,layer2.0.relu2,17751,False,45150,5063,6703,87,3
28,layer2.0.conv3,848437,False,1788079,12600,6445,1896,1672
28,layer2.0.bn3,170013,False,366008,29029,13373,5318,27
28,layer2.0.downsample.0,2298980,False,4828705,161867,361066,13073,2456
28,layer2.0.downsample.1,176343,False,380439,31344,11320,4417,27
28,layer2.0.add,159267,False,344231,51640,34356,13789,3
28,layer2.0.relu3,79406,False,175393,25388,14065,10712,3
28,layer2.1.conv1,821121,False,1730642,32035,8749,837,103
28,layer2.1.bn1,47882,False,108939,7980,4844,898,14
28,layer2.1.relu1,18289,False,46859,5899,6488,280,6
28,layer2.1.conv2,1917678,False,4029010,12386,53068,2237,1556
28,layer2.1.bn2,44635,False,101847,7717,5536,362,31
28,layer2.1.relu2,18295,False,46329,5176,6636,132,7
28,layer2.1.conv3,847545,False,1786286,12299,6326,2157,1488
28,layer2.1.bn3,170113,False,367264,29584,12640,5029,20
28,layer2.1.add,156475,False,338105,54667,32038,13010,7
28,layer2.1.relu3,77649,False,179224,24868,15161,9841,3
28,layer2.2.conv1,813253,False,1713842,32222,8706,694,86
28,layer2.2.bn1,48308,False,109627,8655,3732,832,9
28,layer2.2.relu1,17239,False,44178,5393,6537,235,3
28,layer2.2.conv2,1909665,False,4011880,13040,53808,2114,1582
28,layer2.2.bn2,46207,False,105310,7908,5364,451,26
28,layer2.2.relu2,18272,False,46602,5184,6537,221,5
28,layer2.2.conv3,843410,False,1777572,11891,6306,1975,1488
28,layer2.2.bn3,173751,False,373973,29373,13699,5241,24
28,layer2.2.add,156903,False,339320,52564,33993,14216,2
28,layer2.2.relu3,77543,False,171153,25367,14534,10250,4
28,layer2.3.conv1,815957,False,1719609,31324,8433,841,88
28,layer2.3.bn1,47874,False,108519,7695,4907,782,9
28,layer2.3.relu1,17245,False,44004,5424,6595,190,3
28,layer2.3.conv2,1916393,False,4027275,12862,53574,2166,1634
28,layer2.3.bn2,43337,False,99061,7890,5634,361,18
28,layer2.3.relu2,18394,False,47001,5247,6564,188,3
28,layer2.3.conv3,848939,False,1790261,12021,6024,2294,1595
28,layer2.3.bn3,172153,False,371443,31300,11254,4221,26
28,layer2.3.add,157598,False,340103,51644,34234,13828,6
28,layer2.3.relu3,77123,False,170437,25327,14685,10080,2
28,layer3.0.conv1,1755741,False,3689259,22418,52227,11651,1679
28,layer3.0.bn1,84341,False,185388,15091,8004,2133,18
28,layer3.0.relu1,31959,False,75275,11884,11198,1683,3
28,layer3.0.conv2,2208189,False,4638310,45329,82989,10551,6096
28,layer3.0.bn2,34476,False,80660,4583,2793,366,24
28,layer3.0.relu2,11840,False,32970,3112,3598,78,7
28,layer3.0.conv3,970183,False,2043494,38536,26567,966,5013
28,layer3.0.bn3,92738,False,203156,15523,7405,1488,34
28,layer3.0.downsample.0,2214566,False,4651699,41777,324562,10708,5529
28,layer3.0.downsample.1,83201,False,183318,14773,8644,972,26
28,layer3.0.add,65806,False,146904,26141,18489,5988,3
28,layer3.0.relu3,34418,False,80360,11240,10810,2033,8
28,layer3.1.conv1,1014945,False,2137240,37796,34836,3255,1660
28,layer3.1.bn1,35404,False,82188,4557,2780,429,29
28,layer3.1.relu1,11411,False,32176,2822,3627,91,5
28,layer3.1.conv2,2032239,False,4269430,28346,59566,10494,5072
28,layer3.1.bn2,33767,False,78853,4633,2895,320,39
28,layer3.1.relu2,12389,False,34151,2762,3591,84,7
28,layer3.1.conv3,968870,False,2040675,38530,26689,987,5168
28,layer3.1.bn3,90197,False,198233,15459,8050,1621,26
28,layer3.1.add,67153,False,149523,26089,18909,5424,5
28,layer3.1.relu3,31521,False,73949,11929,11508,1414,4
28,layer3.2.conv1,1004515,False,2115187,37364,34637,3267,1773
28,layer3.2.bn1,33796,False,78890,4606,2813,442,27
28,layer3.2.relu1,11493,False,32547,2844,3638,90,6
28,layer3.2.conv2,2031545,False,4268289,27843,59445,9954,5141
28,layer3.2.bn2,33746,False,78993,4598,2911,331,30
28,layer3.2.relu2,11988,False,33211,3177,3630,88,1
28,layer3.2.conv3,969994,False,2043049,37550,26877,1059,4821
28,layer3.2.bn3,96222,False,210486,16549,6460,1481,29
28,layer3.2.add,66009,False,147163,24206,18492,5980,6
28,layer3.2.relu3,30942,False,73054,10801,12009,917,5
28,layer3.3.conv1,1007390,False,2120852,37382,35107,3255,1796
28,layer3.3.bn1,34063,False,79767,4633,2864,437,31
28,layer3.3.relu1,11841,False,32837,3114,3579,96,5
28,layer3.3.conv2,2026055,False,4256303,28509,60404,10346,4994
28,layer3.3.bn2,33569,False,78386,4659,2880,335,32
28,layer3.3.relu2,11936,False,33204,2771,3584,89,4
28,layer3.3.conv3,970674,False,2044302,38140,26884,934,4891
28,layer3.3.bn3,91560,False,201149,15409,7983,1658,24
28,layer3.3.add,67654,False,150737,26203,18448,5901,5
28,layer3.3.relu3,31788,False,74768,10809,11713,1190,4
28,layer3.4.conv1,1005205,False,2116709,37324,34911,3273,1663
28,layer3.4.bn1,32655,False,76295,4545,2830,434,26
28,layer3.4.relu1,11633,False,32586,2715,3612,89,4
28,layer3.4.conv2,2045583,False,4297510,28733,60128,9635,5825
28,layer3.4.bn2,34580,False,80470,4522,2829,326,32
28,layer3.4.relu2,12169,False,34006,2764,3600,85,3
28,layer3.4.conv3,969330,False,2041461,37634,26959,1034,4530
28,layer3.4.bn3,92083,False,201982,15529,7650,1396,21
28,layer3.4.add,66498,False,148110,24177,18271,6090,2
28,layer3.4.relu3,32311,False,75777,11146,11594,1350,4
28,layer3.5.conv1,1008305,False,2123225,37188,35508,3446,1314
28,layer3.5.bn1,34436,False,80595,4498,2765,458,19
28,layer3.5.relu1,11365,False,32191,2797,3634,85,4
28,layer3.5.conv2,2029597,False,4263631,28141,59265,10121,5195
28,layer3.5.bn2,33398,False,78418,4529,2888,320,36
28,layer3.5.relu2,12660,False,34624,2748,3592,85,8
28,layer3.5.conv3,969376,False,2041611,39139,26763,1012,5252
28,layer3.5.bn3,90892,False,199524,15448,8091,1674,29
28,layer3.5.add,71030,False,157878,26111,18504,5960,6
28,layer3.5.relu3,32273,False,75730,11000,11581,1336,9
28,layer4.0.conv1,1960250,False,4117794,71255,66609,5653,3229
28,layer4.0.bn1,50778,False,114774,8204,4758,645,29
28,layer4.0.relu1,17726,False,45059,5253,6649,167,4
28,layer4.0.conv2,3418088,False,7173183,130034,183270,48651,18553
28,layer4.0.bn2,31147,False,73256,2959,1626,318,26
28,layer4.0.relu2,9471,False,27849,1735,2058,80,5
28,layer4.0.conv3,1251230,False,2632576,124941,36460,3619,981
28,layer4.0.bn3,60662,False,135126,9394,3906,488,30
28,layer4.0.downsample.0,2885767,False,6058061,70148,424772,21688,5716
28,layer4.0.downsample.1,58661,False,131450,8222,2963,349,24
28,layer4.0.add,32039,False,75338,11320,9234,3267,6
28,layer4.0.relu3,18085,False,46123,5290,6599,188,5
28,layer4.1.conv1,1228227,False,2584541,123853,40078,3436,491
28,layer4.1.bn1,30199,False,71381,3165,1381,491,28
28,layer4.1.relu1,9702,False,28605,1598,2016,85,7
28,layer4.1.conv2,3162359,False,6637963,111299,172291,52631,17567
28,layer4.1.bn2,31516,False,74135,2579,1459,325,22
28,layer4.1.relu2,9774,False,36171,1819,2015,203,5
28,layer4.1.conv3,1256106,False,2643067,127362,34823,3300,1214
28,layer4.1.bn3,61628,False,137255,9214,3801,536,23
28,layer4.1.add,31671,False,74817,11709,9134,2733,7
28,layer4.1.relu3,17425,False,44557,5200,6649,101,3
28,layer4.2.conv1,1221491,False,2570729,123690,40070,3312,655
28,layer4.2.bn1,29362,False,69944,3062,1377,496,23
28,layer4.2.relu1,8207,False,25397,1811,2066,88,4
28,layer4.2.conv2,3160123,False,6633021,110293,173108,51832,17330
28,layer4.2.bn2,31836,False,75032,2619,1495,313,26
28,layer4.2.relu2,9268,False,27508,1637,2033,83,7
28,layer4.2.conv3,1249522,False,2629366,126698,34831,3360,1187
28,layer4.2.bn3,60986,False,135932,9480,3793,540,37
28,layer4.2.add,31515,False,74497,11801,9132,2831,11
28,layer4.2.relu3,17459,False,44569,5296,6729,83,6
28,avgpool,83897,False,184135,4739,1172,88,184
28,flatten,8069,False,24964,283,330,14,25
28,fc,502980,False,1065082,98544,10420,661,10304
29,conv1,2175617,False,4571346,31284,21052,3556,1219
29,bn1,336610,False,717448,56728,23531,12966,54
29,relu,174606,False,376551,51499,21276,27589,125
29,maxpool,10129311,False,21234173,3155,2706,917,73
29,layer1.0.conv1,267547,False,489335,4186,2527,456,50
29,layer1.0.bn1,88041,False,193481,15622,6685,1714,20
29,layer1.0.relu1,32723,False,76977,10597,11975,880,40
29,layer1.0.conv2,1983756,False,4167641,12734,54390,2332,937
29,layer1.0.bn2,80064,False,176692,16284,7249,1187,66
29,layer1.0.relu2,32782,False,77000,11935,11388,1494,9
29,layer1.0.conv3,858232,False,1809225,7171,8629,5872,499
29,layer1.0.bn3,317705,False,676990,57398,25749,10285,181
29,layer1.0.downsample.0,868619,False,1830673,7370,5984,6261,2745
29,layer1.0.downsample.1,320885,False,683333,57022,25709,10460,38
29,layer1.0.add,315154,False,670891,104724,67513,27051,1042
29,layer1.0.relu3,173226,False,372741,51583,21550,27449,11
29,layer1.1.conv1,809307,False,1706573,108942,9002,912,60
29,layer1.1.bn1,94010,False,205695,15947,5995,2362,16
29,layer1.1.relu1,31371,False,73690,10721,11997,959,5
29,layer1.1.conv2,1974301,False,4147418,12759,53867,2384,851
29,layer1.1.bn2,74036,False,164069,16174,7421,1065,38
29,layer1.1.relu2,33745,False,78984,10895,11447,1412,9
29,layer1.1.conv3,855561,False,1803440,7581,8637,5936,525
29,layer1.1.bn3,318893,False,678827,57037,26110,10256,43
29,layer1.1.add,317767,False,676014,109305,63570,25137,551
29,layer1.1.relu3,173709,False,374372,51527,21399,27069,458
29,layer1.2.conv1,810051,False,1707646,106526,8794,894,58
29,layer1.2.bn1,93352,False,204610,16052,6064,2380,18
29,layer1.2.relu1,31847,False,75320,10726,11928,982,6
29,layer1.2.conv2,1968586,False,4136030,13194,55382,2479,921
29,layer1.2.bn2,72191,False,160220,14881,9375,1029,40
29,layer1.2.relu2,31184,False,73370,10311,12176,764,9
29,layer1.2.conv3,852500,False,1796824,7717,8652,5681,474
29,layer1.2.bn3,319744,False,681089,57486,26181,9776,35
29,layer1.2.add,318399,False,677791,109820,62729,25831,1222
29,layer1.2.relu3,172563,False,372038,51905,20441,28084,138
29,layer2.0.conv1,1589735,False,3342027,216063,17795,917,104
29,layer2.0.bn1,177171,False,381533,29342,12500,6008,97
29,layer2.0.relu1,78743,False,173740,24878,14651,10220,3
29,layer2.0.conv2,2119820,False,4452857,63458,123076,6555,1721
29,layer2.0.bn2,45150,False,102687,7888,5212,431,22
29,layer2.0.relu2,18176,False,46190,5273,6685,94,7
29,layer2.0.conv3,849641,False,1790910,12552,6441,1792,1711
29,layer2.0.bn3,169026,False,364579,29428,12992,5516,29
29,layer2.0.downsample.0,2305764,False,4843093,161667,359602,12957,2517
29,layer2.0.downsample.1,179322,False,386647,31434,11403,4413,36
29,layer2.0.add,159115,False,344285,52511,34370,13534,103
29,layer2.0.relu3,80259,False,177095,25410,14018,10732,5
29,layer2.1.conv1,827388,False,1744168,31555,8637,765,107
29,layer2.1.bn1,48080,False,109031,7920,4740,888,11
29,layer2.1.relu1,17628,False,44941,5317,6499,288,7
29,layer2.1.conv2,1923279,False,4041422,12502,52449,2168,1712
29,layer2.1.bn2,44244,False,100936,7797,5520,376,29
29,layer2.1.relu2,18872,False,48007,5225,6610,135,10
29,layer2.1.conv3,847077,False,1786106,12449,6220,2123,1621
29,layer2.1.bn3,171452,False,369317,29502,12757,5052,26
29,layer2.1.add,157334,False,339707,54903,32692,12938,13
29,layer2.1.relu3,81621,False,179728,25478,14208,10557,7
29,layer2.2.conv1,815708,False,1719361,31953,8735,709,103
29,layer2.2.bn1,47728,False,108390,8599,3794,794,17
29,layer2.2.relu1,17381,False,44321,6048,6555,252,4
29,layer2.2.conv2,1914096,False,4021329,12598,52679,2154,1653
29,layer2.2.bn2,46809,False,106289,7944,5419,416,29
29,layer2.2.relu2,18319,False,46591,5885,6490,256,5
29,layer2.2.conv3,844493,False,1780304,12252,6232,1909,1682
29,layer2.2.bn3,174044,False,375093,29231,14013,5007,32
29,layer2.2.add,156879,False,338786,51864,34102,14190,7
29,layer2.2.relu3,77918,False,172091,25368,14373,10349,6
29,layer2.3.conv1,817372,False,1722916,31814,8414,833,121
29,layer2.3.bn1,48143,False,109211,7763,4873,832,23
29,layer2.3.relu1,17213,False,44126,6022,6608,197,6
29,layer2.3.conv2,1920411,False,4034938,12774,52674,2153,1928
29,layer2.3.bn2,42944,False,98139,7895,5577,377,23
29,layer2.3.relu2,17694,False,45168,5376,6596,182,5
29,layer2.3.conv3,849272,False,1790105,12343,5936,2220,1763
29,layer2.3.bn3,172464,False,371453,31308,11075,4411,36
29,layer2.3.add,157976,False,341121,51656,34457,13601,7
29,layer2.3.relu3,77682,False,171826,25226,14465,10248,6
29,layer3.0.conv1,1763949,False,3706678,22622,51601,11375,2190
29,layer3.0.bn1,83880,False,184495,14897,7982,2160,30
29,layer3.0.relu1,32508,False,76387,11012,11313,1613,3
29,layer3.0.conv2,2219672,False,4662519,39658,79324,10091,7198
29,layer3.0.bn2,33875,False,79073,4530,2872,356,29
29,layer3.0.relu2,11686,False,32666,2858,3627,79,8
29,layer3.0.conv3,971923,False,2047153,38045,26637,906,5179
29,layer3.0.bn3,91126,False,199701,15568,7683,1457,37
29,layer3.0.downsample.0,2215026,False,4652734,41739,324036,10720,5650
29,layer3.0.downsample.1,81606,False,179838,14738,8643,962,31
29,layer3.0.add,65239,False,145835,24183,18566,5982,6
29,layer3.0.relu3,33826,False,79147,11301,10873,2027,7
29,layer3.1.conv1,1025291,False,2158702,37040,34335,2943,2350
29,layer3.1.bn1,35210,False,81858,4525,2841,452,31
29,layer3.1.relu1,11522,False,32312,3164,3614,91,4
29,layer3.1.conv2,2082811,False,4310515,27966,58507,9297,5104
29,layer3.1.bn2,35915,False,83415,4542,2861,328,38
29,layer3.1.relu2,12242,False,33797,2717,3650,82,6
29,layer3.1.conv3,976644,False,2056963,38999,27021,966,4986
29,layer3.1.bn3,91171,False,200228,15348,8128,1616,32
29,layer3.1.add,67355,False,150218,24118,18723,5658,4
29,layer3.1.relu3,32336,False,75843,10654,11738,1181,5
29,layer3.2.conv1,1007035,False,2120344,37436,34508,2994,2333
29,layer3.2.bn1,34301,False,79936,4411,2751,422,31
29,layer3.2.relu1,11989,False,33265,3107,3560,88,5
29,layer3.2.conv2,2035298,False,4277002,28596,59671,9609,5382
29,layer3.2.bn2,33234,False,78183,4578,2872,310,31
29,layer3.2.relu2,11798,False,32906,2936,3617,85,7
29,layer3.2.conv3,968866,False,2040592,38174,26729,1034,5101
29,layer3.2.bn3,92000,False,201705,16458,6439,1277,34
29,layer3.2.add,66228,False,147871,26092,18399,6042,7
29,layer3.2.relu3,31405,False,73889,10515,12013,880,8
29,layer3.3.conv1,1019212,False,2146350,36753,33870,2853,2452
29,layer3.3.bn1,35379,False,82311,4475,2814,425,35
29,layer3.3.relu1,11083,False,31186,2720,3631,88,8
29,layer3.3.conv2,2030151,False,4265217,28432,60771,9950,5130
29,layer3.3.bn2,34291,False,80011,4556,2816,327,33
29,layer3.3.relu2,11948,False,33118,2776,3624,82,7
29,layer3.3.conv3,965925,False,2034499,38286,26907,860,5097
29,layer3.3.bn3,92115,False,202098,15431,8089,1617,28
29,layer3.3.add,67385,False,150144,26045,18461,5926,8
29,layer3.3.relu3,31442,False,73855,10798,11776,1181,8
29,layer3.4.conv1,1017282,False,2149945,37458,34351,3102,2359
29,layer3.4.bn1,34084,False,79419,4480,2861,452,32
29,layer3.4.relu1,12014,False,33287,2747,3586,99,6
29,layer3.4.conv2,2044391,False,4295120,28582,59932,8913,6696
29,layer3.4.bn2,34200,False,79904,4564,2841,316,40
29,layer3.4.relu2,11646,False,32355,2806,3644,86,5
29,layer3.4.conv3,966134,False,2034252,38323,26864,909,4773
29,layer3.4.bn3,92739,False,203136,15391,7547,1312,28
29,layer3.4.add,67462,False,149840,24387,18546,5841,3
29,layer3.4.relu3,32501,False,76379,10761,11563,1319,8
29,layer3.5.conv1,1010179,False,2127216,37525,34139,3238,2288
29,layer3.5.bn1,32991,False,77306,4524,2739,453,23
29,layer3.5.relu1,10728,False,30416,2914,3624,85,6
29,layer3.5.conv2,2027717,False,4260328,28609,59545,9623,5371
29,layer3.5.bn2,34642,False,80733,4615,2859,319,39
29,layer3.5.relu2,12506,False,34470,2773,3586,82,10
29,layer3.5.conv3,968164,False,2039643,38767,26413,954,5298
29,layer3.5.bn3,92770,False,203540,15801,8244,1738,35
29,layer3.5.add,66405,False,147952,26091,18596,5844,8
29,layer3.5.relu3,32336,False,75996,10838,11595,1282,8
29,layer4.0.conv1,1973268,False,4145435,71797,65098,5304,4287
29,layer4.0.bn1,51756,False,116857,7906,4769,604,34
29,layer4.0.relu1,18049,False,45942,5249,6546,239,6
29,layer4.0.conv2,3402183,False,7140455,131365,182779,52746,17004
29,layer4.0.bn2,31072,False,73212,3049,1608,332,26
29,layer4.0.relu2,8470,False,25856,1578,2091,81,5
29,layer4.0.conv3,1269480,False,2670752,126710,36740,3256,1367
29,layer4.0.bn3,60425,False,134556,9226,3833,506,28
29,layer4.0.downsample.0,2884046,False,6055012,69835,428587,21999,5360
29,layer4.0.downsample.1,59464,False,132762,8174,2818,371,22
29,layer4.0.add,31945,False,75295,13038,9431,3099,7
29,layer4.0.relu3,17664,False,45563,5278,6629,158,5
29,layer4.1.conv1,1224299,False,2576524,123798,40322,3440,520
29,layer4.1.bn1,31088,False,73213,3005,1381,495,29
29,layer4.1.relu1,8931,False,27226,1602,2074,90,7
29,layer4.1.conv2,3177220,False,6629662,111722,172125,53767,16367
29,layer4.1.bn2,32982,False,77086,2559,1488,323,23
29,layer4.1.relu2,9629,False,28407,1496,2023,77,6
29,layer4.1.conv3,1266264,False,2664466,125665,35001,3158,1312
29,layer4.1.bn3,61087,False,136137,9238,3823,519,27
29,layer4.1.add,32383,False,76111,13040,9225,2865,10
29,layer4.1.relu3,17884,False,45666,5832,6668,108,5
29,layer4.2.conv1,1226149,False,2580288,126665,40250,3164,706
29,layer4.2.bn1,33699,False,78534,3144,1403,588,31
29,layer4.2.relu1,8505,False,26006,1572,1996,89,5
29,layer4.2.conv2,3141960,False,6595772,109832,171671,53179,16624
29,layer4.2.bn2,31637,False,74277,2814,1513,321,29
29,layer4.2.relu2,9026,False,27206,1565,2037,85,7
29,layer4.2.conv3,1259325,False,2650308,125422,34844,3151,1327
29,layer4.2.bn3,61140,False,136441,9303,3833,510,37
29,layer4.2.add,32240,False,75838,11811,9246,2694,9
29,layer4.2.relu3,16931,False,43529,5958,6743,87,6
29,avgpool,84090,False,184540,4747,1149,83,184
29,flatten,8954,False,26908,261,320,14,26
29,fc,502537,False,1064795,98744,10208,489,10353
