iter,layer,ns,multiplexed,cycles,instructions,ref_cycles,branches,branch_misses,cache_references,cache_misses
0,conv1,2174290,False,4571429,8688948,4579848,97495,1233,178538,16143
0,bn1,342656,False,731829,1297162,731724,118405,291,105311,1695
0,relu,174910,False,378666,436409,378000,56787,72,52124,132
0,maxpool,10452832,False,21913473,42900636,21965748,7870559,397842,93486,7318
0,layer1.0.conv1,258677,False,504542,1520019,553140,21158,373,27721,2503
0,layer1.0.bn1,89528,False,198598,385601,197484,41605,396,21160,986
0,layer1.0.relu1,33398,False,79997,134969,78708,19074,99,2178,52
0,layer1.0.conv2,1980756,False,4163999,8263114,4171776,90952,1713,59551,4927
0,layer1.0.bn2,76420,False,170835,388355,169428,42235,263,11771,159
0,layer1.0.relu2,32766,False,78809,135006,77364,19084,59,3079,23
0,layer1.0.conv3,861194,False,1816802,5281194,1819104,65126,352,66283,2035
0,layer1.0.bn3,318919,False,680287,1297857,680232,118290,348,101297,350
0,layer1.0.downsample.0,866823,False,1828653,5280157,1831116,64964,140,69999,3193
0,layer1.0.downsample.1,324578,False,692122,1303783,691908,119205,339,102187,661
0,layer1.0.add,313745,False,669675,586274,669480,56787,113,103046,351
0,layer1.0.relu3,174098,False,376828,436145,375984,56725,50,52156,31
0,layer1.1.conv1,809934,False,1709282,5646973,1711500,33857,264,62589,827
0,layer1.1.bn1,94393,False,208569,385744,207396,41631,145,26049,526
0,layer1.1.relu1,30818,False,74135,134969,72828,19074,28,2229,21
0,layer1.1.conv2,1974578,False,4150627,8262971,4158336,90971,1292,59985,3389
0,layer1.1.bn2,74461,False,166603,388734,165648,42309,194,11623,161
0,layer1.1.relu2,32768,False,78698,134969,77028,19074,34,3007,30
0,layer1.1.conv3,856133,False,1806332,5280732,1808856,65065,202,65465,1248
0,layer1.1.bn3,324234,False,691811,1303377,691908,119165,356,102468,538
0,layer1.1.add,314131,False,670502,586274,670404,56787,59,103059,181
0,layer1.1.relu3,174488,False,377492,436145,376740,56725,32,52156,107
0,layer1.2.conv1,811076,False,1711446,5646850,1713684,33867,203,62787,865
0,layer1.2.bn1,93825,False,207285,385775,206220,41640,126,25890,215
0,layer1.2.relu1,30842,False,74105,134969,72660,19074,23,2250,6
0,layer1.2.conv2,1974948,False,4150676,8275601,4158168,92967,1061,56035,2998
0,layer1.2.bn2,70400,False,157916,388732,156492,42304,177,8751,124
0,layer1.2.relu2,34126,False,81050,140947,79548,20000,42,2456,28
0,layer1.2.conv3,846450,False,1786174,5274427,1788444,64099,275,64438,978
0,layer1.2.bn3,322878,False,688955,1304100,688968,119251,314,102240,1359
0,layer1.2.add,314028,False,670449,586311,670488,56797,49,103000,695
0,layer1.2.relu3,174529,False,377748,436145,376992,56725,34,52170,199
0,layer2.0.conv1,1593791,False,3352675,11227752,3358572,54785,252,127559,2263
0,layer2.0.bn1,175053,False,378673,689878,377916,67213,202,53853,133
0,layer2.0.relu1,78782,False,175358,235321,174216,31618,23,20012,25
0,layer2.0.conv2,2124722,False,4465391,8565209,4473840,99957,1207,151639,9422
0,layer2.0.bn2,43620,False,101227,241348,99624,30247,132,2167,55
0,layer2.0.relu2,17603,False,46576,84805,44940,12805,32,495,10
0,layer2.0.conv3,850716,False,1794414,5303426,1797012,59321,269,42073,4946
0,layer2.0.bn3,168851,False,365472,709604,364728,70385,75,51793,169
0,layer2.0.downsample.0,2300855,False,4833800,11208875,4843020,153636,1143,258854,12441
0,layer2.0.downsample.1,177226,False,383521,713156,382872,71153,114,53101,420
0,layer2.0.add,164183,False,356389,316580,355656,32669,91,52847,118
0,layer2.0.relu3,79635,False,177358,235333,176316,31621,38,19902,33
0,layer2.1.conv1,822210,False,1734267,5703790,1736616,34427,296,38232,3426
0,layer2.1.bn1,47382,False,109235,238440,108108,29610,63,10246,59
0,layer2.1.relu1,17722,False,46963,84913,45528,12821,28,818,6
0,layer2.1.conv2,1913394,False,4021718,8145177,4028892,90856,983,41630,8608
0,layer2.1.bn2,43872,False,101853,241127,100380,30207,109,3923,83
0,layer2.1.relu2,17819,False,46910,84818,45528,12809,34,571,7
0,layer2.1.conv3,848007,False,1788526,5301486,1790964,58999,191,45208,4295
0,layer2.1.bn3,172457,False,372988,710008,372288,70459,77,52146,181
0,layer2.1.add,157923,False,342713,310306,341712,31699,51,50996,19
0,layer2.1.relu3,78178,False,174597,235333,173376,31621,18,19335,24
0,layer2.2.conv1,816393,False,1722446,5704067,1724436,34492,184,36888,3106
0,layer2.2.bn1,47557,False,109859,238330,108528,29582,57,10085,52
0,layer2.2.relu1,17475,False,46152,84913,44772,12821,24,767,7
0,layer2.2.conv2,1914309,False,4023128,8144494,4030320,90702,938,42321,8675
0,layer2.2.bn2,42434,False,98804,241137,97356,30200,86,3723,77
0,layer2.2.relu2,17747,False,46701,84793,45192,12802,24,676,12
0,layer2.2.conv3,846631,False,1785685,5301474,1788192,58989,161,47320,4166
0,layer2.2.bn3,171025,False,369990,710040,369348,70464,67,52122,189
0,layer2.2.add,169080,False,365747,329747,365148,34831,82,53115,24
0,layer2.2.relu3,78698,False,175187,235321,174132,31618,29,19526,40
0,layer2.3.conv1,819777,False,1729148,5703940,1731240,34454,199,35942,3470
0,layer2.3.bn1,46990,False,108395,238464,107016,29603,38,9366,74
0,layer2.3.relu1,17104,False,45587,84913,44100,12821,18,624,10
0,layer2.3.conv2,1914395,False,4023254,8149933,4030404,91777,886,41659,11842
0,layer2.3.bn2,43363,False,100604,241234,99204,30228,99,3936,88
0,layer2.3.relu2,17245,False,45994,84793,44604,12802,24,676,3
0,layer2.3.conv3,848683,False,1790135,5301908,1792560,59058,150,47699,4117
0,layer2.3.bn3,172582,False,373610,709817,372708,70424,73,52474,159
0,layer2.3.add,158673,False,344650,310313,343980,31701,40,51598,21
0,layer2.3.relu3,77752,False,173301,235328,172200,31620,22,19570,46
0,layer3.0.conv1,1748047,False,3674838,10452859,3681384,98627,258,68286,6361
0,layer3.0.bn1,85304,False,189716,395235,188412,43153,60,22244,97
0,layer3.0.relu1,32992,False,78997,135121,77532,19102,28,3390,10
0,layer3.0.conv2,2211409,False,4647192,9211541,4655868,115841,1174,162244,41255
0,layer3.0.bn2,36822,False,86732,177564,85428,25815,129,4963,126
0,layer3.0.relu2,11705,False,34464,59712,32844,9668,24,529,8
0,layer3.0.conv3,969292,False,2043501,5932712,2046408,68132,149,45110,16345
0,layer3.0.bn3,91177,False,201676,444566,200592,50964,77,23770,315
0,layer3.0.downsample.0,2216811,False,4658003,10959858,4666704,133748,981,221591,32644
0,layer3.0.downsample.1,82184,False,183123,447840,181944,51695,107,12930,312
0,layer3.0.add,65698,False,148386,172329,147252,19157,45,17872,27
0,layer3.0.relu3,33473,False,79888,134976,78288,19076,30,3813,22
0,layer3.1.conv1,1024411,False,2158185,5946041,2161320,67949,245,53172,12831
0,layer3.1.bn1,33280,False,86823,178171,78288,24753,71,5286,114
0,layer3.1.relu1,11611,False,34186,59737,32676,9675,29,503,7
0,layer3.1.conv2,2032716,False,4272263,8735419,4280052,109537,1059,134382,35481
0,layer3.1.bn2,33431,False,79759,176038,78372,25543,122,1466,131
0,layer3.1.relu2,11849,False,34632,59844,33096,9690,36,552,19
0,layer3.1.conv3,974724,False,2054411,5941442,2057412,69765,162,46977,16150
0,layer3.1.bn3,90554,False,200047,444322,198996,50938,79,23442,322
0,layer3.1.add,67154,False,151240,172341,149856,19160,35,18975,35
0,layer3.1.relu3,32102,False,76685,134976,75348,19076,24,2728,12
0,layer3.2.conv1,1011356,False,2130990,5946794,2134104,68050,129,51986,12511
0,layer3.2.bn1,32603,False,78050,172068,76776,24730,42,5310,122
0,layer3.2.relu1,11043,False,32813,59724,31080,9671,18,473,5
0,layer3.2.conv2,2036078,False,4280176,8736781,4288200,109948,997,134381,35917
0,layer3.2.bn2,32830,False,78776,174780,77448,25340,99,1502,123
0,layer3.2.relu2,12597,False,45231,67079,43764,10810,62,560,16
0,layer3.2.conv3,970640,False,2046066,5933614,2048928,68259,120,46528,15830
0,layer3.2.bn3,92729,False,204763,444621,203616,50996,68,23865,280
0,layer3.2.add,66411,False,149914,172329,148680,19157,34,18357,27
0,layer3.2.relu3,30595,False,74239,134976,72828,19076,25,1839,4
0,layer3.3.conv1,1017511,False,2143981,5946560,2147040,68007,115,52056,12454
0,layer3.3.bn1,32258,False,77598,172202,76104,24751,48,5049,434
0,layer3.3.relu1,11045,False,32898,59712,31248,9668,26,518,14
0,layer3.3.conv2,2034459,False,4275765,8735893,4283916,109670,961,133995,36619
0,layer3.3.bn2,33598,False,80035,174944,78624,25376,100,1534,126
0,layer3.3.relu2,11436,False,33663,59894,32172,9704,28,483,14
0,layer3.3.conv3,965182,False,2034112,5932789,2036916,68137,99,45889,15917
0,layer3.3.bn3,91345,False,202404,444388,201432,50950,67,23997,281
0,layer3.3.add,67758,False,152805,172329,151368,19157,30,19110,37
0,layer3.3.relu3,31668,False,76218,135313,74676,19131,29,2604,17
0,layer3.4.conv1,1006266,False,2120346,5946246,2123604,67991,99,51873,12632
0,layer3.4.bn1,32061,False,77024,172068,75516,24730,38,5311,432
0,layer3.4.relu1,10901,False,32539,59712,30996,9668,26,491,9
0,layer3.4.conv2,2042184,False,4292224,8736038,4300296,109653,951,133608,39371
0,layer3.4.bn2,33384,False,79718,174705,78288,25319,89,1548,142
0,layer3.4.relu2,11752,False,34612,59832,33180,9687,30,516,13
0,layer3.4.conv3,967278,False,2038907,5932439,2041788,68064,93,46145,15970
0,layer3.4.bn3,92302,False,203983,444673,202860,51007,74,23676,302
0,layer3.4.add,66587,False,149670,172354,148512,19164,35,18778,21
0,layer3.4.relu3,31766,False,76549,134976,75180,19076,22,2838,15
0,layer3.5.conv1,1005372,False,2118507,5945916,2121756,67914,90,52368,11648
0,layer3.5.bn1,32359,False,77344,172202,75768,24751,45,5262,102
0,layer3.5.relu1,11040,False,32612,59712,30912,9668,21,447,7
0,layer3.5.conv2,2034998,False,4276902,8741008,4284756,110381,898,134515,36232
0,layer3.5.bn2,33051,False,79164,175131,77700,25421,86,1529,140
0,layer3.5.relu2,11835,False,34424,59844,32928,9690,28,520,19
0,layer3.5.conv3,966579,False,2037128,5933247,2040024,68204,103,46131,15904
0,layer3.5.bn3,89021,False,197090,444375,195888,50946,47,23295,292
0,layer3.5.add,66721,False,149990,172329,148848,19157,32,18825,36
0,layer3.5.relu3,31901,False,76418,134988,75012,19079,23,2638,19
0,layer4.0.conv1,1972289,False,4144973,11792056,4152624,121637,191,113811,29753
0,layer4.0.bn1,50475,False,115811,264032,114576,33697,73,9803,214
0,layer4.0.relu1,17942,False,47281,84812,46032,12807,24,747,8
0,layer4.0.conv2,3429070,False,7198588,11933643,7212996,162780,976,472576,152793
0,layer4.0.bn2,31687,False,76305,155894,75012,25056,149,3183,182
0,layer4.0.relu2,9001,False,28444,47254,26880,8107,41,576,31
0,layer4.0.conv3,1258199,False,2649139,8173338,2653476,52933,446,112633,46987
0,layer4.0.bn3,59968,False,135164,364684,133980,48924,96,12041,600
0,layer4.0.downsample.0,2886505,False,6061558,11978018,6073284,166778,1251,492856,129908
0,layer4.0.downsample.1,57161,False,129599,364050,128352,48791,107,2807,517
0,layer4.0.add,32405,False,77628,103469,76188,12907,76,7190,37
0,layer4.0.relu3,17750,False,46883,84800,45528,12804,45,524,20
0,layer4.1.conv1,1232585,False,2595176,8153229,2599464,52307,379,141746,46808
0,layer4.1.bn1,30498,False,73377,153031,71988,24410,90,3853,173
0,layer4.1.relu1,8520,False,27975,47146,26544,8091,27,496,11
0,layer4.1.conv2,3156241,False,6626706,11160106,6639864,155823,1006,464146,148582
0,layer4.1.bn2,31688,False,75883,155740,74508,25010,112,1558,173
0,layer4.1.relu2,8219,False,27117,47146,25368,8091,20,509,16
0,layer4.1.conv3,1255573,False,2643948,8172200,2648352,52730,213,114435,45406
0,layer4.1.bn3,60747,False,137155,364851,135744,48956,66,12058,527
0,layer4.1.add,31673,False,75953,103457,74592,12904,57,7078,17
0,layer4.1.relu3,18068,False,47733,84800,46452,12804,26,359,9
0,layer4.2.conv1,1224792,False,2578551,8146648,2582748,51309,186,140342,46437
0,layer4.2.bn1,29473,False,71420,153041,69804,24412,63,3954,179
0,layer4.2.relu1,8354,False,27251,47146,25620,8091,15,473,10
0,layer4.2.conv2,3151637,False,6616761,11162312,6629700,156228,835,464527,147125
0,layer4.2.bn2,33050,False,78820,156317,77448,25126,97,1547,175
0,layer4.2.relu2,8947,False,28424,47134,26796,8088,17,500,13
0,layer4.2.conv3,1264686,False,2662601,8178696,2666916,53760,177,116093,44740
0,layer4.2.bn3,60125,False,135655,364881,134484,48962,54,12011,604
0,layer4.2.add,31252,False,75273,103469,73920,12907,36,7106,36
0,layer4.2.relu3,16796,False,44913,84800,43260,12804,22,410,38
0,avgpool,82565,False,183163,273931,181776,38709,949,3139,1462
0,flatten,8369,False,26934,34008,25284,6362,101,438,165
0,fc,498042,False,1056185,340927,1056888,42738,324,132129,125014
1,conv1,2168481,False,4557322,8686930,4565904,97098,1101,178411,16200
1,bn1,336404,False,717806,1292146,717864,117624,249,104530,1816
1,relu,175142,False,378684,436409,377916,56787,72,52144,238
1,maxpool,10269083,False,21528046,42894694,21579348,7869491,380491,92515,7140
1,layer1.0.conv1,268268,False,490650,1513351,573468,20135,322,27031,2655
1,layer1.0.bn1,88027,False,195561,385472,194544,41573,366,20928,768
1,layer1.0.relu1,32687,False,78288,134969,76776,19074,84,2285,44
1,layer1.0.conv2,1977331,False,4157622,8262615,4165308,90857,1726,59551,4549
1,layer1.0.bn2,75488,False,168934,388498,167916,42270,271,11706,141
1,layer1.0.relu2,32880,False,78746,135006,77364,19084,57,3088,24
1,layer1.0.conv3,859937,False,1814103,5280843,1816416,65099,425,65692,1809
1,layer1.0.bn3,321980,False,687123,1303909,687036,119228,363,102443,239
1,layer1.0.downsample.0,868201,False,1831458,5280537,1834056,65018,146,70070,3414
1,layer1.0.downsample.1,319375,False,682036,1297821,681996,118284,318,101160,1114
1,layer1.0.add,314549,False,672109,586274,672000,56787,121,103170,721
1,layer1.0.relu3,178037,False,384853,442163,384132,57654,65,53046,22
1,layer1.1.conv1,804428,False,1697773,5640239,1699992,32807,233,61666,816
1,layer1.1.bn1,98968,False,218209,392381,217056,42649,147,26824,449
1,layer1.1.relu1,31490,False,75639,134969,74256,19074,30,2257,23
1,layer1.1.conv2,1974035,False,4148729,8265453,4156404,91404,1295,59311,3330
1,layer1.1.bn2,73955,False,165428,388478,164220,42250,169,11499,155
1,layer1.1.relu2,32551,False,78006,134969,76776,19074,36,2981,22
1,layer1.1.conv3,856385,False,1807112,5280251,1809612,64991,158,65581,1759
1,layer1.1.bn3,320748,False,684513,1299245,684516,118518,330,101244,1994
1,layer1.1.add,315115,False,672996,586274,673008,56787,52,102989,1010
1,layer1.1.relu3,174822,False,377936,436145,377160,56725,40,52226,53
1,layer1.2.conv1,811996,False,1713353,5647201,1715532,33896,248,62766,1134
1,layer1.2.bn1,94767,False,209057,385899,207816,41669,147,26014,488
1,layer1.2.relu1,31119,False,74991,134969,73416,19074,24,2295,25
1,layer1.2.conv2,1965871,False,4131610,8264941,4139100,91255,975,55294,3341
1,layer1.2.bn2,70122,False,157393,388688,156240,42285,169,9027,187
1,layer1.2.relu2,30812,False,74163,134981,72744,19077,30,1726,37
1,layer1.2.conv3,852906,False,1798975,5280919,1801380,65080,152,65344,1787
1,layer1.2.bn3,326350,False,696813,1297979,696696,118321,323,101351,16357
1,layer1.2.add,322004,False,687291,593001,687372,57824,61,104090,6753
1,layer1.2.relu3,175366,False,379193,436145,378504,56725,23,52250,120
1,layer2.0.conv1,1590553,False,3344988,11221656,3350760,53795,317,126659,2743
1,layer2.0.bn1,175636,False,388810,696706,388164,67235,201,53905,685
1,layer2.0.relu1,79819,False,177613,235321,176484,31618,27,20306,90
1,layer2.0.conv2,2134807,False,4486718,8564067,4495092,99989,1057,151790,15995
1,layer2.0.bn2,44039,False,102389,241159,101136,30205,124,2228,229
1,layer2.0.relu2,17407,False,46560,84805,44940,12805,36,513,36
1,layer2.0.conv3,853962,False,1801217,5302318,1803564,59132,241,42023,11736
1,layer2.0.bn3,169985,False,368312,709649,367332,70397,83,51770,258
1,layer2.0.downsample.0,2325834,False,4886275,11214731,4895688,154422,1132,260390,29753
1,layer2.0.downsample.1,178458,False,386546,713178,385728,71163,109,53033,4418
1,layer2.0.add,160904,False,349205,310318,348432,31702,57,51903,1266
1,layer2.0.relu3,79578,False,176992,235333,175896,31621,43,19929,109
1,layer2.1.conv1,828006,False,1746896,5703727,1749300,34412,236,38668,6254
1,layer2.1.bn1,49907,False,114641,238471,113316,29619,87,10203,208
1,layer2.1.relu1,17491,False,46608,84920,45192,12823,34,761,11
1,layer2.1.conv2,1923242,False,4042757,8148644,4049808,91504,1016,42166,10449
1,layer2.1.bn2,44098,False,102343,241167,101052,30213,98,3891,157
1,layer2.1.relu2,17765,False,47201,84825,45612,12811,33,581,15
1,layer2.1.conv3,850533,False,1794753,5301465,1797012,58986,178,45066,9710
1,layer2.1.bn3,172335,False,373153,710391,372540,70542,83,52044,251
1,layer2.1.add,161401,False,350346,316693,349608,32683,57,52096,72
1,layer2.1.relu3,77372,False,172669,235340,171360,31623,22,19372,72
1,layer2.2.conv1,819224,False,1728733,5704358,1731072,34548,214,36716,4566
1,layer2.2.bn1,48160,False,111022,238461,109704,29613,69,10311,107
1,layer2.2.relu1,17380,False,46308,84920,44856,12823,26,749,17
1,layer2.2.conv2,1935443,False,4067720,8162244,4075008,93894,1017,42587,10056
1,layer2.2.bn2,44312,False,103264,241401,101808,30271,96,4061,160
1,layer2.2.relu2,18209,False,47888,84800,46536,12804,29,664,11
1,layer2.2.conv3,850093,False,1793622,5302080,1796172,59073,162,47507,8994
1,layer2.2.bn3,171411,False,370979,710139,370188,70493,74,52121,219
1,layer2.2.add,159206,False,345142,310313,344400,31701,40,51732,69
1,layer2.2.relu3,77897,False,173504,235328,172368,31620,25,19402,64
1,layer2.3.conv1,822724,False,1735789,5704736,1738044,34580,165,36205,4747
1,layer2.3.bn1,47994,False,110604,238555,109284,29627,60,9395,140
1,layer2.3.relu1,17185,False,45820,84920,44268,12823,26,632,13
1,layer2.3.conv2,1921096,False,4037697,8146275,4045020,91001,795,42138,18707
1,layer2.3.bn2,43363,False,101122,241281,99876,30246,88,3687,144
1,layer2.3.relu2,17594,False,46529,84800,45192,12804,23,705,12
1,layer2.3.conv3,848009,False,1789167,5301450,1791384,58990,149,47222,4615
1,layer2.3.bn3,177081,False,382584,718236,381948,71744,108,53341,241
1,layer2.3.add,158798,False,344680,310313,343896,31701,35,51575,52
1,layer2.3.relu3,78903,False,176043,235328,174720,31620,22,19336,45
1,layer3.0.conv1,1753041,False,3685302,10454248,3691800,98869,304,67564,10875
1,layer3.0.bn1,87150,False,192980,397945,191856,43607,91,21965,176
1,layer3.0.relu1,32760,False,78528,135121,77196,19102,31,3114,31
1,layer3.0.conv2,2199786,False,4622454,9199815,4631088,113748,1100,162136,41490
1,layer3.0.bn2,37396,False,88434,175641,87108,25488,140,5058,196
1,layer3.0.relu2,11746,False,34473,59712,33012,9668,32,531,49
1,layer3.0.conv3,973192,False,2051280,5933334,2054304,68216,169,46227,19436
1,layer3.0.bn3,92119,False,203929,444647,202692,51004,102,23826,385
1,layer3.0.downsample.0,2248138,False,4725854,10976451,4734660,136662,1146,223011,49704
1,layer3.0.downsample.1,84579,False,188000,448142,186648,51783,207,13146,417
1,layer3.0.add,66682,False,150396,172329,149184,19157,61,18049,124
1,layer3.0.relu3,34801,False,82852,134976,81396,19076,56,3838,33
1,layer3.1.conv1,1028913,False,2168372,5946930,2171652,68070,344,51280,22716
1,layer3.1.bn1,35808,False,85031,172346,83664,24788,133,5358,170
1,layer3.1.relu1,11495,False,33642,59737,32088,9675,36,481,21
1,layer3.1.conv2,2049713,False,4308184,8736871,4316088,109783,1192,134641,38896
1,layer3.1.bn2,34358,False,81946,175156,80472,25435,124,1479,168
1,layer3.1.relu2,11869,False,34634,59844,33180,9690,30,490,22
1,layer3.1.conv3,971087,False,2047506,5932964,2050104,68145,182,45891,18652
1,layer3.1.bn3,90625,False,208792,451109,207480,50992,79,23341,363
1,layer3.1.add,67311,False,151700,172341,150612,19160,46,18856,86
1,layer3.1.relu3,31822,False,76507,134976,75012,19076,27,2660,16
1,layer3.2.conv1,1013838,False,2136335,5946677,2139396,68034,153,50086,20675
1,layer3.2.bn1,32882,False,78917,172072,77448,24732,64,5387,163
1,layer3.2.relu1,10678,False,31880,59724,30408,9671,23,460,7
1,layer3.2.conv2,2041505,False,4290680,8736769,4298532,109779,1109,134188,37983
1,layer3.2.bn2,33638,False,80062,175024,78792,25402,107,1579,157
1,layer3.2.relu2,11907,False,34830,59832,33264,9687,33,491,18
1,layer3.2.conv3,971106,False,2046883,5933398,2049684,68216,118,46647,17990
1,layer3.2.bn3,93173,False,205855,444663,204792,51011,76,23628,377
1,layer3.2.add,65959,False,148876,172329,147588,19157,33,18412,87
1,layer3.2.relu3,35119,False,83548,142014,82152,20154,41,2798,18
1,layer3.3.conv1,1010453,False,2128952,5946805,2132004,68066,109,49743,20134
1,layer3.3.bn1,34529,False,82165,172206,80724,24753,63,5299,1203
1,layer3.3.relu1,11652,False,34091,59712,32508,9668,22,495,8
1,layer3.3.conv2,2041896,False,4291330,8740086,4299372,110420,1008,134283,39748
1,layer3.3.bn2,33579,False,80233,174799,78792,25350,92,1505,161
1,layer3.3.relu2,12388,False,35926,59894,34356,9704,37,591,38
1,layer3.3.conv3,970158,False,2044510,5933270,2047500,68196,100,46302,17717
1,layer3.3.bn3,93362,False,206178,444527,205128,50991,83,24061,361
1,layer3.3.add,67355,False,151476,172329,150360,19157,32,19065,70
1,layer3.3.relu3,31221,False,75326,134976,73836,19076,26,2451,21
1,layer3.4.conv1,1022574,False,2154874,5947168,2158044,68143,110,50150,19808
1,layer3.4.bn1,32587,False,78053,172072,76524,24732,50,5253,1109
1,layer3.4.relu1,11121,False,32944,59712,31332,9668,20,507,24
1,layer3.4.conv2,2079783,False,4372034,8742199,4380180,110528,982,134272,56590
1,layer3.4.bn2,34143,False,81370,174866,79800,25360,94,1512,172
1,layer3.4.relu2,12687,False,36604,59832,35028,9687,37,532,37
1,layer3.4.conv3,971371,False,2046932,5933462,2049852,68214,105,46196,17195
1,layer3.4.bn3,92003,False,203397,446040,202188,51225,77,23983,398
1,layer3.4.add,67303,False,151526,172354,150276,19164,37,18854,68
1,layer3.4.relu3,32414,False,77639,135313,76272,19131,38,2745,22
1,layer3.5.conv1,1011126,False,2131017,5946828,2134188,68069,108,50869,19100
1,layer3.5.bn1,33847,False,80685,172246,79380,24760,66,5356,162
1,layer3.5.relu1,11279,False,33378,59712,32004,9668,22,503,14
1,layer3.5.conv2,2040360,False,4289300,8737609,4297272,109952,914,134792,37553
1,layer3.5.bn2,33894,False,80847,174791,79380,25351,86,1463,148
1,layer3.5.relu2,12468,False,35911,59844,34356,9690,32,504,19
1,layer3.5.conv3,972779,False,2050290,5932631,2053296,68097,109,46081,16934
1,layer3.5.bn3,95165,False,209918,450499,208740,51908,95,24421,389
1,layer3.5.add,67450,False,151984,172329,150528,19157,33,18986,68
1,layer3.5.relu3,31851,False,76486,134988,75012,19079,26,2733,26
1,layer4.0.conv1,1976572,False,4153837,11791902,4161444,121621,190,110057,44513
1,layer4.0.bn1,52299,False,119744,263820,118440,33660,73,9876,227
1,layer4.0.relu1,17317,False,46174,84812,44772,12807,24,721,15
1,layer4.0.conv2,3646269,False,7653487,11918084,7668864,160220,899,471818,278174
1,layer4.0.bn2,31470,False,75606,155855,74088,25055,139,3249,240
1,layer4.0.relu2,9252,False,29157,47254,27552,8107,23,516,39
1,layer4.0.conv3,1311611,False,2761202,8172257,2765700,52747,415,112711,85315
1,layer4.0.bn3,60488,False,136614,364807,135324,48960,85,12078,813
1,layer4.0.downsample.0,2994089,False,6287324,11977846,6299580,166663,1137,493902,234200
1,layer4.0.downsample.1,59241,False,133720,368312,132384,49732,111,2903,791
1,layer4.0.add,31736,False,76472,103469,75012,12907,44,7116,62
1,layer4.0.relu3,17405,False,46286,84800,44688,12804,40,588,36
1,layer4.1.conv1,1255294,False,2642840,8152012,2647092,52119,378,142020,100368
1,layer4.1.bn1,30285,False,73090,153614,71736,24530,100,3979,239
1,layer4.1.relu1,8596,False,27513,47146,25956,8091,29,490,20
1,layer4.1.conv2,3338912,False,7009315,11176013,7023240,158520,911,464779,236283
1,layer4.1.bn2,32277,False,77621,156066,76272,25098,112,1514,212
1,layer4.1.relu2,8415,False,27422,47146,25620,8091,22,508,41
1,layer4.1.conv3,1310057,False,2757727,8178306,2762256,53670,280,115321,83527
1,layer4.1.bn3,61056,False,137959,364992,136500,48993,71,12066,681
1,layer4.1.add,31318,False,75561,103457,74172,12904,40,7059,49
1,layer4.1.relu3,17645,False,46755,84800,45276,12804,29,457,49
1,layer4.2.conv1,1252183,False,2636563,8147144,2640792,51391,245,139656,99560
1,layer4.2.bn1,30465,False,73688,153289,72156,24462,69,3840,199
1,layer4.2.relu1,8557,False,27922,47146,26460,8091,21,494,16
1,layer4.2.conv2,3325145,False,6980282,11168162,6994176,157123,806,464902,227601
1,layer4.2.bn2,32387,False,77582,156053,76272,25082,126,1544,230
1,layer4.2.relu2,8730,False,27915,47134,26376,8088,24,601,75
1,layer4.2.conv3,1305338,False,2747804,8172589,2752428,52791,221,114802,83850
1,layer4.2.bn3,60375,False,136482,365004,135156,48996,75,11996,683
1,layer4.2.add,31155,False,75129,103469,73920,12907,40,7060,30
1,layer4.2.relu3,17213,False,45767,84800,44436,12804,27,378,31
1,avgpool,94869,False,209246,280896,208152,39785,997,3833,2369
1,flatten,9256,False,29153,34008,27636,6362,110,463,295
1,fc,505737,False,1072587,341333,1073352,42832,335,131947,129334
2,conv1,2182812,False,4587692,8683510,4596228,96421,1005,178022,49563
2,bn1,342888,False,731495,1298030,731724,118520,338,105060,7874
2,relu,175813,False,380480,436416,379680,56789,73,52129,214
2,maxpool,10260050,False,21510649,42903476,21561876,7870979,378417,93142,14441
2,layer1.0.conv1,273013,False,501494,1521259,583968,21353,365,27355,7072
2,layer1.0.bn1,88528,False,196157,385438,194628,41566,370,21199,523
2,layer1.0.relu1,33197,False,79717,134976,78372,19076,100,2305,44
2,layer1.0.conv2,1989967,False,4182478,8263873,4190172,91022,1726,60043,5430
2,layer1.0.bn2,75600,False,169179,388250,168084,42203,264,11777,174
2,layer1.0.relu2,34013,False,81022,135013,79716,19086,68,3107,31
2,layer1.0.conv3,860129,False,1814363,5281223,1816836,65132,279,65997,1533
2,layer1.0.bn3,318513,False,679893,1297868,679812,118294,356,101263,485
2,layer1.0.downsample.0,870280,False,1836243,5281085,1838760,65111,138,70057,7627
2,layer1.0.downsample.1,331105,False,706547,1304251,706440,119277,343,102073,20925
2,layer1.0.add,320605,False,684168,586281,684180,56789,119,103134,15157
2,layer1.0.relu3,174188,False,376800,436152,376068,56727,50,52072,39
2,layer1.1.conv1,809954,False,1709186,5646255,1711500,33737,179,62455,1303
2,layer1.1.bn1,94873,False,209246,385755,208236,41635,148,26134,245
2,layer1.1.relu1,31146,False,75239,134976,73920,19076,31,2210,21
2,layer1.1.conv2,1974435,False,4150782,8264162,4158504,91210,1183,59213,3566
2,layer1.1.bn2,76996,False,172579,394869,171276,43263,194,12372,171
2,layer1.1.relu2,33543,False,80132,134976,78792,19076,46,3123,30
2,layer1.1.conv3,851338,False,1796946,5274413,1799364,64086,229,64633,1152
2,layer1.1.bn3,325050,False,693517,1297904,693336,118300,320,101252,13804
2,layer1.1.add,319198,False,681058,586281,681072,56789,58,102948,10955
2,layer1.1.relu3,180562,False,390333,436152,389508,56727,41,52075,9472
2,layer1.2.conv1,806061,False,1730197,5659763,1732584,35966,190,63259,7376
2,layer1.2.bn1,93608,False,206799,385793,205716,41646,149,26014,178
2,layer1.2.relu1,31845,False,84092,140928,82908,19992,49,2560,27
2,layer1.2.conv2,1969043,False,4138964,8267276,4146492,91834,1052,54645,3230
2,layer1.2.bn2,70287,False,157829,388812,156744,42319,200,8846,172
2,layer1.2.relu2,32050,False,77391,134995,75936,19081,41,1869,32
2,layer1.2.conv3,853677,False,1801457,5280402,1803900,65020,254,65340,1116
2,layer1.2.bn3,321507,False,685906,1297917,685860,118308,340,101407,5215
2,layer1.2.add,317512,False,677828,586325,677796,56801,59,102938,9059
2,layer1.2.relu3,178467,False,385800,442177,385224,57658,40,53172,1135
2,layer2.0.conv1,1589881,False,3344084,11221178,3349584,53739,216,126600,3389
2,layer2.0.bn1,174216,False,377105,689896,376320,67219,206,53794,128
2,layer2.0.relu1,79930,False,185151,241280,184128,32536,40,20962,61
2,layer2.0.conv2,2128590,False,4473779,8562804,4482072,99791,1169,151706,10379
2,layer2.0.bn2,43258,False,100820,241493,99540,30278,111,2096,104
2,layer2.0.relu2,18285,False,48169,84819,46872,12809,44,514,33
2,layer2.0.conv3,850052,False,1793100,5302268,1795584,59129,234,42117,5164
2,layer2.0.bn3,171047,False,370082,709884,369348,70443,93,51733,216
2,layer2.0.downsample.0,2308949,False,4851655,11212546,4860660,154286,1134,258620,15512
2,layer2.0.downsample.1,181814,False,393231,719599,392448,72180,138,54014,320
2,layer2.0.add,160486,False,348397,310344,347676,31708,70,51854,68
2,layer2.0.relu3,79826,False,177665,235359,176400,31627,39,19892,44
2,layer2.1.conv1,824196,False,1738788,5703946,1741068,34461,242,38508,4544
2,layer2.1.bn1,48085,False,110836,238388,109368,29595,78,10234,130
2,layer2.1.relu1,18301,False,48237,84927,46704,12825,27,840,11
2,layer2.1.conv2,1923723,False,4042829,8148928,4050144,91628,1119,41533,9920
2,layer2.1.bn2,43690,False,101676,241184,100548,30222,90,3856,133
2,layer2.1.relu2,17564,False,46452,84832,45108,12813,31,547,11
2,layer2.1.conv3,849325,False,1791485,5301889,1793820,59079,152,45184,4688
2,layer2.1.bn3,171732,False,371696,710063,371028,70476,65,51988,195
2,layer2.1.add,158221,False,343433,311668,342552,31923,50,51055,26
2,layer2.1.relu3,78576,False,175474,235347,174384,31625,26,19184,48
2,layer2.2.conv1,815534,False,1720286,5697954,1722588,33537,219,36028,4351
2,layer2.2.bn1,47338,False,109323,238348,107856,29588,47,10210,95
2,layer2.2.relu1,18455,False,74170,103451,72744,15833,109,1992,49
2,layer2.2.conv2,1916695,False,4028035,8140780,4035360,90250,979,41767,9660
2,layer2.2.bn2,43468,False,107501,247466,106176,31186,103,4141,105
2,layer2.2.relu2,18007,False,47465,84807,45864,12806,29,691,17
2,layer2.2.conv3,843914,False,1780300,5295342,1782564,58035,128,46608,4236
2,layer2.2.bn3,171999,False,372140,709640,371280,70392,69,52246,226
2,layer2.2.add,158434,False,344003,310400,343140,31723,39,51802,32
2,layer2.2.relu3,78911,False,175428,235335,174216,31622,27,19497,41
2,layer2.3.conv1,820805,False,1731504,5704905,1733844,34606,183,36033,4373
2,layer2.3.bn1,47280,False,109199,238482,107772,29609,50,9172,115
2,layer2.3.relu1,17691,False,46926,84927,45360,12825,22,612,13
2,layer2.3.conv2,1926552,False,4048893,8156520,4056192,92977,873,42673,16750
2,layer2.3.bn2,43047,False,100086,241221,98784,30222,88,3922,129
2,layer2.3.relu2,17600,False,46396,84807,45024,12806,29,711,10
2,layer2.3.conv3,850534,False,1794156,5303848,1796424,59375,165,47579,4304
2,layer2.3.bn3,174140,False,376927,712216,376152,70820,103,52448,214
2,layer2.3.add,158878,False,344638,310400,343812,31723,37,51500,31
2,layer2.3.relu3,78743,False,175586,235335,174468,31622,23,19600,42
2,layer3.0.conv1,1730775,False,3638453,10446393,3645012,97648,283,67435,9593
2,layer3.0.bn1,89990,False,199072,402178,198072,44231,69,22970,158
2,layer3.0.relu1,32976,False,78789,135128,77196,19104,31,3514,18
2,layer3.0.conv2,2195268,False,4613083,9198765,4621848,113561,1045,156595,38286
2,layer3.0.bn2,37021,False,87780,175051,86436,25391,97,5103,156
2,layer3.0.relu2,11957,False,35030,59719,33516,9670,35,487,13
2,layer3.0.conv3,972719,False,2050124,5933056,2053212,68197,146,46230,17083
2,layer3.0.bn3,92536,False,204774,444646,203784,50992,91,23874,358
2,layer3.0.downsample.0,2219700,False,4664043,10963072,4672836,134362,963,221760,33985
2,layer3.0.downsample.1,87337,False,193557,453850,192528,52627,108,13334,334
2,layer3.0.add,65488,False,148133,172416,147000,19179,46,18020,93
2,layer3.0.relu3,34537,False,82203,134983,80976,19078,35,3803,25
2,layer3.1.conv1,1018288,False,2145552,5946428,2148804,68005,223,51567,17647
2,layer3.1.bn1,33617,False,79972,172133,78708,24735,68,5276,148
2,layer3.1.relu1,11018,False,33211,59744,31500,9677,31,475,7
2,layer3.1.conv2,2039067,False,4285590,8738718,4293492,110185,1026,134372,37506
2,layer3.1.bn2,33080,False,79463,174541,78036,25286,99,1539,145
2,layer3.1.relu2,12803,False,36769,59851,35196,9692,33,511,23
2,layer3.1.conv3,973649,False,2052606,5933239,2055396,68196,150,46341,16812
2,layer3.1.bn3,90330,False,199767,444351,198660,50939,77,23008,324
2,layer3.1.add,67506,False,152123,172428,150948,19182,44,18964,64
2,layer3.1.relu3,32025,False,76781,134983,75348,19078,28,2697,20
2,layer3.2.conv1,1024244,False,2157891,5958433,2161152,69990,188,50752,17350
2,layer3.2.bn1,33321,False,79397,171999,78204,24714,48,5229,138
2,layer3.2.relu1,10960,False,32649,59731,31080,9673,22,477,7
2,layer3.2.conv2,2035318,False,4277381,8735159,4285008,109471,789,133897,37303
2,layer3.2.bn2,33873,False,80566,174730,79128,25326,72,1474,138
2,layer3.2.relu2,11668,False,34428,59839,32760,9689,28,558,50
2,layer3.2.conv3,972483,False,2049416,5932642,2052288,68099,108,46614,16547
2,layer3.2.bn3,92767,False,204863,444809,203784,51023,73,23705,340
2,layer3.2.add,66817,False,150779,173764,149520,19399,51,18548,51
2,layer3.2.relu3,30376,False,73205,134983,71820,19078,21,1855,19
2,layer3.3.conv1,1007159,False,2122112,5947103,2125200,68103,110,50436,16614
2,layer3.3.bn1,33790,False,80606,172133,79464,24735,59,5167,779
2,layer3.3.relu1,11617,False,34006,59719,32508,9670,23,489,8
2,layer3.3.conv2,2039678,False,4286597,8734100,4294752,109333,999,134263,38189
2,layer3.3.bn2,33298,False,79695,174752,78204,25339,81,1436,130
2,layer3.3.relu2,12509,False,43986,59901,34860,9706,37,499,32
2,layer3.3.conv3,968988,False,2042112,5933454,2045232,68237,111,45820,16491
2,layer3.3.bn3,91527,False,202415,444528,201180,50972,79,24226,360
2,layer3.3.add,67339,False,151766,172416,150360,19179,44,19117,35
2,layer3.3.relu3,31333,False,75606,134983,74340,19078,30,2530,32
2,layer3.4.conv1,1008509,False,2124979,5947044,2127972,68111,99,50988,16411
2,layer3.4.bn1,33072,False,79126,171999,77784,24714,51,5280,770
2,layer3.4.relu1,11013,False,32596,59719,30912,9670,24,511,6
2,layer3.4.conv2,2068461,False,4346852,8732950,4354896,109104,985,133295,50661
2,layer3.4.bn2,32203,False,77297,174811,75768,25353,82,1482,137
2,layer3.4.relu2,11841,False,34627,59839,33264,9689,27,477,18
2,layer3.4.conv3,968024,False,2040187,5932562,2043048,68090,99,46023,16483
2,layer3.4.bn3,91675,False,202638,444652,201264,51011,88,23721,347
2,layer3.4.add,71066,False,159467,178829,158424,20170,58,19814,46
2,layer3.4.relu3,31829,False,76408,134983,75012,19078,33,2920,19
2,layer3.5.conv1,1026490,False,2162455,5946159,2165436,67971,98,50941,15916
2,layer3.5.bn1,33414,False,80020,172133,78456,24735,56,5285,133
2,layer3.5.relu1,11004,False,32964,59719,31248,9670,17,487,21
2,layer3.5.conv2,2033546,False,4273828,8734749,4281648,109397,994,134297,37146
2,layer3.5.bn2,32684,False,78404,174668,76860,25314,94,1485,139
2,layer3.5.relu2,11998,False,34881,59851,33348,9692,29,485,14
2,layer3.5.conv3,968712,False,2041725,5932648,2044728,68101,90,46315,16453
2,layer3.5.bn3,90232,False,199846,444500,198576,50979,75,23416,341
2,layer3.5.add,66846,False,151048,172497,149772,19189,53,18827,37
2,layer3.5.relu3,32166,False,77208,135332,76020,19136,34,2705,32
2,layer4.0.conv1,1975356,False,4151443,11791773,4159092,121598,179,111225,38243
2,layer4.0.bn1,51495,False,117758,263963,116424,33681,84,9788,224
2,layer4.0.relu1,17881,False,47115,84819,45612,12809,30,725,13
2,layer4.0.conv2,3446469,False,7234722,11912235,7249116,159320,951,470881,166750
2,layer4.0.bn2,31068,False,74809,155917,73500,25048,114,3149,194
2,layer4.0.relu2,9284,False,29268,47261,27720,8109,24,487,17
2,layer4.0.conv3,1284303,False,2703536,8171764,2707908,52664,383,112357,67579
2,layer4.0.bn3,63511,False,142911,371090,141540,49912,83,12896,630
2,layer4.0.downsample.0,2894803,False,6079513,11967856,6091260,165024,1043,492019,144053
2,layer4.0.downsample.1,58529,False,132569,368510,131208,49769,111,2876,721
2,layer4.0.add,31600,False,76043,103556,74508,12929,50,7047,31
2,layer4.0.relu3,18244,False,48012,84807,46452,12806,40,533,11
2,layer4.1.conv1,1234621,False,2599407,8146350,2603496,51235,395,141620,67360
2,layer4.1.bn1,30248,False,73375,153431,71820,24484,93,3872,200
2,layer4.1.relu1,8920,False,28419,47153,26712,8093,24,487,19
2,layer4.1.conv2,3177497,False,6671517,11164670,6684804,156763,903,464307,160648
2,layer4.1.bn2,33139,False,79478,155890,78036,25053,133,1522,194
2,layer4.1.relu2,8623,False,27779,47153,26292,8093,22,476,13
2,layer4.1.conv3,1283138,False,2708519,8178615,2712864,53704,231,115206,65770
2,layer4.1.bn3,61184,False,138062,365223,136752,49039,82,12037,653
2,layer4.1.add,32011,False,77236,104892,76020,13146,47,7099,40
2,layer4.1.relu3,17518,False,46439,84807,45024,12806,28,356,13
2,layer4.2.conv1,1238338,False,2607646,8146195,2611980,51233,208,139794,69691
2,layer4.2.bn1,29195,False,71248,153216,69888,24444,79,3899,186
2,layer4.2.relu1,8366,False,27559,47153,26040,8093,26,517,37
2,layer4.2.conv2,3183006,False,6682418,11169048,6695640,157268,774,464600,159612
2,layer4.2.bn2,31764,False,76689,155833,75432,25037,113,1472,198
2,layer4.2.relu2,9031,False,28716,47141,27300,8090,23,516,18
2,layer4.2.conv3,1275111,False,2684333,8171981,2688672,52686,178,114208,64651
2,layer4.2.bn3,60162,False,135798,364839,134568,48949,65,11938,663
2,layer4.2.add,31400,False,75761,103556,74172,12929,49,7159,38
2,layer4.2.relu3,17237,False,45812,84807,44352,12806,33,364,11
2,avgpool,86091,False,190870,274011,189756,38728,941,2981,1794
2,flatten,13689,False,38710,40385,37212,7367,117,1099,254
2,fc,503241,False,1067215,341140,1067976,42789,320,132180,129081
3,conv1,2174130,False,4569412,8688407,4578000,97393,1219,178294,16731
3,bn1,341455,False,728572,1298782,728532,118679,306,105624,588
3,relu,174999,False,378697,436416,378000,56789,62,52096,60
3,maxpool,10195497,False,21374558,42890313,21425544,7868863,373985,93182,10732
3,layer1.0.conv1,269633,False,501297,1519989,576240,21159,343,27600,5417
3,layer1.0.bn1,87856,False,195038,385438,193872,41566,365,21212,854
3,layer1.0.relu1,33082,False,79052,134976,77532,19076,84,2236,65
3,layer1.0.conv2,1986960,False,4176727,8264321,4184208,91206,1726,59829,4966
3,layer1.0.bn2,75446,False,168791,388487,167580,42260,259,11988,173
3,layer1.0.relu2,33344,False,79458,135013,78036,19086,59,3084,35
3,layer1.0.conv3,861156,False,1816505,5280678,1818852,65063,320,65914,1872
3,layer1.0.bn3,319143,False,681109,1297978,681072,118319,344,101340,271
3,layer1.0.downsample.0,870789,False,1837638,5279832,1840020,64945,222,70144,6249
3,layer1.0.downsample.1,327285,False,698108,1303192,697872,119149,326,101721,4975
3,layer1.0.add,314475,False,671591,586361,671412,56809,129,103224,3978
3,layer1.0.relu3,175262,False,379393,436152,378672,56727,54,52050,33
3,layer1.1.conv1,813615,False,1717073,5647378,1719228,33886,243,62538,1039
3,layer1.1.bn1,93260,False,205991,385755,204792,41635,126,26080,531
3,layer1.1.relu1,31097,False,75103,134976,73584,19076,23,2282,42
3,layer1.1.conv2,1971503,False,4143410,8263293,4150944,91005,1199,59185,3468
3,layer1.1.bn2,74697,False,167026,388841,165648,42329,203,11504,162
3,layer1.1.relu2,32258,False,77670,134976,76272,19076,35,3069,35
3,layer1.1.conv3,855510,False,1804805,5280721,1807344,65050,275,65510,1173
3,layer1.1.bn3,325321,False,694819,1304304,694596,119307,340,102241,3855
3,layer1.1.add,316164,False,674873,586361,674772,56809,65,103108,3122
3,layer1.1.relu3,174323,False,377044,436152,376488,56727,30,52090,27
3,layer1.2.conv1,808485,False,1706352,5647098,1708644,33872,147,62753,1106
3,layer1.2.bn1,93507,False,206789,385826,205548,41651,132,25991,322
3,layer1.2.relu1,30686,False,74014,134976,72660,19076,25,2262,24
3,layer1.2.conv2,1965564,False,4130564,8267215,4138260,91797,1073,54951,3155
3,layer1.2.bn2,67929,False,152786,388912,151368,42334,147,8734,156
3,layer1.2.relu2,31723,False,76609,134988,75180,19079,35,1807,25
3,layer1.2.conv3,846892,False,1787421,5274297,1789872,64069,198,64645,1086
3,layer1.2.bn3,324227,False,692005,1304596,691992,119334,336,102465,2144
3,layer1.2.add,313978,False,670128,586398,670068,56819,49,103000,913
3,layer1.2.relu3,174280,False,376637,436152,375648,56727,27,52164,123
3,layer2.0.conv1,1602653,False,3371006,11240858,3376968,56887,284,127740,2244
3,layer2.0.bn1,175342,False,379617,691237,378840,67437,217,53912,98
3,layer2.0.relu1,78753,False,175412,235328,174216,31620,25,20198,29
3,layer2.0.conv2,2122317,False,4460149,8562384,4468212,99762,1182,150702,10063
3,layer2.0.bn2,43816,False,101557,241794,100212,30355,126,2157,79
3,layer2.0.relu2,17195,False,45720,84812,44184,12807,26,498,16
3,layer2.0.conv3,848529,False,1789826,5302009,1792308,59090,218,41783,5189
3,layer2.0.bn3,170257,False,368753,709787,367920,70431,106,51870,188
3,layer2.0.downsample.0,2301731,False,4837606,11212978,4846548,154405,1161,258609,13642
3,layer2.0.downsample.1,178062,False,385744,713404,385140,71209,112,53023,449
3,layer2.0.add,163823,False,355836,316720,354984,32690,62,52870,69
3,layer2.0.relu3,79337,False,176749,235347,175644,31625,39,19975,37
3,layer2.1.conv1,822549,False,1735238,5703693,1737540,34401,255,38052,3922
3,layer2.1.bn1,48600,False,112021,238468,110712,29615,78,10256,69
3,layer2.1.relu1,19071,False,49744,84927,48300,12825,34,855,13
3,layer2.1.conv2,1916557,False,4028136,8147448,4035444,91375,957,41597,9531
3,layer2.1.bn2,43879,False,102194,241264,100968,30240,76,3892,100
3,layer2.1.relu2,17310,False,46116,84832,44688,12813,27,538,10
3,layer2.1.conv3,848579,False,1790430,5301431,1792644,58980,140,45136,4704
3,layer2.1.bn3,172652,False,373864,710106,373044,70485,71,52109,188
3,layer2.1.add,158319,False,343898,310320,342972,31703,38,51214,19
3,layer2.1.relu3,78396,False,174720,235347,173460,31625,23,19402,41
3,layer2.2.conv1,825212,False,1740840,5712477,1743000,36085,226,37802,3872
3,layer2.2.bn1,48521,False,111558,238428,110292,29608,49,10162,66
3,layer2.2.relu1,19211,False,50154,85335,48804,12884,63,877,57
3,layer2.2.conv2,1915961,False,4026977,8151539,4034436,92107,964,42110,9451
3,layer2.2.bn2,43868,False,101962,241175,100464,30214,122,3767,101
3,layer2.2.relu2,18204,False,47826,84807,46368,12806,32,678,15
3,layer2.2.conv3,857455,False,1808824,5315439,1811208,61274,211,47755,4464
3,layer2.2.bn3,172055,False,372620,709664,372036,70407,87,52162,213
3,layer2.2.add,163708,False,354687,317380,353640,32785,68,52563,21
3,layer2.2.relu3,78338,False,174640,235335,173376,31622,24,19516,44
3,layer2.3.conv1,821759,False,1733575,5704674,1735860,34576,244,35789,4062
3,layer2.3.bn1,48726,False,112079,238562,110628,29629,63,9521,102
3,layer2.3.relu1,17359,False,46146,84927,44772,12825,26,619,10
3,layer2.3.conv2,1920309,False,4035860,8152819,4043088,92306,968,41610,15150
3,layer2.3.bn2,44575,False,103528,244367,102144,30800,156,4125,127
3,layer2.3.relu2,18114,False,47766,84807,46200,12806,30,714,11
3,layer2.3.conv3,848097,False,1789131,5302250,1791468,59121,155,47675,4243
3,layer2.3.bn3,174926,False,379128,710032,378504,70469,79,52579,192
3,layer2.3.add,158412,False,343952,310320,343224,31703,52,51598,18
3,layer2.3.relu3,78829,False,176200,235335,174972,31622,20,19208,32
3,layer3.0.conv1,1748486,False,3675966,10453177,3682476,98672,282,67954,8566
3,layer3.0.bn1,86567,False,191965,395326,190596,43177,62,22146,133
3,layer3.0.relu1,33219,False,79353,135128,77868,19104,24,3378,16
3,layer3.0.conv2,2195921,False,4614155,9210685,4622772,115626,1211,157479,38303
3,layer3.0.bn2,36144,False,85648,175373,84336,25477,113,4957,142
3,layer3.0.relu2,11785,False,34658,59719,33096,9670,25,510,17
3,layer3.0.conv3,968831,False,2042598,5932872,2045484,68166,151,46021,17115
3,layer3.0.bn3,92740,False,205262,444776,204036,51023,104,23821,329
3,layer3.0.downsample.0,2221534,False,4668140,10959709,4676700,133705,1043,221542,33953
3,layer3.0.downsample.1,82659,False,183772,448222,182532,51800,124,12797,335
3,layer3.0.add,66237,False,149468,172336,148344,19159,43,18013,43
3,layer3.0.relu3,34574,False,82326,136331,80892,19298,43,3827,26
3,layer3.1.conv1,1027731,False,2165295,5952370,2168544,68941,263,52276,16410
3,layer3.1.bn1,34902,False,82790,172243,81312,24760,85,5348,142
3,layer3.1.relu1,11586,False,33859,59824,32256,9697,27,465,9
3,layer3.1.conv2,2040015,False,4287246,8738257,4295256,110143,1116,134345,37373
3,layer3.1.bn2,33517,False,79745,174588,78372,25301,97,1503,139
3,layer3.1.relu2,12225,False,35481,59931,34020,9712,32,497,15
3,layer3.1.conv3,969432,False,2043557,5932636,2046408,68098,115,46279,16889
3,layer3.1.bn3,90923,False,201101,444356,199836,50941,84,23295,320
3,layer3.1.add,67491,False,151768,172348,150612,19162,38,18843,42
3,layer3.1.relu3,32312,False,77516,135063,76104,19098,25,2652,14
3,layer3.2.conv1,1010431,False,2128891,5945458,2131920,67856,138,51068,16202
3,layer3.2.bn1,33496,False,79911,171999,78540,24714,51,5295,138
3,layer3.2.relu1,10752,False,32055,59811,30492,9693,20,491,13
3,layer3.2.conv2,2035876,False,4278680,8735109,4286688,109535,974,134372,37281
3,layer3.2.bn2,37033,False,87286,181660,86100,26403,96,2143,143
3,layer3.2.relu2,11858,False,34582,59919,33012,9709,25,525,15
3,layer3.2.conv3,968146,False,2041091,5933287,2044140,68192,98,46591,16784
3,layer3.2.bn3,93129,False,205734,444721,204456,51014,79,23623,301
3,layer3.2.add,66789,False,150466,172336,149268,19159,37,18382,47
3,layer3.2.relu3,30102,False,72694,135063,71316,19098,25,1859,14
3,layer3.3.conv1,1008680,False,2126372,5946901,2129484,68086,111,51301,15539
3,layer3.3.bn1,33538,False,80399,172133,78960,24735,48,5199,383
3,layer3.3.relu1,11353,False,33554,59799,31920,9690,21,485,7
3,layer3.3.conv2,2034071,False,4274902,8738462,4282824,110074,948,134003,37675
3,layer3.3.bn2,33014,False,79445,175138,78120,25431,102,1487,135
3,layer3.3.relu2,12618,False,36354,59981,35028,9726,38,497,14
3,layer3.3.conv3,972674,False,2050315,5933331,2053212,68224,111,46102,16473
3,layer3.3.bn3,92669,False,204862,444499,203700,50976,75,23927,317
3,layer3.3.add,72227,False,162037,179366,160860,20236,50,20040,37
3,layer3.3.relu3,30737,False,73940,135063,72576,19098,23,2449,20
3,layer3.4.conv1,1017175,False,2143734,5959975,2146956,70243,130,51196,15190
3,layer3.4.bn1,32443,False,77846,171999,76440,24714,42,5257,350
3,layer3.4.relu1,11529,False,33962,59799,32424,9690,18,491,11
3,layer3.4.conv2,2065788,False,4341632,8738873,4349856,110175,976,133852,49039
3,layer3.4.bn2,32715,False,78541,175152,77196,25428,88,1542,139
3,layer3.4.relu2,11883,False,34479,59919,32928,9709,34,516,15
3,layer3.4.conv3,966751,False,2037552,5932806,2040696,68146,102,46046,16445
3,layer3.4.bn3,91163,False,202137,444622,201012,51001,84,23790,340
3,layer3.4.add,67339,False,151743,172361,150696,19166,43,18956,52
3,layer3.4.relu3,32472,False,78604,135286,77280,19152,45,2866,11
3,layer3.5.conv1,1012833,False,2134767,5946410,2137968,68035,102,51449,14843
3,layer3.5.bn1,35064,False,83654,172133,82152,24735,87,5402,139
3,layer3.5.relu1,11323,False,33451,59799,31920,9690,35,488,11
3,layer3.5.conv2,2037684,False,4282380,8735464,4290300,109635,982,134292,37153
3,layer3.5.bn2,33771,False,80445,174938,79128,25370,104,1584,141
3,layer3.5.relu2,11785,False,34593,59931,32928,9712,28,506,20
3,layer3.5.conv3,994193,False,2067011,5941051,2070012,69597,340,47510,16522
3,layer3.5.bn3,90719,False,200666,444415,199500,50952,68,23921,330
3,layer3.5.add,67395,False,151624,172336,150444,19159,44,18827,44
3,layer3.5.relu3,32177,False,77269,135075,75852,19101,28,2637,31
3,layer4.0.conv1,1976887,False,4154728,11792196,4162200,121664,194,111606,35664
3,layer4.0.bn1,51852,False,118591,265095,117348,33862,82,9820,218
3,layer4.0.relu1,17439,False,46344,84819,44772,12809,24,717,9
3,layer4.0.conv2,3424028,False,7187778,11925039,7201908,161644,961,471702,155265
3,layer4.0.bn2,30413,False,73389,155833,71904,25041,103,3152,182
3,layer4.0.relu2,8252,False,27135,47261,25536,8109,24,516,33
3,layer4.0.conv3,1275978,False,2686004,8171834,2690352,52682,442,112823,59670
3,layer4.0.bn3,60147,False,136015,365068,134904,49010,80,12136,672
3,layer4.0.downsample.0,2891890,False,6073188,11978288,6085044,166753,1149,493155,133090
3,layer4.0.downsample.1,59190,False,133848,368472,132384,49758,125,2847,631
3,layer4.0.add,32462,False,77975,103476,76608,12909,48,7101,37
3,layer4.0.relu3,18411,False,48275,85144,46872,12861,46,614,60
3,layer4.1.conv1,1238689,False,2607894,8153612,2612064,52383,390,142231,59895
3,layer4.1.bn1,30421,False,73335,153232,71988,24459,94,3956,211
3,layer4.1.relu1,8037,False,26534,47153,25116,8093,25,461,6
3,layer4.1.conv2,3163674,False,6642713,11170324,6655656,157795,857,464468,151627
3,layer4.1.bn2,33044,False,78974,156082,77532,25091,117,1600,198
3,layer4.1.relu2,9468,False,29586,47153,27972,8093,27,534,26
3,layer4.1.conv3,1281200,False,2697242,8178325,2701524,53663,247,115293,60667
3,layer4.1.bn3,60876,False,137712,365269,136416,49049,79,12127,605
3,layer4.1.add,31226,False,75542,103464,74172,12906,38,7024,30
3,layer4.1.relu3,17219,False,45873,84807,44184,12806,27,379,17
3,layer4.2.conv1,1231735,False,2593498,8146533,2597784,51281,255,140255,64122
3,layer4.2.bn1,28977,False,70597,153305,69216,24467,67,4024,207
3,layer4.2.relu1,7945,False,26228,47153,24696,8093,20,489,7
3,layer4.2.conv2,3151968,False,6617218,11165082,6630288,156823,763,464680,150823
3,layer4.2.bn2,32349,False,77451,155996,76020,25075,103,1505,199
3,layer4.2.relu2,8395,False,27522,47141,26208,8090,19,470,11
3,layer4.2.conv3,1275946,False,2686064,8178250,2690184,53654,259,115211,60567
3,layer4.2.bn3,60797,False,137330,365254,136080,49044,66,11971,694
3,layer4.2.add,31346,False,75566,103476,74004,12909,37,7090,29
3,layer4.2.relu3,16491,False,44420,84807,43008,12806,26,370,18
3,avgpool,87587,False,194237,274398,193116,38801,984,3234,1895
3,flatten,8713,False,28081,34015,26628,6364,95,390,214
3,fc,508063,False,1077303,348423,1077972,43914,347,133385,129129
4,conv1,2173122,False,4566903,8687480,4575480,97157,1056,178188,16745
4,bn1,336633,False,718306,1292180,718284,117643,265,104467,1591
4,relu,178671,False,386502,442819,385728,57776,77,53251,141
4,maxpool,10162584,False,21303632,42889715,21356832,7868743,374442,92895,10023
4,layer1.0.conv1,260372,False,490972,1513278,556164,20117,311,27010,4988
4,layer1.0.bn1,88604,False,196701,385870,195468,41665,369,20899,908
4,layer1.0.relu1,33182,False,79277,134976,77952,19076,84,2302,73
4,layer1.0.conv2,1993493,False,4190093,8281369,4197816,93939,1783,60405,5262
4,layer1.0.bn2,75877,False,170013,388332,168840,42221,259,11550,198
4,layer1.0.relu2,33522,False,80077,135013,78624,19086,61,3224,40
4,layer1.0.conv3,856492,False,1807117,5274453,1809696,64085,269,65010,2037
4,layer1.0.bn3,320023,False,683043,1297988,683004,118321,351,101446,354
4,layer1.0.downsample.0,869811,False,1834752,5281628,1837080,65186,152,70475,4732
4,layer1.0.downsample.1,319138,False,681266,1297908,681156,118306,313,101130,802
4,layer1.0.add,315610,False,673835,586281,673764,56789,126,103218,466
4,layer1.0.relu3,174464,False,377509,436152,376740,56727,51,52078,40
4,layer1.1.conv1,812185,False,1713832,5646959,1715868,33847,241,62244,974
4,layer1.1.bn1,95026,False,209684,385835,208656,41655,139,26095,421
4,layer1.1.relu1,31559,False,75790,136324,74424,19296,39,2328,31
4,layer1.1.conv2,1978171,False,4158559,8265220,4166064,91433,1295,59888,3527
4,layer1.1.bn2,74642,False,167205,388647,165900,42291,206,11655,133
4,layer1.1.relu2,33467,False,79958,135056,78624,19096,39,3121,28
4,layer1.1.conv3,856119,False,1806050,5280757,1808604,65058,189,65649,1231
4,layer1.1.bn3,320721,False,684472,1297864,684348,118293,318,101203,440
4,layer1.1.add,319474,False,681998,592676,682080,57775,78,104201,48
4,layer1.1.relu3,174163,False,376826,436232,375984,56747,40,52089,26
4,layer1.2.conv1,810799,False,1711026,5647431,1713432,33942,130,62754,1033
4,layer1.2.bn1,93014,False,205477,385786,204288,41644,131,26014,267
4,layer1.2.relu1,30851,False,74291,135056,72912,19096,27,2259,15
4,layer1.2.conv2,1973863,False,4148172,8280145,4155816,93504,1032,56093,3342
4,layer1.2.bn2,71153,False,159437,388667,158424,42280,158,8662,152
4,layer1.2.relu2,31258,False,75411,135068,74172,19099,33,1841,30
4,layer1.2.conv3,852250,False,1797889,5280277,1800120,64989,263,65413,1103
4,layer1.2.bn3,319472,False,681747,1297849,681576,118288,305,101314,1493
4,layer1.2.add,318042,False,678641,591574,678720,57638,59,103886,624
4,layer1.2.relu3,175111,False,378635,436232,377748,56747,30,52234,229
4,layer2.0.conv1,1594636,False,3353502,11228081,3359496,54822,253,127392,2318
4,layer2.0.bn1,175232,False,379104,689889,378420,67217,186,53870,114
4,layer2.0.relu1,78988,False,175896,235408,174804,31640,25,20089,33
4,layer2.0.conv2,2123081,False,4461192,8558533,4469640,98946,1134,151453,9907
4,layer2.0.bn2,44094,False,101997,241271,100632,30233,140,2030,69
4,layer2.0.relu2,17614,False,46670,84892,45192,12827,45,525,14
4,layer2.0.conv3,850735,False,1794979,5301427,1797348,59012,274,42020,5265
4,layer2.0.bn3,169984,False,368225,709576,367584,70379,89,51668,179
4,layer2.0.downsample.0,2314874,False,4863873,11222598,4872840,155895,1153,260652,13278
4,layer2.0.downsample.1,176265,False,381460,713364,380688,71190,127,53130,514
4,layer2.0.add,160255,False,348304,310325,347340,31704,77,51901,73
4,layer2.0.relu3,79925,False,178133,235427,176904,31645,54,19947,50
4,layer2.1.conv1,823190,False,1737387,5703711,1739472,34408,271,38637,3649
4,layer2.1.bn1,48681,False,111969,238348,110880,29588,77,10360,90
4,layer2.1.relu1,18168,False,47889,85007,46368,12845,35,862,14
4,layer2.1.conv2,1952825,False,4052201,8152303,4059636,92072,1208,43847,9441
4,layer2.1.bn2,43645,False,101492,241037,99876,30183,92,4154,110
4,layer2.1.relu2,18072,False,47730,84912,46200,12833,43,594,18
4,layer2.1.conv3,845822,False,1791942,5301707,1794324,59009,220,45233,4743
4,layer2.1.bn3,175771,False,380113,716404,379344,71448,91,53030,178
4,layer2.1.add,158410,False,343843,310320,343056,31703,46,51187,27
4,layer2.1.relu3,79066,False,176128,235427,174972,31645,30,19230,43
4,layer2.2.conv1,820821,False,1731442,5703052,1733592,34330,205,36849,3632
4,layer2.2.bn1,47156,False,108913,238348,107604,29588,40,10184,64
4,layer2.2.relu1,17708,False,46774,85007,45360,12845,31,715,9
4,layer2.2.conv2,1917874,False,4031196,8145578,4038468,90928,955,41793,9193
4,layer2.2.bn2,43871,False,101841,241192,100464,30223,102,3822,89
4,layer2.2.relu2,17695,False,46971,84887,45444,12826,23,666,18
4,layer2.2.conv3,848131,False,1788951,5301376,1791132,58967,144,47456,4628
4,layer2.2.bn3,169604,False,367440,709640,366660,70392,64,52208,182
4,layer2.2.add,158468,False,344206,310320,343476,31703,39,51745,18
4,layer2.2.relu3,78243,False,174157,235415,172788,31642,27,19418,33
4,layer2.3.conv1,825860,False,1742358,5718550,1744764,36859,268,36303,3964
4,layer2.3.bn1,48637,False,111757,240940,110460,30015,77,9435,90
4,layer2.3.relu1,17541,False,46517,86355,45024,13065,29,633,11
4,layer2.3.conv2,1915444,False,4033967,8147184,4041324,91228,963,41818,14497
4,layer2.3.bn2,47552,False,109795,248484,108360,31392,112,4379,119
4,layer2.3.relu2,17832,False,47331,84887,45864,12826,38,723,6
4,layer2.3.conv3,843660,False,1779948,5295341,1782228,58040,146,46725,4130
4,layer2.3.bn3,176902,False,382962,716340,382284,71432,82,53100,178
4,layer2.3.add,158917,False,345099,310320,344232,31703,36,51649,14
4,layer2.3.relu3,78222,False,174293,235415,173124,31642,26,19427,38
4,layer3.0.conv1,1724240,False,3624913,10451769,3631152,98447,263,68045,7692
4,layer3.0.bn1,84763,False,187982,395374,186816,43176,56,22033,106
4,layer3.0.relu1,31613,False,76048,135208,74592,19124,31,3159,14
4,layer3.0.conv2,2196879,False,4616248,9200598,4624956,113971,1132,162058,37409
4,layer3.0.bn2,36414,False,86015,174797,84672,25336,104,5053,150
4,layer3.0.relu2,12390,False,35715,59799,34104,9690,30,557,27
4,layer3.0.conv3,968333,False,2040933,5932615,2043972,68109,152,45789,16908
4,layer3.0.bn3,90419,False,200001,444333,198660,50926,80,23550,330
4,layer3.0.downsample.0,2220386,False,4665757,10958977,4674432,133544,976,221907,33610
4,layer3.0.downsample.1,83294,False,185362,447871,184128,51707,131,13232,328
4,layer3.0.add,65674,False,148062,172336,146748,19159,41,18063,29
4,layer3.0.relu3,34262,False,81818,135063,80388,19098,34,3936,18
4,layer3.1.conv1,1019687,False,2148598,5946600,2151660,68040,229,52662,14368
4,layer3.1.bn1,33113,False,78849,172133,77532,24735,53,5258,125
4,layer3.1.relu1,11975,False,35041,59824,33684,9697,34,488,6
4,layer3.1.conv2,2038999,False,4285501,8732722,4293324,108950,1065,134877,37054
4,layer3.1.bn2,33208,False,79283,174969,77784,25375,120,1481,146
4,layer3.1.relu2,11990,False,34953,59931,33264,9712,37,498,15
4,layer3.1.conv3,965243,False,2043454,5933723,2046492,68265,187,45834,16704
4,layer3.1.bn3,91930,False,203408,444386,202104,50944,91,23387,342
4,layer3.1.add,67997,False,153051,172348,151788,19162,50,19005,41
4,layer3.1.relu3,31572,False,75918,135063,74256,19098,25,2630,14
4,layer3.2.conv1,1024747,False,2158957,5947421,2161992,68142,157,51597,14849
4,layer3.2.bn1,33222,False,79374,172133,77952,24735,55,5285,130
4,layer3.2.relu1,10706,False,32288,59811,30996,9693,24,471,12
4,layer3.2.conv2,2039310,False,4286091,8732153,4294080,108788,1105,134516,37160
4,layer3.2.bn2,34043,False,81022,174686,79296,25320,102,1490,133
4,layer3.2.relu2,12168,False,35035,59919,33684,9709,24,486,18
4,layer3.2.conv3,966801,False,2037624,5933253,2040444,68183,134,46590,16605
4,layer3.2.bn3,93214,False,205805,444626,204792,50993,65,23664,307
4,layer3.2.add,67093,False,151285,172336,150024,19159,45,18461,38
4,layer3.2.relu3,34780,False,82429,142093,80976,20176,32,2741,15
4,layer3.3.conv1,1011141,False,2130479,5946554,2133516,68054,120,51010,14778
4,layer3.3.bn1,32601,False,77758,172133,76272,24735,36,5113,506
4,layer3.3.relu1,11090,False,32750,59799,31332,9690,18,466,7
4,layer3.3.conv2,2033317,False,4273738,8731601,4281648,108683,1019,134236,37803
4,layer3.3.bn2,33659,False,80529,175381,79296,25478,95,1490,136
4,layer3.3.relu2,12894,False,37084,59981,35532,9726,39,534,17
4,layer3.3.conv3,968071,False,2040416,5933574,2043468,68264,115,46239,16552
4,layer3.3.bn3,91547,False,202594,444402,201516,50950,65,24056,321
4,layer3.3.add,67661,False,152300,172336,150948,19159,34,19093,25
4,layer3.3.relu3,31745,False,76227,135063,74844,19098,24,2542,19
4,layer3.4.conv1,1008997,False,2125685,5947264,2128812,68162,113,51666,14928
4,layer3.4.bn1,32713,False,78165,171999,76776,24714,33,5274,474
4,layer3.4.relu1,11200,False,33062,61147,31416,9910,29,499,11
4,layer3.4.conv2,2064061,False,4338206,8737855,4346160,109637,818,134074,47672
4,layer3.4.bn2,33832,False,80712,174657,79380,25310,81,1552,132
4,layer3.4.relu2,12446,False,35935,59919,34272,9709,33,544,24
4,layer3.4.conv3,970804,False,2045858,5934199,2048760,68322,121,46255,16421
4,layer3.4.bn3,92227,False,204191,444438,202860,50951,60,23840,342
4,layer3.4.add,68334,False,153627,172361,152292,19166,34,18929,38
4,layer3.4.relu3,31504,False,75751,135063,74424,19098,18,2646,11
4,layer3.5.conv1,1023292,False,2155662,5946871,2158884,68076,97,51500,15073
4,layer3.5.bn1,32986,False,78635,172173,77028,24742,43,5262,125
4,layer3.5.relu1,10993,False,32789,59799,31332,9690,18,472,11
4,layer3.5.conv2,2035465,False,4277850,8737233,4285596,109824,883,134595,37101
4,layer3.5.bn2,33275,False,79396,174877,78036,25360,73,1493,133
4,layer3.5.relu2,12035,False,35183,59931,33768,9712,27,515,21
4,layer3.5.conv3,969124,False,2042751,5933058,2045652,68190,108,46179,16420
4,layer3.5.bn3,93461,False,206449,450973,205380,51947,58,23964,306
4,layer3.5.add,67773,False,152546,172336,151200,19159,28,19174,43
4,layer3.5.relu3,31770,False,76377,135075,74844,19101,22,2580,20
4,layer4.0.conv1,1968371,False,4136841,11792311,4144392,121669,187,111006,36879
4,layer4.0.bn1,51919,False,118674,263983,117264,33686,75,9899,219
4,layer4.0.relu1,16718,False,44831,84899,43260,12829,22,680,9
4,layer4.0.conv2,3470283,False,7284630,11914342,7299348,159746,1033,470681,176716
4,layer4.0.bn2,30749,False,73822,156070,72324,25076,108,3111,178
4,layer4.0.relu2,8167,False,26768,47341,25200,8129,19,573,50
4,layer4.0.conv3,1280937,False,2696516,8172797,2701020,52821,406,113043,63803
4,layer4.0.bn3,59442,False,134168,364948,132888,48983,80,12048,687
4,layer4.0.downsample.0,2905334,False,6100953,11976541,6112764,166408,1090,493631,150274
4,layer4.0.downsample.1,59382,False,134351,368342,133056,49729,117,2906,673
4,layer4.0.add,31557,False,75946,103476,74676,12909,43,7091,36
4,layer4.0.relu3,17508,False,46367,84887,45024,12826,38,560,18
4,layer4.1.conv1,1236862,False,2604179,8146494,2608368,51250,346,140909,66555
4,layer4.1.bn1,30768,False,74279,153112,72912,24432,87,3930,202
4,layer4.1.relu1,11852,False,34510,53318,33096,9055,32,1061,13
4,layer4.1.conv2,3199034,False,6716457,11164402,6729744,156598,927,464595,165723
4,layer4.1.bn2,32326,False,77378,156239,75936,25135,128,1562,198
4,layer4.1.relu2,9083,False,28890,47233,27300,8113,18,491,23
4,layer4.1.conv3,1287583,False,2711289,8172094,2715636,52714,223,114280,66051
4,layer4.1.bn3,61297,False,138298,365126,137088,49016,77,12076,632
4,layer4.1.add,31936,False,76827,103464,75432,12906,35,7038,24
4,layer4.1.relu3,18025,False,47483,85224,46116,12881,33,400,30
4,layer4.2.conv1,1245971,False,2623437,8152032,2627772,52120,230,140513,72484
4,layer4.2.bn1,30070,False,72795,153204,71400,24448,69,4011,198
4,layer4.2.relu1,8632,False,27797,47233,26208,8113,14,464,7
4,layer4.2.conv2,3216353,False,6700565,11168592,6713616,157393,982,465564,162330
4,layer4.2.bn2,32182,False,77154,155758,75768,25014,96,1555,206
4,layer4.2.relu2,9195,False,29004,47221,27384,8110,19,565,38
4,layer4.2.conv3,1289222,False,2713628,8178942,2717904,53803,233,115726,65118
4,layer4.2.bn3,60346,False,136380,365134,135156,49017,54,12130,708
4,layer4.2.add,31105,False,75027,103476,73584,12909,31,7148,35
4,layer4.2.relu3,17332,False,46169,84887,44772,12826,27,401,30
4,avgpool,89940,False,198691,274065,197484,38740,966,3196,2078
4,flatten,9344,False,29165,34015,27720,6364,91,453,272
4,fc,508491,False,1078615,347748,1079400,43832,340,132930,129119
5,conv1,2173819,False,4568400,8690405,4576908,97745,1112,178164,31940
5,bn1,340142,False,725597,1292237,725424,117637,304,104517,6673
5,relu,175643,False,380098,436423,379260,56791,68,52176,331
5,maxpool,10389856,False,21781235,42907946,21833112,7871666,387958,93371,10757
5,layer1.0.conv1,268199,False,493304,1513292,573720,20118,344,27022,4801
5,layer1.0.bn1,88725,False,196485,385577,195300,41597,358,20960,841
5,layer1.0.relu1,33134,False,79521,134983,77868,19078,85,2296,54
5,layer1.0.conv2,1981303,False,4164300,8266624,4172028,91575,1614,59786,5168
5,layer1.0.bn2,78993,False,176310,395037,175224,43279,241,12477,172
5,layer1.0.relu2,33003,False,78935,135020,77364,19088,55,3209,27
5,layer1.0.conv3,856069,False,1806307,5274517,1808604,64099,284,65186,2005
5,layer1.0.bn3,318435,False,680018,1297871,679896,118294,348,101456,420
5,layer1.0.downsample.0,871416,False,1838355,5280466,1841028,65020,190,70199,5613
5,layer1.0.downsample.1,322343,False,688705,1297831,688632,118286,317,101028,3907
5,layer1.0.add,320943,False,685457,593291,685524,57862,136,104239,2792
5,layer1.0.relu3,173305,False,374626,436159,373716,56729,52,52037,24
5,layer1.1.conv1,809307,False,1708059,5646254,1710156,33731,209,62324,993
5,layer1.1.bn1,94276,False,208140,385758,207144,41635,139,26182,454
5,layer1.1.relu1,30963,False,74843,134983,73248,19078,30,2282,34
5,layer1.1.conv2,1972680,False,4145969,8264990,4153716,91215,1113,59381,3516
5,layer1.1.bn2,74603,False,166946,388603,165732,42278,193,11555,153
5,layer1.1.relu2,32539,False,78209,134983,76860,19078,38,2975,23
5,layer1.1.conv3,855595,False,1805153,5280446,1807596,65015,228,65566,1168
5,layer1.1.bn3,320274,False,683458,1297968,683424,118318,324,101314,2545
5,layer1.1.add,317671,False,677861,592322,677880,57723,54,104048,1491
5,layer1.1.relu3,174728,False,377837,436159,377076,56729,30,52003,1009
5,layer1.2.conv1,809807,False,1708794,5646880,1710828,33844,180,62597,1154
5,layer1.2.bn1,93458,False,206485,385789,205380,41644,129,25997,258
5,layer1.2.relu1,31403,False,75628,134983,74256,19078,31,2314,21
5,layer1.2.conv2,1962234,False,4124264,8262150,4131876,90664,894,54904,2725
5,layer1.2.bn2,69872,False,156822,388681,155568,42281,177,8652,158
5,layer1.2.relu2,31026,False,74861,134995,73332,19081,30,1745,24
5,layer1.2.conv3,851715,False,1797052,5280688,1799700,65053,232,65327,1054
5,layer1.2.bn3,319831,False,682590,1297882,682584,118299,313,101387,2120
5,layer1.2.add,322053,False,687428,601169,687372,59401,73,104428,1524
5,layer1.2.relu3,174606,False,377844,436159,376992,56729,31,52202,411
5,layer2.0.conv1,1594074,False,3352610,11227114,3358236,54645,207,126879,2641
5,layer2.0.bn1,173426,False,375420,689892,374724,67217,177,53865,153
5,layer2.0.relu1,79930,False,178272,235335,177240,31622,28,20136,37
5,layer2.0.conv2,2132872,False,4482327,8574363,4490808,101642,1027,151826,9975
5,layer2.0.bn2,42602,False,99272,241452,98028,30268,96,2066,89
5,layer2.0.relu2,17862,False,47125,84819,45696,12809,35,501,12
5,layer2.0.conv3,848971,False,1790945,5302243,1793400,59138,215,42064,5003
5,layer2.0.bn3,170382,False,368687,709824,368004,70426,82,51635,200
5,layer2.0.downsample.0,2306966,False,4847300,11218020,4856376,154978,1058,259560,13768
5,layer2.0.downsample.1,177550,False,384070,713482,383544,71225,123,53057,446
5,layer2.0.add,159807,False,346783,310332,345828,31706,51,51825,126
5,layer2.0.relu3,79113,False,176098,235347,174888,31625,42,19773,31
5,layer2.1.conv1,825163,False,1740397,5704605,1742580,34548,300,38460,3814
5,layer2.1.bn1,48196,False,111077,238344,109872,29586,75,10201,77
5,layer2.1.relu1,18014,False,47338,84927,45864,12825,30,858,9
5,layer2.1.conv2,1919887,False,4035107,8146617,4042584,91103,1202,41916,9442
5,layer2.1.bn2,43447,False,100894,241061,99624,30188,92,3765,93
5,layer2.1.relu2,18434,False,48452,84832,46788,12813,28,596,12
5,layer2.1.conv3,847048,False,1787174,5301446,1789368,58984,200,45049,4504
5,layer2.1.bn3,175970,False,380415,715672,379764,71368,70,52832,181
5,layer2.1.add,157650,False,342155,310320,341292,31703,50,51096,26
5,layer2.1.relu3,78019,False,174023,235347,172788,31625,26,19419,42
5,layer2.2.conv1,819736,False,1729161,5705036,1731324,34630,202,36834,3710
5,layer2.2.bn1,47090,False,108383,238344,107016,29586,46,10212,76
5,layer2.2.relu1,17221,False,45855,84927,44604,12825,19,743,10
5,layer2.2.conv2,1917806,False,4030850,8150284,4038132,91892,1016,41950,9305
5,layer2.2.bn2,43648,False,101666,241337,100296,30254,106,3793,84
5,layer2.2.relu2,17569,False,46696,84807,45360,12806,31,705,11
5,layer2.2.conv3,848982,False,1791037,5303606,1793316,59339,169,47682,4539
5,layer2.2.bn3,171578,False,371241,712227,370608,70820,109,52239,234
5,layer2.2.add,158604,False,344185,310320,343392,31703,44,51758,14
5,layer2.2.relu3,78578,False,174895,235335,173628,31622,24,19550,40
5,layer2.3.conv1,819550,False,1728930,5703933,1731156,34454,172,35826,3818
5,layer2.3.bn1,47238,False,108961,238478,107604,29607,48,9323,74
5,layer2.3.relu1,17672,False,46925,84927,45612,12825,23,634,12
5,layer2.3.conv2,1919091,False,4033903,8148016,4041240,91454,1006,41864,13893
5,layer2.3.bn2,42235,False,98472,241380,97104,30260,81,3678,95
5,layer2.3.relu2,18178,False,47946,84807,46452,12806,34,687,7
5,layer2.3.conv3,843171,False,1778571,5295610,1780968,58102,164,46933,4103
5,layer2.3.bn3,175801,False,380354,716246,379512,71429,84,53283,180
5,layer2.3.add,158996,False,345334,310320,344232,31703,36,51521,17
5,layer2.3.relu3,77421,False,172528,235335,171276,31622,25,19407,34
5,layer3.0.conv1,1766256,False,3713404,10465780,3720024,100753,308,68587,7635
5,layer3.0.bn1,85176,False,189088,395242,187992,43155,56,22221,139
5,layer3.0.relu1,32745,False,78413,135128,76776,19104,35,3301,15
5,layer3.0.conv2,2218849,False,4662208,9202976,4670988,114368,1136,160937,45626
5,layer3.0.bn2,35538,False,84386,175069,82908,25400,99,4921,138
5,layer3.0.relu2,11648,False,34255,59719,32844,9670,29,511,11
5,layer3.0.conv3,967429,False,2038976,5932730,2042040,68134,154,45070,16670
5,layer3.0.bn3,92948,False,205361,444527,204204,50966,101,23628,315
5,layer3.0.downsample.0,2220665,False,4666313,10962587,4675272,134248,1018,221975,33677
5,layer3.0.downsample.1,81532,False,181598,447959,180600,51730,128,13178,342
5,layer3.0.add,65905,False,148796,172336,147588,19159,42,18051,37
5,layer3.0.relu3,34516,False,82098,134983,80472,19078,40,3881,24
5,layer3.1.conv1,1025739,False,2161466,5946685,2164680,68052,276,52593,14764
5,layer3.1.bn1,33728,False,80421,172159,79128,24740,74,5324,126
5,layer3.1.relu1,11312,False,33733,59744,32004,9677,26,465,8
5,layer3.1.conv2,2041042,False,4289408,8740317,4297272,110512,1076,134882,37125
5,layer3.1.bn2,33515,False,80050,174869,78456,25366,81,1492,131
5,layer3.1.relu2,12425,False,35870,59851,34188,9692,28,512,19
5,layer3.1.conv3,963901,False,2039826,5932669,2042712,68107,143,45297,16450
5,layer3.1.bn3,90464,False,200185,444409,198996,50954,80,23327,319
5,layer3.1.add,67874,False,153056,172348,151872,19162,45,19220,55
5,layer3.1.relu3,31907,False,76640,134983,75264,19078,27,2616,20
5,layer3.2.conv1,1009545,False,2127060,5946121,2130240,67963,136,51249,14225
5,layer3.2.bn1,33267,False,79610,171995,78288,24712,57,5147,132
5,layer3.2.relu1,11124,False,33073,59731,31500,9673,31,483,8
5,layer3.2.conv2,2030568,False,4267649,8737280,4275600,109923,766,133927,36919
5,layer3.2.bn2,33500,False,80032,174500,78624,25279,110,1625,129
5,layer3.2.relu2,12252,False,35542,59839,34020,9689,30,489,11
5,layer3.2.conv3,969191,False,2042665,5932657,2045568,68103,124,46758,16370
5,layer3.2.bn3,92122,False,203603,444486,202356,50958,58,23533,307
5,layer3.2.add,65816,False,148790,172336,147588,19159,36,18311,35
5,layer3.2.relu3,30248,False,81904,141958,80388,20165,37,2716,14
5,layer3.3.conv1,1008507,False,2124954,5947258,2127888,68168,132,51100,13901
5,layer3.3.bn1,32383,False,77581,172129,76104,24733,51,5169,497
5,layer3.3.relu1,10962,False,32839,59719,31332,9670,18,458,9
5,layer3.3.conv2,2035583,False,4278092,8738525,4285932,110128,927,134129,37327
5,layer3.3.bn2,33231,False,79634,175070,78204,25406,92,1541,128
5,layer3.3.relu2,11981,False,34995,59901,33180,9706,35,491,10
5,layer3.3.conv3,970313,False,2044922,5933326,2047920,68236,116,46287,16341
5,layer3.3.bn3,93049,False,205683,444378,204708,50937,77,24092,313
5,layer3.3.add,67344,False,151692,172336,150612,19159,36,19183,21
5,layer3.3.relu3,31040,False,74711,134983,73248,19078,22,2445,34
5,layer3.4.conv1,1005159,False,2118219,5946967,2121252,68103,112,51801,13450
5,layer3.4.bn1,32506,False,77795,171995,76272,24712,54,5261,478
5,layer3.4.relu1,10675,False,32041,59719,30660,9670,26,504,11
5,layer3.4.conv2,2053054,False,4314806,8737032,4322640,109839,974,133988,41358
5,layer3.4.bn2,33204,False,86870,174532,78120,25282,66,1543,132
5,layer3.4.relu2,11933,False,34789,59839,33264,9689,30,502,10
5,layer3.4.conv3,968579,False,2041351,5932647,2044224,68111,107,46090,16269
5,layer3.4.bn3,91254,False,201550,444566,200340,50977,58,23783,343
5,layer3.4.add,67102,False,151397,172361,150108,19166,42,18935,39
5,layer3.4.relu3,32059,False,76927,134983,75600,19078,23,2678,18
5,layer3.5.conv1,1018798,False,2146281,5946936,2149392,68115,111,52469,13263
5,layer3.5.bn1,33498,False,80140,172129,78708,24733,42,5303,120
5,layer3.5.relu1,11535,False,33912,59719,32340,9670,18,466,10
5,layer3.5.conv2,2039999,False,4287611,8736404,4295508,109725,979,134606,36888
5,layer3.5.bn2,33272,False,79552,174753,78036,25334,91,1495,134
5,layer3.5.relu2,11721,False,34268,59851,32844,9692,27,555,13
5,layer3.5.conv3,969645,False,2044076,5933322,2046996,68219,98,46276,16313
5,layer3.5.bn3,89897,False,199254,444386,198240,50945,59,23426,327
5,layer3.5.add,66816,False,157384,178297,156156,20076,32,19096,34
5,layer3.5.relu3,31810,False,76457,134995,75180,19081,24,2631,24
5,layer4.0.conv1,1970406,False,4141017,11804547,4148592,123697,213,112611,32710
5,layer4.0.bn1,52015,False,119043,263570,117768,33609,58,9880,208
5,layer4.0.relu1,17069,False,45817,84819,44184,12809,25,677,6
5,layer4.0.conv2,3407816,False,7154085,11916174,7168308,160068,922,471030,152298
5,layer4.0.bn2,31259,False,75089,156045,73752,25068,117,3148,174
5,layer4.0.relu2,8739,False,27924,47261,26544,8109,25,533,15
5,layer4.0.conv3,1267744,False,2669247,8179014,2673468,53810,415,113738,52292
5,layer4.0.bn3,60746,False,137019,364688,135744,48926,78,12271,622
5,layer4.0.downsample.0,2887796,False,6064475,11977279,6076224,166637,1049,493023,129910
5,layer4.0.downsample.1,57801,False,130915,368334,129528,49729,102,2823,566
5,layer4.0.add,32207,False,77754,103476,76356,12909,37,7077,20
5,layer4.0.relu3,17640,False,46886,84807,45360,12806,34,572,23
5,layer4.1.conv1,1231906,False,2594547,8146386,2598708,51251,324,140416,46837
5,layer4.1.bn1,28727,False,69931,153467,68544,24489,76,3997,191
5,layer4.1.relu1,8082,False,26904,47153,25368,8093,24,476,8
5,layer4.1.conv2,3157415,False,6628828,11173667,6641880,158197,930,464954,150070
5,layer4.1.bn2,32028,False,77034,155966,75768,25056,104,1519,168
5,layer4.1.relu2,8634,False,27930,47153,26292,8093,21,507,14
5,layer4.1.conv3,1262077,False,2656940,8171972,2661288,52694,273,114327,52662
5,layer4.1.bn3,61216,False,138092,364958,136752,48977,66,12037,599
5,layer4.1.add,31520,False,76011,103464,74508,12906,36,7069,25
5,layer4.1.relu3,16681,False,44760,84807,43176,12806,30,352,8
5,layer4.2.conv1,1226130,False,2582357,8146982,2586528,51379,194,139779,52747
5,layer4.2.bn1,28728,False,69843,153221,68376,24445,69,3933,176
5,layer4.2.relu1,8047,False,26578,47153,24948,8093,15,506,9
5,layer4.2.conv2,3154328,False,6622656,11163278,6635748,156374,720,464459,150015
5,layer4.2.bn2,32439,False,77745,156039,76356,25071,85,1576,183
5,layer4.2.relu2,8173,False,27072,47141,25452,8090,18,510,12
5,layer4.2.conv3,1260840,False,2655173,8171752,2659356,52660,178,114587,52195
5,layer4.2.bn3,60113,False,135665,364925,134316,48976,67,11975,703
5,layer4.2.add,31650,False,76390,103476,74928,12909,39,7125,38
5,layer4.2.relu3,17024,False,45889,85144,44520,12861,41,396,15
5,avgpool,90068,False,199935,280716,198744,39767,991,3910,1728
5,flatten,9401,False,29811,34015,28392,6364,138,422,204
5,fc,502439,False,1066061,341352,1066800,42830,340,132065,128773
6,conv1,2181588,False,4586123,8683330,4594716,96414,1653,178581,18213
6,bn1,344291,False,734295,1298347,734244,118558,434,105255,1276
6,relu,176526,False,381952,436416,381108,56789,101,52143,839
6,maxpool,10352673,False,21705974,42903729,21755580,7871013,388799,93556,9233
6,layer1.0.conv1,266106,False,497119,1513361,568680,20137,439,27101,3850
6,layer1.0.bn1,87224,False,193139,385441,191940,41566,347,20853,887
6,layer1.0.relu1,32443,False,78058,134983,76692,19078,77,2265,47
6,layer1.0.conv2,1982381,False,4166953,8261108,4174548,90485,1749,59100,4678
6,layer1.0.bn2,75327,False,168645,388505,167412,42256,265,11643,166
6,layer1.0.relu2,32848,False,78870,135020,77532,19088,58,3127,21
6,layer1.0.conv3,862352,False,1819734,5280692,1822212,65065,312,65956,2070
6,layer1.0.bn3,322503,False,688498,1304259,688212,119278,359,101938,380
6,layer1.0.downsample.0,863594,False,1822070,5274175,1824480,64039,178,69374,4492
6,layer1.0.downsample.1,321865,False,686718,1303056,686700,119117,337,101962,613
6,layer1.0.add,316443,False,675536,586288,675444,56791,128,103247,408
6,layer1.0.relu3,173986,False,376827,436159,375984,56729,46,52050,16
6,layer1.1.conv1,810859,False,1711305,5646283,1713684,33741,208,62330,879
6,layer1.1.bn1,94103,False,207887,385758,206556,41635,136,26091,484
6,layer1.1.relu1,31484,False,75802,134983,74424,19078,36,2297,41
6,layer1.1.conv2,1980698,False,4163829,8277990,4171524,93487,1331,59452,3231
6,layer1.1.bn2,75344,False,185505,403443,184380,43952,228,12811,250
6,layer1.1.relu2,33244,False,79981,134983,78456,19078,43,3055,28
6,layer1.1.conv3,857846,False,1809594,5281009,1811964,65099,201,65628,1236
6,layer1.1.bn3,319678,False,682825,1297867,682920,118293,325,101330,413
6,layer1.1.add,314409,False,671188,586288,671160,56791,54,103036,162
6,layer1.1.relu3,177663,False,383797,442208,383040,57664,51,52928,13
6,layer1.2.conv1,805332,False,1699776,5640532,1701672,32873,198,62178,1013
6,layer1.2.bn1,98068,False,216033,392233,214956,42634,137,26711,268
6,layer1.2.relu1,31539,False,75745,134983,74424,19078,28,2487,27
6,layer1.2.conv2,1966429,False,4133566,8263921,4141032,91011,1038,55001,3020
6,layer1.2.bn2,70257,False,157492,388746,156324,42299,193,8745,141
6,layer1.2.relu2,31708,False,76376,134995,74844,19081,49,1869,30
6,layer1.2.conv3,854061,False,1801640,5282377,1803816,65328,195,65466,1044
6,layer1.2.bn3,319489,False,681704,1297852,681744,118288,320,101319,1334
6,layer1.2.add,314214,False,670875,586325,670656,56801,54,103029,639
6,layer1.2.relu3,177743,False,384355,442592,383628,57722,46,53108,206
6,layer2.0.conv1,1591581,False,3348191,11221122,3353784,53749,267,126501,2244
6,layer2.0.bn1,174538,False,377211,689892,376404,67217,189,53838,94
6,layer2.0.relu1,79173,False,176484,235335,175476,31622,25,20330,38
6,layer2.0.conv2,2122011,False,4459006,8557839,4467372,98789,1160,150437,9774
6,layer2.0.bn2,42803,False,99527,241676,98112,30320,119,2069,71
6,layer2.0.relu2,18355,False,48257,84819,46872,12809,30,588,10
6,layer2.0.conv3,849807,False,1792723,5301820,1795080,59079,208,41915,4930
6,layer2.0.bn3,169187,False,365901,709588,364812,70382,80,51721,203
6,layer2.0.downsample.0,2313199,False,4860034,11218114,4869060,155122,1403,260866,13089
6,layer2.0.downsample.1,182818,False,394782,719968,394128,72203,154,54048,474
6,layer2.0.add,160209,False,347881,310332,347004,31706,70,51880,103
6,layer2.0.relu3,80150,False,178437,235347,177156,31625,46,19937,30
6,layer2.1.conv1,824033,False,1738038,5704171,1740312,34484,311,38684,3446
6,layer2.1.bn1,48410,False,111215,238344,109788,29586,76,10222,61
6,layer2.1.relu1,17948,False,47452,84927,45780,12825,40,863,16
6,layer2.1.conv2,1917850,False,4030599,8144683,4037964,90871,1106,41609,9049
6,layer2.1.bn2,44755,False,103578,241281,102228,30236,124,4004,106
6,layer2.1.relu2,17865,False,47055,84832,45360,12813,42,619,13
6,layer2.1.conv3,848340,False,1789743,5302086,1792056,59099,143,45131,4371
6,layer2.1.bn3,171353,False,371303,710116,370524,70489,95,52055,187
6,layer2.1.add,157253,False,341240,310320,340452,31703,43,51059,26
6,layer2.1.relu3,82476,False,183174,240855,182112,32476,41,20390,35
6,layer2.2.conv1,814637,False,1718914,5697959,1721160,33539,175,35873,3304
6,layer2.2.bn1,47690,False,109785,238344,108528,29586,70,10214,75
6,layer2.2.relu1,18246,False,57263,91916,55692,13914,59,800,7
6,layer2.2.conv2,1911959,False,4019144,8142528,4026456,90501,999,41585,9024
6,layer2.2.bn2,45841,False,106363,243858,105000,30677,152,4051,91
6,layer2.2.relu2,18039,False,48057,84807,46536,12806,35,692,10
6,layer2.2.conv3,849282,False,1791856,5301674,1794408,59035,159,47476,4398
6,layer2.2.bn3,170965,False,370116,709985,369264,70453,84,52304,254
6,layer2.2.add,158211,False,343287,310320,342468,31703,40,51803,19
6,layer2.2.relu3,78590,False,174810,235335,173628,31622,28,19592,31
6,layer2.3.conv1,816244,False,1722085,5704274,1724268,34507,152,36003,3638
6,layer2.3.bn1,48310,False,111386,238518,109872,29614,55,9331,86
6,layer2.3.relu1,16690,False,44588,84927,43092,12825,21,664,9
6,layer2.3.conv2,1914064,False,4023178,8145372,4030572,90942,822,41519,12378
6,layer2.3.bn2,42483,False,98933,241268,97692,30236,100,3798,98
6,layer2.3.relu2,17685,False,46569,84807,45192,12806,31,748,6
6,layer2.3.conv3,848364,False,1789304,5301414,1791552,59032,150,47452,4212
6,layer2.3.bn3,173107,False,374413,709805,373800,70424,69,52352,179
6,layer2.3.add,157986,False,342974,310320,342216,31703,33,51611,13
6,layer2.3.relu3,78689,False,184070,242221,182784,32691,42,19689,28
6,layer3.0.conv1,1755538,False,3690428,10446941,3696924,97719,277,67859,7129
6,layer3.0.bn1,89865,False,199062,401659,197904,44145,71,23097,121
6,layer3.0.relu1,33898,False,80758,135128,79464,19104,37,3602,15
6,layer3.0.conv2,2209604,False,4642943,9196532,4651752,113152,1052,161048,42793
6,layer3.0.bn2,36392,False,85822,174927,84420,25365,94,4936,130
6,layer3.0.relu2,11585,False,34185,59719,32676,9670,21,511,10
6,layer3.0.conv3,970000,False,2044549,5934310,2047500,68380,148,45322,16725
6,layer3.0.bn3,91387,False,202119,444573,201096,50966,74,23749,325
6,layer3.0.downsample.0,2217503,False,4659503,10956110,4668468,133021,979,222082,33280
6,layer3.0.downsample.1,86217,False,191464,454235,190344,52690,133,14269,322
6,layer3.0.add,65182,False,147082,172336,145740,19159,41,17946,34
6,layer3.0.relu3,33478,False,79934,134983,78372,19078,36,3798,20
6,layer3.1.conv1,1030988,False,2172124,5945970,2175432,67933,238,52730,13271
6,layer3.1.bn1,34604,False,82302,172199,80808,24751,69,5328,130
6,layer3.1.relu1,12034,False,34939,59744,33432,9677,29,476,9
6,layer3.1.conv2,2037623,False,4282169,8734424,4290048,109403,1049,134084,36672
6,layer3.1.bn2,33656,False,80228,174918,78876,25376,100,1507,144
6,layer3.1.relu2,12006,False,34768,59851,33096,9692,22,533,22
6,layer3.1.conv3,970045,False,2044311,5932407,2047248,68076,125,46305,16575
6,layer3.1.bn3,89188,False,197472,444427,196308,50954,64,22963,303
6,layer3.1.add,67115,False,151173,172348,150108,19162,38,19033,32
6,layer3.1.relu3,31607,False,76033,134983,74844,19078,25,2662,16
6,layer3.2.conv1,1006244,False,2120219,5946186,2123268,67974,135,51419,13034
6,layer3.2.bn1,33203,False,79390,171995,77868,24712,43,5294,131
6,layer3.2.relu1,11258,False,33183,59731,31584,9673,23,466,13
6,layer3.2.conv2,2034834,False,4276163,8731324,4284084,108734,945,133904,36705
6,layer3.2.bn2,33308,False,79355,174895,77784,25369,96,1478,129
6,layer3.2.relu2,11909,False,34584,59839,33012,9689,30,535,13
6,layer3.2.conv3,969064,False,2042391,5933117,2045400,68180,113,46695,16412
6,layer3.2.bn3,91177,False,201872,444520,200676,50962,54,23604,289
6,layer3.2.add,66447,False,149620,172336,148260,19159,32,18400,30
6,layer3.2.relu3,30488,False,73609,134983,72156,19078,30,1838,7
6,layer3.3.conv1,1024051,False,2157384,5946254,2160480,67996,113,51902,12748
6,layer3.3.bn1,32896,False,78554,172129,77196,24733,49,5140,509
6,layer3.3.relu1,11177,False,33234,59719,31752,9670,18,513,7
6,layer3.3.conv2,2030755,False,4267508,8731114,4275264,108706,848,134280,37228
6,layer3.3.bn2,33267,False,79489,175100,78036,25415,91,1549,147
6,layer3.3.relu2,11842,False,34623,59901,33180,9706,39,510,12
6,layer3.3.conv3,967874,False,2039560,5932937,2042460,68173,105,45874,16345
6,layer3.3.bn3,92577,False,204367,444395,203448,50953,77,24109,307
6,layer3.3.add,67443,False,151680,172336,150360,19159,34,19023,27
6,layer3.3.relu3,31513,False,76068,134983,74508,19078,27,2512,17
6,layer3.4.conv1,1012121,False,2132618,5947265,2135616,68143,103,51824,12803
6,layer3.4.bn1,33008,False,78813,171995,77280,24712,44,5239,505
6,layer3.4.relu1,11454,False,33520,59719,32172,9670,26,534,6
6,layer3.4.conv2,2033818,False,4274375,8733872,4282320,109268,944,133292,39139
6,layer3.4.bn2,33432,False,79651,174936,78204,25371,76,1565,130
6,layer3.4.relu2,12060,False,35387,59839,33852,9689,31,536,8
6,layer3.4.conv3,967424,False,2039094,5933064,2041956,68179,93,45957,16254
6,layer3.4.bn3,92487,False,204470,444550,203448,50978,64,23801,328
6,layer3.4.add,67832,False,152242,172361,151200,19166,38,18885,39
6,layer3.4.relu3,32430,False,77867,134983,76608,19078,25,2998,8
6,layer3.5.conv1,1011500,False,2132088,5947160,2135280,68141,96,52479,12273
6,layer3.5.bn1,32851,False,78741,172129,77280,24733,36,5318,116
6,layer3.5.relu1,11555,False,34187,59719,32760,9670,22,478,9
6,layer3.5.conv2,2039902,False,4287475,8747367,4295340,111417,715,134576,36823
6,layer3.5.bn2,32715,False,78422,174795,77112,25348,104,1555,126
6,layer3.5.relu2,12070,False,35135,59851,33600,9692,28,521,9
6,layer3.5.conv3,989535,False,2062495,5940779,2065476,69546,287,47759,16266
6,layer3.5.bn3,89401,False,198041,444614,196980,50992,89,23624,327
6,layer3.5.add,67369,False,151606,172336,150276,19159,41,18835,27
6,layer3.5.relu3,32081,False,77128,134995,75684,19081,25,2604,21
6,layer4.0.conv1,1962911,False,4125782,11791695,4133304,121581,191,113136,31183
6,layer4.0.bn1,52384,False,119769,263523,118356,33607,79,10017,223
6,layer4.0.relu1,16872,False,45006,84819,43512,12809,25,743,6
6,layer4.0.conv2,3417092,False,7182457,11919987,7196784,160626,945,471835,152970
6,layer4.0.bn2,31700,False,76367,156101,74844,25104,157,3233,188
6,layer4.0.relu2,9675,False,30087,47261,28644,8109,38,536,18
6,layer4.0.conv3,1260574,False,2654022,8173055,2658516,52895,420,113046,50404
6,layer4.0.bn3,60555,False,136568,364681,135240,48924,90,12130,622
6,layer4.0.downsample.0,2886846,False,6069762,11978370,6081516,166795,1335,492749,129947
6,layer4.0.downsample.1,62823,False,141531,374274,140280,50644,158,3692,559
6,layer4.0.add,32748,False,78600,103476,76944,12909,74,7195,42
6,layer4.0.relu3,17567,False,46656,84807,45276,12806,41,540,15
6,layer4.1.conv1,1226054,False,2581650,8146119,2585772,51217,355,141072,46391
6,layer4.1.bn1,30928,False,74410,153497,72996,24503,111,3824,185
6,layer4.1.relu1,9078,False,28915,47153,27384,8093,23,507,12
6,layer4.1.conv2,3155514,False,6625065,11161555,6638184,156086,904,464328,150288
6,layer4.1.bn2,32524,False,77885,156095,76440,25093,108,1574,170
6,layer4.1.relu2,8346,False,27281,47153,25788,8093,24,518,20
6,layer4.1.conv3,1266081,False,2664922,8179016,2669184,53795,224,115553,48725
6,layer4.1.bn3,61166,False,137871,364906,136752,48964,66,12091,592
6,layer4.1.add,32507,False,77984,103464,76524,12906,61,7109,22
6,layer4.1.relu3,17188,False,45725,84807,44184,12806,29,379,14
6,layer4.2.conv1,1228053,False,2586077,8146362,2590224,51270,241,139857,49147
6,layer4.2.bn1,29960,False,72456,153264,70980,24453,63,3835,175
6,layer4.2.relu1,9112,False,28499,47153,27048,8093,23,485,12
6,layer4.2.conv2,3164500,False,6643719,11178562,6656916,159027,926,464734,150136
6,layer4.2.bn2,31519,False,75986,156176,74676,25104,94,1537,181
6,layer4.2.relu2,8306,False,27311,47141,25788,8090,24,543,18
6,layer4.2.conv3,1252959,False,2637848,8171876,2642220,52684,221,114528,47430
6,layer4.2.bn3,60569,False,136826,364860,135408,48957,52,12052,627
6,layer4.2.add,31424,False,75398,103476,74004,12909,42,7124,34
6,layer4.2.relu3,16406,False,44468,84807,43008,12806,28,339,9
6,avgpool,84627,False,188037,273720,186984,38670,1009,3299,1584
6,flatten,8469,False,27510,34015,26208,6364,109,433,187
6,fc,505265,False,1071852,346187,1072764,43575,364,133180,128351
7,conv1,2173120,False,4566764,8689999,4575396,97640,1079,178422,17148
7,bn1,336070,False,718023,1292036,718116,117587,274,104491,347
7,relu,174347,False,377227,436416,376572,56789,72,52128,110
7,maxpool,10338333,False,21674585,42888394,21726348,7868491,389139,92554,7237
7,layer1.0.conv1,268019,False,490198,1513354,572964,20135,335,26951,2839
7,layer1.0.bn1,90692,False,200906,391492,199752,42500,367,21571,669
7,layer1.0.relu1,32734,False,78530,134976,77280,19076,75,2235,33
7,layer1.0.conv2,1996178,False,4195314,8289429,4202940,95637,1786,61123,4548
7,layer1.0.bn2,75777,False,169112,388558,168084,42280,268,11851,140
7,layer1.0.relu2,33356,False,79781,135350,78036,19141,69,3148,32
7,layer1.0.conv3,859842,False,1813955,5281488,1816248,65187,340,66331,1845
7,layer1.0.bn3,319693,False,682194,1297965,682080,118317,364,101492,322
7,layer1.0.downsample.0,867967,False,1831762,5280231,1834224,64975,197,70251,3924
7,layer1.0.downsample.1,320385,False,683862,1299172,684012,118504,344,101192,753
7,layer1.0.add,318438,False,679315,592653,679056,57770,128,103927,392
7,layer1.0.relu3,173828,False,376180,436152,375396,56727,50,52025,17
7,layer1.1.conv1,810980,False,1711549,5646180,1713852,33716,223,62298,777
7,layer1.1.bn1,93261,False,205659,385831,204792,41653,153,25990,370
7,layer1.1.relu1,31340,False,75355,134976,73920,19076,23,2298,11
7,layer1.1.conv2,1969635,False,4139310,8260445,4146996,90406,1140,59035,3060
7,layer1.1.bn2,73805,False,165178,388814,163800,42333,193,11469,124
7,layer1.1.relu2,32318,False,77560,134976,76020,19076,33,2937,25
7,layer1.1.conv3,855228,False,1804149,5280450,1806672,65014,293,65403,1178
7,layer1.1.bn3,322212,False,687256,1304058,687204,119265,322,102174,395
7,layer1.1.add,313261,False,668896,586281,668556,56789,50,103153,29
7,layer1.1.relu3,173773,False,375567,436152,374892,56727,35,52141,18
7,layer1.2.conv1,810948,False,1711456,5646857,1713600,33839,227,62705,1065
7,layer1.2.bn1,93209,False,205769,385862,204708,41662,129,25991,232
7,layer1.2.relu1,31108,False,74747,134976,73248,19076,26,2354,8
7,layer1.2.conv2,1964256,False,4128331,8262775,4135992,90866,1051,54884,2662
7,layer1.2.bn2,68914,False,155068,389009,153804,42355,179,8691,134
7,layer1.2.relu2,30926,False,74697,134988,73248,19079,35,1789,24
7,layer1.2.conv3,851253,False,1796262,5280675,1798692,65051,207,65452,976
7,layer1.2.bn3,321166,False,684961,1304053,684936,119263,335,102304,1220
7,layer1.2.add,313716,False,669293,586318,669228,56799,44,103001,735
7,layer1.2.relu3,174248,False,376910,436152,376152,56727,32,52214,158
7,layer2.0.conv1,1595930,False,3356198,11227768,3362184,54736,393,127285,2114
7,layer2.0.bn1,173406,False,375212,689965,374472,67235,191,53883,84
7,layer2.0.relu1,79542,False,177153,235328,176064,31620,27,20201,38
7,layer2.0.conv2,2124088,False,4463912,8563226,4472244,99906,1179,150727,9594
7,layer2.0.bn2,43039,False,99892,241460,98616,30279,121,2050,80
7,layer2.0.relu2,17803,False,47259,84812,45612,12807,30,496,7
7,layer2.0.conv3,842635,False,1777365,5295465,1779624,58069,199,41140,5351
7,layer2.0.bn3,180068,False,388796,729481,388248,73582,114,53086,224
7,layer2.0.downsample.0,2307783,False,4848822,11209892,4857888,153677,1047,258892,14367
7,layer2.0.downsample.1,177706,False,385042,712935,384300,71125,113,53108,585
7,layer2.0.add,161025,False,349058,310325,348012,31704,62,51943,156
7,layer2.0.relu3,83651,False,185663,242030,184632,32650,47,20960,38
7,layer2.1.conv1,818087,False,1725440,5697718,1727544,33485,283,37149,3554
7,layer2.1.bn1,53425,False,121916,245138,120624,30645,81,10873,68
7,layer2.1.relu1,18473,False,48363,84920,46704,12823,27,827,6
7,layer2.1.conv2,1916820,False,4028615,8147866,4036116,91441,1033,41637,9193
7,layer2.1.bn2,45167,False,104594,241360,103152,30259,84,4005,99
7,layer2.1.relu2,17841,False,47391,84825,46032,12811,27,558,11
7,layer2.1.conv3,847232,False,1787429,5301098,1789704,58924,177,44888,4950
7,layer2.1.bn3,170572,False,369418,709922,368592,70450,78,52119,224
7,layer2.1.add,158213,False,344019,310320,343140,31703,46,51114,35
7,layer2.1.relu3,78419,False,175220,235347,173880,31625,32,19310,35
7,layer2.2.conv1,819109,False,1727875,5706547,1729980,34881,242,37006,3425
7,layer2.2.bn1,49270,False,113482,240882,112056,30012,116,10253,81
7,layer2.2.relu1,17437,False,46077,84927,44436,12825,25,719,10
7,layer2.2.conv2,1917163,False,4029144,8148689,4036704,91501,926,42179,9084
7,layer2.2.bn2,43375,False,100842,241260,99456,30234,113,3796,86
7,layer2.2.relu2,17541,False,46772,84807,45108,12806,26,658,11
7,layer2.2.conv3,849815,False,1792429,5303060,1794828,59210,194,47481,4805
7,layer2.2.bn3,171092,False,370110,711122,369264,70655,93,52157,258
7,layer2.2.add,162455,False,352216,317010,351540,32730,47,52755,28
7,layer2.2.relu3,78635,False,175189,235335,173964,31622,27,19477,48
7,layer2.3.conv1,819925,False,1729423,5703882,1731744,34440,181,35468,3774
7,layer2.3.bn1,46901,False,108047,238558,106764,29627,54,9507,97
7,layer2.3.relu1,17095,False,45602,84927,44268,12825,22,629,13
7,layer2.3.conv2,1913324,False,4021189,8147281,4028724,91134,788,41553,14421
7,layer2.3.bn2,42475,False,98956,241509,97692,30295,89,3821,123
7,layer2.3.relu2,17494,False,46271,84807,44940,12806,28,687,8
7,layer2.3.conv3,855851,False,1804840,5315339,1807092,61272,183,47938,4550
7,layer2.3.bn3,172439,False,373176,709941,372540,70464,76,52432,205
7,layer2.3.add,158306,False,343610,310320,342720,31703,33,51538,36
7,layer2.3.relu3,78908,False,175855,235335,174468,31622,25,19274,30
7,layer3.0.conv1,1741992,False,3661922,10454110,3668616,98830,322,68288,8665
7,layer3.0.bn1,85677,False,189988,395322,188832,43175,72,22243,174
7,layer3.0.relu1,32563,False,77858,135128,76356,19104,34,3378,24
7,layer3.0.conv2,2222756,False,4671077,9202105,4679892,114234,1162,161416,47869
7,layer3.0.bn2,36579,False,86264,175117,84756,25411,104,4911,173
7,layer3.0.relu2,12390,False,35740,59719,34104,9670,34,537,27
7,layer3.0.conv3,974735,False,2054193,5933946,2056908,68332,174,45225,18082
7,layer3.0.bn3,92449,False,204033,444615,202860,50981,71,23865,403
7,layer3.0.downsample.0,2238285,False,4703767,10962883,4712568,134256,1017,221655,49714
7,layer3.0.downsample.1,82466,False,183581,447883,182532,51725,118,13074,345
7,layer3.0.add,65591,False,148232,172336,146832,19159,40,17904,72
7,layer3.0.relu3,34465,False,82017,134983,80472,19078,41,3851,23
7,layer3.1.conv1,1025373,False,2160740,5946790,2164008,68062,264,52030,18020
7,layer3.1.bn1,40902,False,95637,180105,94248,26002,104,6062,155
7,layer3.1.relu1,11698,False,34329,59744,32760,9677,37,508,26
7,layer3.1.conv2,2041988,False,4291482,8737775,4299456,109919,1088,134413,37764
7,layer3.1.bn2,33669,False,80286,174768,78708,25340,102,1553,166
7,layer3.1.relu2,11927,False,34716,59851,33096,9692,23,497,15
7,layer3.1.conv3,969971,False,2044188,5932161,2047248,68055,147,46179,17517
7,layer3.1.bn3,91861,False,203491,444475,202440,50965,76,23090,334
7,layer3.1.add,66974,False,150689,172348,149604,19162,37,18846,54
7,layer3.1.relu3,31384,False,75599,134983,74256,19078,23,2646,28
7,layer3.2.conv1,1009113,False,2126391,5946697,2129568,68038,128,50578,16412
7,layer3.2.bn1,33522,False,80094,172075,78624,24732,45,5313,148
7,layer3.2.relu1,11745,False,34520,59731,33012,9673,25,466,11
7,layer3.2.conv2,2047520,False,4303013,8746692,4311048,111323,977,134608,37244
7,layer3.2.bn2,32734,False,78642,174661,77280,25315,92,1517,139
7,layer3.2.relu2,15385,False,42722,65909,41160,10663,48,982,16
7,layer3.2.conv3,968753,False,2042517,5933262,2045484,68250,115,46368,16610
7,layer3.2.bn3,94672,False,208790,444676,207816,50999,114,23955,354
7,layer3.2.add,66268,False,149496,172336,148260,19159,43,18360,45
7,layer3.2.relu3,31666,False,76032,134983,74508,19078,29,1914,23
7,layer3.3.conv1,1011098,False,2130287,5947746,2133600,68222,131,50789,16605
7,layer3.3.bn1,33255,False,79486,172209,78120,24753,48,5274,1175
7,layer3.3.relu1,11471,False,33938,59719,32340,9670,18,491,13
7,layer3.3.conv2,2043630,False,4295789,8737259,4303992,109876,1047,134370,38731
7,layer3.3.bn2,34422,False,81856,175013,80640,25393,95,1525,158
7,layer3.3.relu2,12521,False,36006,59901,34356,9706,37,576,40
7,layer3.3.conv3,970544,False,2045483,5934476,2048340,68412,120,45978,16420
7,layer3.3.bn3,92829,False,205327,445891,204036,51201,91,24055,365
7,layer3.3.add,72473,False,162280,179529,161028,20273,47,20084,59
7,layer3.3.relu3,32080,False,76789,134983,75264,19078,27,2602,25
7,layer3.4.conv1,1019141,False,2146900,5947087,2150148,68123,116,50338,16924
7,layer3.4.bn1,33652,False,80420,172075,79044,24732,49,5336,1058
7,layer3.4.relu1,10994,False,32731,59719,31164,9670,13,504,16
7,layer3.4.conv2,2054614,False,4318413,8735824,4326252,109641,1010,133645,44082
7,layer3.4.bn2,33706,False,80363,175258,78876,25454,112,1474,137
7,layer3.4.relu2,12048,False,35092,59839,33516,9689,30,546,25
7,layer3.4.conv3,969667,False,2043362,5932873,2046324,68126,107,46221,16424
7,layer3.4.bn3,91994,False,203545,444741,202440,51025,80,23731,405
7,layer3.4.add,66873,False,150329,172361,148848,19166,44,18731,66
7,layer3.4.relu3,31868,False,76447,134983,74928,19078,25,2715,13
7,layer3.5.conv1,1010909,False,2129982,5947127,2133180,68111,118,50996,17124
7,layer3.5.bn1,33728,False,80319,172209,78876,24753,50,5376,160
7,layer3.5.relu1,15032,False,41375,66416,39900,10699,22,1057,18
7,layer3.5.conv2,2037166,False,4281200,8737507,4289040,109867,933,134134,37150
7,layer3.5.bn2,33224,False,79277,174834,77700,25360,101,1503,139
7,layer3.5.relu2,12138,False,35330,59851,33684,9692,32,516,15
7,layer3.5.conv3,969799,False,2043798,5933571,2046576,68248,105,46460,16435
7,layer3.5.bn3,91411,False,202412,444475,201096,50965,68,23457,359
7,layer3.5.add,67045,False,151165,172336,149940,19159,40,18837,65
7,layer3.5.relu3,31543,False,75626,134995,74256,19081,26,2530,28
7,layer4.0.conv1,1978370,False,4157483,11791849,4165224,121602,199,110040,40613
7,layer4.0.bn1,51959,False,118519,263650,117096,33629,82,9912,239
7,layer4.0.relu1,17320,False,46069,84819,44520,12809,26,701,10
7,layer4.0.conv2,3685835,False,7736420,11922793,7751856,161116,907,471520,313632
7,layer4.0.bn2,31220,False,75051,155822,73332,25036,113,3133,183
7,layer4.0.relu2,8156,False,26751,47261,25284,8109,20,505,23
7,layer4.0.conv3,1304640,False,2746803,8172649,2751252,52809,378,112581,76655
7,layer4.0.bn3,65729,False,147363,372187,145824,50088,89,13176,819
7,layer4.0.downsample.0,3030402,False,6363188,11980524,6375684,167170,1113,493972,260823
7,layer4.0.downsample.1,60080,False,135735,368363,134400,49736,132,2795,774
7,layer4.0.add,31694,False,76406,103476,75012,12909,42,7010,72
7,layer4.0.relu3,17211,False,45807,84807,44100,12806,33,545,51
7,layer4.1.conv1,1250613,False,2633298,8146712,2637432,51308,388,140870,95107
7,layer4.1.bn1,31109,False,75052,153576,73584,24517,85,3993,234
7,layer4.1.relu1,8241,False,26835,47153,25368,8093,20,504,21
7,layer4.1.conv2,3364979,False,7041780,11180401,7055664,159317,1086,466699,245077
7,layer4.1.bn2,33047,False,79140,155972,77784,25074,116,1598,241
7,layer4.1.relu2,9930,False,30362,47153,28896,8093,34,518,27
7,layer4.1.conv3,1309832,False,2757608,8172813,2762088,52836,262,114607,81004
7,layer4.1.bn3,61844,False,139613,364985,138264,48980,80,11992,710
7,layer4.1.add,31593,False,76029,103464,74424,12906,41,7077,45
7,layer4.1.relu3,17121,False,45719,84807,44184,12806,26,427,36
7,layer4.2.conv1,1252831,False,2637513,8151728,2641716,52122,254,140406,99835
7,layer4.2.bn1,29766,False,72319,153245,70896,24460,74,4078,209
7,layer4.2.relu1,8530,False,27541,47153,26124,8093,14,482,9
7,layer4.2.conv2,3218437,False,6757038,11161697,6770484,156137,791,464442,176398
7,layer4.2.bn2,32001,False,76780,156625,75264,25207,120,1465,207
7,layer4.2.relu2,8881,False,28413,47141,26880,8090,19,501,19
7,layer4.2.conv3,1306766,False,2750263,8179340,2754864,53881,227,115842,80546
7,layer4.2.bn3,60203,False,135809,366532,134568,49245,91,12074,930
7,layer4.2.add,30852,False,74440,103476,72912,12909,38,7066,44
7,layer4.2.relu3,17242,False,45771,84807,44268,12806,30,396,41
7,avgpool,94608,False,208642,274497,207480,38826,987,3220,2472
7,flatten,9076,False,28736,34015,27048,6364,92,424,261
7,fc,504016,False,1069341,341396,1070076,42844,334,132128,129348
8,conv1,2197100,False,4617863,8691526,4626552,97974,1733,178777,56289
8,bn1,343372,False,732838,1292038,732732,117603,288,104530,10426
8,relu,176636,False,382815,436416,381948,56789,60,52159,159
8,maxpool,10388191,False,21779053,42906714,21831012,7871745,386596,94007,20245
8,layer1.0.conv1,258647,False,497362,1513289,553224,20118,332,26938,7429
8,layer1.0.bn1,88837,False,197105,385737,195972,41638,381,20903,2202
8,layer1.0.relu1,33546,False,80148,134976,78792,19076,82,2345,107
8,layer1.0.conv2,1996691,False,4196735,8264297,4204368,91405,1840,59673,9773
8,layer1.0.bn2,81638,False,181644,394931,180432,43257,276,12897,370
8,layer1.0.relu2,33222,False,79371,135013,77784,19086,53,3049,32
8,layer1.0.conv3,865475,False,1825605,5280410,1828008,65000,345,65972,4440
8,layer1.0.bn3,317861,False,678265,1297948,678216,118314,346,101377,525
8,layer1.0.downsample.0,873827,False,1843110,5280121,1845732,64949,148,69986,7727
8,layer1.0.downsample.1,320622,False,684550,1297908,684348,118306,324,101113,3174
8,layer1.0.add,319987,False,682735,591717,682500,57631,145,104225,2215
8,layer1.0.relu3,174444,False,377361,436152,376488,56727,47,52085,34
8,layer1.1.conv1,809669,False,1708476,5646799,1710744,33805,239,62330,1180
8,layer1.1.bn1,95300,False,210416,385835,209244,41655,153,26057,1232
8,layer1.1.relu1,31685,False,76058,134976,74760,19076,25,2332,34
8,layer1.1.conv2,1978283,False,4158661,8266509,4166400,91653,1335,59546,5231
8,layer1.1.bn2,75738,False,169441,388698,168168,42306,197,11905,239
8,layer1.1.relu2,33487,False,79806,135313,78456,19131,47,3129,44
8,layer1.1.conv3,854483,False,1802451,5280408,1804740,65006,158,65521,1258
8,layer1.1.bn3,320794,False,684088,1297944,683928,118313,319,101256,2043
8,layer1.1.add,319456,False,681942,592299,681576,57718,80,104144,1320
8,layer1.1.relu3,174724,False,377856,436152,376992,56727,41,52044,1113
8,layer1.2.conv1,810762,False,1710959,5647205,1713180,33914,206,62785,2014
8,layer1.2.bn1,94774,False,209190,385866,208236,41664,138,26060,829
8,layer1.2.relu1,31640,False,76215,134976,74844,19076,30,2350,55
8,layer1.2.conv2,1974352,False,4149343,8266840,4156992,91681,1137,55184,4599
8,layer1.2.bn2,71053,False,159285,388720,158004,42295,190,8823,260
8,layer1.2.relu2,31477,False,75709,134988,74340,19079,33,1789,57
8,layer1.2.conv3,849993,False,1793267,5280669,1795500,65050,149,65307,1236
8,layer1.2.bn3,321697,False,686809,1297936,686784,118310,326,101311,4303
8,layer1.2.add,319203,False,681655,592343,681744,57730,64,103853,3024
8,layer1.2.relu3,175910,False,380468,436159,379680,56729,38,52132,1174
8,layer2.0.conv1,1594476,False,3354314,11227086,3360168,54641,262,127177,3432
8,layer2.0.bn1,175227,False,379098,689976,378252,67239,210,53772,405
8,layer2.0.relu1,80384,False,178996,235335,177744,31622,29,20000,52
8,layer2.0.conv2,2130124,False,4476158,8562632,4484256,99794,1141,150680,11208
8,layer2.0.bn2,42951,False,100114,241547,98448,30292,108,2057,114
8,layer2.0.relu2,17692,False,46524,84819,44940,12809,31,529,12
8,layer2.0.conv3,850237,False,1793545,5302110,1795836,59097,202,41859,7438
8,layer2.0.bn3,170300,False,368816,709938,368004,70455,82,51537,213
8,layer2.0.downsample.0,2316765,False,4867869,11218595,4877124,155243,1125,259151,20584
8,layer2.0.downsample.1,178027,False,385159,713117,384468,71159,128,53275,1211
8,layer2.0.add,160495,False,348260,311680,347172,31926,71,51875,367
8,layer2.0.relu3,80445,False,179042,235347,177744,31625,50,20009,64
8,layer2.1.conv1,826225,False,1742925,5703962,1745184,34449,312,38569,4770
8,layer2.1.bn1,49288,False,113129,238348,111636,29588,75,10232,133
8,layer2.1.relu1,17472,False,46159,84927,44604,12825,25,821,11
8,layer2.1.conv2,1922485,False,4040213,8147335,4047708,91331,1052,41814,9945
8,layer2.1.bn2,44092,False,102188,241596,100800,30316,105,3826,124
8,layer2.1.relu2,18075,False,47789,84832,46284,12813,33,566,12
8,layer2.1.conv3,845049,False,1782620,5297136,1785084,58336,191,44220,6289
8,layer2.1.bn3,176944,False,382462,718514,381696,71808,108,52991,224
8,layer2.1.add,158206,False,343442,310400,342468,31723,56,51087,43
8,layer2.1.relu3,78574,False,175345,235347,173964,31625,25,19463,66
8,layer2.2.conv1,820958,False,1731707,5704339,1734012,34524,293,37036,4496
8,layer2.2.bn1,47989,False,110505,238348,109116,29588,44,10183,102
8,layer2.2.relu1,17694,False,46764,84927,45276,12825,19,747,19
8,layer2.2.conv2,1917781,False,4030350,8147345,4037796,91335,985,41847,9578
8,layer2.2.bn2,43930,False,101927,241031,100380,30179,100,3900,104
8,layer2.2.relu2,18139,False,47797,84807,46284,12806,24,672,13
8,layer2.2.conv3,849423,False,1792311,5302390,1794660,59117,156,47567,4539
8,layer2.2.bn3,171520,False,371500,709773,370608,70416,75,52286,268
8,layer2.2.add,159070,False,344920,310400,344232,31723,54,51842,39
8,layer2.2.relu3,79067,False,175838,235335,174636,31622,27,19552,66
8,layer2.3.conv1,817314,False,1724199,5697823,1726368,33504,284,35376,4505
8,layer2.3.bn1,47493,False,109794,238482,108612,29609,45,9373,120
8,layer2.3.relu1,17456,False,46045,84927,44688,12825,22,634,13
8,layer2.3.conv2,1919392,False,4034225,8142196,4041408,90539,1072,41496,15410
8,layer2.3.bn2,43611,False,107209,247362,106008,31185,125,4263,115
8,layer2.3.relu2,18299,False,48170,84807,46788,12806,21,705,10
8,layer2.3.conv3,843814,False,1780229,5295446,1782564,58065,144,46781,4517
8,layer2.3.bn3,173421,False,375541,709931,374976,70445,69,52561,210
8,layer2.3.add,158540,False,344090,310400,343224,31723,46,51563,26
8,layer2.3.relu3,78487,False,174876,235335,173796,31622,24,19246,41
8,layer3.0.conv1,1761447,False,3703175,10453352,3709776,98701,298,68007,9438
8,layer3.0.bn1,85698,False,190211,395246,189084,43157,60,22186,167
8,layer3.0.relu1,32797,False,78428,135128,76860,19104,28,3373,19
8,layer3.0.conv2,2194621,False,4611599,9201195,4620168,114030,1234,156500,37926
8,layer3.0.bn2,37271,False,87972,174855,86688,25351,92,5042,155
8,layer3.0.relu2,11754,False,34357,59719,32844,9670,22,488,10
8,layer3.0.conv3,972051,False,2048927,5932657,2051784,68118,147,45815,17675
8,layer3.0.bn3,95692,False,211170,450702,210084,51932,76,24601,363
8,layer3.0.downsample.0,2223023,False,4671166,10958661,4679892,133584,1072,221860,33840
8,layer3.0.downsample.1,83113,False,185003,447977,183960,51748,140,13372,368
8,layer3.0.add,65646,False,147875,172416,146748,19179,48,17948,48
8,layer3.0.relu3,33852,False,80556,134983,79212,19078,35,3766,24
8,layer3.1.conv1,1014248,False,2137092,5945955,2140404,67929,244,51623,17762
8,layer3.1.bn1,34645,False,82502,172133,81060,24735,69,5383,170
8,layer3.1.relu1,12185,False,35283,59744,33768,9677,28,471,10
8,layer3.1.conv2,2043828,False,4296054,8736446,4303992,109860,1228,134627,37367
8,layer3.1.bn2,37548,False,88679,181590,87276,26400,113,2023,130
8,layer3.1.relu2,12719,False,36436,59851,34776,9692,31,482,14
8,layer3.1.conv3,968858,False,2042133,5933025,2045148,68157,136,46218,17198
8,layer3.1.bn3,90595,False,200856,444472,199668,50961,70,23406,341
8,layer3.1.add,67844,False,152657,173776,151452,19402,50,18921,70
8,layer3.1.relu3,32170,False,77131,134983,75768,19078,35,2729,22
8,layer3.2.conv1,1009620,False,2127745,5946028,2130660,67945,155,50358,17377
8,layer3.2.bn1,33464,False,79679,171999,78204,24714,50,5212,120
8,layer3.2.relu1,11225,False,33174,59731,31500,9673,20,462,10
8,layer3.2.conv2,2038231,False,4283629,8735660,4291728,109573,1079,134037,37295
8,layer3.2.bn2,33779,False,80455,174869,79128,25366,96,1529,142
8,layer3.2.relu2,12203,False,35303,59839,33768,9689,26,480,11
8,layer3.2.conv3,973099,False,2050720,5933283,2053884,68190,96,46629,16503
8,layer3.2.bn3,92526,False,204465,444448,203448,50957,61,23627,339
8,layer3.2.add,70792,False,159165,178811,158088,20186,60,19601,48
8,layer3.2.relu3,31443,False,75652,134983,74256,19078,27,1965,14
8,layer3.3.conv1,1024389,False,2157944,5947134,2161068,68113,119,50124,16678
8,layer3.3.bn1,32893,False,79307,172214,77952,24745,65,5115,659
8,layer3.3.relu1,11323,False,33240,59719,31584,9670,23,485,18
8,layer3.3.conv2,2035306,False,4277164,8737627,4285092,109995,1055,134112,38546
8,layer3.3.bn2,32893,False,78819,174661,77280,25314,92,1563,145
8,layer3.3.relu2,12215,False,35262,59901,33936,9706,34,524,22
8,layer3.3.conv3,965187,False,2034526,5932791,2037672,68114,87,46136,16493
8,layer3.3.bn3,92297,False,203953,444321,202692,50935,68,23964,352
8,layer3.3.add,67415,False,151641,172416,150528,19179,37,19095,46
8,layer3.3.relu3,31898,False,76505,134983,75180,19078,30,2471,17
8,layer3.4.conv1,1014700,False,2137930,5946180,2141328,67979,100,50569,16459
8,layer3.4.bn1,32308,False,77605,171999,76188,24714,32,5301,642
8,layer3.4.relu1,14086,False,39354,65737,37968,10599,23,990,8
8,layer3.4.conv2,2062799,False,4335292,8736590,4343388,109787,1000,133410,48668
8,layer3.4.bn2,33310,False,79335,175080,77868,25416,86,1544,138
8,layer3.4.relu2,12229,False,35247,59839,33768,9689,28,510,14
8,layer3.4.conv3,970604,False,2045721,5932820,2048676,68150,95,46217,16436
8,layer3.4.bn3,91198,False,201576,444464,200508,50959,60,23628,337
8,layer3.4.add,67639,False,152214,172441,150948,19186,42,18840,41
8,layer3.4.relu3,31640,False,76135,134983,74844,19078,22,2803,15
8,layer3.5.conv1,1012315,False,2132737,5946497,2135868,68020,95,51066,16230
8,layer3.5.bn1,33686,False,80318,172173,78792,24742,51,5303,117
8,layer3.5.relu1,11200,False,33081,59719,31500,9670,19,461,11
8,layer3.5.conv2,2034313,False,4275613,8734612,4283580,109402,943,134568,37193
8,layer3.5.bn2,33592,False,80349,174860,78792,25359,75,1545,136
8,layer3.5.relu2,12551,False,35973,59851,34524,9692,23,478,13
8,layer3.5.conv3,964765,False,2033539,5933601,2036580,68237,93,45764,16407
8,layer3.5.bn3,92853,False,205350,450577,204288,51901,73,23940,319
8,layer3.5.add,67268,False,151635,172416,150528,19179,38,18865,30
8,layer3.5.relu3,31652,False,76081,134995,74592,19081,25,2639,26
8,layer4.0.conv1,1977890,False,4157064,11792014,4164552,121623,176,110917,38115
8,layer4.0.bn1,51950,False,118864,263747,117516,33642,66,9820,223
8,layer4.0.relu1,17877,False,47065,84819,45696,12809,27,726,10
8,layer4.0.conv2,3415621,False,7170414,11915470,7184772,159848,975,470941,154912
8,layer4.0.bn2,31063,False,74946,155939,73416,25055,104,3153,177
8,layer4.0.relu2,8275,False,33996,53821,25368,8109,15,488,8
8,layer4.0.conv3,1283168,False,2701290,8172745,2705808,52827,356,113176,67258
8,layer4.0.bn3,61462,False,138575,364734,137340,48939,83,12141,685
8,layer4.0.downsample.0,2897341,False,6084071,11976092,6096048,166390,1100,493041,132596
8,layer4.0.downsample.1,58161,False,131942,368090,130620,49665,107,2758,630
8,layer4.0.add,32560,False,78145,104904,76692,13149,61,7064,46
8,layer4.0.relu3,17632,False,46702,84807,45024,12806,37,568,29
8,layer4.1.conv1,1250045,False,2631759,8159565,2635836,53404,404,141484,72267
8,layer4.1.bn1,34143,False,81334,159367,79968,25407,93,4639,226
8,layer4.1.relu1,8574,False,27788,47153,26208,8093,22,496,9
8,layer4.1.conv2,3155932,False,6625641,11165581,6638772,156870,1021,464595,152024
8,layer4.1.bn2,32876,False,78650,156110,77280,25087,95,1558,199
8,layer4.1.relu2,8149,False,26850,47153,25284,8093,19,492,15
8,layer4.1.conv3,1286110,False,2707500,8171897,2711856,52685,209,115135,66687
8,layer4.1.bn3,61373,False,138346,364805,136920,48939,69,12016,631
8,layer4.1.add,32193,False,77454,103544,76104,12926,60,7098,32
8,layer4.1.relu3,16998,False,45361,84807,43680,12806,26,351,8
8,layer4.2.conv1,1244873,False,2620965,8152667,2625168,52238,251,140377,72368
8,layer4.2.bn1,29654,False,71935,153225,70560,24447,61,3934,200
8,layer4.2.relu1,8103,False,26617,47153,24948,8093,17,461,8
8,layer4.2.conv2,3154819,False,6623520,11163725,6636756,156506,900,464713,151581
8,layer4.2.bn2,31678,False,76191,156044,74760,25086,92,1521,186
8,layer4.2.relu2,8845,False,28275,47141,26712,8090,17,506,20
8,layer4.2.conv3,1277332,False,2688860,8170693,2693292,52492,200,114936,64100
8,layer4.2.bn3,62091,False,148185,372195,146916,48978,83,12171,696
8,layer4.2.add,31199,False,75015,103556,73500,12929,56,7081,35
8,layer4.2.relu3,16992,False,45327,84807,43680,12806,29,401,37
8,avgpool,86248,False,191086,273903,189840,38706,940,3051,1911
8,flatten,8532,False,27497,34015,25956,6364,85,424,221
8,fc,502098,False,1065045,341225,1065792,42806,327,132111,128958
9,conv1,2184485,False,4601000,8711218,4609752,100032,1195,179431,19651
9,bn1,338219,False,721855,1292207,721980,117629,309,104535,1251
9,relu,176036,False,380807,436416,380184,56789,78,52256,932
9,maxpool,10174314,False,21327583,42894615,21381024,7869475,373805,92512,10872
9,layer1.0.conv1,294886,False,520180,1521584,562968,21667,508,28418,5380
9,layer1.0.bn1,89102,False,197308,385512,196224,41582,377,22120,1175
9,layer1.0.relu1,34229,False,81575,134976,80052,19076,96,2443,70
9,layer1.0.conv2,1984358,False,4170623,8264315,4178328,91080,1782,59718,5947
9,layer1.0.bn2,75821,False,169384,388234,168252,42201,256,11572,182
9,layer1.0.relu2,34068,False,81281,135013,79884,19086,65,3102,26
9,layer1.0.conv3,861744,False,1818694,5280551,1820952,65033,349,66135,2375
9,layer1.0.bn3,320943,False,684907,1304284,684936,119286,360,102399,170
9,layer1.0.downsample.0,871546,False,1838769,5280461,1841028,65021,204,70143,5026
9,layer1.0.downsample.1,319960,False,683255,1297835,683172,118288,319,101162,1258
9,layer1.0.add,315534,False,674148,586368,674184,56811,142,103317,713
9,layer1.0.relu3,175081,False,378776,436159,378000,56729,55,52139,42
9,layer1.1.conv1,804826,False,1698657,5640173,1700748,32791,222,61934,1033
9,layer1.1.bn1,95907,False,211232,385762,210000,41637,160,26216,649
9,layer1.1.relu1,31838,False,76433,134983,74928,19078,34,2514,21
9,layer1.1.conv2,1972466,False,4146334,8262509,4153884,90816,1286,58864,3719
9,layer1.1.bn2,74519,False,166674,388509,165396,42252,195,11502,165
9,layer1.1.relu2,32497,False,77912,134983,76440,19078,32,3043,29
9,layer1.1.conv3,856827,False,1807690,5280806,1809948,65075,226,65636,1125
9,layer1.1.bn3,320191,False,683383,1297911,683340,118302,321,101406,634
9,layer1.1.add,314041,False,670281,586368,670152,56811,64,103000,391
9,layer1.1.relu3,177529,False,383658,442184,383040,57660,46,53105,326
9,layer1.2.conv1,806340,False,1701616,5640486,1703772,32862,186,62013,1303
9,layer1.2.bn1,94325,False,231982,405786,231000,44874,211,26184,389
9,layer1.2.relu1,31950,False,76723,134983,75180,19078,28,2287,23
9,layer1.2.conv2,1966349,False,4132630,8265082,4140276,91352,1020,54854,3446
9,layer1.2.bn2,70999,False,159130,388616,157836,42277,189,9001,186
9,layer1.2.relu2,31339,False,75532,135332,74172,19136,40,1645,18
9,layer1.2.conv3,853290,False,1800322,5280268,1802724,64988,209,65448,1122
9,layer1.2.bn3,319394,False,681967,1297993,681660,118325,324,101446,1647
9,layer1.2.add,317410,False,677240,592704,677292,57784,52,103626,1040
9,layer1.2.relu3,173908,False,376343,436159,375480,56729,31,52244,130
9,layer2.0.conv1,1591809,False,3347835,11220791,3353700,53679,372,126612,2171
9,layer2.0.bn1,179102,False,387001,697387,386232,68368,226,55088,121
9,layer2.0.relu1,79457,False,176567,235335,175476,31622,27,20062,39
9,layer2.0.conv2,2124514,False,4464702,8558283,4473000,98924,1067,151232,10138
9,layer2.0.bn2,43972,False,102296,241412,100968,30262,108,2003,80
9,layer2.0.relu2,18310,False,48076,84819,46620,12809,41,507,9
9,layer2.0.conv3,848575,False,1789784,5302238,1791972,59117,196,42130,5418
9,layer2.0.bn3,170170,False,368454,709609,367584,70398,103,51794,187
9,layer2.0.downsample.0,2308725,False,4852370,11208763,4861500,153468,1180,259125,14928
9,layer2.0.downsample.1,180388,False,390721,713430,390096,71220,219,53288,567
9,layer2.0.add,159961,False,346864,310332,346164,31706,91,52107,106
9,layer2.0.relu3,80854,False,180080,235347,178836,31625,67,20035,45
9,layer2.1.conv1,826639,False,1743946,5704041,1746360,34456,394,39125,3953
9,layer2.1.bn1,49072,False,112659,238485,111216,29623,116,10182,60
9,layer2.1.relu1,18126,False,47502,84927,45948,12825,51,891,14
9,layer2.1.conv2,1927899,False,4052230,8149696,4059636,91785,1357,41816,9474
9,layer2.1.bn2,46051,False,106321,243777,105000,30665,159,4072,110
9,layer2.1.relu2,18298,False,48264,84832,46788,12813,39,562,9
9,layer2.1.conv3,859291,False,1812644,5314023,1815072,61066,318,45900,4743
9,layer2.1.bn3,172792,False,373989,710158,373128,70500,89,52084,187
9,layer2.1.add,163212,False,353725,316351,353136,32635,76,52335,32
9,layer2.1.relu3,79004,False,176092,235347,175056,31625,28,19508,52
9,layer2.2.conv1,817286,False,1723981,5703983,1726200,34473,192,36656,3751
9,layer2.2.bn1,48390,False,111495,238428,110208,29608,82,10276,79
9,layer2.2.relu1,17426,False,45951,84927,44352,12825,27,758,14
9,layer2.2.conv2,1920688,False,4036780,8145600,4044348,90992,1094,41775,9355
9,layer2.2.bn2,44036,False,102273,241260,100968,30234,116,3945,98
9,layer2.2.relu2,18215,False,47939,84807,46536,12806,27,678,10
9,layer2.2.conv3,847622,False,1787954,5301342,1790376,58960,175,47481,4300
9,layer2.2.bn3,170931,False,369814,709741,369096,70416,74,52235,195
9,layer2.2.add,158736,False,344403,310320,343392,31703,42,52020,23
9,layer2.2.relu3,78712,False,175398,235335,174216,31622,28,19669,42
9,layer2.3.conv1,820445,False,1730961,5705098,1733256,34637,215,37240,3943
9,layer2.3.bn1,48261,False,111230,238562,109788,29629,68,9477,109
9,layer2.3.relu1,17789,False,46890,84927,45528,12825,18,659,14
9,layer2.3.conv2,1919770,False,4034833,8146405,4042248,91114,858,41917,13786
9,layer2.3.bn2,41953,False,97863,241349,96432,30257,113,3770,103
9,layer2.3.relu2,17322,False,45914,84807,44688,12806,29,679,7
9,layer2.3.conv3,849173,False,1790847,5301943,1793064,59074,160,47476,4092
9,layer2.3.bn3,172150,False,372505,709859,371784,70438,69,52489,190
9,layer2.3.add,161801,False,350554,316345,349776,32634,43,52509,21
9,layer2.3.relu3,77819,False,173250,235335,172116,31622,24,19403,30
9,layer3.0.conv1,1741947,False,3661843,10451847,3668616,98482,273,67791,7618
9,layer3.0.bn1,84459,False,187195,396674,186060,43397,63,22225,128
9,layer3.0.relu1,32398,False,77514,135128,76020,19104,37,3481,15
9,layer3.0.conv2,2215245,False,4654494,9201163,4663344,114094,1129,161050,43992
9,layer3.0.bn2,36522,False,86581,175274,85428,25456,128,5032,139
9,layer3.0.relu2,12521,False,36152,59719,34608,9670,34,515,18
9,layer3.0.conv3,967355,False,2038850,5933320,2041620,68240,162,44968,16689
9,layer3.0.bn3,92419,False,204166,444753,202776,51017,84,23674,332
9,layer3.0.downsample.0,2226252,False,4678418,10964555,4686864,134451,1016,223547,33516
9,layer3.0.downsample.1,83151,False,184846,447923,183456,51734,129,13272,365
9,layer3.0.add,66084,False,148903,172336,147504,19159,38,18114,58
9,layer3.0.relu3,34880,False,82918,134983,81480,19078,39,3733,30
9,layer3.1.conv1,1024514,False,2158627,5945962,2161656,67931,252,52945,15075
9,layer3.1.bn1,34417,False,81970,172323,80640,24780,74,5209,132
9,layer3.1.relu1,11209,False,33108,59744,31668,9677,29,489,9
9,layer3.1.conv2,2033496,False,4273554,8733525,4281396,109241,1091,133977,36923
9,layer3.1.bn2,33194,False,79130,174803,77868,25356,94,1567,138
9,layer3.1.relu2,11730,False,34331,59851,32844,9692,35,524,23
9,layer3.1.conv3,969297,False,2043181,5933242,2046072,68184,117,46206,16600
9,layer3.1.bn3,89784,False,198487,444536,197484,50982,68,23215,310
9,layer3.1.add,71806,False,161040,178418,159852,20102,62,20202,37
9,layer3.1.relu3,31838,False,76178,134983,74676,19078,25,2822,18
9,layer3.2.conv1,1007375,False,2122272,5947000,2125368,68081,149,50975,14946
9,layer3.2.bn1,32672,False,78380,172213,77028,24755,52,5320,131
9,layer3.2.relu1,11393,False,33858,59731,32256,9673,19,474,6
9,layer3.2.conv2,2036038,False,4279887,8735554,4287696,109634,1050,134387,36985
9,layer3.2.bn2,33213,False,79564,174924,78120,25371,103,1500,129
9,layer3.2.relu2,12406,False,35764,59839,34020,9689,27,492,13
9,layer3.2.conv3,972570,False,2049794,5933204,2052876,68196,124,47051,16391
9,layer3.2.bn3,93101,False,205415,444745,204372,51019,68,23741,298
9,layer3.2.add,66587,False,149856,172336,148428,19159,32,18583,30
9,layer3.2.relu3,31424,False,75428,134983,73836,19078,23,1941,9
9,layer3.3.conv1,1005832,False,2119242,5946172,2122428,67976,109,51318,14392
9,layer3.3.bn1,33312,False,79826,172213,78624,24755,53,5328,647
9,layer3.3.relu1,11274,False,33215,59719,31668,9670,19,479,10
9,layer3.3.conv2,2034883,False,4283417,8742661,4291392,110642,1002,133946,37873
9,layer3.3.bn2,33976,False,81030,174759,79884,25342,94,1589,131
9,layer3.3.relu2,12496,False,35836,59901,34524,9706,39,478,15
9,layer3.3.conv3,971989,False,2048325,5932550,2051112,68087,117,46232,16301
9,layer3.3.bn3,92902,False,205415,444366,204372,50954,82,24114,316
9,layer3.3.add,67654,False,151946,172336,150780,19159,34,19273,28
9,layer3.3.relu3,31552,False,75636,134983,74256,19078,24,2441,18
9,layer3.4.conv1,1024432,False,2158346,5946554,2161488,68039,104,51468,14463
9,layer3.4.bn1,32958,False,78935,172079,77616,24734,57,5309,612
9,layer3.4.relu1,11111,False,33114,59719,31584,9670,17,485,10
9,layer3.4.conv2,2056222,False,4321785,8745469,4329780,111079,954,134345,40879
9,layer3.4.bn2,34042,False,81078,174728,79716,25330,89,1593,139
9,layer3.4.relu2,11942,False,34659,59839,32928,9689,27,580,33
9,layer3.4.conv3,966616,False,2037104,5933044,2040024,68172,97,45933,16303
9,layer3.4.bn3,95338,False,210263,450869,209244,51970,68,24576,327
9,layer3.4.add,67891,False,152752,172361,151452,19166,36,19091,40
9,layer3.4.relu3,32400,False,77842,134983,76272,19078,26,2702,11
9,layer3.5.conv1,1012303,False,2133043,5946762,2136288,68055,124,51835,14071
9,layer3.5.bn1,33083,False,78989,173561,77616,24975,53,5344,117
9,layer3.5.relu1,11427,False,33606,59719,32088,9670,17,481,9
9,layer3.5.conv2,2035661,False,4279036,8736299,4286940,109704,969,134466,37014
9,layer3.5.bn2,34248,False,81681,174749,80472,25333,115,1562,133
9,layer3.5.relu2,11847,False,34583,59851,33180,9692,32,502,9
9,layer3.5.conv3,971157,False,2046691,5932639,2049600,68100,126,46165,16286
9,layer3.5.bn3,90599,False,200612,444400,199416,50949,71,23406,326
9,layer3.5.add,68910,False,155031,172336,153888,19159,41,19409,24
9,layer3.5.relu3,31740,False,76376,134995,74844,19081,25,2678,19
9,layer4.0.conv1,1978237,False,4157900,11790820,4165644,121451,234,112274,33233
9,layer4.0.bn1,51738,False,118410,264063,117096,33706,85,9869,215
9,layer4.0.relu1,17795,False,46775,84819,45108,12809,31,743,8
9,layer4.0.conv2,3406210,False,7150098,11914532,7164444,159781,1028,470959,151295
9,layer4.0.bn2,31333,False,75539,155726,73920,25019,110,3240,177
9,layer4.0.relu2,8930,False,28779,47261,27132,8109,26,558,35
9,layer4.0.conv3,1270051,False,2673718,8178933,2678088,53773,411,113971,51876
9,layer4.0.bn3,59856,False,134935,364868,133896,48975,94,12154,606
9,layer4.0.downsample.0,2887714,False,6064328,11979792,6076308,167038,1212,493194,129612
9,layer4.0.downsample.1,58927,False,133193,367841,131880,49614,103,2804,585
9,layer4.0.add,32307,False,77730,103476,76356,12909,56,7182,37
9,layer4.0.relu3,17904,False,47116,84807,45696,12806,37,529,23
9,layer4.1.conv1,1229127,False,2587896,8146044,2591904,51201,336,140998,54100
9,layer4.1.bn1,29925,False,72581,153304,71064,24465,83,4056,206
9,layer4.1.relu1,8490,False,27480,47153,25872,8093,23,498,3
9,layer4.1.conv2,3158327,False,6631230,11162982,6644484,156305,953,464441,150091
9,layer4.1.bn2,32053,False,76988,156141,75768,25094,125,1526,188
9,layer4.1.relu2,9523,False,29413,47153,27972,8093,37,495,12
9,layer4.1.conv3,1259406,False,2651570,8171609,2655828,52633,217,114496,51621
9,layer4.1.bn3,61936,False,139840,365010,138516,48989,70,12163,575
9,layer4.1.add,31882,False,76539,103464,75180,12906,37,7086,23
9,layer4.1.relu3,17515,False,46220,84807,44772,12806,34,340,7
9,layer4.2.conv1,1228106,False,2585736,8146202,2589972,51237,203,140501,54915
9,layer4.2.bn1,29377,False,71641,153521,70224,24506,77,3952,185
9,layer4.2.relu1,8626,False,27831,47153,26376,8093,21,485,6
9,layer4.2.conv2,3156152,False,6656825,11194723,6670104,161907,991,466048,149815
9,layer4.2.bn2,31997,False,76946,156541,75516,25181,108,1526,176
9,layer4.2.relu2,9417,False,29411,47141,27888,8090,29,515,15
9,layer4.2.conv3,1259742,False,2651673,8171091,2655828,52581,214,114730,51007
9,layer4.2.bn3,61557,False,138782,364979,137508,48975,69,12030,674
9,layer4.2.add,31222,False,75241,103476,73920,12909,33,7074,34
9,layer4.2.relu3,16767,False,44770,84807,43260,12806,29,329,16
9,avgpool,84741,False,187998,274257,186900,38770,1003,3286,1635
9,flatten,8776,False,38302,40908,36960,7435,140,1173,207
9,fc,501123,False,1062933,341314,1063692,42824,344,132287,128525
10,conv1,2171296,False,4564209,8687450,4572708,97149,1127,178312,16647
10,bn1,341148,False,727879,1298125,727776,118549,273,105425,1721
10,relu,175088,False,379110,436416,378420,56789,67,52138,263
10,maxpool,10342880,False,21684038,42890232,21735756,7868822,386337,92808,7622
10,layer1.0.conv1,258524,False,502937,1519314,552804,21049,392,27485,3284
10,layer1.0.bn1,87579,False,194044,386059,192780,41710,379,21109,685
10,layer1.0.relu1,33721,False,80240,134976,78960,19076,88,2737,39
10,layer1.0.conv2,1984679,False,4171734,8262237,4179336,90808,1783,59313,4339
10,layer1.0.bn2,75223,False,167983,389800,166740,42474,284,11863,139
10,layer1.0.relu2,33445,False,79525,135013,78120,19086,56,3252,20
10,layer1.0.conv3,859816,False,1814011,5280804,1816500,65084,347,66038,1742
10,layer1.0.bn3,317932,False,678594,1297948,678720,118314,351,101428,236
10,layer1.0.downsample.0,873445,False,1842715,5284939,1845144,65799,269,70412,4008
10,layer1.0.downsample.1,322601,False,688279,1304675,688212,119371,352,102358,682
10,layer1.0.add,314709,False,671958,586281,671916,56789,132,103179,397
10,layer1.0.relu3,173600,False,375574,436152,374808,56727,51,52094,31
10,layer1.1.conv1,807903,False,1705241,5645863,1707552,33666,185,62376,841
10,layer1.1.bn1,94406,False,208454,385835,207396,41655,140,26156,364
10,layer1.1.relu1,31296,False,75388,134976,73920,19076,30,2276,20
10,layer1.1.conv2,1983142,False,4168165,8277944,4175724,93504,1305,60013,3264
10,layer1.1.bn2,75221,False,168315,388446,167160,42241,196,11814,146
10,layer1.1.relu2,36287,False,85822,140994,84420,20005,48,3575,21
10,layer1.1.conv3,850842,False,1795067,5274333,1797600,64066,278,64811,1147
10,layer1.1.bn3,322644,False,689003,1304062,689052,119270,325,102415,469
10,layer1.1.add,314332,False,671215,586281,671160,56789,56,103092,231
10,layer1.1.relu3,174289,False,377030,436152,376320,56727,28,52060,157
10,layer1.2.conv1,810442,False,1710347,5647596,1712340,33949,143,62982,1007
10,layer1.2.bn1,94407,False,208383,385866,207312,41664,136,26097,200
10,layer1.2.relu1,31049,False,74622,134976,73080,19076,25,2208,27
10,layer1.2.conv2,1969104,False,4139546,8263435,4147164,91072,1058,54645,2972
10,layer1.2.bn2,73122,False,163730,395160,162288,43279,183,9917,154
10,layer1.2.relu2,30991,False,74953,134988,73500,19079,35,1792,29
10,layer1.2.conv3,851013,False,1795603,5280330,1797936,65001,284,65294,1059
10,layer1.2.bn3,320815,False,684959,1297959,685104,118319,333,101596,1136
10,layer1.2.add,313961,False,670536,586318,670236,56799,53,103039,624
10,layer1.2.relu3,174193,False,376918,436152,376236,56727,31,52129,153
10,layer2.0.conv1,1589494,False,3342784,11221676,3348492,53797,223,127000,2144
10,layer2.0.bn1,174070,False,376627,689969,375900,67237,196,53853,107
10,layer2.0.relu1,79433,False,176805,235328,175476,31620,21,20045,21
10,layer2.0.conv2,2123684,False,4470485,8558930,4470816,99123,1104,151108,9655
10,layer2.0.bn2,43657,False,101164,241694,99792,30327,109,2159,73
10,layer2.0.relu2,18677,False,48738,85149,47124,12862,39,528,8
10,layer2.0.conv3,848316,False,1789303,5302343,1791804,59144,199,42225,4852
10,layer2.0.bn3,171183,False,370474,709695,369768,70409,109,52099,169
10,layer2.0.downsample.0,2303521,False,4839690,11207468,4848900,153269,1076,258657,12240
10,layer2.0.downsample.1,177828,False,385241,713011,384552,71136,109,53086,386
10,layer2.0.add,159334,False,345390,310325,344568,31704,53,51924,41
10,layer2.0.relu3,80187,False,178387,235340,177324,31623,47,19935,30
10,layer2.1.conv1,873984,False,1758311,5712723,1760724,36004,497,40313,3605
10,layer2.1.bn1,50585,False,115985,240949,114744,30030,116,10712,74
10,layer2.1.relu1,18378,False,48230,84920,46536,12823,33,834,9
10,layer2.1.conv2,1919765,False,4034827,8145858,4042080,91028,1032,42027,9087
10,layer2.1.bn2,44208,False,102595,241263,101220,30243,100,3979,98
10,layer2.1.relu2,18193,False,47916,84825,46368,12811,37,608,13
10,layer2.1.conv3,850494,False,1794070,5300651,1796592,58874,211,45613,4216
10,layer2.1.bn3,172602,False,373703,710050,373212,70473,70,52078,180
10,layer2.1.add,158365,False,343922,310313,342972,31701,54,51140,27
10,layer2.1.relu3,78957,False,176003,235340,174888,31623,33,19437,34
10,layer2.2.conv1,817256,False,1724334,5704332,1726536,34522,197,36524,3337
10,layer2.2.bn1,48065,False,111069,238421,109872,29606,65,10065,65
10,layer2.2.relu1,18013,False,47514,86268,45780,13043,37,790,9
10,layer2.2.conv2,1915853,False,4027558,8147145,4035024,91274,902,42657,8968
10,layer2.2.bn2,43334,False,100831,241133,99540,30204,104,3792,76
10,layer2.2.relu2,18227,False,48028,84880,46368,12824,36,739,9
10,layer2.2.conv3,843179,False,1779407,5295506,1781892,58070,177,46658,4106
10,layer2.2.bn3,174913,False,378658,716027,377832,71389,100,53118,181
10,layer2.2.add,158414,False,344196,310320,343476,31703,44,51796,10
10,layer2.2.relu3,79017,False,175808,235415,174552,31642,29,19468,22
10,layer2.3.conv1,817613,False,1725041,5703852,1727376,34438,217,36200,3530
10,layer2.3.bn1,47769,False,110235,238482,108948,29609,49,9373,72
10,layer2.3.relu1,17064,False,45486,85007,44268,12845,23,646,10
10,layer2.3.conv2,1917751,False,4030861,8144102,4038216,90831,903,41483,11483
10,layer2.3.bn2,42527,False,99380,241091,97944,30206,78,3759,93
10,layer2.3.relu2,17921,False,47500,84887,45864,12826,36,712,10
10,layer2.3.conv3,848638,False,1790187,5301287,1792728,58957,157,47655,3908
10,layer2.3.bn3,173599,False,376165,709828,375396,70432,81,52399,170
10,layer2.3.add,157878,False,342525,310320,341628,31703,37,51607,23
10,layer2.3.relu3,82571,False,183690,241787,182700,32623,35,20727,38
10,layer3.0.conv1,1749105,False,3677068,10445492,3683652,97498,315,67535,6810
10,layer3.0.bn1,85269,False,189205,395246,188160,43157,64,22143,125
10,layer3.0.relu1,36484,False,86098,141636,84672,20111,37,4220,21
10,layer3.0.conv2,2210996,False,4646146,9200012,4654860,113820,1060,161377,40865
10,layer3.0.bn2,37292,False,87863,175259,86436,25446,147,5022,133
10,layer3.0.relu2,12444,False,35885,59799,34356,9690,42,498,16
10,layer3.0.conv3,970313,False,2044843,5932992,2047668,68193,229,45585,16442
10,layer3.0.bn3,92856,False,204947,444598,203784,50979,105,23816,309
10,layer3.0.downsample.0,2222004,False,4669121,10958270,4677960,133361,1080,222448,33122
10,layer3.0.downsample.1,82218,False,183127,447787,181944,51690,125,13081,324
10,layer3.0.add,66236,False,157660,178896,156492,20160,57,18178,36
10,layer3.0.relu3,33753,False,80470,135063,79128,19098,38,3776,28
10,layer3.1.conv1,1013451,False,2135893,5946360,2139060,67991,293,53225,12581
10,layer3.1.bn1,34238,False,81584,172213,80220,24749,77,5292,115
10,layer3.1.relu1,11340,False,33771,59824,32508,9697,35,496,8
10,layer3.1.conv2,2039180,False,4285550,8735209,4293408,109588,1146,134442,36529
10,layer3.1.bn2,32901,False,78991,174680,77700,25316,91,1577,126
10,layer3.1.relu2,11750,False,34418,59931,32928,9712,27,475,9
10,layer3.1.conv3,971284,False,2047416,5933300,2050356,68215,113,46582,16273
10,layer3.1.bn3,91027,False,201627,444505,200676,50969,78,23099,293
10,layer3.1.add,67297,False,151472,172348,150276,19162,52,18913,29
10,layer3.1.relu3,32006,False,76796,135063,75348,19098,26,2609,12
10,layer3.2.conv1,1005797,False,2119650,5946639,2122680,68027,149,51856,12947
10,layer3.2.bn1,36182,False,85748,178062,84252,25652,57,5920,112
10,layer3.2.relu1,11697,False,34195,59811,32928,9693,29,514,13
10,layer3.2.conv2,2042073,False,4291691,8737089,4299792,109847,1096,134381,36462
10,layer3.2.bn2,33791,False,80632,174786,79296,25348,97,1536,121
10,layer3.2.relu2,11795,False,34689,59919,33180,9709,35,531,24
10,layer3.2.conv3,968838,False,2042463,5932656,2045484,68102,121,46828,16163
10,layer3.2.bn3,93169,False,205884,444535,204624,50966,66,23713,292
10,layer3.2.add,66595,False,150233,172336,149100,19159,44,18379,33
10,layer3.2.relu3,30480,False,73510,135063,72072,19098,29,1879,7
10,layer3.3.conv1,1030261,False,2170316,5959684,2173584,70184,182,52316,12781
10,layer3.3.bn1,33795,False,80768,172133,79464,24735,41,5202,536
10,layer3.3.relu1,11366,False,33312,61147,31836,9910,30,503,8
10,layer3.3.conv2,2035076,False,4277329,8733257,4285176,109126,952,134554,36928
10,layer3.3.bn2,33240,False,79640,174541,78456,25286,101,1553,113
10,layer3.3.relu2,15531,False,42329,66679,40740,10775,48,1137,18
10,layer3.3.conv3,968466,False,2041644,5932950,2044476,68141,110,45804,16169
10,layer3.3.bn3,92182,False,203871,444338,202776,50930,74,24157,308
10,layer3.3.add,67919,False,152862,172336,151788,19159,35,19172,34
10,layer3.3.relu3,31865,False,76547,135063,75348,19098,31,2385,21
10,layer3.4.conv1,1013123,False,2134766,5946964,2137884,68095,125,51811,13118
10,layer3.4.bn1,33553,False,79906,171999,78624,24714,54,5300,532
10,layer3.4.relu1,11455,False,33688,59799,32004,9690,17,502,7
10,layer3.4.conv2,2046505,False,4300496,8733842,4308612,109205,918,133652,39956
10,layer3.4.bn2,32948,False,79014,174769,77616,25341,91,1562,139
10,layer3.4.relu2,11838,False,34452,59919,32760,9709,31,526,18
10,layer3.4.conv3,972773,False,2050163,5932843,2053296,68152,103,46241,16162
10,layer3.4.bn3,91110,False,201508,444548,200340,50971,59,23743,319
10,layer3.4.add,67206,False,151140,172361,149772,19166,38,18839,33
10,layer3.4.relu3,32072,False,76803,135063,75432,19098,22,2932,16
10,layer3.5.conv1,1006958,False,2121789,5946188,2124948,67977,114,52253,12420
10,layer3.5.bn1,33249,False,79426,172133,77952,24735,42,5310,110
10,layer3.5.relu1,11390,False,33666,59799,32088,9690,26,491,10
10,layer3.5.conv2,2037603,False,4282245,8734314,4290300,109297,844,134351,36740
10,layer3.5.bn2,33173,False,79137,174410,77784,25250,96,1546,128
10,layer3.5.relu2,12248,False,35395,59931,33936,9712,34,523,10
10,layer3.5.conv3,972483,False,2049858,5932677,2052792,68107,97,46354,16138
10,layer3.5.bn3,89778,False,198714,444280,197652,50922,69,23302,301
10,layer3.5.add,67385,False,152184,172336,151032,19159,35,19161,23
10,layer3.5.relu3,31929,False,76781,135075,75516,19101,23,2728,22
10,layer4.0.conv1,1961085,False,4121677,11790720,4129272,121435,192,113458,29737
10,layer4.0.bn1,52514,False,119824,263747,118608,33642,82,9895,209
10,layer4.0.relu1,17599,False,46940,84899,45444,12829,31,661,10
10,layer4.0.conv2,3406642,False,7151370,11919875,7165620,160627,928,471572,150808
10,layer4.0.bn2,32131,False,77099,156185,75768,25104,135,3321,176
10,layer4.0.relu2,9228,False,29051,47341,27552,8129,31,515,10
10,layer4.0.conv3,1253029,False,2638338,8172229,2642724,52770,417,113073,45150
10,layer4.0.bn3,59876,False,135253,364679,134064,48923,68,12085,608
10,layer4.0.downsample.0,2882774,False,6053496,11974396,6065304,166028,1127,492620,128776
10,layer4.0.downsample.1,57348,False,130007,368144,128772,49690,84,2848,565
10,layer4.0.add,35374,False,84261,109848,82740,13890,58,7742,26
10,layer4.0.relu3,17629,False,46788,84887,45360,12826,42,597,42
10,layer4.1.conv1,1236616,False,2603491,8154811,2607696,52860,375,141599,45765
10,layer4.1.bn1,30581,False,73806,153491,72240,24496,97,4044,200
10,layer4.1.relu1,8757,False,28276,47233,26712,8113,26,484,6
10,layer4.1.conv2,3163365,False,6641498,11175138,6654732,158329,1039,464907,149763
10,layer4.1.bn2,32890,False,78554,155971,77028,25068,120,1592,177
10,layer4.1.relu2,9049,False,28638,47233,26964,8113,34,529,21
10,layer4.1.conv3,1261851,False,2656694,8178090,2660952,53642,276,115883,45946
10,layer4.1.bn3,61554,False,138888,364846,137676,48953,77,12112,561
10,layer4.1.add,31927,False,76863,103464,75432,12906,53,7044,24
10,layer4.1.relu3,16561,False,44404,84887,42840,12826,31,389,7
10,layer4.2.conv1,1226240,False,2582084,8146262,2586108,51250,254,139435,48275
10,layer4.2.bn1,30029,False,72709,153043,71232,24413,73,3945,183
10,layer4.2.relu1,8773,False,28040,48581,26460,8333,33,460,5
10,layer4.2.conv2,3152340,False,6618370,11165868,6631464,156949,926,464424,149171
10,layer4.2.bn2,35820,False,84822,162496,83328,26099,126,2218,186
10,layer4.2.relu2,8943,False,28587,47221,27048,8110,27,552,32
10,layer4.2.conv3,1249158,False,2629742,8171076,2633820,52556,229,114903,44771
10,layer4.2.bn3,60814,False,137463,364858,136332,48956,54,11985,680
10,layer4.2.add,31887,False,76734,103476,75432,12909,49,7077,34
10,layer4.2.relu3,17053,False,45481,84887,44016,12826,26,347,17
10,avgpool,83954,False,186232,273929,184884,38714,996,3332,1570
10,flatten,8661,False,27752,34015,26208,6364,103,498,202
10,fc,504899,False,1071776,347184,1072428,43728,360,133271,127884
11,conv1,2175701,False,4574122,8688452,4582536,97351,1260,178527,16349
11,bn1,336490,False,718127,1292280,718116,117651,270,104564,334
11,relu,176323,False,389618,442441,388752,57723,97,52881,71
11,maxpool,10267283,False,21525182,42888839,21576408,7868611,382105,92615,7009
11,layer1.0.conv1,249369,False,495629,1513289,534576,20118,371,27023,3047
11,layer1.0.bn1,88038,False,195281,385574,194208,41597,354,20863,595
11,layer1.0.relu1,33381,False,104977,153879,103656,22128,141,3640,39
11,layer1.0.conv2,1984880,False,4171846,8265728,4179336,91492,1755,59739,4069
11,layer1.0.bn2,76987,False,171729,388636,170520,42291,268,12737,157
11,layer1.0.relu2,33599,False,80316,135093,78876,19106,53,3140,20
11,layer1.0.conv3,863354,False,1821207,5280963,1823640,65105,382,66150,1709
11,layer1.0.bn3,319173,False,681156,1297978,680988,118319,377,101486,166
11,layer1.0.downsample.0,867252,False,1830023,5280388,1832460,65009,161,70148,3810
11,layer1.0.downsample.1,320037,False,683021,1297828,682920,118286,329,101206,675
11,layer1.0.add,322299,False,688646,593394,688716,57876,154,104366,382
11,layer1.0.relu3,174238,False,376918,436232,376320,56747,56,52070,21
11,layer1.1.conv1,811514,False,1712839,5645515,1715196,33621,262,62280,762
11,layer1.1.bn1,92878,False,205641,385755,204540,41635,152,26069,309
11,layer1.1.relu1,31243,False,75276,135056,74088,19096,34,2412,21
11,layer1.1.conv2,1974347,False,4151125,8262325,4158840,90805,1302,59190,3055
11,layer1.1.bn2,74097,False,166132,388618,164976,42283,217,11455,133
11,layer1.1.relu2,32774,False,78313,135056,76944,19096,43,3338,19
11,layer1.1.conv3,857099,False,1808469,5280649,1810872,65045,203,65562,1039
11,layer1.1.bn3,320983,False,685089,1298025,685104,118332,329,101261,413
11,layer1.1.add,314235,False,670985,586281,670908,56789,63,103083,204
11,layer1.1.relu3,173986,False,376623,436232,375984,56747,32,52107,23
11,layer1.2.conv1,811734,False,1712911,5646438,1715028,33781,186,62684,998
11,layer1.2.bn1,95043,False,209772,385786,208656,41644,148,26132,226
11,layer1.2.relu1,31252,False,75349,135056,73920,19096,26,2344,15
11,layer1.2.conv2,1966586,False,4133735,8263136,4141200,90959,1056,55129,2984
11,layer1.2.bn2,70351,False,157850,388843,156744,42328,195,8692,116
11,layer1.2.relu2,30694,False,74040,135068,72744,19099,36,1731,22
11,layer1.2.conv3,853029,False,1799889,5281014,1802472,65139,230,65613,1028
11,layer1.2.bn3,323771,False,690882,1304900,690732,119387,346,102455,1198
11,layer1.2.add,313610,False,669370,586318,669144,56799,48,102947,531
11,layer1.2.relu3,174795,False,378407,436232,377664,56747,31,52351,140
11,layer2.0.conv1,1598014,False,3360865,11226727,3366552,54589,283,127552,2113
11,layer2.0.bn1,175387,False,379625,689889,378840,67217,221,54054,85
11,layer2.0.relu1,79029,False,176072,235408,174972,31640,29,20483,25
11,layer2.0.conv2,2126108,False,4469178,8557899,4477536,98872,1271,151185,9440
11,layer2.0.bn2,44326,False,102739,241575,101304,30294,143,2344,72
11,layer2.0.relu2,18024,False,47733,86247,46116,13049,51,507,11
11,layer2.0.conv3,843003,False,1779075,5295455,1781556,58073,226,41248,4735
11,layer2.0.bn3,173367,False,374980,715922,374136,71370,115,52649,165
11,layer2.0.downsample.0,2300048,False,4832553,11212394,4841676,154313,1204,259166,11811
11,layer2.0.downsample.1,178900,False,387367,715853,386820,71613,178,53153,362
11,layer2.0.add,159491,False,346348,310332,345660,31706,56,51843,37
11,layer2.0.relu3,92031,False,203610,254585,202524,34733,95,21351,55
11,layer2.1.conv1,818113,False,1725726,5697662,1727880,33473,294,38363,3322
11,layer2.1.bn1,48374,False,111686,238348,110376,29588,90,10243,50
11,layer2.1.relu1,17995,False,47159,85007,45696,12845,32,940,11
11,layer2.1.conv2,1917094,False,4029122,8143583,4036536,90844,1082,41464,8836
11,layer2.1.bn2,45328,False,104686,241112,103488,30209,101,4015,106
11,layer2.1.relu2,18168,False,47793,85249,46032,12888,48,602,19
11,layer2.1.conv3,847943,False,1788841,5301415,1790964,58977,147,45070,4188
11,layer2.1.bn3,170941,False,370019,709977,369180,70455,70,52136,168
11,layer2.1.add,157320,False,341694,310320,340956,31703,38,51045,14
11,layer2.1.relu3,78185,False,174257,235427,173292,31645,31,19352,32
11,layer2.2.conv1,818379,False,1726624,5704435,1728720,34537,204,37460,3215
11,layer2.2.bn1,47898,False,110194,238348,108948,29588,58,10169,44
11,layer2.2.relu1,17654,False,46550,85007,45024,12845,25,759,14
11,layer2.2.conv2,1914376,False,4023610,8147217,4030824,91279,826,42472,8742
11,layer2.2.bn2,43530,False,101439,241187,99876,30218,101,3908,76
11,layer2.2.relu2,18531,False,48846,84887,47292,12826,38,663,10
11,layer2.2.conv3,847963,False,1788859,5301421,1791300,58978,131,47477,4220
11,layer2.2.bn3,171339,False,370878,709773,370104,70416,70,52318,186
11,layer2.2.add,158533,False,344524,310320,343644,31703,39,51822,13
11,layer2.2.relu3,78352,False,174357,235415,173208,31642,26,19861,25
11,layer2.3.conv1,814208,False,1717942,5697863,1720236,33511,182,35107,3352
11,layer2.3.bn1,48391,False,111604,238482,110292,29609,50,9480,62
11,layer2.3.relu1,17255,False,45828,85007,44436,12845,28,668,8
11,layer2.3.conv2,1913627,False,4022097,8146740,4029312,91149,789,41580,11192
11,layer2.3.bn2,43042,False,100045,241503,98700,30287,98,3834,82
11,layer2.3.relu2,17393,False,46271,84887,44604,12826,27,687,9
11,layer2.3.conv3,848532,False,1790102,5301521,1792644,59006,127,47528,4099
11,layer2.3.bn3,171683,False,371823,710247,371112,70512,75,52378,155
11,layer2.3.add,158588,False,344575,310320,343812,31703,39,51577,12
11,layer2.3.relu3,78728,False,175498,235415,174216,31642,30,19357,29
11,layer3.0.conv1,1716327,False,3608308,10453515,3614772,98755,286,68520,6580
11,layer3.0.bn1,86287,False,191236,395246,190092,43157,84,22499,115
11,layer3.0.relu1,32176,False,77242,135208,75768,19124,27,3304,13
11,layer3.0.conv2,2186752,False,4595429,9200080,4604124,113819,1103,156936,35939
11,layer3.0.bn2,36731,False,86553,174818,85260,25345,100,5040,122
11,layer3.0.relu2,11331,False,33614,59799,32172,9690,32,523,20
11,layer3.0.conv3,971562,False,2047763,5932532,2050692,68090,156,45562,16288
11,layer3.0.bn3,92223,False,204465,444743,203280,51015,97,23618,305
11,layer3.0.downsample.0,2219523,False,4663910,10956804,4672416,133023,949,222074,32339
11,layer3.0.downsample.1,83012,False,185434,447942,184212,51735,158,13261,329
11,layer3.0.add,66539,False,149990,172336,148764,19159,36,18259,33
11,layer3.0.relu3,34223,False,81468,135063,80220,19098,50,3784,19
11,layer3.1.conv1,1053485,False,2173586,5953537,2176776,69249,474,56001,11793
11,layer3.1.bn1,34356,False,81693,172133,80304,24735,67,5442,126
11,layer3.1.relu1,12304,False,35741,59824,34272,9697,33,563,16
11,layer3.1.conv2,2035791,False,4285589,8741441,4293660,110456,1128,135096,35878
11,layer3.1.bn2,33035,False,79173,174701,77868,25325,87,1557,130
11,layer3.1.relu2,12408,False,35515,59851,33852,9692,38,547,10
11,layer3.1.conv3,978538,False,2062399,5945280,2065560,70183,186,46834,16138
11,layer3.1.bn3,90305,False,200277,444429,199164,50959,80,23412,281
11,layer3.1.add,68282,False,153828,172348,152712,19162,38,19376,31
11,layer3.1.relu3,32329,False,77408,134983,75936,19078,34,2709,15
11,layer3.2.conv1,1006500,False,2120983,5946458,2123940,68012,162,52319,11788
11,layer3.2.bn1,34434,False,82388,171999,81060,24714,58,5340,117
11,layer3.2.relu1,10722,False,32266,59731,30828,9673,20,440,6
11,layer3.2.conv2,2037371,False,4282140,8736578,4290048,109722,994,134459,36057
11,layer3.2.bn2,33517,False,80102,174952,78960,25376,94,1479,114
11,layer3.2.relu2,11820,False,34661,59839,33096,9689,23,492,9
11,layer3.2.conv3,968153,False,2040622,5933820,2043552,68284,121,46712,16028
11,layer3.2.bn3,96508,False,212667,450630,211512,51918,80,24617,278
11,layer3.2.add,66387,False,149642,172336,148344,19159,38,18641,34
11,layer3.2.relu3,31514,False,75739,134983,74424,19078,32,1829,7
11,layer3.3.conv1,1018565,False,2146365,5946245,2149560,67994,111,51833,12021
11,layer3.3.bn1,33438,False,79848,172133,78372,24735,55,5162,320
11,layer3.3.relu1,11043,False,32795,59719,31332,9670,15,479,6
11,layer3.3.conv2,2040001,False,4287951,8735995,4295760,109586,940,134179,36564
11,layer3.3.bn2,33755,False,80566,174923,79128,25368,122,1541,115
11,layer3.3.relu2,12125,False,35163,59901,33516,9706,33,513,11
11,layer3.3.conv3,971645,False,2048001,5933110,2051028,68199,110,46162,16062
11,layer3.3.bn3,91625,False,202677,444329,201516,50938,76,23907,286
11,layer3.3.add,68715,False,154536,172336,153300,19159,44,19487,37
11,layer3.3.relu3,31779,False,76377,134983,75012,19078,24,2386,16
11,layer3.4.conv1,1006002,False,2127560,5953699,2130660,69133,136,52340,12085
11,layer3.4.bn1,32546,False,77917,171999,76692,24714,41,5333,309
11,layer3.4.relu1,10695,False,32412,59719,30912,9670,19,493,6
11,layer3.4.conv2,2052098,False,4312805,8735365,4320792,109466,947,133851,41297
11,layer3.4.bn2,33022,False,79121,174531,77868,25283,81,1527,121
11,layer3.4.relu2,12039,False,35264,59839,33852,9689,30,495,6
11,layer3.4.conv3,970601,False,2045649,5933052,2048592,68168,117,46313,15909
11,layer3.4.bn3,91046,False,201312,444448,200088,50955,70,23601,296
11,layer3.4.add,67244,False,151094,172361,149856,19166,36,19056,13
11,layer3.4.relu3,32158,False,77110,134983,75684,19078,22,2736,13
11,layer3.5.conv1,1004861,False,2117380,5946309,2120328,68004,116,52513,11007
11,layer3.5.bn1,33804,False,81066,172133,79716,24735,50,5324,104
11,layer3.5.relu1,10820,False,32346,59719,30828,9670,24,481,9
11,layer3.5.conv2,2035742,False,4278721,8731970,4286520,108796,814,134476,36459
11,layer3.5.bn2,36004,False,85413,180618,84000,26231,84,2063,125
11,layer3.5.relu2,11451,False,33773,59851,32256,9692,20,487,9
11,layer3.5.conv3,969690,False,2043828,5933082,2046828,68173,96,46005,15954
11,layer3.5.bn3,90327,False,199899,444287,198828,50926,80,23617,311
11,layer3.5.add,67139,False,151000,172336,149856,19159,35,19168,27
11,layer3.5.relu3,32610,False,78192,134995,76944,19081,27,2642,22
11,layer4.0.conv1,1960999,False,4121269,11790601,4128852,121439,228,114439,28293
11,layer4.0.bn1,50252,False,115283,263983,114072,33686,82,9917,207
11,layer4.0.relu1,17383,False,45998,84819,44688,12809,28,688,7
11,layer4.0.conv2,3430398,False,7201742,11943447,7216020,164686,1052,472630,152104
11,layer4.0.bn2,30827,False,74534,156396,73080,25152,122,3208,173
11,layer4.0.relu2,8464,False,27480,48609,26040,8329,35,567,48
11,layer4.0.conv3,1254970,False,2641816,8172154,2646084,52750,422,113184,44620
11,layer4.0.bn3,60896,False,137262,364701,135996,48927,83,12104,627
11,layer4.0.downsample.0,2889130,False,6067163,11981075,6078744,167242,1242,493774,129362
11,layer4.0.downsample.1,60089,False,135773,368027,134484,49664,132,2946,545
11,layer4.0.add,33301,False,79905,103476,78456,12909,79,7171,76
11,layer4.0.relu3,17555,False,46672,84887,45108,12826,44,583,33
11,layer4.1.conv1,1229559,False,2589911,8146628,2594004,51279,392,140731,47700
11,layer4.1.bn1,31044,False,74727,153285,73332,24459,100,4129,201
11,layer4.1.relu1,8503,False,27792,47233,26292,8113,29,510,8
11,layer4.1.conv2,3164282,False,6643731,11168069,6656832,157218,904,464864,151263
11,layer4.1.bn2,32574,False,78148,156063,76860,25084,131,1607,183
11,layer4.1.relu2,8796,False,28130,47233,26544,8113,35,523,19
11,layer4.1.conv3,1269966,False,2673687,8172349,2678088,52746,317,114634,50704
11,layer4.1.bn3,61586,False,138813,364886,137508,48960,69,12226,612
11,layer4.1.add,33047,False,79114,103464,77784,12906,61,7072,36
11,layer4.1.relu3,17313,False,46158,84887,44604,12826,31,382,16
11,layer4.2.conv1,1232155,False,2594607,8147295,2598876,51400,274,140382,57646
11,layer4.2.bn1,29523,False,71596,153216,70224,24444,76,3986,196
11,layer4.2.relu1,8027,False,26542,47233,24864,8113,21,482,9
11,layer4.2.conv2,3162670,False,6640062,11165405,6653220,156726,766,464442,151338
11,layer4.2.bn2,33100,False,79042,155967,77616,25074,132,1605,195
11,layer4.2.relu2,8667,False,28096,47221,26544,8110,18,500,18
11,layer4.2.conv3,1279399,False,2693650,8177082,2698164,53501,307,115756,56306
11,layer4.2.bn3,61567,False,138814,364884,137508,48960,76,12065,1141
11,layer4.2.add,31614,False,76035,103476,74760,12909,47,7114,52
11,layer4.2.relu3,16194,False,43715,84887,42168,12826,26,361,20
11,avgpool,87581,False,193742,274320,192780,38785,973,3385,1906
11,flatten,8695,False,27779,34015,26376,6364,107,445,211
11,fc,503398,False,1067933,341327,1068480,42828,339,132225,128414
12,conv1,2172942,False,4567438,8686693,4575816,96905,1028,178517,34413
12,bn1,338651,False,722933,1292119,722904,117620,257,104491,6102
12,relu,178482,False,386398,436496,385644,56809,77,52198,5066
12,maxpool,10154708,False,21290797,42907199,21339108,7871534,373690,93245,16401
12,layer1.0.conv1,268489,False,492401,1513289,574056,20118,331,26923,5209
12,layer1.0.bn1,88945,False,196733,385605,195636,41606,363,20968,2634
12,layer1.0.relu1,33802,False,80604,135056,79296,19096,96,2265,120
12,layer1.0.conv2,1985095,False,4172060,8262880,4179840,90869,1618,59558,8900
12,layer1.0.bn2,78256,False,174714,388486,173376,42252,253,11970,269
12,layer1.0.relu2,33733,False,80416,135093,78960,19106,69,3100,24
12,layer1.0.conv3,861057,False,1816644,5280712,1818936,65066,334,66076,4166
12,layer1.0.bn3,322758,False,688883,1304843,688884,119381,361,102455,605
12,layer1.0.downsample.0,873423,False,1842848,5281483,1845480,65169,218,70258,5736
12,layer1.0.downsample.1,321374,False,685886,1297828,685860,118286,332,101406,1049
12,layer1.0.add,315602,False,674201,586281,674100,56789,117,103204,739
12,layer1.0.relu3,179336,False,387482,441990,386568,57636,75,53021,28
12,layer1.1.conv1,804282,False,1697542,5640166,1699824,32789,215,61735,896
12,layer1.1.bn1,98135,False,216047,391846,215040,42578,150,26965,1621
12,layer1.1.relu1,31981,False,76817,135063,75432,19098,43,2355,75
12,layer1.1.conv2,1977581,False,4156484,8261667,4164216,90555,1196,59138,4927
12,layer1.1.bn2,74113,False,165942,388490,164640,42258,180,11494,134
12,layer1.1.relu2,32272,False,77645,135063,76272,19098,37,3019,30
12,layer1.1.conv3,855888,False,1805439,5281661,1808016,65206,313,65713,1321
12,layer1.1.bn3,319104,False,681845,1297911,681744,118302,331,101390,781
12,layer1.1.add,316032,False,675142,586288,675108,56791,53,103000,353
12,layer1.1.relu3,177904,False,384364,442873,383376,57781,51,53083,26
12,layer1.2.conv1,804972,False,1699753,5640576,1702008,32882,195,61951,1053
12,layer1.2.bn1,94387,False,208581,385793,207480,41646,136,25986,513
12,layer1.2.relu1,31405,False,75665,134983,74256,19078,26,2198,46
12,layer1.2.conv2,1966156,False,4132193,8261676,4139772,90638,921,55245,2695
12,layer1.2.bn2,70020,False,157038,389087,155904,42371,179,9039,129
12,layer1.2.relu2,31527,False,76028,134995,74508,19081,45,1836,33
12,layer1.2.conv3,853237,False,1800104,5281389,1802640,65187,268,65546,1048
12,layer1.2.bn3,319549,False,682533,1297886,682668,118297,332,101556,2298
12,layer1.2.add,319104,False,681241,592404,681408,57742,68,103992,1358
12,layer1.2.relu3,174054,False,376847,436159,376068,56729,22,52192,213
12,layer2.0.conv1,1589939,False,3344035,11221194,3349836,53742,262,126865,2122
12,layer2.0.bn1,185507,False,400297,708628,399672,70242,243,55107,154
12,layer2.0.relu1,79472,False,176760,235335,175560,31622,27,20062,40
12,layer2.0.conv2,2127878,False,4471938,8561169,4480308,99290,1066,152799,9937
12,layer2.0.bn2,43647,False,101427,241457,100044,30276,105,2213,72
12,layer2.0.relu2,18486,False,48701,84819,47376,12809,44,484,10
12,layer2.0.conv3,851207,False,1795811,5303695,1798188,59373,257,42161,6499
12,layer2.0.bn3,171558,False,371019,712102,370188,70805,122,51969,214
12,layer2.0.downsample.0,2310871,False,4855092,11213596,4864020,154215,1088,260410,16996
12,layer2.0.downsample.1,178228,False,385183,713199,384384,71166,134,53226,1108
12,layer2.0.add,160676,False,349156,310332,348348,31706,54,51887,36
12,layer2.0.relu3,80024,False,178326,235347,177240,31625,43,19963,32
12,layer2.1.conv1,823515,False,1737194,5704388,1739304,34508,262,38905,3739
12,layer2.1.bn1,48720,False,111919,238388,110460,29595,86,10094,52
12,layer2.1.relu1,17470,False,46583,84927,45024,12825,33,836,9
12,layer2.1.conv2,1915900,False,4026785,8142806,4034184,90467,1145,41710,9182
12,layer2.1.bn2,44441,False,102999,241281,101724,30240,89,3925,103
12,layer2.1.relu2,18004,False,47462,84832,46200,12813,38,608,9
12,layer2.1.conv3,848804,False,1790495,5300636,1793064,58875,258,45452,5410
12,layer2.1.bn3,173302,False,374696,710086,374052,70483,77,52042,161
12,layer2.1.add,162638,False,352811,316708,352044,32687,65,52119,20
12,layer2.1.relu3,78700,False,175342,235347,174048,31625,20,19557,34
12,layer2.2.conv1,820202,False,1730368,5704081,1732500,34493,234,36712,3692
12,layer2.2.bn1,47734,False,109959,238348,108444,29588,65,10191,57
12,layer2.2.relu1,17690,False,46875,84927,45612,12825,27,752,11
12,layer2.2.conv2,1917333,False,4030129,8145942,4037628,91016,895,41606,8984
12,layer2.2.bn2,44071,False,102281,241192,100968,30223,88,3734,95
12,layer2.2.relu2,18454,False,48369,85144,46620,12861,40,738,11
12,layer2.2.conv3,849369,False,1791467,5301456,1793904,58987,202,47600,4035
12,layer2.2.bn3,171361,False,370980,709670,370440,70403,79,52279,194
12,layer2.2.add,157824,False,342810,310320,341964,31703,35,51723,18
12,layer2.2.relu3,78432,False,174789,235335,173796,31622,23,19499,35
12,layer2.3.conv1,818881,False,1727333,5704419,1729476,34533,202,36069,3791
12,layer2.3.bn1,47843,False,110362,238482,109116,29609,46,9357,96
12,layer2.3.relu1,17231,False,45836,84927,44184,12825,28,637,10
12,layer2.3.conv2,1918409,False,4032978,8146096,4040064,90966,812,41905,13453
12,layer2.3.bn2,43071,False,100225,241583,98700,30309,100,3897,96
12,layer2.3.relu2,17882,False,47067,84807,45444,12806,32,728,11
12,layer2.3.conv3,849983,False,1793032,5303412,1795500,59345,234,47723,3966
12,layer2.3.bn3,172081,False,372496,709749,371952,70411,63,52547,187
12,layer2.3.add,162142,False,351167,317323,350448,32774,44,52613,31
12,layer2.3.relu3,78137,False,174266,235335,173040,31622,28,19502,39
12,layer3.0.conv1,1757562,False,3694277,10451636,3700956,98461,300,68221,7519
12,layer3.0.bn1,84317,False,187108,395246,185976,43157,54,22240,105
12,layer3.0.relu1,32044,False,76915,135128,75516,19104,26,3434,14
12,layer3.0.conv2,2185924,False,4593457,9198363,4601940,113480,1077,156637,36314
12,layer3.0.bn2,37071,False,87262,175150,85848,25418,122,4967,143
12,layer3.0.relu2,12032,False,35065,59719,33684,9670,25,472,7
12,layer3.0.conv3,973740,False,2052611,5932813,2055732,68153,171,45968,16802
12,layer3.0.bn3,91816,False,202815,444603,201768,50976,77,23622,318
12,layer3.0.downsample.0,2223314,False,4672305,10965650,4680900,134643,1053,223264,32718
12,layer3.0.downsample.1,81449,False,181185,447657,180264,51670,117,13190,326
12,layer3.0.add,65968,False,148814,172336,147588,19159,39,17929,44
12,layer3.0.relu3,33409,False,79793,134983,78288,19078,32,3784,18
12,layer3.1.conv1,1022521,False,2154467,5946401,2157624,68001,257,52745,13894
12,layer3.1.bn1,33826,False,80622,172133,79212,24735,63,5312,119
12,layer3.1.relu1,11970,False,34786,59744,33180,9677,33,475,8
12,layer3.1.conv2,2036667,False,4281302,8730515,4289124,108581,1043,134322,36365
12,layer3.1.bn2,34025,False,81224,174607,79548,25302,103,1599,153
12,layer3.1.relu2,11895,False,34694,59851,33348,9692,29,501,11
12,layer3.1.conv3,972766,False,2050614,5933429,2053548,68217,135,46423,16534
12,layer3.1.bn3,89721,False,198945,444411,197820,50957,63,22944,305
12,layer3.1.add,71137,False,159601,178822,158256,20158,50,20092,40
12,layer3.1.relu3,31254,False,75195,134983,73836,19078,21,2633,11
12,layer3.2.conv1,1006856,False,2121356,5946150,2124444,67969,141,51460,13919
12,layer3.2.bn1,33320,False,79428,172133,78120,24735,49,5307,127
12,layer3.2.relu1,10607,False,32176,59731,30660,9673,24,505,11
12,layer3.2.conv2,2037424,False,4281646,8735023,4289544,109430,959,134346,36414
12,layer3.2.bn2,33356,False,79582,174740,78036,25331,99,1571,116
12,layer3.2.relu2,12194,False,35243,59839,33684,9689,26,505,17
12,layer3.2.conv3,966365,False,2036775,5932767,2039604,68128,101,46918,16295
12,layer3.2.bn3,92687,False,204704,444682,203448,51012,67,23808,282
12,layer3.2.add,66128,False,149485,172336,148260,19159,30,18438,47
12,layer3.2.relu3,30640,False,73850,134983,72408,19078,22,1900,9
12,layer3.3.conv1,1023258,False,2156066,5947015,2159052,68105,118,51751,13255
12,layer3.3.bn1,32439,False,77591,172133,76188,24735,41,5165,375
12,layer3.3.relu1,14757,False,40705,65783,39060,10608,21,1101,16
12,layer3.3.conv2,2030762,False,4267622,8733234,4275516,109121,726,134267,37568
12,layer3.3.bn2,33264,False,79495,175079,77952,25414,105,1564,115
12,layer3.3.relu2,11935,False,34575,59901,33180,9706,28,495,12
12,layer3.3.conv3,967347,False,2038786,5932910,2041704,68169,119,46228,16138
12,layer3.3.bn3,91528,False,202647,444380,201600,50951,63,24102,304
12,layer3.3.add,67317,False,151745,172336,150528,19159,29,19246,34
12,layer3.3.relu3,31807,False,76382,134983,74928,19078,26,2475,35
12,layer3.4.conv1,1012298,False,2133638,5946276,2136876,68002,106,51741,13430
12,layer3.4.bn1,32351,False,77588,171999,76188,24714,41,5273,379
12,layer3.4.relu1,11008,False,32830,59719,31332,9670,24,492,12
12,layer3.4.conv2,2055665,False,4320912,8732556,4328856,108977,853,133669,45264
12,layer3.4.bn2,32663,False,78114,174631,76692,25304,72,1582,129
12,layer3.4.relu2,12964,False,36908,59839,35280,9689,34,505,12
12,layer3.4.conv3,965391,False,2034868,5933948,2038008,68323,108,45777,16041
12,layer3.4.bn3,94831,False,209254,450864,208320,51939,65,24410,340
12,layer3.4.add,67737,False,152459,172361,151200,19166,37,18881,28
12,layer3.4.relu3,32044,False,77074,134983,75684,19078,23,2725,8
12,layer3.5.conv1,1020185,False,2149731,5946649,2152920,68049,102,52002,12709
12,layer3.5.bn1,32812,False,78366,172133,76944,24735,46,5318,102
12,layer3.5.relu1,10998,False,32900,59719,31500,9670,19,488,13
12,layer3.5.conv2,2057929,False,4324867,8761353,4332972,114018,1072,136634,37017
12,layer3.5.bn2,33984,False,80870,174566,79464,25293,94,1528,136
12,layer3.5.relu2,11856,False,34433,59851,33012,9692,32,531,17
12,layer3.5.conv3,969469,False,2042995,5933684,2045988,68288,120,46574,16140
12,layer3.5.bn3,90334,False,199870,444379,198744,50944,64,23356,314
12,layer3.5.add,67645,False,152067,172336,150864,19159,34,19032,40
12,layer3.5.relu3,35912,False,85064,141484,83832,20080,34,3558,11
12,layer4.0.conv1,1966794,False,4133619,11791188,4141284,121535,198,112345,32100
12,layer4.0.bn1,50927,False,116576,263738,115332,33639,67,9854,210
12,layer4.0.relu1,17714,False,46760,84819,45360,12809,25,682,7
12,layer4.0.conv2,3399201,False,7135966,11914194,7150080,159775,988,471117,149401
12,layer4.0.bn2,30812,False,74305,155896,72660,25048,125,3233,174
12,layer4.0.relu2,8906,False,28342,47261,26880,8109,30,548,14
12,layer4.0.conv3,1264182,False,2661478,8178588,2665740,53745,395,113447,50616
12,layer4.0.bn3,60146,False,135679,364739,134400,48938,91,12124,601
12,layer4.0.downsample.0,2906707,False,6103865,11995069,6115788,169470,1376,495276,128149
12,layer4.0.downsample.1,59037,False,133397,368303,132216,49725,143,2794,535
12,layer4.0.add,32984,False,78987,103476,77700,12909,69,7143,42
12,layer4.0.relu3,17921,False,47705,84807,46284,12806,54,541,42
12,layer4.1.conv1,1228062,False,2585756,8146786,2590056,51321,434,141068,48131
12,layer4.1.bn1,29811,False,71956,153471,70392,24491,97,3963,196
12,layer4.1.relu1,9252,False,29411,47153,27888,8093,34,563,11
12,layer4.1.conv2,3158236,False,6631168,11165291,6644316,156852,1041,464758,148827
12,layer4.1.bn2,36817,False,86823,162543,85512,26055,116,2267,195
12,layer4.1.relu2,8707,False,28106,47153,26292,8093,22,535,18
12,layer4.1.conv3,1269946,False,2673441,8173039,2677668,52866,309,115091,50798
12,layer4.1.bn3,60582,False,136973,364902,135576,48965,80,12030,559
12,layer4.1.add,32339,False,77475,103464,76104,12906,53,7116,38
12,layer4.1.relu3,16357,False,43906,84807,42420,12806,24,375,14
12,layer4.2.conv1,1230083,False,2590355,8147014,2594676,51371,243,140059,52944
12,layer4.2.bn1,30570,False,73754,153863,72324,24549,83,3915,194
12,layer4.2.relu1,8176,False,34883,53165,33264,9020,47,1089,16
12,layer4.2.conv2,3162754,False,6641425,11176245,6654480,158519,889,464962,148557
12,layer4.2.bn2,32335,False,77770,156128,76356,25105,114,1578,183
12,layer4.2.relu2,8658,False,28197,47141,26628,8090,22,514,21
12,layer4.2.conv3,1263043,False,2659420,8171111,2663556,52564,208,114110,50234
12,layer4.2.bn3,60428,False,136800,364858,135492,48956,59,12043,863
12,layer4.2.add,31745,False,76329,103476,75012,12909,42,7132,35
12,layer4.2.relu3,16926,False,45430,84807,43848,12806,25,346,19
12,avgpool,88289,False,195071,279865,194040,39634,979,3920,1690
12,flatten,8541,False,27622,34015,26208,6364,97,448,209
12,fc,500597,False,1062504,340941,1063188,42743,338,132253,128027
13,conv1,2173549,False,4568287,8684932,4576824,96643,1281,178314,23530
13,bn1,341224,False,728495,1298097,728280,118533,261,105530,3394
13,relu,175841,False,380432,436416,379680,56789,67,52168,233
13,maxpool,10180042,False,21342248,42902850,21393120,7870873,375265,93308,10892
13,layer1.0.conv1,272064,False,504871,1519687,581028,21105,368,27644,4317
13,layer1.0.bn1,89512,False,197868,385604,196560,41608,364,21260,1301
13,layer1.0.relu1,32969,False,78707,134976,77364,19076,76,2299,117
13,layer1.0.conv2,1980700,False,4163128,8263118,4170684,90955,1716,59663,5580
13,layer1.0.bn2,76501,False,171018,388158,169848,42191,270,12736,204
13,layer1.0.relu2,34141,False,81427,135013,80052,19086,58,3187,33
13,layer1.0.conv3,859466,False,1812977,5281456,1815576,65156,318,66066,2573
13,layer1.0.bn3,320401,False,683544,1297938,683256,118308,364,101377,279
13,layer1.0.downsample.0,870235,False,1836320,5280441,1838844,65011,153,70282,5028
13,layer1.0.downsample.1,324828,False,692817,1304067,692916,119247,333,102283,569
13,layer1.0.add,315296,False,673217,586281,673092,56789,120,103265,345
13,layer1.0.relu3,174079,False,376670,436152,375816,56727,52,52164,41
13,layer1.1.conv1,809380,False,1708245,5645633,1710324,33637,264,62318,829
13,layer1.1.bn1,93581,False,206710,385755,205716,41635,128,26296,754
13,layer1.1.relu1,32671,False,78182,134976,76944,19076,30,2558,62
13,layer1.1.conv2,1973351,False,4147322,8260190,4154808,90362,1247,59248,3620
13,layer1.1.bn2,73521,False,164702,388535,163464,42261,201,11600,133
13,layer1.1.relu2,32000,False,76987,134976,75516,19076,28,3016,19
13,layer1.1.conv3,855906,False,1806198,5281016,1808604,65113,187,65455,1101
13,layer1.1.bn3,322302,False,687857,1303928,687708,119232,315,102181,389
13,layer1.1.add,314537,False,671646,586281,671580,56789,65,103032,167
13,layer1.1.relu3,174272,False,377204,436152,376488,56727,37,52045,16
13,layer1.2.conv1,811158,False,1712018,5647098,1714188,33872,213,62877,1018
13,layer1.2.bn1,93792,False,207615,385786,206724,41644,149,25945,356
13,layer1.2.relu1,31047,False,74674,134976,73332,19076,24,2403,19
13,layer1.2.conv2,1966222,False,4133718,8263787,4141200,91112,1062,55500,3168
13,layer1.2.bn2,70227,False,157450,388649,156408,42280,219,8947,141
13,layer1.2.relu2,43230,False,100426,154762,98952,22277,98,2947,42
13,layer1.2.conv3,847655,False,1788666,5274400,1791132,64090,185,64636,1042
13,layer1.2.bn3,323134,False,690187,1304406,689976,119315,355,102362,1271
13,layer1.2.add,313882,False,670446,586318,670320,56799,47,103108,607
13,layer1.2.relu3,174098,False,376554,436152,375732,56727,36,52309,121
13,layer2.0.conv1,1593646,False,3352070,11227157,3357984,54650,221,127349,2244
13,layer2.0.bn1,173603,False,375870,689889,374976,67217,194,53896,143
13,layer2.0.relu1,79754,False,177668,235328,176568,31620,21,20388,49
13,layer2.0.conv2,2130023,False,4476572,8568550,4484844,100681,1268,151944,9749
13,layer2.0.bn2,45654,False,105585,243743,104160,30633,192,2126,83
13,layer2.0.relu2,18228,False,48064,84812,46536,12807,48,547,18
13,layer2.0.conv3,851235,False,1795630,5302342,1798020,59118,272,42148,5494
13,layer2.0.bn3,171138,False,370224,709901,369516,70449,132,51849,181
13,layer2.0.downsample.0,2304837,False,4842939,11213243,4852260,154476,1223,258861,14464
13,layer2.0.downsample.1,176888,False,383199,713080,382368,71152,125,52931,618
13,layer2.0.add,164099,False,355675,317123,354900,32746,105,52908,164
13,layer2.0.relu3,80183,False,178416,235340,177240,31623,48,19962,41
13,layer2.1.conv1,848194,False,1760512,5712163,1762572,35875,489,40454,3628
13,layer2.1.bn1,49535,False,113785,238371,112308,29593,104,10558,62
13,layer2.1.relu1,18010,False,47417,84920,45948,12823,34,793,7
13,layer2.1.conv2,1930505,False,4058055,8159365,4065348,93293,1172,42814,8982
13,layer2.1.bn2,44670,False,103303,241327,101892,30256,127,4070,95
13,layer2.1.relu2,18460,False,48376,84825,46788,12811,40,553,11
13,layer2.1.conv3,849142,False,1791393,5301625,1793820,59004,245,45711,4707
13,layer2.1.bn3,173028,False,375024,711419,374304,70698,111,52292,175
13,layer2.1.add,159059,False,345152,310313,344316,31701,76,51265,30
13,layer2.1.relu3,78808,False,175641,235340,174552,31623,31,19507,36
13,layer2.2.conv1,818601,False,1726816,5703991,1728888,34474,216,37655,3324
13,layer2.2.bn1,48707,False,111999,238421,110796,29606,87,10175,63
13,layer2.2.relu1,18299,False,48221,84920,46872,12823,28,724,8
13,layer2.2.conv2,1918815,False,4032387,8153356,4039644,92631,1086,42643,8893
13,layer2.2.bn2,44847,False,103882,241577,102648,30311,122,3768,96
13,layer2.2.relu2,17644,False,46697,84800,45192,12804,25,707,14
13,layer2.2.conv3,845766,False,1784428,5301802,1786848,59060,173,47156,4345
13,layer2.2.bn3,175584,False,380185,716630,379512,71504,92,53150,197
13,layer2.2.add,158914,False,344868,310313,343980,31701,51,51872,28
13,layer2.2.relu3,78405,False,174888,235328,173796,31620,25,19516,35
13,layer2.3.conv1,819343,False,1728435,5704465,1730652,34521,175,36154,3558
13,layer2.3.bn1,46939,False,108441,238555,107016,29627,47,9502,71
13,layer2.3.relu1,18054,False,47577,84920,45864,12823,22,645,10
13,layer2.3.conv2,1918487,False,4032738,8148036,4040064,91488,875,41566,13076
13,layer2.3.bn2,42648,False,99576,241167,98112,30221,103,4026,94
13,layer2.3.relu2,18769,False,49326,85144,47796,12861,37,698,7
13,layer2.3.conv3,854821,False,1803142,5314235,1805412,61099,182,48088,3898
13,layer2.3.bn3,172544,False,373485,710063,372708,70480,78,52422,166
13,layer2.3.add,158120,False,343275,310320,342300,31703,49,51602,15
13,layer2.3.relu3,78447,False,174956,235335,173796,31622,23,19320,34
13,layer3.0.conv1,1743342,False,3664841,10451819,3671220,98469,306,68238,7082
13,layer3.0.bn1,85867,False,190281,395326,189084,43177,65,22266,119
13,layer3.0.relu1,32640,False,77947,135128,76608,19104,27,3359,13
13,layer3.0.conv2,2217350,False,4658816,9205245,4667544,114637,1050,161906,43862
13,layer3.0.bn2,35766,False,84582,174850,83244,25351,116,4981,122
13,layer3.0.relu2,12321,False,35872,59719,34356,9670,23,542,13
13,layer3.0.conv3,971329,False,2046816,5934084,2049684,68327,166,45403,16517
13,layer3.0.bn3,91958,False,203524,444718,202356,51003,75,23811,319
13,layer3.0.downsample.0,2218589,False,4661830,10960666,4670652,133851,965,221319,32792
13,layer3.0.downsample.1,83256,False,185366,448207,183960,51797,142,13033,328
13,layer3.0.add,66655,False,150451,172336,149268,19159,46,18357,64
13,layer3.0.relu3,34503,False,82209,134983,80976,19078,35,3998,17
13,layer3.1.conv1,1023998,False,2157517,5945971,2160648,67932,269,53272,13292
13,layer3.1.bn1,34420,False,81930,172361,80556,24795,82,5367,134
13,layer3.1.relu1,11595,False,33865,59744,32256,9677,26,499,10
13,layer3.1.conv2,2033935,False,4274769,8735964,4282572,109753,1110,134181,36230
13,layer3.1.bn2,33653,False,80329,174928,78876,25371,106,1576,133
13,layer3.1.relu2,11973,False,35105,59851,33600,9692,24,530,10
13,layer3.1.conv3,967989,False,2040334,5932739,2043468,68119,121,46398,16340
13,layer3.1.bn3,89696,False,198579,444605,197484,51001,89,23195,304
13,layer3.1.add,67759,False,152110,172348,150948,19162,40,19173,40
13,layer3.1.relu3,32076,False,76970,134983,75264,19078,24,2724,19
13,layer3.2.conv1,1009716,False,2127439,5947035,2130576,68092,160,51821,13334
13,layer3.2.bn1,34090,False,81148,172717,79632,24836,80,5382,132
13,layer3.2.relu1,11036,False,32809,59731,31248,9673,23,493,13
13,layer3.2.conv2,2035440,False,4286321,8740569,4294416,110364,1062,134662,36294
13,layer3.2.bn2,33158,False,79290,175069,77868,25411,117,1595,123
13,layer3.2.relu2,12008,False,34922,59839,33348,9689,36,505,21
13,layer3.2.conv3,968395,False,2041252,5932806,2044224,68134,97,46545,16104
13,layer3.2.bn3,93844,False,207051,446029,205800,51228,90,23944,281
13,layer3.2.add,66189,False,148918,172336,147756,19159,39,18522,28
13,layer3.2.relu3,30809,False,74168,134983,72744,19078,26,1897,12
13,layer3.3.conv1,1014752,False,2138611,5946179,2141748,67976,105,52068,12823
13,layer3.3.bn1,33440,False,79886,172213,78372,24755,51,5294,535
13,layer3.3.relu1,11560,False,33732,59719,32256,9670,15,488,11
13,layer3.3.conv2,2038293,False,4284719,8735577,4292484,109560,1020,134914,37215
13,layer3.3.bn2,33312,False,79854,175064,78624,25416,99,1529,121
13,layer3.3.relu2,12193,False,35472,59901,34104,9706,47,482,12
13,layer3.3.conv3,971334,False,2047398,5932969,2050356,68146,108,45994,16080
13,layer3.3.bn3,96863,False,213643,451800,212604,52109,95,25196,292
13,layer3.3.add,68080,False,153318,172336,151956,19159,37,19485,29
13,layer3.3.relu3,31174,False,75141,134983,73584,19078,19,2418,17
13,layer3.4.conv1,1018636,False,2146035,5967856,2149140,71771,159,52950,12990
13,layer3.4.bn1,32883,False,78729,172079,77280,24734,58,5291,514
13,layer3.4.relu1,11395,False,33518,59719,32004,9670,21,535,18
13,layer3.4.conv2,2054832,False,4318820,8736063,4326756,109695,748,133635,41356
13,layer3.4.bn2,33548,False,80001,174741,78456,25343,93,1565,128
13,layer3.4.relu2,12045,False,35022,59839,33516,9689,32,605,20
13,layer3.4.conv3,971899,False,2048583,5933196,2051448,68194,125,46208,16015
13,layer3.4.bn3,91335,False,201923,444733,200844,51023,81,23677,298
13,layer3.4.add,67573,False,152003,172361,150612,19166,41,18979,30
13,layer3.4.relu3,31668,False,76132,134983,74592,19078,27,2803,9
13,layer3.5.conv1,1003236,False,2113840,5946513,2116968,68023,98,51648,12317
13,layer3.5.bn1,33415,False,79730,172213,78288,24755,39,5402,110
13,layer3.5.relu1,11309,False,33295,59719,31752,9670,22,492,9
13,layer3.5.conv2,2034976,False,4276999,8731917,4284756,108807,857,134113,36550
13,layer3.5.bn2,33245,False,79323,174905,77784,25376,94,1545,134
13,layer3.5.relu2,11479,False,33628,59851,32172,9692,27,495,11
13,layer3.5.conv3,967221,False,2038655,5933236,2041536,68202,98,46298,16014
13,layer3.5.bn3,88746,False,196752,444507,195552,50977,64,23357,299
13,layer3.5.add,67429,False,151804,172336,150612,19159,35,19149,37
13,layer3.5.relu3,31844,False,76514,134995,75096,19081,25,2613,21
13,layer4.0.conv1,1968697,False,4137708,11790398,4145316,121389,176,112561,30920
13,layer4.0.bn1,51032,False,116918,263654,115500,33631,75,9823,218
13,layer4.0.relu1,17644,False,47014,84819,45612,12809,22,695,11
13,layer4.0.conv2,3410179,False,7158471,11918872,7172844,160290,898,471540,150118
13,layer4.0.bn2,31089,False,75027,156195,73500,25109,138,3155,162
13,layer4.0.relu2,8628,False,27985,47261,26544,8109,28,520,15
13,layer4.0.conv3,1265171,False,2663767,8172168,2668092,52755,392,112756,50082
13,layer4.0.bn3,60211,False,135894,364736,134568,48938,75,12141,653
13,layer4.0.downsample.0,2889804,False,6068831,11978437,6080760,166738,1179,493147,128552
13,layer4.0.downsample.1,58680,False,132801,368213,131628,49703,103,2999,571
13,layer4.0.add,31631,False,76386,103476,74928,12909,58,7121,42
13,layer4.0.relu3,22063,False,56018,91507,54684,13835,55,1196,13
13,layer4.1.conv1,1232092,False,2594098,8147300,2598036,51397,401,141591,50629
13,layer4.1.bn1,29806,False,72095,153113,70644,24431,74,3898,191
13,layer4.1.relu1,8490,False,27397,47153,25788,8093,27,491,11
13,layer4.1.conv2,3150206,False,6614892,11163340,6627852,156535,988,464634,148976
13,layer4.1.bn2,32670,False,78361,156032,76860,25089,116,1639,180
13,layer4.1.relu2,9250,False,28799,47153,27468,8093,31,508,14
13,layer4.1.conv3,1273341,False,2680720,8177729,2685060,53584,264,115626,48449
13,layer4.1.bn3,62288,False,140542,366330,139272,49209,76,12109,561
13,layer4.1.add,31924,False,76825,103464,75264,12906,59,7082,30
13,layer4.1.relu3,16824,False,44972,84807,43512,12806,26,475,41
13,layer4.2.conv1,1224172,False,2577862,8146581,2581992,51294,213,140160,50888
13,layer4.2.bn1,29537,False,71613,153296,69972,24464,79,3970,181
13,layer4.2.relu1,8667,False,28136,47153,26712,8093,16,473,10
13,layer4.2.conv2,3159467,False,6633381,11175150,6646332,158270,846,464785,147796
13,layer4.2.bn2,31736,False,76493,155870,75180,25048,107,1558,165
13,layer4.2.relu2,8652,False,27807,47141,26376,8090,20,490,13
13,layer4.2.conv3,1258223,False,2649579,8170779,2653896,52515,207,114518,48296
13,layer4.2.bn3,60469,False,136348,364933,134988,48974,56,12033,710
13,layer4.2.add,31304,False,75337,103476,74088,12909,45,7086,38
13,layer4.2.relu3,17438,False,46373,84807,44604,12806,21,417,32
13,avgpool,85841,False,189877,273735,188832,38677,985,3276,1648
13,flatten,7908,False,26339,34015,24948,6364,101,456,195
13,fc,505599,False,1072629,347505,1073352,43771,352,133383,127938
14,conv1,2173858,False,4569248,8689313,4577580,97560,1167,178371,21125
14,bn1,337726,False,720731,1292162,720804,117631,289,104486,2973
14,relu,179677,False,388685,443419,388080,57860,87,53252,59
14,maxpool,10266005,False,21522339,42889000,21573552,7868609,379351,92672,9626
14,layer1.0.conv1,265866,False,493280,1513289,568008,20118,352,27093,3657
14,layer1.0.bn1,90063,False,199317,385815,198072,41658,386,21170,1259
14,layer1.0.relu1,37227,False,87627,141420,86184,20066,100,3168,68
14,layer1.0.conv2,1993457,False,4189920,8276185,4197564,93017,1781,60711,5605
14,layer1.0.bn2,76573,False,171752,388339,170856,42226,276,12222,187
14,layer1.0.relu2,33289,False,79760,135013,78372,19086,55,3104,19
14,layer1.0.conv3,863019,False,1820752,5280426,1823136,65003,294,66221,2235
14,layer1.0.bn3,318482,False,680287,1298018,680148,118332,364,101311,157
14,layer1.0.downsample.0,867135,False,1829630,5280491,1832040,65004,144,70166,4172
14,layer1.0.downsample.1,321493,False,686621,1297908,686616,118306,326,101347,342
14,layer1.0.add,318563,False,680151,591379,680064,57582,139,104295,205
14,layer1.0.relu3,174718,False,378080,436152,377328,56727,45,52086,27
14,layer1.1.conv1,809608,False,1708680,5646208,1711080,33722,208,62151,831
14,layer1.1.bn1,93497,False,206507,385835,205464,41655,137,26053,682
14,layer1.1.relu1,31404,False,75628,134976,74172,19076,34,2326,15
14,layer1.1.conv2,1975349,False,4152028,8261236,4159680,90588,1228,58857,3440
14,layer1.1.bn2,74461,False,166777,388400,165564,42234,198,11505,146
14,layer1.1.relu2,32699,False,78243,134976,76860,19076,39,3061,34
14,layer1.1.conv3,856126,False,1806176,5280367,1808772,64998,155,65499,1085
14,layer1.1.bn3,319613,False,682146,1298014,682080,118334,320,101436,233
14,layer1.1.add,317949,False,678817,592669,678636,57773,60,103892,83
14,layer1.1.relu3,174447,False,377452,436152,376824,56727,38,52083,18
14,layer1.2.conv1,809834,False,1709454,5646530,1711920,33793,160,62698,987
14,layer1.2.bn1,92751,False,204715,385866,203700,41664,121,26022,421
14,layer1.2.relu1,30632,False,74048,134976,72744,19076,29,2239,15
14,layer1.2.conv2,1963595,False,4127234,8265403,4134816,91384,965,54847,3186
14,layer1.2.bn2,70227,False,157711,388569,156492,42262,175,8992,112
14,layer1.2.relu2,30889,False,74942,134988,73500,19079,36,1786,25
14,layer1.2.conv3,852465,False,1798879,5280331,1801380,65001,136,65336,1031
14,layer1.2.bn3,322902,False,689175,1303963,688968,119240,315,102456,1271
14,layer1.2.add,313188,False,669013,586318,669060,56799,42,102938,682
14,layer1.2.relu3,174890,False,378814,436152,377916,56727,26,52253,143
14,layer2.0.conv1,1594571,False,3353734,11231234,3359832,55301,306,127289,2112
14,layer2.0.bn1,174618,False,377697,692347,376824,67623,214,53936,85
14,layer2.0.relu1,79721,False,177278,235328,175980,31620,27,19952,29
14,layer2.0.conv2,2119392,False,4453812,8560316,4461996,99411,1058,151065,9503
14,layer2.0.bn2,43388,False,100764,241577,99624,30299,127,2066,48
14,layer2.0.relu2,17850,False,47032,84812,45528,12807,33,538,19
14,layer2.0.conv3,848078,False,1789044,5302350,1791384,59145,218,42157,5052
14,layer2.0.bn3,173735,False,375739,715777,375060,71356,105,52943,206
14,layer2.0.downsample.0,2304566,False,4841943,11211521,4851168,154097,1110,258763,13061
14,layer2.0.downsample.1,178134,False,385303,713250,384636,71179,138,53148,533
14,layer2.0.add,160172,False,347634,310325,346920,31704,53,51946,57
14,layer2.0.relu3,79676,False,177645,235340,176400,31623,41,19938,38
14,layer2.1.conv1,820965,False,1731947,5703798,1734264,34431,248,38570,3341
14,layer2.1.bn1,48204,False,110939,238448,109620,29610,89,10177,73
14,layer2.1.relu1,17813,False,46972,84927,45360,12825,31,883,8
14,layer2.1.conv2,1916096,False,4027541,8149969,4034940,91809,916,41622,8762
14,layer2.1.bn2,47303,False,109209,246159,107772,30985,117,4435,92
14,layer2.1.relu2,17865,False,47209,84832,45612,12813,31,600,11
14,layer2.1.conv3,843000,False,1778340,5295416,1780800,58054,164,44418,4313
14,layer2.1.bn3,175179,False,379090,716583,378504,71493,104,52943,169
14,layer2.1.add,157610,False,342098,310320,341208,31703,39,51062,20
14,layer2.1.relu3,78417,False,174893,235347,173712,31625,25,19432,29
14,layer2.2.conv1,818446,False,1726189,5704338,1728384,34553,171,36948,3192
14,layer2.2.bn1,48474,False,111543,238348,110292,29588,62,10195,49
14,layer2.2.relu1,17748,False,46922,84927,45360,12825,25,753,7
14,layer2.2.conv2,1924375,False,4045344,8159596,4052832,93316,961,42666,8791
14,layer2.2.bn2,42792,False,99925,241154,98700,30209,92,3917,85
14,layer2.2.relu2,18340,False,48565,84807,46872,12806,33,732,10
14,layer2.2.conv3,849218,False,1791450,5301784,1793988,59061,165,47590,4358
14,layer2.2.bn3,171826,False,371843,709890,371028,70441,76,52169,192
14,layer2.2.add,159329,False,345930,310320,345072,31703,40,51778,17
14,layer2.2.relu3,82653,False,183404,241720,182364,32604,38,20841,32
14,layer2.3.conv1,814017,False,1717413,5697903,1719648,33524,169,35288,3557
14,layer2.3.bn1,52379,False,120019,245546,118776,30696,71,10042,62
14,layer2.3.relu1,17615,False,46471,84927,45024,12825,26,742,13
14,layer2.3.conv2,1915172,False,4025342,8145135,4032504,90894,875,41423,12131
14,layer2.3.bn2,43106,False,100262,241466,98952,30286,92,3969,81
14,layer2.3.relu2,17546,False,46486,84807,45024,12806,27,728,12
14,layer2.3.conv3,847307,False,1787193,5301991,1789368,59097,148,47656,4243
14,layer2.3.bn3,173933,False,376581,709833,375648,70441,70,52518,162
14,layer2.3.add,158936,False,345280,310320,344568,31703,39,51815,15
14,layer2.3.relu3,78188,False,174169,235335,173040,31622,24,19430,32
14,layer3.0.conv1,1765270,False,3710867,10451932,3717336,98480,282,68067,6776
14,layer3.0.bn1,84360,False,187138,395374,185724,43176,54,21952,85
14,layer3.0.relu1,32073,False,77094,135128,75600,19104,30,3206,9
14,layer3.0.conv2,2192659,False,4607824,9199968,4616640,113843,1135,162745,35931
14,layer3.0.bn2,35781,False,84783,174786,83496,25335,95,5007,113
14,layer3.0.relu2,12281,False,35304,60056,33852,9725,31,512,5
14,layer3.0.conv3,966219,False,2044461,5932919,2039436,67197,164,44954,16474
14,layer3.0.bn3,92145,False,203909,444580,202524,50990,84,23824,330
14,layer3.0.downsample.0,2219581,False,4664551,10958508,4673340,133572,1025,221853,32425
14,layer3.0.downsample.1,82070,False,182986,448036,181860,51757,129,13439,335
14,layer3.0.add,66140,False,149388,173684,148008,19379,53,18125,41
14,layer3.0.relu3,33923,False,80838,134983,79464,19078,44,3873,27
14,layer3.1.conv1,1051318,False,2159239,5953494,2162412,69236,492,55598,12374
14,layer3.1.bn1,34536,False,82069,172133,80724,24735,85,5297,116
14,layer3.1.relu1,12179,False,35282,59744,33768,9677,37,561,9
14,layer3.1.conv2,2046025,False,4300664,8742367,4308696,110657,1354,134951,35922
14,layer3.1.bn2,33206,False,79185,174588,77784,25292,90,1575,139
14,layer3.1.relu2,12808,False,36488,59851,34944,9692,35,588,36
14,layer3.1.conv3,973601,False,2052062,5932782,2055060,68119,173,46365,16207
14,layer3.1.bn3,89496,False,198079,444588,196896,50997,77,23333,277
14,layer3.1.add,67817,False,152513,172428,151200,19182,53,18979,26
14,layer3.1.relu3,31531,False,75635,134983,74088,19078,22,2593,11
14,layer3.2.conv1,1007279,False,2122344,5946308,2125620,67995,168,52165,12550
14,layer3.2.bn1,32567,False,77818,171999,76440,24714,54,5309,110
14,layer3.2.relu1,10792,False,32205,59731,30744,9673,16,479,6
14,layer3.2.conv2,2037957,False,4282673,8732995,4290468,109113,1136,134574,35973
14,layer3.2.bn2,33239,False,79281,174830,77952,25356,95,1578,124
14,layer3.2.relu2,12515,False,35851,59839,34272,9689,30,497,9
14,layer3.2.conv3,982243,False,2070275,5955606,2073036,72110,209,47823,16159
14,layer3.2.bn3,97130,False,214076,450965,212940,51969,95,24781,281
14,layer3.2.add,66928,False,150761,172416,149436,19179,37,18508,27
14,layer3.2.relu3,31470,False,75642,134983,74172,19078,25,1959,10
14,layer3.3.conv1,1006085,False,2119718,5946171,2122932,67975,126,51790,12096
14,layer3.3.bn1,34470,False,82084,172215,80556,24755,57,5168,441
14,layer3.3.relu1,11405,False,33482,59719,32256,9670,17,481,7
14,layer3.3.conv2,2038167,False,4283827,8735536,4291728,109625,1087,134230,36827
14,layer3.3.bn2,33233,False,79778,174672,78288,25324,91,1517,112
14,layer3.3.relu2,12247,False,35566,59901,34020,9706,36,534,27
14,layer3.3.conv3,971327,False,2047429,5932514,2050524,68079,114,46183,16138
14,layer3.3.bn3,91980,False,203331,444514,202356,50982,81,24007,290
14,layer3.3.add,67602,False,152584,172416,151284,19179,35,19132,25
14,layer3.3.relu3,31444,False,75848,134983,74508,19078,25,2467,27
14,layer3.4.conv1,1003212,False,2113850,5946226,2116968,67989,104,51680,12369
14,layer3.4.bn1,33221,False,79212,171999,77868,24714,44,5270,433
14,layer3.4.relu1,11159,False,33188,59719,31584,9670,23,497,8
14,layer3.4.conv2,2054416,False,4317858,8735929,4326000,109585,1002,133610,43122
14,layer3.4.bn2,32890,False,78703,174611,77364,25301,82,1519,121
14,layer3.4.relu2,12757,False,36566,59839,35112,9689,30,555,12
14,layer3.4.conv3,971676,False,2047927,5933499,2050944,68225,118,46378,16033
14,layer3.4.bn3,91908,False,203195,444524,202020,50968,65,23779,306
14,layer3.4.add,67509,False,152044,172441,150780,19186,47,18896,29
14,layer3.4.relu3,31495,False,75960,134983,74676,19078,26,2800,13
14,layer3.5.conv1,1022272,False,2153892,5946859,2157036,68074,108,52467,11666
14,layer3.5.bn1,33711,False,80601,172133,79044,24735,34,5323,112
14,layer3.5.relu1,10944,False,32616,59719,30912,9670,14,448,8
14,layer3.5.conv2,2041080,False,4289502,8732663,4297440,109042,1036,134682,36429
14,layer3.5.bn2,37047,False,87688,181665,86268,26415,106,2084,130
14,layer3.5.relu2,12070,False,35077,59851,33516,9692,27,530,13
14,layer3.5.conv3,969955,False,2044050,5932957,2046912,68167,115,46156,16021
14,layer3.5.bn3,90434,False,200361,444387,199080,50951,68,23433,308
14,layer3.5.add,66926,False,150578,172416,149352,19179,38,18871,30
14,layer3.5.relu3,32377,False,77556,134995,76188,19081,24,2715,17
14,layer4.0.conv1,1967664,False,4135227,11792769,4142796,121747,208,113926,28806
14,layer4.0.bn1,50503,False,115880,264044,114492,33700,79,9896,215
14,layer4.0.relu1,17662,False,46997,84819,45528,12809,22,639,7
14,layer4.0.conv2,3397619,False,7138991,11918131,7153272,160197,935,471207,148892
14,layer4.0.bn2,30869,False,74375,155611,72912,24988,119,3250,169
14,layer4.0.relu2,9144,False,29034,47261,27636,8109,29,539,20
14,layer4.0.conv3,1252389,False,2637017,8172323,2641296,52769,448,113324,45335
14,layer4.0.bn3,60500,False,136918,364747,135492,48940,79,12194,602
14,layer4.0.downsample.0,2886418,False,6061772,11976143,6073452,166430,1168,493234,126623
14,layer4.0.downsample.1,58956,False,133461,368244,131964,49703,118,2898,542
14,layer4.0.add,32390,False,77847,103476,76692,12909,42,7094,24
14,layer4.0.relu3,17525,False,46535,84807,44940,12806,29,526,16
14,layer4.1.conv1,1233928,False,2598019,8158738,2602320,53297,368,141994,41822
14,layer4.1.bn1,30206,False,73046,153099,71736,24429,84,3966,177
14,layer4.1.relu1,8919,False,28560,47153,27132,8093,19,477,4
14,layer4.1.conv2,3155570,False,6625916,11166056,6638772,156990,913,464619,147569
14,layer4.1.bn2,31609,False,75960,156037,74508,25081,104,1552,178
14,layer4.1.relu2,8800,False,28517,47153,26964,8093,23,513,22
14,layer4.1.conv3,1253355,False,2638680,8172110,2643144,52716,249,114410,43467
14,layer4.1.bn3,61759,False,139153,364889,137928,48963,77,12057,521
14,layer4.1.add,31900,False,76796,103464,75348,12906,40,7048,18
14,layer4.1.relu3,16475,False,44349,84807,42840,12806,22,358,4
14,layer4.2.conv1,1227128,False,2584035,8152651,2588124,52258,243,141276,43544
14,layer4.2.bn1,29686,False,72020,153302,70644,24465,69,4033,167
14,layer4.2.relu1,8968,False,28712,47153,27132,8093,18,486,8
14,layer4.2.conv2,3150589,False,6614617,11166420,6627684,157048,850,464666,147628
14,layer4.2.bn2,31660,False,76090,155975,74676,25074,100,1567,155
14,layer4.2.relu2,8880,False,28344,47141,26796,8090,15,511,19
14,layer4.2.conv3,1248673,False,2628781,8171793,2632980,52667,222,114895,41780
14,layer4.2.bn3,64032,False,144038,371042,142884,49920,78,12700,690
14,layer4.2.add,30991,False,74637,103476,73416,12909,42,7038,35
14,layer4.2.relu3,16622,False,44178,84807,42588,12806,23,348,7
14,avgpool,82972,False,183798,274332,182700,38787,986,3141,1353
14,flatten,8392,False,27153,34015,25536,6364,101,445,170
14,fc,500040,False,1061103,341349,1061928,42834,344,132254,127503
15,conv1,2174317,False,4569823,8690271,4578252,97419,1082,179267,16573
15,bn1,335445,False,715977,1292202,716016,117632,315,104523,263
15,relu,175844,False,380667,436416,380016,56789,69,52261,73
15,maxpool,10156957,False,21293583,42889687,21344568,7868776,371966,92899,7297
15,layer1.0.conv1,260613,False,491911,1513369,557340,20138,346,26945,3049
15,layer1.0.bn1,88885,False,197076,385685,196056,41628,345,20946,749
15,layer1.0.relu1,33509,False,80166,134976,78708,19076,83,2311,40
15,layer1.0.conv2,1981302,False,4164383,8261201,4171776,90594,1684,59239,4361
15,layer1.0.bn2,76398,False,170873,388390,169596,42238,257,12678,178
15,layer1.0.relu2,34610,False,82640,135013,81312,19086,65,3107,17
15,layer1.0.conv3,859875,False,1814079,5280995,1816584,65107,247,65900,1930
15,layer1.0.bn3,319289,False,681787,1297938,681828,118315,358,101419,245
15,layer1.0.downsample.0,861931,False,1819157,5274183,1821708,64040,139,69368,3884
15,layer1.0.downsample.1,322680,False,689100,1303994,689136,119272,346,102102,704
15,layer1.0.add,315165,False,672798,586281,672672,56789,128,103211,410
15,layer1.0.relu3,175197,False,378621,436152,377916,56727,51,52067,20
15,layer1.1.conv1,809211,False,1708180,5645743,1710324,33663,207,62523,795
15,layer1.1.bn1,95813,False,211398,387103,210084,41855,161,26199,408
15,layer1.1.relu1,31479,False,75696,134976,74172,19076,30,2481,31
15,layer1.1.conv2,1971005,False,4142505,8263253,4149936,90917,1120,59375,3165
15,layer1.1.bn2,76159,False,170090,395108,168840,43292,206,12260,117
15,layer1.1.relu2,33025,False,79246,134976,77868,19076,38,2999,19
15,layer1.1.conv3,856675,False,1807639,5280428,1809780,65012,165,65629,1051
15,layer1.1.bn3,320969,False,685700,1298044,685524,118338,352,101502,438
15,layer1.1.add,314188,False,670867,586281,670740,56789,58,103016,186
15,layer1.1.relu3,174183,False,376746,436152,376068,56727,39,52076,15
15,layer1.2.conv1,804826,False,1698557,5640489,1700748,32860,265,62178,971
15,layer1.2.bn1,93016,False,205678,385873,204708,41666,155,26201,240
15,layer1.2.relu1,32344,False,78080,134983,76608,19078,22,2709,25
15,layer1.2.conv2,1965421,False,4130941,8261200,4138428,90545,1015,55268,2966
15,layer1.2.bn2,69760,False,156696,388942,155568,42357,197,8849,137
15,layer1.2.relu2,30842,False,74361,134995,73164,19081,29,1772,26
15,layer1.2.conv3,863908,False,1822188,5295936,1824648,67562,250,65804,1004
15,layer1.2.bn3,321077,False,686094,1300411,685944,118724,359,101497,1332
15,layer1.2.add,314213,False,670848,586325,670824,56801,66,103075,629
15,layer1.2.relu3,178067,False,384967,442193,384216,57661,45,53224,188
15,layer2.0.conv1,1590943,False,3346423,11220730,3352188,53663,347,126752,2258
15,layer2.0.bn1,173738,False,375928,689976,375312,67239,192,53872,95
15,layer2.0.relu1,78958,False,175727,235335,174468,31622,21,20492,36
15,layer2.0.conv2,2124626,False,4465210,8557653,4473588,98742,1109,150987,9505
15,layer2.0.bn2,44368,False,102690,241723,101304,30341,169,2156,54
15,layer2.0.relu2,18487,False,48379,84819,46956,12809,48,540,12
15,layer2.0.conv3,848814,False,1790587,5301915,1792896,59071,262,42018,4856
15,layer2.0.bn3,169692,False,367421,709539,366744,70380,111,51779,173
15,layer2.0.downsample.0,2301422,False,4835467,11206048,4844532,152994,1153,258742,12343
15,layer2.0.downsample.1,179460,False,388129,719441,387408,72131,104,53897,389
15,layer2.0.add,160497,False,348728,310332,347760,31706,76,52012,62
15,layer2.0.relu3,80109,False,178417,235347,177240,31625,44,19957,43
15,layer2.1.conv1,822608,False,1735305,5703721,1737540,34415,298,39128,3263
15,layer2.1.bn1,48331,False,111268,238428,109956,29608,79,10253,66
15,layer2.1.relu1,17459,False,46365,84927,45024,12825,28,816,7
15,layer2.1.conv2,1923328,False,4042508,8146731,4049808,91275,1136,42069,8557
15,layer2.1.bn2,44188,False,102559,241459,101304,30275,97,3701,93
15,layer2.1.relu2,17987,False,47323,84832,45864,12813,33,550,8
15,layer2.1.conv3,849886,False,1793248,5302200,1795584,59095,186,45208,4243
15,layer2.1.bn3,170762,False,369726,710398,368928,70547,78,51956,165
15,layer2.1.add,158773,False,344527,310320,343728,31703,55,51152,26
15,layer2.1.relu3,81550,False,181152,241381,179928,32557,28,20218,34
15,layer2.2.conv1,813690,False,1716820,5697944,1718808,33535,166,36814,3093
15,layer2.2.bn1,47501,False,109587,238428,108192,29608,68,10218,49
15,layer2.2.relu1,17457,False,53922,91242,52332,13794,45,809,6
15,layer2.2.conv2,1912778,False,4019935,8139788,4027128,90124,972,41867,8605
15,layer2.2.bn2,42364,False,98607,241239,97440,30231,86,3779,75
15,layer2.2.relu2,17922,False,47380,84807,45864,12806,28,683,10
15,layer2.2.conv3,848827,False,1791069,5302671,1793400,59174,158,47401,4158
15,layer2.2.bn3,171148,False,372470,710134,371448,70507,109,52603,205
15,layer2.2.add,159249,False,345934,310320,345156,31703,58,51879,17
15,layer2.2.relu3,78666,False,175247,235335,174216,31622,31,19430,38
15,layer2.3.conv1,818663,False,1726979,5703902,1729224,34445,202,36855,3451
15,layer2.3.bn1,48136,False,110647,239910,109452,29849,78,9419,58
15,layer2.3.relu1,17237,False,45740,84927,44268,12825,32,647,9
15,layer2.3.conv2,1917780,False,4030588,8145250,4037880,90862,916,41544,12113
15,layer2.3.bn2,42725,False,99529,241417,98028,30275,107,3795,85
15,layer2.3.relu2,17787,False,46787,84807,45276,12806,32,685,7
15,layer2.3.conv3,848354,False,1789725,5301659,1792056,59037,163,47675,4077
15,layer2.3.bn3,172961,False,374240,710227,373548,70504,71,52444,178
15,layer2.3.add,162360,False,352073,316969,351204,32722,59,52393,12
15,layer2.3.relu3,78610,False,175460,235335,174132,31622,27,19704,45
15,layer3.0.conv1,1750930,False,3681039,10446250,3687516,97629,270,67983,6305
15,layer3.0.bn1,90082,False,199240,401726,198072,44162,68,23108,91
15,layer3.0.relu1,32879,False,78551,135128,77028,19104,31,3287,11
15,layer3.0.conv2,2183345,False,4587323,9194151,4596060,112636,1118,156668,35853
15,layer3.0.bn2,36368,False,86344,174933,85008,25365,103,5101,116
15,layer3.0.relu2,11101,False,32869,59719,31248,9670,22,510,13
15,layer3.0.conv3,970564,False,2046136,5933021,2049264,68171,180,46182,16282
15,layer3.0.bn3,92384,False,204199,444608,202944,50981,74,23869,328
15,layer3.0.downsample.0,2216513,False,4657649,10957177,4666452,133225,1039,221877,32105
15,layer3.0.downsample.1,85030,False,188781,453498,187824,52554,116,13870,326
15,layer3.0.add,65572,False,148130,172336,146832,19159,40,18193,47
15,layer3.0.relu3,33745,False,80409,134983,78792,19078,37,3711,13
15,layer3.1.conv1,1029472,False,2169227,5945851,2172492,67910,246,53818,11433
15,layer3.1.bn1,34805,False,82591,172270,81312,24770,90,5454,135
15,layer3.1.relu1,11447,False,33605,59744,32004,9677,33,497,8
15,layer3.1.conv2,2046279,False,4301426,8754008,4309368,112776,1189,135317,35783
15,layer3.1.bn2,33645,False,80310,175002,78960,25395,117,1565,133
15,layer3.1.relu2,12146,False,35297,60188,33684,9747,42,525,19
15,layer3.1.conv3,967203,False,2038378,5932843,2041368,68133,135,46397,16033
15,layer3.1.bn3,89572,False,198762,444421,197652,50960,73,23098,292
15,layer3.1.add,67952,False,152884,172348,151536,19162,45,19085,43
15,layer3.1.relu3,32476,False,77859,134983,76608,19078,29,2646,13
15,layer3.2.conv1,1011500,False,2139043,5952740,2142168,68991,174,51799,11829
15,layer3.2.bn1,34348,False,81847,172119,80220,24741,83,5356,126
15,layer3.2.relu1,11758,False,34309,59731,32844,9673,22,519,12
15,layer3.2.conv2,2032869,False,4272025,8734074,4279800,109302,1025,133994,35903
15,layer3.2.bn2,33547,False,79917,174583,78540,25295,87,1566,114
15,layer3.2.relu2,11897,False,34435,59839,32928,9689,36,595,31
15,layer3.2.conv3,967819,False,2039946,5932644,2043048,68105,91,47012,16001
15,layer3.2.bn3,93085,False,206027,444708,204624,51013,74,23798,266
15,layer3.2.add,66121,False,148683,172336,147336,19159,39,18531,40
15,layer3.2.relu3,30854,False,74457,134983,72996,19078,24,1854,12
15,layer3.3.conv1,1005436,False,2118240,5946112,2121252,67967,114,52268,11840
15,layer3.3.bn1,33212,False,79411,172213,77952,24755,62,5247,455
15,layer3.3.relu1,10613,False,31836,59719,30324,9670,23,500,8
15,layer3.3.conv2,2035955,False,4279368,8733413,4287444,109224,1027,134407,36790
15,layer3.3.bn2,36274,False,85814,181146,84420,26361,111,2076,108
15,layer3.3.relu2,11475,False,34163,59901,32340,9706,32,512,10
15,layer3.3.conv3,966485,False,2036831,5933290,2039772,68234,120,46099,16068
15,layer3.3.bn3,91895,False,202858,444352,201600,50934,65,24078,279
15,layer3.3.add,67948,False,152932,172336,151536,19159,40,19379,23
15,layer3.3.relu3,31759,False,76291,134983,75012,19078,27,2591,18
15,layer3.4.conv1,1017470,False,2144105,5946177,2147292,67981,109,52171,11685
15,layer3.4.bn1,33784,False,80772,173467,79464,24961,63,5338,453
15,layer3.4.relu1,11871,False,34658,59719,33180,9670,22,504,10
15,layer3.4.conv2,2052866,False,4314113,8737726,4322052,110047,747,133699,42624
15,layer3.4.bn2,33811,False,80602,174851,79212,25360,79,1545,117
15,layer3.4.relu2,11729,False,34206,59839,32676,9689,34,513,8
15,layer3.4.conv3,970249,False,2044536,5932871,2047332,68133,99,46169,15775
15,layer3.4.bn3,91514,False,202486,444541,201264,50969,65,23778,302
15,layer3.4.add,72340,False,162080,179234,160944,20232,65,19937,34
15,layer3.4.relu3,31136,False,75093,134983,73752,19078,26,2646,13
15,layer3.5.conv1,1007340,False,2122591,5946558,2125788,68032,104,53033,10629
15,layer3.5.bn1,34103,False,81166,172213,79548,24755,57,5363,104
15,layer3.5.relu1,11708,False,34128,59719,32844,9670,19,496,8
15,layer3.5.conv2,2030951,False,4268003,8737332,4276104,109899,903,134253,36069
15,layer3.5.bn2,33550,False,79885,175121,78624,25432,79,1583,129
15,layer3.5.relu2,11459,False,33884,59851,32172,9692,27,482,17
15,layer3.5.conv3,969693,False,2043511,5932617,2046576,68147,119,46298,15810
15,layer3.5.bn3,90105,False,199517,444745,198492,51017,81,23266,298
15,layer3.5.add,67265,False,151215,172336,149940,19159,30,19097,29
15,layer3.5.relu3,31733,False,76313,134995,75012,19081,24,2608,18
15,layer4.0.conv1,1963107,False,4125994,11790989,4133640,121471,200,114214,27720
15,layer4.0.bn1,52038,False,118863,263827,117516,33662,60,9896,210
15,layer4.0.relu1,16950,False,53647,91839,52248,13895,50,1483,16
15,layer4.0.conv2,3410472,False,7159430,11928340,7173768,162098,1023,471141,148108
15,layer4.0.bn2,32132,False,76758,155890,75348,25042,139,3312,173
15,layer4.0.relu2,8628,False,27990,47261,26544,8109,34,563,29
15,layer4.0.conv3,1254701,False,2641430,8172074,2645832,52729,403,112665,42905
15,layer4.0.bn3,61524,False,138815,364738,137592,48937,85,12173,596
15,layer4.0.downsample.0,2883210,False,6054576,11971608,6066564,165796,1190,492255,125846
15,layer4.0.downsample.1,63096,False,142132,374576,140868,50700,132,3776,609
15,layer4.0.add,32462,False,77720,103476,76356,12909,64,7148,39
15,layer4.0.relu3,17891,False,47116,84807,45780,12806,45,508,5
15,layer4.1.conv1,1222626,False,2574522,8146217,2578548,51212,333,140713,39187
15,layer4.1.bn1,30200,False,72893,153151,71568,24452,92,4079,172
15,layer4.1.relu1,8930,False,28687,47153,27216,8093,21,495,8
15,layer4.1.conv2,3149555,False,6612948,11163435,6625920,156523,971,464197,146986
15,layer4.1.bn2,32726,False,78520,155959,77112,25068,119,1629,163
15,layer4.1.relu2,8385,False,27349,47153,25956,8093,23,498,16
15,layer4.1.conv3,1255751,False,2644083,8177636,2648436,53564,277,115126,41470
15,layer4.1.bn3,61916,False,139747,365203,138348,49028,74,12109,613
15,layer4.1.add,32364,False,77647,103464,76356,12906,54,7087,16
15,layer4.1.relu3,17171,False,45680,84807,44184,12806,26,338,7
15,layer4.2.conv1,1220139,False,2569210,8147087,2573172,51356,229,140413,41551
15,layer4.2.bn1,28971,False,70669,153296,69132,24464,74,3961,176
15,layer4.2.relu1,7784,False,26090,47153,24612,8093,12,459,4
15,layer4.2.conv2,3147782,False,6609473,11166401,6622392,157074,905,464456,147048
15,layer4.2.bn2,31719,False,83967,161848,82740,25055,115,1593,158
15,layer4.2.relu2,8709,False,27852,47141,26376,8090,28,545,15
15,layer4.2.conv3,1248786,False,2629194,8170651,2633568,52487,267,114492,41332
15,layer4.2.bn3,61621,False,138951,365268,137844,49040,83,12046,707
15,layer4.2.add,31316,False,75303,103476,73752,12909,40,7054,34
15,layer4.2.relu3,16505,False,44178,84807,42840,12806,30,361,12
15,avgpool,80954,False,179437,274051,178248,38733,944,3147,1354
15,flatten,8486,False,27559,35363,26292,6584,104,473,164
15,fc,504720,False,1070725,347744,1071504,43808,346,133252,127258
16,conv1,2173276,False,4568203,8688319,4576572,97332,1166,178392,16830
16,bn1,336208,False,717990,1292316,718032,117658,334,104429,327
16,relu,175333,False,379356,436416,378588,56789,69,52162,98
16,maxpool,10216861,False,21421464,42902323,21470316,7870805,377276,93480,8032
16,layer1.0.conv1,267649,False,492373,1513289,572964,20118,314,26964,3093
16,layer1.0.bn1,88800,False,197242,385392,195972,41555,355,21105,881
16,layer1.0.relu1,36365,False,86345,141001,84840,20007,95,3128,61
16,layer1.0.conv2,1980724,False,4163749,8264480,4171272,91191,1708,59571,4782
16,layer1.0.bn2,75831,False,169301,388259,168168,42206,262,11672,179
16,layer1.0.relu2,33791,False,80835,135020,79380,19088,56,3119,28
16,layer1.0.conv3,860648,False,1815443,5280478,1817760,65016,282,66096,2073
16,layer1.0.bn3,319193,False,681709,1298002,681576,118325,356,101456,168
16,layer1.0.downsample.0,865803,False,1827101,5280482,1829520,65003,157,70056,3317
16,layer1.0.downsample.1,321297,False,686128,1297835,685860,118288,321,101192,610
16,layer1.0.add,318787,False,680851,591370,680736,57581,141,104153,322
16,layer1.0.relu3,174202,False,376559,436159,375816,56729,55,52092,25
16,layer1.1.conv1,809970,False,1709875,5646191,1712172,33720,214,62263,764
16,layer1.1.bn1,95244,False,210070,385762,208992,41637,151,26249,496
16,layer1.1.relu1,30747,False,74326,134983,72912,19078,28,2285,20
16,layer1.1.conv2,1971523,False,4143811,8263740,4151280,90960,1122,59418,3216
16,layer1.1.bn2,74151,False,165956,388929,164892,42350,188,11506,141
16,layer1.1.relu2,32664,False,78715,134983,77196,19078,44,3027,16
16,layer1.1.conv3,855080,False,1804250,5280290,1806588,64979,192,65614,1031
16,layer1.1.bn3,318671,False,680993,1297941,681072,118309,314,101516,126
16,layer1.1.add,317552,False,678134,592865,677964,57801,68,103999,24
16,layer1.1.relu3,173927,False,375717,436159,374892,56729,30,52033,12
16,layer1.2.conv1,808691,False,1706833,5646559,1709064,33801,133,62660,963
16,layer1.2.bn1,93328,False,206051,385793,204960,41646,147,26050,294
16,layer1.2.relu1,31207,False,75370,134983,74004,19078,30,2225,14
16,layer1.2.conv2,1963936,False,4128144,8266931,4135656,91506,934,55016,2867
16,layer1.2.bn2,69850,False,157054,391048,155820,42673,192,8955,134
16,layer1.2.relu2,31128,False,75199,134995,73920,19081,39,1709,20
16,layer1.2.conv3,851888,False,1797513,5280927,1799784,65113,195,65294,1060
16,layer1.2.bn3,324501,False,692299,1304124,692244,119262,327,102569,2017
16,layer1.2.add,313447,False,668995,586325,668892,56801,43,103017,1113
16,layer1.2.relu3,174756,False,378065,436159,377496,56729,35,52266,170
16,layer2.0.conv1,1594286,False,3352915,11227091,3358740,54644,216,127196,2251
16,layer2.0.bn1,175442,False,379653,689896,378756,67219,202,53859,125
16,layer2.0.relu1,79461,False,176953,235335,175644,31622,22,20095,31
16,layer2.0.conv2,2123008,False,4461073,8559871,4469220,99183,993,150351,9570
16,layer2.0.bn2,42772,False,99673,241566,98448,30304,128,2065,66
16,layer2.0.relu2,17759,False,46901,84819,45528,12809,34,512,7
16,layer2.0.conv3,848968,False,1791007,5301494,1793400,59002,232,42081,5612
16,layer2.0.bn3,173749,False,375709,716142,375144,71389,99,52909,175
16,layer2.0.downsample.0,2298676,False,4829329,11207149,4838484,153173,1027,258489,13718
16,layer2.0.downsample.1,177922,False,385274,712968,384720,71128,115,53146,680
16,layer2.0.add,159967,False,347088,310332,346248,31706,52,51952,213
16,layer2.0.relu3,80313,False,178917,235347,177576,31625,43,19893,32
16,layer2.1.conv1,823873,False,1738018,5703680,1740144,34402,264,38089,3490
16,layer2.1.bn1,49211,False,113148,238418,112056,29606,92,10274,55
16,layer2.1.relu1,18196,False,47979,86275,46452,13045,43,850,13
16,layer2.1.conv2,1950376,False,4044850,8155886,4052328,92799,1120,43397,8868
16,layer2.1.bn2,48385,False,111376,247325,110040,31191,125,4411,107
16,layer2.1.relu2,18554,False,48655,84912,47208,12833,51,623,9
16,layer2.1.conv3,844161,False,1780830,5295336,1783152,58034,192,44572,4936
16,layer2.1.bn3,173141,False,375000,709944,374052,70456,79,52419,172
16,layer2.1.add,158740,False,344127,310320,343392,31703,50,51185,41
16,layer2.1.relu3,79271,False,176482,235427,175392,31645,32,19429,38
16,layer2.2.conv1,817306,False,1724163,5704030,1726536,34486,245,36830,3292
16,layer2.2.bn1,48086,False,110963,238348,109620,29588,61,10220,72
16,layer2.2.relu1,17668,False,47386,85007,45780,12845,30,758,8
16,layer2.2.conv2,1914353,False,4023416,8144922,4030656,90765,802,41935,8748
16,layer2.2.bn2,44148,False,102275,241326,100884,30249,102,4163,89
16,layer2.2.relu2,17467,False,46415,84887,44856,12826,26,701,9
16,layer2.2.conv3,849263,False,1791205,5302145,1793736,59099,147,47462,4844
16,layer2.2.bn3,172526,False,373150,709883,372540,70441,109,52371,287
16,layer2.2.add,157815,False,342568,310320,341712,31703,40,51774,20
16,layer2.2.relu3,82238,False,182652,241463,181440,32577,34,20636,32
16,layer2.3.conv1,813528,False,1716550,5697823,1718556,33504,177,34790,3547
16,layer2.3.bn1,53615,False,122433,244854,121212,30590,68,10433,77
16,layer2.3.relu1,17895,False,47258,85007,45948,12845,24,640,7
16,layer2.3.conv2,1917071,False,4029637,8143791,4036872,90599,930,41523,13104
16,layer2.3.bn2,43241,False,100512,241401,99036,30265,104,3975,96
16,layer2.3.relu2,18044,False,47363,84887,45864,12826,26,675,8
16,layer2.3.conv3,849308,False,1791215,5302216,1793568,59130,142,47543,3853
16,layer2.3.bn3,172468,False,373339,710207,372456,70496,77,52594,159
16,layer2.3.add,158111,False,342893,310320,342048,31703,35,51630,21
16,layer2.3.relu3,78086,False,174752,235415,173628,31642,21,19403,26
16,layer3.0.conv1,1748971,False,3676609,10452114,3682980,98512,277,68211,6699
16,layer3.0.bn1,84801,False,188093,395246,186900,43157,62,22205,112
16,layer3.0.relu1,32080,False,77301,135208,75852,19124,31,3371,13
16,layer3.0.conv2,2201384,False,4625704,9221869,4634364,117560,1030,158052,36669
16,layer3.0.bn2,37064,False,87443,174879,86100,25356,119,5059,122
16,layer3.0.relu2,11596,False,34130,59799,32676,9690,33,546,13
16,layer3.0.conv3,968676,False,2042060,5933095,2044896,68186,173,45726,16599
16,layer3.0.bn3,93347,False,206674,444907,205548,51031,103,23691,315
16,layer3.0.downsample.0,2215830,False,4656802,10956692,4665444,133128,989,221959,32664
16,layer3.0.downsample.1,81947,False,182716,447883,181356,51705,119,12872,336
16,layer3.0.add,67132,False,151741,172336,150360,19159,50,18179,76
16,layer3.0.relu3,35121,False,83422,135063,81984,19098,46,3875,27
16,layer3.1.conv1,1025003,False,2159654,5946248,2162832,67967,258,53411,13021
16,layer3.1.bn1,34431,False,81825,172133,80724,24735,71,5271,125
16,layer3.1.relu1,11578,False,33818,59824,32340,9697,30,476,5
16,layer3.1.conv2,2041092,False,4289718,8741410,4297692,110475,1046,134859,35937
16,layer3.1.bn2,33462,False,79967,174913,78624,25373,110,1528,133
16,layer3.1.relu2,12134,False,34989,59931,33516,9712,41,495,12
16,layer3.1.conv3,968688,False,2041277,5932726,2044140,68118,121,46189,16238
16,layer3.1.bn3,90364,False,199924,444628,198744,50990,82,23349,311
16,layer3.1.add,67789,False,152742,172348,151620,19162,44,19020,45
16,layer3.1.relu3,31682,False,76173,135063,74760,19098,29,2685,15
16,layer3.2.conv1,1009237,False,2126570,5946390,2129736,68015,147,51967,13101
16,layer3.2.bn1,33457,False,80051,171999,78876,24714,49,5255,133
16,layer3.2.relu1,11485,False,33808,61159,32256,9913,36,511,19
16,layer3.2.conv2,2035134,False,4277259,8733024,4285344,108960,963,134530,35991
16,layer3.2.bn2,33770,False,80775,174755,79212,25337,103,1590,120
16,layer3.2.relu2,12206,False,35007,60256,33516,9764,39,537,19
16,layer3.2.conv3,968471,False,2041097,5932626,2044056,68096,129,46699,16121
16,layer3.2.bn3,91003,False,200968,444772,199920,51016,78,23633,285
16,layer3.2.add,66387,False,149200,172336,148092,19159,32,18734,35
16,layer3.2.relu3,30726,False,74355,135063,72660,19098,21,1859,15
16,layer3.3.conv1,1005632,False,2119163,5946155,2122260,67972,125,51762,12812
16,layer3.3.bn1,33023,False,79102,172133,77700,24735,59,5233,277
16,layer3.3.relu1,11082,False,33253,59799,31752,9690,24,491,5
16,layer3.3.conv2,2036626,False,4280021,8733407,4287780,109116,880,134324,36735
16,layer3.3.bn2,33464,False,80216,174975,78624,25387,101,1608,124
16,layer3.3.relu2,12556,False,36304,59981,34776,9726,38,495,6
16,layer3.3.conv3,969127,False,2042279,5933273,2045064,68247,115,46253,16144
16,layer3.3.bn3,91988,False,203647,444526,202524,50967,82,23987,290
16,layer3.3.add,67462,False,152125,172336,150948,19159,38,19173,26
16,layer3.3.relu3,32548,False,78112,135063,76692,19098,29,2490,16
16,layer3.4.conv1,1024376,False,2158137,5946601,2161236,68043,111,51982,12820
16,layer3.4.bn1,36531,False,86263,178815,85008,25782,64,5952,288
16,layer3.4.relu1,11316,False,33537,59799,32088,9690,28,509,15
16,layer3.4.conv2,2053140,False,4314940,8731894,4322892,108836,901,133371,44215
16,layer3.4.bn2,32781,False,78467,174831,77280,25354,92,1530,127
16,layer3.4.relu2,11643,False,33943,59919,32424,9709,26,503,9
16,layer3.4.conv3,968698,False,2041431,5932680,2044476,68102,118,46091,15925
16,layer3.4.bn3,92663,False,205038,444716,203784,51000,70,23932,314
16,layer3.4.add,67348,False,151359,172361,150360,19166,36,18921,31
16,layer3.4.relu3,31745,False,76357,135063,74844,19098,25,2772,16
16,layer3.5.conv1,1009782,False,2127656,5946084,2130912,67960,109,52590,11944
16,layer3.5.bn1,33104,False,79280,172133,77868,24735,50,5292,101
16,layer3.5.relu1,11945,False,34695,59799,33012,9690,21,477,8
16,layer3.5.conv2,2033529,False,4274324,8733363,4282236,109131,988,134643,36163
16,layer3.5.bn2,33338,False,79724,174800,78288,25345,106,1535,128
16,layer3.5.relu2,14977,False,41081,65890,39732,10633,33,1011,12
16,layer3.5.conv3,969731,False,2043996,5932716,2047080,68118,107,45951,15949
16,layer3.5.bn3,89844,False,199006,444608,197904,50987,72,23296,304
16,layer3.5.add,66475,False,149708,172336,148512,19159,28,18793,31
16,layer3.5.relu3,32135,False,77055,135075,75600,19101,35,2870,25
16,layer4.0.conv1,1977665,False,4156535,11791903,4164132,121626,221,114121,30845
16,layer4.0.bn1,50568,False,115969,263738,114660,33639,70,9836,209
16,layer4.0.relu1,16909,False,45274,84899,43596,12829,29,700,7
16,layer4.0.conv2,3401516,False,7140224,11912434,7154448,159373,923,470752,149595
16,layer4.0.bn2,34180,False,81592,161724,80304,25955,139,3871,160
16,layer4.0.relu2,8517,False,27571,47341,25872,8129,28,509,9
16,layer4.0.conv3,1259568,False,2652189,8172706,2656500,52809,397,113166,47564
16,layer4.0.bn3,61161,False,138136,364728,136836,48933,74,12250,651
16,layer4.0.downsample.0,2885681,False,6059554,11975962,6071352,166290,1083,493386,127459
16,layer4.0.downsample.1,58898,False,133230,368267,131964,49707,126,3051,551
16,layer4.0.add,32400,False,77721,103476,76356,12909,40,7142,27
16,layer4.0.relu3,17620,False,46988,84887,45528,12826,38,537,9
16,layer4.1.conv1,1226815,False,2583216,8146001,2587368,51192,382,141265,47337
16,layer4.1.bn1,29951,False,72547,153349,71064,24478,102,3812,173
16,layer4.1.relu1,9343,False,29337,48581,27720,8333,31,525,10
16,layer4.1.conv2,3145757,False,6605160,11163680,6618192,156442,877,464508,148131
16,layer4.1.bn2,32278,False,77341,155980,75852,25071,126,1617,173
16,layer4.1.relu2,8371,False,27682,47233,26208,8113,36,501,16
16,layer4.1.conv3,1262702,False,2658090,8172238,2662380,52730,302,114866,47128
16,layer4.1.bn3,62111,False,140051,364937,138768,48974,82,12064,570
16,layer4.1.add,31748,False,76466,103464,75012,12906,43,7138,31
16,layer4.1.relu3,16840,False,45035,84887,43512,12826,34,400,9
16,layer4.2.conv1,1243606,False,2618234,8166418,2622396,54498,341,141063,50035
16,layer4.2.bn1,29611,False,71905,153216,70308,24444,75,3954,175
16,layer4.2.relu1,8233,False,27368,47233,25788,8113,24,480,11
16,layer4.2.conv2,3149235,False,6612548,11160951,6625584,156003,844,464557,147889
16,layer4.2.bn2,32635,False,78265,155879,76860,25035,111,1585,185
16,layer4.2.relu2,9290,False,29293,47221,27804,8110,30,552,29
16,layer4.2.conv3,1257306,False,2647791,8171181,2652048,52573,244,114273,47274
16,layer4.2.bn3,64579,False,145137,370831,143976,49867,76,12913,711
16,layer4.2.add,31664,False,76067,103476,74676,12909,38,7099,28
16,layer4.2.relu3,17044,False,45500,84887,44184,12826,28,406,24
16,avgpool,85789,False,189942,274345,188580,38792,996,3268,1543
16,flatten,8655,False,27897,34015,26292,6364,107,454,175
16,fc,500245,False,1061627,341314,1062348,42824,344,132225,127512
17,conv1,2181046,False,4584251,8692451,4592784,97842,1437,179447,16985
17,bn1,340193,False,726244,1292151,726180,117626,397,104711,1869
17,relu,176234,False,381484,436496,380772,56809,111,52353,121
17,maxpool,10304874,False,21605247,42894691,21654696,7869480,380352,92531,8278
17,layer1.0.conv1,262359,False,492724,1513289,560364,20118,358,26987,3403
17,layer1.0.bn1,88016,False,194746,385325,193620,41543,334,20835,764
17,layer1.0.relu1,32500,False,77780,135056,76356,19096,88,2214,37
17,layer1.0.conv2,1982213,False,4165764,8266827,4173456,91630,1692,59662,4389
17,layer1.0.bn2,76049,False,170364,388681,169260,42304,265,12547,172
17,layer1.0.relu2,34821,False,82995,135093,81648,19106,73,3201,17
17,layer1.0.conv3,861711,False,1818026,5281860,1820364,65259,301,66119,1949
17,layer1.0.bn3,323844,False,690532,1304444,690564,119325,358,102502,225
17,layer1.0.downsample.0,867849,False,1830760,5280136,1833216,64952,154,70154,4020
17,layer1.0.downsample.1,318275,False,679486,1297828,679476,118286,328,101205,712
17,layer1.0.add,315306,False,673310,586281,673176,56789,131,103243,420
17,layer1.0.relu3,178036,False,384428,441668,383796,57589,69,53157,19
17,layer1.1.conv1,803703,False,1696052,5640166,1698396,32789,166,61812,798
17,layer1.1.bn1,98855,False,217637,391773,216552,42564,147,27020,427
17,layer1.1.relu1,32272,False,77253,135056,75936,19096,34,2703,18
17,layer1.1.conv2,1974680,False,4150873,8262640,4158504,90879,1195,59165,2926
17,layer1.1.bn2,76463,False,170726,388664,169680,42295,218,12392,135
17,layer1.1.relu2,33085,False,79173,135056,77700,19096,37,3118,16
17,layer1.1.conv3,856123,False,1806915,5280484,1809192,65023,213,65529,1076
17,layer1.1.bn3,319471,False,681948,1297925,681996,118311,330,101409,429
17,layer1.1.add,315185,False,672998,586281,673008,56789,57,103120,165
17,layer1.1.relu3,177667,False,384117,442576,383460,57744,51,53106,9
17,layer1.2.conv1,809951,False,1709213,5649188,1711584,34213,164,62723,940
17,layer1.2.bn1,94739,False,208886,388244,207816,42050,158,26127,227
17,layer1.2.relu1,31970,False,76874,135056,75432,19096,33,2460,14
17,layer1.2.conv2,1974152,False,4149498,8275006,4157076,92922,976,55690,3011
17,layer1.2.bn2,70110,False,157517,388816,156156,42317,208,8958,170
17,layer1.2.relu2,31573,False,75963,136416,74508,19319,49,1776,27
17,layer1.2.conv3,853385,False,1800225,5281552,1802640,65183,178,65542,984
17,layer1.2.bn3,319232,False,681077,1297866,680820,118296,331,101329,1034
17,layer1.2.add,317812,False,677956,592336,677796,57728,59,104010,482
17,layer1.2.relu3,174525,False,377789,436232,377076,56747,37,52229,227
17,layer2.0.conv1,1588794,False,3342113,11220993,3347904,53719,206,126505,2177
17,layer2.0.bn1,177533,False,383951,696876,383292,68285,206,54816,102
17,layer2.0.relu1,79710,False,177633,235408,176568,31640,38,20387,22
17,layer2.0.conv2,2118625,False,4451829,8560632,4460064,99362,1185,151571,9425
17,layer2.0.bn2,43519,False,100660,241284,99288,30233,105,2198,51
17,layer2.0.relu2,17750,False,46973,84892,45612,12827,38,503,8
17,layer2.0.conv3,848996,False,1790790,5301698,1793148,59024,232,41923,4715
17,layer2.0.bn3,170846,False,369900,709871,369264,70442,90,51861,179
17,layer2.0.downsample.0,2308708,False,4851322,11218507,4860408,155204,1137,259802,11625
17,layer2.0.downsample.1,178679,False,386657,713086,385896,71141,151,53223,445
17,layer2.0.add,159532,False,346235,310325,345492,31704,66,51803,55
17,layer2.0.relu3,81277,False,180906,235420,179760,31643,59,20134,37
17,layer2.1.conv1,824392,False,1739056,5704346,1741488,34497,292,39092,3069
17,layer2.1.bn1,48553,False,112037,238381,110628,29593,99,10273,52
17,layer2.1.relu1,17794,False,47073,85000,45528,12843,45,815,8
17,layer2.1.conv2,1919407,False,4034041,8145244,4041324,90913,1148,41760,8507
17,layer2.1.bn2,43978,False,102115,241373,100716,30265,119,3957,102
17,layer2.1.relu2,18413,False,48476,84905,46956,12831,41,666,34
17,layer2.1.conv3,849139,False,1791043,5300882,1793400,58894,201,45184,4059
17,layer2.1.bn3,171740,False,371698,710047,371028,70475,95,52086,170
17,layer2.1.add,163776,False,355373,316940,354732,32729,64,52295,33
17,layer2.1.relu3,78879,False,175694,235420,174720,31643,29,19543,24
17,layer2.2.conv1,843862,False,1757584,5711581,1759884,35786,295,39489,3098
17,layer2.2.bn1,48153,False,111175,238348,109704,29588,73,10395,50
17,layer2.2.relu1,18119,False,47682,85007,46200,12845,29,699,8
17,layer2.2.conv2,1919126,False,4033645,8147128,4040820,91308,1084,42366,8718
17,layer2.2.bn2,43056,False,100459,241161,99288,30218,111,3977,76
17,layer2.2.relu2,18052,False,47802,84887,46284,12826,40,700,11
17,layer2.2.conv3,848003,False,1788613,5302405,1790964,59120,190,47622,3919
17,layer2.2.bn3,171051,False,370368,709843,369432,70434,99,52358,171
17,layer2.2.add,158821,False,344817,310320,344148,31703,40,51873,19
17,layer2.2.relu3,77742,False,173102,235415,172032,31642,25,19307,28
17,layer2.3.conv1,817363,False,1724690,5703926,1726956,34449,176,36833,3332
17,layer2.3.bn1,47936,False,110610,238482,109284,29609,51,9501,48
17,layer2.3.relu1,17025,False,45459,85007,43848,12845,32,594,8
17,layer2.3.conv2,1930590,False,4057770,8170797,4065180,95406,1034,42687,12525
17,layer2.3.bn2,42472,False,99428,241378,97944,30259,101,3874,89
17,layer2.3.relu2,18216,False,48156,84887,46788,12826,31,679,4
17,layer2.3.conv3,848629,False,1789667,5301741,1792056,59039,154,47561,3840
17,layer2.3.bn3,172468,False,373706,709711,372960,70412,67,52424,154
17,layer2.3.add,158085,False,350937,316690,350112,32678,63,52408,10
17,layer2.3.relu3,78326,False,174755,235415,173628,31642,23,19339,25
17,layer3.0.conv1,1731402,False,3639695,10451835,3646272,98470,293,68631,6123
17,layer3.0.bn1,85999,False,190640,395246,189336,43157,60,22227,70
17,layer3.0.relu1,32401,False,77644,135208,76188,19124,33,3459,11
17,layer3.0.conv2,2183444,False,4587778,9199756,4596396,113790,1129,156996,35896
17,layer3.0.bn2,36776,False,87101,175067,85512,25397,119,5153,135
17,layer3.0.relu2,12143,False,34917,61147,33348,9910,49,522,24
17,layer3.0.conv3,970180,False,2045192,5932787,2048172,68146,177,45895,16416
17,layer3.0.bn3,92593,False,204744,444664,203700,50987,107,23773,319
17,layer3.0.downsample.0,2222301,False,4670749,10967672,4679388,135019,1005,223415,32110
17,layer3.0.downsample.1,81915,False,182412,447984,181020,51737,131,13259,300
17,layer3.0.add,65974,False,148742,172336,147504,19159,41,18186,40
17,layer3.0.relu3,34844,False,82640,135063,81144,19098,43,3857,29
17,layer3.1.conv1,1022030,False,2153326,5945402,2156196,67883,270,53550,12746
17,layer3.1.bn1,34474,False,81843,172173,80556,24742,74,5347,143
17,layer3.1.relu1,11835,False,34852,59824,33180,9697,36,485,10
17,layer3.1.conv2,2035077,False,4277423,8735108,4285428,109581,1017,134348,35841
17,layer3.1.bn2,33725,False,80622,174859,79128,25361,123,1563,130
17,layer3.1.relu2,11910,False,34523,59931,33012,9712,34,529,13
17,layer3.1.conv3,968041,False,2040276,5932620,2043216,68095,139,46219,16170
17,layer3.1.bn3,90868,False,200840,444396,199584,50946,80,23409,298
17,layer3.1.add,71661,False,160697,179661,159684,20298,46,20195,34
17,layer3.1.relu3,32490,False,77882,135063,76440,19098,23,2725,8
17,layer3.2.conv1,1020435,False,2149962,5946610,2153256,68048,154,51932,12577
17,layer3.2.bn1,33343,False,79532,171999,78120,24714,60,5242,124
17,layer3.2.relu1,10893,False,32456,59811,30828,9693,21,471,5
17,layer3.2.conv2,2036685,False,4280557,8738554,4288536,110158,1045,134363,35996
17,layer3.2.bn2,32944,False,78545,174880,77028,25366,102,1536,115
17,layer3.2.relu2,11746,False,34344,59919,32928,9709,37,532,14
17,layer3.2.conv3,966393,False,2037071,5932626,2039856,68096,95,46792,16040
17,layer3.2.bn3,92931,False,205463,444665,204372,51000,70,23667,287
17,layer3.2.add,66941,False,150722,172336,149352,19159,39,18615,31
17,layer3.2.relu3,30243,False,73169,135063,71904,19098,24,1856,11
17,layer3.3.conv1,1007622,False,2123012,5946605,2125956,68037,126,52066,12404
17,layer3.3.bn1,32844,False,78552,172133,76944,24735,52,5263,360
17,layer3.3.relu1,11198,False,33159,59799,31668,9690,20,478,7
17,layer3.3.conv2,2031336,False,4268967,8736691,4276692,109824,833,133814,36741
17,layer3.3.bn2,32773,False,78508,174802,77196,25340,83,1526,113
17,layer3.3.relu2,12034,False,35107,60318,33432,9781,42,542,6
17,layer3.3.conv3,972720,False,2050221,5933030,2053212,68165,104,46078,16090
17,layer3.3.bn3,91995,False,203176,444272,201852,50914,63,24241,285
17,layer3.3.add,67564,False,151995,172336,150696,19159,28,19156,32
17,layer3.3.relu3,31650,False,76085,135063,74676,19098,19,2458,25
17,layer3.4.conv1,1007895,False,2123714,5946916,2126964,68105,109,52387,12703
17,layer3.4.bn1,32666,False,78154,171999,76692,24714,51,5310,333
17,layer3.4.relu1,10977,False,32628,59799,31164,9690,20,478,11
17,layer3.4.conv2,2055207,False,4318878,8737091,4326924,109860,969,133963,44312
17,layer3.4.bn2,33390,False,80008,174920,78624,25381,94,1572,122
17,layer3.4.relu2,11995,False,35131,59919,33684,9709,26,509,8
17,layer3.4.conv3,965701,False,2035365,5932504,2038260,68080,96,46005,15831
17,layer3.4.bn3,97370,False,214661,451420,213360,52022,89,25036,332
17,layer3.4.add,67398,False,151665,172361,150696,19166,35,19088,24
17,layer3.4.relu3,31887,False,76704,135063,75264,19098,24,2782,12
17,layer3.5.conv1,1007605,False,2122852,5946567,2125872,68034,107,52428,11576
17,layer3.5.bn1,33147,False,79269,172133,77616,24735,46,5320,107
17,layer3.5.relu1,11284,False,33288,59799,31752,9690,16,502,11
17,layer3.5.conv2,2028381,False,4262844,8735785,4270644,109628,763,134166,36106
17,layer3.5.bn2,33506,False,80249,174503,78792,25281,80,1526,132
17,layer3.5.relu2,12576,False,36116,61279,34608,9932,35,524,13
17,layer3.5.conv3,972975,False,2050546,5932925,2053548,68136,98,46267,15887
17,layer3.5.bn3,90181,False,199639,444425,198492,50953,76,23386,319
17,layer3.5.add,68211,False,153365,172336,152040,19159,34,19355,34
17,layer3.5.relu3,31837,False,76510,135075,75264,19101,30,2726,21
17,layer4.0.conv1,1966025,False,4139359,11790619,4146828,121436,198,113643,30006
17,layer4.0.bn1,52317,False,119491,263747,118104,33642,72,10091,215
17,layer4.0.relu1,17973,False,47349,84899,45864,12829,24,698,7
17,layer4.0.conv2,3413450,False,7165370,11913862,7179648,159678,881,470728,153554
17,layer4.0.bn2,32253,False,77689,156177,76188,25111,118,3240,164
17,layer4.0.relu2,8957,False,28444,47341,27048,8129,32,529,25
17,layer4.0.conv3,1265854,False,2664471,8177960,2668848,53631,423,113479,46142
17,layer4.0.bn3,61166,False,137666,364790,136416,48949,102,12211,600
17,layer4.0.downsample.0,2891558,False,6072069,11980544,6083952,167293,1367,493444,129776
17,layer4.0.downsample.1,58514,False,132432,368343,131208,49723,135,2954,541
17,layer4.0.add,32038,False,76905,103476,75516,12909,67,7165,30
17,layer4.0.relu3,17865,False,47024,84887,45528,12826,56,540,9
17,layer4.1.conv1,1232920,False,2596051,8147103,2600052,51359,406,140725,46113
17,layer4.1.bn1,30026,False,72459,153073,71148,24418,88,3796,174
17,layer4.1.relu1,8533,False,27718,47233,26124,8113,39,496,12
17,layer4.1.conv2,3162017,False,6639440,11166566,6652548,157182,1034,464548,149896
17,layer4.1.bn2,31919,False,76512,155852,75180,25034,116,1599,154
17,layer4.1.relu2,9065,False,57054,66121,55608,11162,88,485,11
17,layer4.1.conv3,1261391,False,2655773,8171658,2660112,52640,227,114689,46026
17,layer4.1.bn3,61306,False,138473,364836,137088,48949,66,12169,545
17,layer4.1.add,31642,False,76152,103464,74844,12906,53,7078,20
17,layer4.1.relu3,17648,False,46598,84887,45108,12826,34,330,5
17,layer4.2.conv1,1221608,False,2572389,8146659,2576532,51312,227,139846,47589
17,layer4.2.bn1,29223,False,71225,153213,69888,24451,60,4022,184
17,layer4.2.relu1,7736,False,25980,47233,24276,8113,18,506,15
17,layer4.2.conv2,3161224,False,6636831,11169199,6649860,157375,879,465051,149413
17,layer4.2.bn2,32899,False,79016,156087,77448,25081,108,1599,169
17,layer4.2.relu2,9353,False,29309,47221,27888,8110,24,513,22
17,layer4.2.conv3,1252887,False,2637701,8170638,2641800,52481,172,114828,44364
17,layer4.2.bn3,60534,False,136634,364923,135408,48970,70,12015,681
17,layer4.2.add,31308,False,75412,103476,73920,12909,38,7075,29
17,layer4.2.relu3,17019,False,45296,84887,43680,12826,34,359,12
17,avgpool,83132,False,184380,273845,183204,38692,964,3253,1565
17,flatten,8270,False,26818,34015,25452,6364,101,437,174
17,fc,499730,False,1060486,341210,1061004,42800,340,132102,127448
18,conv1,2170168,False,4561509,8688968,4569936,97487,1161,178527,18413
18,bn1,342443,False,730589,1299635,730800,118790,273,105639,2268
18,relu,176212,False,381167,436496,380352,56809,76,52198,647
18,maxpool,10330395,False,21658024,42899457,21709632,7870196,384817,94118,10219
18,layer1.0.conv1,258233,False,505908,1519307,552216,21047,368,27579,3887
18,layer1.0.bn1,89231,False,197416,385545,196308,41591,348,21132,1466
18,layer1.0.relu1,33342,False,79712,135056,78288,19096,89,2324,72
18,layer1.0.conv2,2000048,False,4203874,8276720,4211676,93148,1814,60170,6404
18,layer1.0.bn2,77466,False,173168,388367,172116,42231,264,11900,187
18,layer1.0.relu2,33588,False,80390,135093,78876,19106,57,3116,21
18,layer1.0.conv3,863037,False,1820807,5280724,1823220,65063,347,66207,2282
18,layer1.0.bn3,317249,False,677219,1297978,677124,118319,362,101326,662
18,layer1.0.downsample.0,874910,False,1845698,5285560,1848084,65889,223,70949,4284
18,layer1.0.downsample.1,324883,False,693467,1303846,693420,119215,329,102383,2255
18,layer1.0.add,316025,False,674960,586281,674940,56789,125,103331,1365
18,layer1.0.relu3,174128,False,376694,436152,375984,56727,60,51967,18
18,layer1.1.conv1,808782,False,1707654,5645328,1709988,33599,192,62383,923
18,layer1.1.bn1,95025,False,209697,385755,208488,41635,155,26253,716
18,layer1.1.relu1,31738,False,76258,134976,74844,19076,27,2250,45
18,layer1.1.conv2,1976015,False,4153295,8266119,4160856,91459,1196,58929,3849
18,layer1.1.bn2,73890,False,165956,388726,164724,42302,207,11273,166
18,layer1.1.relu2,33373,False,79959,134976,78624,19076,41,3020,21
18,layer1.1.conv3,852714,False,1799058,5276255,1801380,64395,190,65021,1237
18,layer1.1.bn3,324155,False,691963,1307440,691992,119799,372,102512,542
18,layer1.1.add,314648,False,671996,586281,671916,56789,55,103084,185
18,layer1.1.relu3,173000,False,374464,436152,373800,56727,38,52069,15
18,layer1.2.conv1,810263,False,1710541,5646727,1712844,33841,161,62927,1049
18,layer1.2.bn1,94973,False,209602,385786,208656,41644,160,26070,455
18,layer1.2.relu1,31083,False,74886,134976,73248,19076,23,2252,27
18,layer1.2.conv2,1974034,False,4149479,8272378,4157328,92569,1131,56157,3305
18,layer1.2.bn2,72773,False,162880,395273,161700,43298,190,9629,122
18,layer1.2.relu2,31197,False,75236,134988,73752,19079,27,1754,27
18,layer1.2.conv3,853779,False,1801303,5280632,1803648,65062,159,65331,1059
18,layer1.2.bn3,319573,False,682104,1297909,682080,118306,319,101684,4383
18,layer1.2.add,314080,False,670475,586318,670488,56799,49,102924,1767
18,layer1.2.relu3,174421,False,377778,436152,377244,56727,33,52192,202
18,layer2.0.conv1,1586979,False,3338505,11220821,3344460,53688,224,126981,2262
18,layer2.0.bn1,174555,False,377712,689896,376656,67219,206,53973,104
18,layer2.0.relu1,79341,False,176618,235335,175560,31622,29,20027,36
18,layer2.0.conv2,2128038,False,4472381,8568539,4480812,100584,1001,151329,9815
18,layer2.0.bn2,44133,False,101963,241259,100800,30230,112,2116,87
18,layer2.0.relu2,17991,False,47571,84819,46116,12809,40,502,19
18,layer2.0.conv3,849941,False,1792752,5301370,1795332,58980,190,42155,5837
18,layer2.0.bn3,170337,False,368778,709489,368004,70367,94,52011,179
18,layer2.0.downsample.0,2305570,False,4844304,11211952,4853184,154270,1103,259018,14366
18,layer2.0.downsample.1,177665,False,384440,713038,383796,71143,108,53092,571
18,layer2.0.add,160169,False,372315,329374,371700,34776,104,53145,157
18,layer2.0.relu3,79644,False,177143,235347,175980,31625,42,19947,40
18,layer2.1.conv1,824522,False,1739681,5704130,1741908,34478,246,38510,3713
18,layer2.1.bn1,48795,False,112353,238439,111048,29613,84,10420,77
18,layer2.1.relu1,18022,False,47600,84927,46200,12825,39,835,10
18,layer2.1.conv2,1916530,False,4028429,8147156,4035780,91376,991,41611,8912
18,layer2.1.bn2,44615,False,103487,241072,102144,30195,98,3887,100
18,layer2.1.relu2,18302,False,48122,84832,46620,12813,27,585,13
18,layer2.1.conv3,854315,False,1802696,5310649,1804908,60713,191,45977,5144
18,layer2.1.bn3,171525,False,371316,710136,370524,70486,77,52284,182
18,layer2.1.add,158371,False,343934,310320,343056,31703,42,51222,28
18,layer2.1.relu3,78044,False,174045,235347,172956,31625,23,19350,31
18,layer2.2.conv1,817887,False,1725525,5704043,1727880,34485,155,36671,3422
18,layer2.2.bn1,48228,False,111075,238348,109704,29588,64,10207,64
18,layer2.2.relu1,17888,False,47310,84927,45696,12825,19,768,13
18,layer2.2.conv2,1916263,False,4027319,8151719,4034520,92117,866,42207,8867
18,layer2.2.bn2,43017,False,100064,241214,98448,30225,87,3741,83
18,layer2.2.relu2,18072,False,47526,84807,46284,12806,22,673,11
18,layer2.2.conv3,842382,False,1783064,5302776,1779540,58289,153,46557,4779
18,layer2.2.bn3,175373,False,378921,716108,378252,71410,75,53163,275
18,layer2.2.add,158971,False,345383,310320,344484,31703,38,51815,29
18,layer2.2.relu3,78586,False,174900,235335,173796,31622,25,19488,37
18,layer2.3.conv1,821452,False,1732824,5704986,1734852,34616,202,36067,3842
18,layer2.3.bn1,47640,False,109869,238482,108528,29609,46,9450,72
18,layer2.3.relu1,17419,False,45941,84927,44520,12825,19,631,10
18,layer2.3.conv2,1913598,False,4022879,8146687,4030068,91229,854,41199,13362
18,layer2.3.bn2,43501,False,101054,241626,99540,30321,102,3766,93
18,layer2.3.relu2,18679,False,49202,84807,47712,12806,33,700,8
18,layer2.3.conv3,845975,False,1784493,5302116,1786848,59117,167,47489,3981
18,layer2.3.bn3,173414,False,375113,710065,374556,70478,83,52505,174
18,layer2.3.add,159081,False,345514,310320,344568,31703,34,51629,19
18,layer2.3.relu3,79140,False,176363,235335,175308,31622,24,19683,32
18,layer3.0.conv1,1741052,False,3667361,10451458,3673908,97503,1260,67499,7082
18,layer3.0.bn1,85072,False,188465,395246,187488,43157,61,22134,113
18,layer3.0.relu1,32748,False,78390,135128,77112,19104,34,3344,15
18,layer3.0.conv2,2244434,False,4646945,9214321,4655784,116282,1187,159603,36770
18,layer3.0.bn2,38490,False,90332,175236,88872,25440,144,5083,147
18,layer3.0.relu2,12917,False,37036,59719,35532,9670,43,518,24
18,layer3.0.conv3,975417,False,2056043,5933285,2059008,68237,187,46631,16860
18,layer3.0.bn3,93521,False,206323,444667,205380,51003,113,23951,345
18,layer3.0.downsample.0,2223231,False,4671658,10963022,4680312,134322,1121,222241,32441
18,layer3.0.downsample.1,82110,False,182881,448158,181776,51787,133,13122,329
18,layer3.0.add,72360,False,162747,178766,161700,20152,92,19218,59
18,layer3.0.relu3,35356,False,83632,134983,82404,19078,63,3905,18
18,layer3.1.conv1,1026080,False,2161906,5946821,2165016,68072,284,53368,13412
18,layer3.1.bn1,34440,False,81950,172133,80220,24735,91,5221,130
18,layer3.1.relu1,11768,False,34267,59744,32592,9677,45,497,7
18,layer3.1.conv2,2038253,False,4283536,8739131,4291308,110306,1249,134570,35879
18,layer3.1.bn2,33706,False,80191,174774,78960,25338,104,1588,128
18,layer3.1.relu2,12196,False,35516,59851,33936,9692,36,532,21
18,layer3.1.conv3,971256,False,2046950,5932756,2049852,68128,182,46657,16321
18,layer3.1.bn3,90751,False,200699,444474,199500,50970,75,23218,319
18,layer3.1.add,68205,False,153211,172348,151872,19162,62,18938,50
18,layer3.1.relu3,32285,False,77162,134983,75768,19078,28,2666,14
18,layer3.2.conv1,1009289,False,2126695,5946242,2129820,67993,154,51823,13472
18,layer3.2.bn1,33949,False,87276,178378,86100,25697,88,5912,137
18,layer3.2.relu1,11856,False,34706,59809,33180,9683,29,498,12
18,layer3.2.conv2,2039788,False,4287346,8740913,4295340,110657,1181,133672,35907
18,layer3.2.bn2,33331,False,79989,174654,78456,25312,96,1556,123
18,layer3.2.relu2,12169,False,35022,59839,33516,9689,29,542,25
18,layer3.2.conv3,970895,False,2046580,5932372,2049348,68089,119,46786,16220
18,layer3.2.bn3,91617,False,202528,444561,201516,50974,70,23569,297
18,layer3.2.add,66732,False,150674,172336,149436,19159,39,18392,32
18,layer3.2.relu3,31673,False,75923,134983,74592,19078,28,1948,8
18,layer3.3.conv1,1006491,False,2120865,5946242,2123856,67994,108,51537,13580
18,layer3.3.bn1,33746,False,80369,172133,79044,24735,58,5163,310
18,layer3.3.relu1,11071,False,32853,59719,31248,9670,15,498,5
18,layer3.3.conv2,2038826,False,4284700,8738335,4292568,110132,1041,134830,36861
18,layer3.3.bn2,33323,False,79624,175047,78288,25397,100,1553,121
18,layer3.3.relu2,12158,False,35046,59901,33348,9706,37,516,12
18,layer3.3.conv3,964023,False,2038296,5934183,2041200,67458,129,45013,16229
18,layer3.3.bn3,92504,False,204409,444389,203280,50943,74,24099,287
18,layer3.3.add,67959,False,152848,172336,151620,19159,34,19166,51
18,layer3.3.relu3,31173,False,75122,134983,73836,19078,23,2387,18
18,layer3.4.conv1,1021954,False,2152908,5947562,2156028,68208,107,51979,13482
18,layer3.4.bn1,32344,False,77199,171999,75768,24714,51,5262,286
18,layer3.4.relu1,11007,False,32957,59719,31416,9670,22,495,9
18,layer3.4.conv2,2062937,False,4335301,8746531,4343304,111600,971,134603,45761
18,layer3.4.bn2,33404,False,79689,175110,78288,25415,88,1598,135
18,layer3.4.relu2,12102,False,35098,60176,33432,9744,37,533,12
18,layer3.4.conv3,968158,False,2040489,5933737,2043468,68280,104,46116,16056
18,layer3.4.bn3,91781,False,202698,444508,201600,50972,75,23768,324
18,layer3.4.add,68267,False,153617,172361,152292,19166,40,18987,28
18,layer3.4.relu3,31951,False,84265,140980,75516,19078,23,2894,11
18,layer3.5.conv1,1004731,False,2117046,5946230,2119908,67990,82,52231,12781
18,layer3.5.bn1,32941,False,78570,172133,77280,24735,43,5306,114
18,layer3.5.relu1,11409,False,33322,59719,31920,9670,19,471,9
18,layer3.5.conv2,2037034,False,4280755,8741935,4288704,110815,826,134478,36203
18,layer3.5.bn2,33497,False,80018,174874,78792,25361,99,1592,131
18,layer3.5.relu2,11947,False,34622,59851,33096,9692,23,508,12
18,layer3.5.conv3,970946,False,2046354,5932625,2049180,68126,120,46308,16085
18,layer3.5.bn3,89937,False,199372,444305,198240,50925,64,23466,324
18,layer3.5.add,66964,False,150626,172336,149268,19159,34,18911,49
18,layer3.5.relu3,31595,False,75900,134995,74508,19081,28,2655,20
18,layer4.0.conv1,1974353,False,4148776,11791800,4156488,121623,184,113276,31806
18,layer4.0.bn1,51515,False,117957,263565,116508,33608,62,9912,205
18,layer4.0.relu1,17199,False,45995,84819,44604,12809,22,699,9
18,layer4.0.conv2,3414852,False,7168567,11936526,7182840,163478,947,471986,150850
18,layer4.0.bn2,31258,False,75471,155794,74088,25022,114,3241,161
18,layer4.0.relu2,9257,False,29215,47261,27720,8109,30,504,10
18,layer4.0.conv3,1269615,False,2673303,8172141,2677752,52727,407,112913,52195
18,layer4.0.bn3,60810,False,137422,364672,136164,48920,68,12226,669
18,layer4.0.downsample.0,2885890,False,6060265,11979629,6072192,167099,1185,493153,127869
18,layer4.0.downsample.1,57789,False,130930,368028,129780,49650,110,2890,579
18,layer4.0.add,32435,False,86541,110420,85428,13990,59,7185,28
18,layer4.0.relu3,17934,False,47479,84807,46200,12806,36,467,11
18,layer4.1.conv1,1228567,False,2586519,8146732,2590476,51316,385,141432,53891
18,layer4.1.bn1,30621,False,73708,153379,72408,24485,87,3906,186
18,layer4.1.relu1,8843,False,28267,47153,26712,8093,17,479,11
18,layer4.1.conv2,3157439,False,6630016,11167526,6643308,157186,899,464744,148951
18,layer4.1.bn2,32854,False,78783,156354,77112,25148,120,1558,182
18,layer4.1.relu2,8820,False,28490,47153,27132,8093,34,503,13
18,layer4.1.conv3,1279094,False,2692765,8177407,2697156,53558,237,115935,54838
18,layer4.1.bn3,61479,False,138699,364907,137424,48960,73,12208,576
18,layer4.1.add,32164,False,77157,103464,75768,12906,46,7102,32
18,layer4.1.relu3,17178,False,45429,84807,43932,12806,27,410,41
18,layer4.2.conv1,1231714,False,2593377,8146282,2597532,51257,213,139594,60318
18,layer4.2.bn1,29212,False,70904,153342,69384,24472,70,3971,185
18,layer4.2.relu1,7912,False,26324,47153,24864,8093,17,510,7
18,layer4.2.conv2,3150749,False,6614925,11166665,6628020,157071,757,464313,148674
18,layer4.2.bn2,32247,False,85112,162549,83832,26092,110,1610,167
18,layer4.2.relu2,8407,False,27323,47141,25620,8090,15,570,35
18,layer4.2.conv3,1280907,False,2696531,8185809,2700768,54975,289,115118,55338
18,layer4.2.bn3,61309,False,138397,364958,137256,48977,82,12173,790
18,layer4.2.add,31972,False,76968,103476,75600,12909,39,7079,32
18,layer4.2.relu3,17591,False,46349,84807,44772,12806,21,347,15
18,avgpool,87787,False,193813,274358,192528,38795,979,3451,1894
18,flatten,8112,False,26523,34015,25032,6364,91,475,235
18,fc,506926,False,1075276,348307,1076124,43913,366,133190,127956
19,conv1,2175634,False,4573019,8687440,4581612,97158,1090,178449,22296
19,bn1,341640,False,728883,1299095,728952,118700,282,105632,2687
19,relu,175071,False,378415,436416,377832,56789,70,52138,99
19,maxpool,10225410,False,21439059,42903368,21488208,7870984,377215,93673,10163
19,layer1.0.conv1,252620,False,492969,1513369,540540,20138,339,27122,3890
19,layer1.0.bn1,89693,False,198552,385462,197484,41573,371,21036,1214
19,layer1.0.relu1,33655,False,80483,134976,79044,19076,81,2578,81
19,layer1.0.conv2,1989016,False,4181016,8263657,4188828,90943,1791,59617,5433
19,layer1.0.bn2,77889,False,173890,388568,172536,42273,269,12698,222
19,layer1.0.relu2,33995,False,81141,135013,79800,19086,50,3124,25
19,layer1.0.conv3,863180,False,1820963,5280571,1823136,65040,388,66248,2377
19,layer1.0.bn3,319003,False,680950,1297908,680736,118301,353,101396,469
19,layer1.0.downsample.0,865977,False,1826955,5280208,1829520,64971,163,69991,3786
19,layer1.0.downsample.1,322189,False,687669,1297828,687708,118286,325,101125,875
19,layer1.0.add,318735,False,680501,593275,680400,57859,133,104125,521
19,layer1.0.relu3,180872,False,391122,440227,390516,57364,139,53327,146
19,layer1.1.conv1,810912,False,1712475,5645797,1714524,33670,248,62449,875
19,layer1.1.bn1,95023,False,209681,385762,208572,41637,136,26168,694
19,layer1.1.relu1,31667,False,75981,134983,74592,19078,30,2464,9
19,layer1.1.conv2,1981764,False,4165126,8269553,4172952,92139,1366,59482,3546
19,layer1.1.bn2,75967,False,169724,390869,168672,42646,235,11613,157
19,layer1.1.relu2,32863,False,78637,134983,77112,19078,43,3019,21
19,layer1.1.conv3,854920,False,1804045,5280445,1806504,65019,206,65628,1243
19,layer1.1.bn3,324663,False,693342,1303896,693252,119226,335,102046,558
19,layer1.1.add,314702,False,672043,586288,672000,56791,61,103061,263
19,layer1.1.relu3,173522,False,375181,436159,374472,56729,28,52163,156
19,layer1.2.conv1,809959,False,1709197,5647001,1711500,33876,161,62834,991
19,layer1.2.bn1,93353,False,205980,385793,204792,41646,131,26028,244
19,layer1.2.relu1,31399,False,75790,134983,74172,19078,27,2404,12
19,layer1.2.conv2,1966157,False,4132548,8262719,4140276,90821,993,55569,3115
19,layer1.2.bn2,69942,False,157095,388534,155820,42254,158,8817,149
19,layer1.2.relu2,31452,False,75697,134995,74256,19081,37,1796,27
19,layer1.2.conv3,852476,False,1798543,5280702,1800960,65060,178,65423,1041
19,layer1.2.bn3,322450,False,688196,1303911,688128,119232,316,102359,1749
19,layer1.2.add,314011,False,670411,586325,670404,56801,47,102985,821
19,layer1.2.relu3,174440,False,377234,436159,376488,56729,26,52154,201
19,layer2.0.conv1,1600047,False,3365460,11240323,3371340,56832,246,127517,2330
19,layer2.0.bn1,173249,False,374762,689896,373968,67219,186,53824,142
19,layer2.0.relu1,80030,False,178343,235335,176988,31622,30,20363,25
19,layer2.0.conv2,2123640,False,4462518,8558070,4470732,98885,1069,150905,9875
19,layer2.0.bn2,44971,False,103924,241417,102396,30262,138,2208,62
19,layer2.0.relu2,18132,False,55363,91176,53928,13787,69,1186,27
19,layer2.0.conv3,844383,False,1781449,5295586,1783824,58100,246,41324,5418
19,layer2.0.bn3,177908,False,385039,725176,384384,73116,170,53272,267
19,layer2.0.downsample.0,2311925,False,4858160,11212999,4867212,154421,1396,259058,13782
19,layer2.0.downsample.1,178923,False,387555,714557,386820,71396,176,53165,556
19,layer2.0.add,160490,False,348231,310332,347340,31706,84,51949,75
19,layer2.0.relu3,85345,False,189175,241782,187992,32614,65,21155,44
19,layer2.1.conv1,821680,False,1733501,5697659,1735692,33469,372,37586,3674
19,layer2.1.bn1,52041,False,119091,243690,117852,30447,123,10803,68
19,layer2.1.relu1,17910,False,47153,84927,45780,12825,34,830,7
19,layer2.1.conv2,1917377,False,4029759,8148739,4037292,91612,1154,41734,8848
19,layer2.1.bn2,44862,False,103794,241505,102228,30296,127,3984,110
19,layer2.1.relu2,17953,False,47250,84832,45780,12813,36,574,9
19,layer2.1.conv3,849313,False,1791170,5301321,1793568,58956,150,45012,4694
19,layer2.1.bn3,169814,False,367424,710282,366744,70517,74,52089,156
19,layer2.1.add,158681,False,344186,310320,343392,31703,63,51149,19
19,layer2.1.relu3,77975,False,173675,235347,172452,31625,24,19321,30
19,layer2.2.conv1,817131,False,1723702,5704732,1726116,34606,212,37685,3362
19,layer2.2.bn1,48424,False,111456,238428,110208,29608,50,10149,61
19,layer2.2.relu1,17472,False,46538,84927,45192,12825,27,697,10
19,layer2.2.conv2,1917081,False,4028912,8150447,4036200,91922,1029,41991,8783
19,layer2.2.bn2,43769,False,102187,241277,100548,30242,88,3768,83
19,layer2.2.relu2,18022,False,47574,84807,45948,12806,28,663,12
19,layer2.2.conv3,848452,False,1789708,5302047,1792140,59086,131,47540,4542
19,layer2.2.bn3,169982,False,368220,709853,367332,70436,62,52177,179
19,layer2.2.add,162994,False,353723,316755,352884,32692,56,52903,17
19,layer2.2.relu3,77621,False,173059,235335,171864,31622,23,19431,29
19,layer2.3.conv1,818003,False,1725834,5703884,1728216,34442,173,36383,3692
19,layer2.3.bn1,47349,False,109139,238562,107772,29629,41,9496,76
19,layer2.3.relu1,17224,False,45739,84927,44352,12825,20,640,12
19,layer2.3.conv2,1917983,False,4031004,8146300,4038468,91073,842,41755,13163
19,layer2.3.bn2,42088,False,97976,241372,96600,30272,89,3993,93
19,layer2.3.relu2,18503,False,48434,84807,46872,12806,26,686,4
19,layer2.3.conv3,847648,False,1788021,5301831,1790376,59040,148,47659,3879
19,layer2.3.bn3,173044,False,374888,710063,374136,70480,71,52430,167
19,layer2.3.add,158760,False,344315,310320,343560,31703,41,51629,24
19,layer2.3.relu3,79038,False,175872,235335,174636,31622,20,19462,44
19,layer3.0.conv1,1759234,False,3698260,10451862,3704736,98480,259,68467,6793
19,layer3.0.bn1,84775,False,188079,395326,186816,43177,59,22172,95
19,layer3.0.relu1,32933,False,78854,135128,77448,19104,31,3390,17
19,layer3.0.conv2,2185878,False,4593725,9195955,4602360,113031,1056,157045,36052
19,layer3.0.bn2,36083,False,94086,181605,92736,26406,92,5061,125
19,layer3.0.relu2,11700,False,34074,59719,32592,9670,29,574,37
19,layer3.0.conv3,973626,False,2052078,5932680,2055144,68120,149,46027,16487
19,layer3.0.bn3,92228,False,203679,444775,202524,51021,96,23785,336
19,layer3.0.downsample.0,2219753,False,4664343,10964185,4673172,134473,950,221855,32411
19,layer3.0.downsample.1,81915,False,182319,447842,181272,51703,105,12935,319
19,layer3.0.add,66043,False,148655,172336,147504,19159,37,18222,49
19,layer3.0.relu3,34271,False,81418,134983,79884,19078,34,3693,17
19,layer3.1.conv1,1014275,False,2137207,5945955,2140488,67929,227,53794,12287
19,layer3.1.bn1,34541,False,82226,172253,81060,24762,76,5400,147
19,layer3.1.relu1,11279,False,39883,66043,38304,10643,45,1050,6
19,layer3.1.conv2,2039751,False,4287219,8746363,4294920,111348,1127,134669,35573
19,layer3.1.bn2,34271,False,81570,174785,80304,25346,95,1552,138
19,layer3.1.relu2,11975,False,34897,59851,33516,9692,34,508,11
19,layer3.1.conv3,972055,False,2048661,5933056,2051616,68161,124,46365,16069
19,layer3.1.bn3,91448,False,202002,445719,200844,51164,77,23246,297
19,layer3.1.add,68170,False,153300,172348,152040,19162,41,19301,52
19,layer3.1.relu3,32224,False,77165,134983,75684,19078,26,2738,20
19,layer3.2.conv1,1008074,False,2123916,5946024,2127132,67940,130,51978,12907
19,layer3.2.bn1,33035,False,78823,172079,77532,24734,61,5328,142
19,layer3.2.relu1,11241,False,33417,59731,31920,9673,22,459,5
19,layer3.2.conv2,2035136,False,4277407,8736994,4285344,109792,1005,134630,35796
19,layer3.2.bn2,32752,False,78328,174890,76776,25368,93,1495,113
19,layer3.2.relu2,11931,False,34582,59839,33180,9689,34,485,10
19,layer3.2.conv3,965394,False,2034859,5932671,2037756,68105,112,46267,16039
19,layer3.2.bn3,95600,False,210720,450729,209664,51942,76,24353,283
19,layer3.2.add,67340,False,152129,172336,150864,19159,38,18539,31
19,layer3.2.relu3,31071,False,75073,134983,73668,19078,24,1846,9
19,layer3.3.conv1,1007100,False,2122392,5946509,2125284,68024,108,52061,12359
19,layer3.3.bn1,32915,False,78745,172213,77280,24755,68,5183,447
19,layer3.3.relu1,11367,False,33338,59719,31836,9670,22,487,11
19,layer3.3.conv2,2031724,False,4270039,8734070,4278036,109293,799,133978,36872
19,layer3.3.bn2,32892,False,78926,174877,77616,25362,86,1559,136
19,layer3.3.relu2,12497,False,36121,59901,34692,9706,35,545,19
19,layer3.3.conv3,967512,False,2039404,5932852,2042292,68128,110,45886,15976
19,layer3.3.bn3,92528,False,204872,444434,203784,50963,76,24083,293
19,layer3.3.add,67813,False,152526,172336,151284,19159,32,19325,33
19,layer3.3.relu3,31082,False,74911,134983,73584,19078,27,2484,23
19,layer3.4.conv1,1017230,False,2149638,5946590,2146368,68037,92,51666,12283
19,layer3.4.bn1,33963,False,80686,172079,79296,24734,45,5372,434
19,layer3.4.relu1,11252,False,33328,59719,31836,9670,20,491,7
19,layer3.4.conv2,2061011,False,4331570,8733770,4339524,109209,885,133581,44211
19,layer3.4.bn2,32723,False,78432,174849,77112,25362,83,1529,119
19,layer3.4.relu2,11682,False,34274,59839,32844,9689,28,524,9
19,layer3.4.conv3,967948,False,2039879,5932814,2042796,68147,103,46261,15822
19,layer3.4.bn3,90159,False,199436,444541,198324,50969,54,23737,323
19,layer3.4.add,68046,False,152806,172361,151620,19166,39,19079,29
19,layer3.4.relu3,32912,False,78715,134983,77280,19078,27,2895,16
19,layer3.5.conv1,1020311,False,2149570,5946497,2152752,68020,94,52748,11723
19,layer3.5.bn1,33897,False,81089,172213,79548,24755,58,5354,115
19,layer3.5.relu1,11273,False,33333,59719,31920,9670,14,465,9
19,layer3.5.conv2,2029646,False,4265921,8735014,4273836,109483,772,134199,36049
19,layer3.5.bn2,33058,False,79123,174860,77700,25364,83,1459,132
19,layer3.5.relu2,12145,False,35056,60188,33684,9747,43,549,20
19,layer3.5.conv3,968473,False,2041010,5933602,2044056,68273,97,46264,15886
19,layer3.5.bn3,88625,False,196180,444504,195048,50981,62,23423,315
19,layer3.5.add,67397,False,152055,172336,150696,19159,37,19103,30
19,layer3.5.relu3,31964,False,76707,134995,75264,19081,27,2646,20
19,layer4.0.conv1,1974115,False,4148526,11804680,4156152,123741,212,114171,29612
19,layer4.0.bn1,51553,False,117913,263598,116676,33626,74,9888,221
19,layer4.0.relu1,17158,False,45747,84819,44268,12809,19,677,7
19,layer4.0.conv2,3405459,False,7148563,11919120,7162680,160476,903,471426,148047
19,layer4.0.bn2,31164,False,74926,155904,73584,25064,111,3226,166
19,layer4.0.relu2,8573,False,27662,47261,26124,8109,29,539,16
19,layer4.0.conv3,1257750,False,2647823,8172318,2651880,52786,390,112892,47918
19,layer4.0.bn3,60636,False,136914,364722,135660,48933,71,12175,597
19,layer4.0.downsample.0,2884737,False,6057924,11974144,6069504,165960,1073,493455,126530
19,layer4.0.downsample.1,59527,False,134598,369588,133224,49924,146,3058,539
19,layer4.0.add,31716,False,76705,103476,75180,12909,52,7098,30
19,layer4.0.relu3,17792,False,47457,84807,45948,12806,39,566,27
19,layer4.1.conv1,1228501,False,2586515,8152813,2590728,52237,390,142072,46203
19,layer4.1.bn1,31617,False,76160,153295,74844,24465,100,3927,195
19,layer4.1.relu1,8584,False,27592,47153,25956,8093,25,474,20
19,layer4.1.conv2,3157206,False,6628680,11165620,6641880,156872,943,464491,146939
19,layer4.1.bn2,32536,False,77989,155906,76608,25059,114,1618,191
19,layer4.1.relu2,9455,False,29620,47153,28140,8093,29,502,12
19,layer4.1.conv3,1258695,False,2650048,8172089,2654400,52707,265,114670,45450
19,layer4.1.bn3,61040,False,137523,365026,136164,48994,79,12043,515
19,layer4.1.add,31802,False,76384,103464,75012,12906,41,7078,16
19,layer4.1.relu3,21658,False,54998,91872,53676,13900,45,1141,20
19,layer4.2.conv1,1222070,False,2573787,8146225,2577876,51241,214,140305,44300
19,layer4.2.bn1,28957,False,70383,153296,69048,24464,61,3920,172
19,layer4.2.relu1,8121,False,26756,47153,25200,8093,15,486,8
19,layer4.2.conv2,3152000,False,6617749,11166742,6630960,157076,852,464707,147056
19,layer4.2.bn2,32535,False,77856,155960,76440,25070,107,1658,174
19,layer4.2.relu2,8378,False,27446,47141,25704,8090,20,543,13
19,layer4.2.conv3,1255165,False,2642231,8177129,2646504,53491,234,114963,43969
19,layer4.2.bn3,60851,False,137345,364989,135996,48987,73,12058,657
19,layer4.2.add,30899,False,74416,103476,72828,12909,43,7035,33
19,layer4.2.relu3,16579,False,44517,84807,43008,12806,30,391,19
19,avgpool,83439,False,184873,273955,183624,38719,986,3204,1489
19,flatten,8682,False,27747,34015,26376,6364,104,484,179
19,fc,500175,False,1060891,341153,1061508,42793,319,132142,127185
20,conv1,2169457,False,4559500,8685808,4567836,96806,1115,178206,15136
20,bn1,338176,False,721457,1292280,721308,117650,295,104544,1490
20,relu,175915,False,380613,436416,379764,56789,82,52243,227
20,maxpool,10170581,False,21322028,42907803,21372708,7871645,373271,93360,7543
20,layer1.0.conv1,266780,False,491145,1513289,570024,20118,321,27025,2829
20,layer1.0.bn1,88966,False,197161,385654,196140,41617,363,21033,831
20,layer1.0.relu1,32822,False,78726,134976,77364,19076,88,2406,67
20,layer1.0.conv2,1981666,False,4164913,8266687,4172532,91570,1667,59512,4593
20,layer1.0.bn2,75293,False,168689,388583,167664,42280,255,11564,167
20,layer1.0.relu2,34000,False,81133,135013,79884,19086,53,3107,23
20,layer1.0.conv3,861225,False,1816854,5280771,1819356,65079,294,66033,1966
20,layer1.0.bn3,320462,False,683600,1304320,683592,119295,355,102410,190
20,layer1.0.downsample.0,862905,False,1820254,5274103,1822632,64020,139,69385,3089
20,layer1.0.downsample.1,321389,False,685683,1297908,685692,118306,324,101381,618
20,layer1.0.add,315355,False,673018,586281,672840,56789,119,103364,392
20,layer1.0.relu3,174759,False,377528,436152,376824,56727,53,52081,29
20,layer1.1.conv1,810735,False,1710552,5647032,1712676,33876,241,62420,788
20,layer1.1.bn1,95548,False,210699,388293,209496,42061,191,26162,454
20,layer1.1.relu1,36146,False,85707,141674,84504,20125,48,3291,32
20,layer1.1.conv2,1974158,False,4149102,8263493,4156740,90969,1214,59423,3189
20,layer1.1.bn2,73440,False,164573,388546,163212,42270,196,11560,125
20,layer1.1.relu2,32949,False,78928,134976,77532,19076,37,3021,32
20,layer1.1.conv3,855381,False,1804823,5280604,1807176,65035,219,65688,1097
20,layer1.1.bn3,319455,False,681966,1298044,681996,118338,339,101497,401
20,layer1.1.add,314800,False,672509,586281,672252,56789,63,103044,173
20,layer1.1.relu3,177177,False,382597,442521,382116,57706,41,52981,12
20,layer1.2.conv1,805135,False,1699286,5641837,1701420,33080,175,62109,949
20,layer1.2.bn1,98381,False,216522,391775,215460,42571,149,26789,251
20,layer1.2.relu1,30520,False,73526,134976,72156,19076,31,2284,8
20,layer1.2.conv2,1965052,False,4129809,8264494,4137420,91225,974,54917,2787
20,layer1.2.bn2,69599,False,156018,389120,154812,42390,190,9442,94
20,layer1.2.relu2,30900,False,74322,134988,72828,19079,37,1729,24
20,layer1.2.conv3,863181,False,1820798,5302330,1823052,68872,248,66031,1158
20,layer1.2.bn3,319220,False,680876,1297809,680820,118281,319,101646,1128
20,layer1.2.add,314891,False,672282,586318,672336,56799,50,103150,576
20,layer1.2.relu3,174579,False,377381,436152,376488,56727,41,52231,220
20,layer2.0.conv1,1590331,False,3345797,11220718,3351684,53670,266,126675,2320
20,layer2.0.bn1,179000,False,386727,695848,385896,68138,215,54833,144
20,layer2.0.relu1,79642,False,177361,235328,176232,31620,33,20062,26
20,layer2.0.conv2,2123981,False,4463458,8558385,4471740,98929,1017,151425,9274
20,layer2.0.bn2,43967,False,101855,241542,100464,30298,132,2165,49
20,layer2.0.relu2,17846,False,47130,84812,45360,12807,37,470,12
20,layer2.0.conv3,850391,False,1794363,5301542,1796760,59023,230,41802,4749
20,layer2.0.bn3,168449,False,364860,709725,364056,70414,106,51919,179
20,layer2.0.downsample.0,2299870,False,4831874,11207968,4841004,153379,1048,259094,11959
20,layer2.0.downsample.1,176282,False,388539,719103,387744,72090,156,53334,462
20,layer2.0.add,159160,False,345503,310325,344820,31704,55,51901,108
20,layer2.0.relu3,79713,False,177571,235340,176316,31623,40,19958,33
20,layer2.1.conv1,822987,False,1735861,5704006,1738128,34460,273,38193,3193
20,layer2.1.bn1,48711,False,111985,238402,110628,29604,84,10181,41
20,layer2.1.relu1,18378,False,48003,84920,46452,12823,34,856,6
20,layer2.1.conv2,1911384,False,4017684,8146232,4025196,91104,949,41671,8363
20,layer2.1.bn2,43995,False,102349,241064,100884,30192,119,3934,73
20,layer2.1.relu2,18350,False,48312,84825,46704,12811,34,570,11
20,layer2.1.conv3,848468,False,1789677,5301525,1792224,59018,214,45518,4125
20,layer2.1.bn3,172284,False,373055,710089,372204,70481,81,52173,166
20,layer2.1.add,157654,False,341897,310313,341124,31701,44,51014,16
20,layer2.1.relu3,83224,False,184746,241739,183624,32608,41,20611,33
20,layer2.2.conv1,812771,False,1715078,5698108,1717296,33565,188,35740,3005
20,layer2.2.bn1,53131,False,121300,244330,120120,30513,77,11117,45
20,layer2.2.relu1,17846,False,47140,84920,45696,12823,32,778,14
20,layer2.2.conv2,1911798,False,4017981,8150014,4025280,91883,844,42077,8616
20,layer2.2.bn2,44552,False,103215,241659,102060,30283,114,4041,80
20,layer2.2.relu2,17980,False,47413,84800,45948,12804,29,783,10
20,layer2.2.conv3,848568,False,1790119,5301814,1792644,59038,160,47465,4215
20,layer2.2.bn3,171535,False,371190,710052,370356,70474,75,52245,217
20,layer2.2.add,158918,False,344617,310313,343728,31701,36,51810,15
20,layer2.2.relu3,78511,False,174689,235328,173544,31620,21,19466,30
20,layer2.3.conv1,816810,False,1722909,5704437,1724940,34546,171,36050,3282
20,layer2.3.bn1,47991,False,110868,238482,109452,29609,53,9475,75
20,layer2.3.relu1,17753,False,47087,84927,45696,12825,23,680,8
20,layer2.3.conv2,1914571,False,4023963,8146455,4031160,91188,851,41765,12095
20,layer2.3.bn2,43293,False,100737,241389,99288,30269,103,3926,88
20,layer2.3.relu2,18105,False,47512,84807,46032,12806,21,743,7
20,layer2.3.conv3,847323,False,1787645,5301994,1790124,59101,154,47444,3718
20,layer2.3.bn3,173642,False,375336,710249,374556,70510,81,52470,156
20,layer2.3.add,162450,False,352132,316279,351456,32624,38,52621,11
20,layer2.3.relu3,77513,False,172986,235335,171780,31622,21,19577,23
20,layer3.0.conv1,1754745,False,3688998,10446805,3695580,97719,274,67572,5846
20,layer3.0.bn1,85391,False,196637,401428,195384,44107,84,22847,87
20,layer3.0.relu1,32833,False,78638,135128,77280,19104,27,3343,11
20,layer3.0.conv2,2181557,False,4584975,9203814,4593372,114602,1106,156500,35339
20,layer3.0.bn2,36677,False,86962,174821,85596,25347,120,5155,115
20,layer3.0.relu2,12375,False,35668,59719,34020,9670,33,523,6
20,layer3.0.conv3,969013,False,2042178,5933043,2045064,68188,169,46062,15955
20,layer3.0.bn3,91603,False,202606,444694,201600,50996,85,23635,316
20,layer3.0.downsample.0,2224522,False,4674967,10974753,4683672,136237,1013,222843,31923
20,layer3.0.downsample.1,87932,False,195057,454666,193956,52761,146,14063,328
20,layer3.0.add,66765,False,150516,172336,149352,19159,44,18182,46
20,layer3.0.relu3,34664,False,82580,134983,81060,19078,36,3872,33
20,layer3.1.conv1,1013954,False,2136615,5945213,2139900,67849,260,53681,10927
20,layer3.1.bn1,33882,False,81025,172173,79632,24742,67,5318,127
20,layer3.1.relu1,11163,False,33293,59744,31920,9677,19,511,13
20,layer3.1.conv2,2029384,False,4266138,8735785,4273836,109665,1032,134139,35147
20,layer3.1.bn2,33181,False,79240,174819,77784,25357,84,1593,129
20,layer3.1.relu2,12493,False,36185,59851,34608,9692,31,549,14
20,layer3.1.conv3,968659,False,2042062,5932641,2044980,68107,106,46114,15786
20,layer3.1.bn3,90135,False,199355,444390,198156,50950,79,23314,315
20,layer3.1.add,66987,False,150936,172348,149856,19162,33,18961,38
20,layer3.1.relu3,31816,False,76315,134983,74928,19078,26,2664,25
20,layer3.2.conv1,1012099,False,2140203,5952571,2143512,68974,124,51987,11260
20,layer3.2.bn1,34182,False,81543,171999,80052,24714,56,5396,117
20,layer3.2.relu1,11164,False,33120,59731,31500,9673,24,468,5
20,layer3.2.conv2,2034694,False,4276253,8736764,4284168,109830,986,134144,35526
20,layer3.2.bn2,33827,False,80440,174831,78960,25356,104,1534,114
20,layer3.2.relu2,11910,False,34510,59839,33180,9689,27,537,11
20,layer3.2.conv3,964910,False,2033660,5933353,2036496,68210,113,46771,15771
20,layer3.2.bn3,92525,False,204261,444712,203280,51013,87,24082,274
20,layer3.2.add,66175,False,149225,172336,148008,19159,38,18377,24
20,layer3.2.relu3,30776,False,74313,134983,72744,19078,24,2035,9
20,layer3.3.conv1,1006639,False,2121077,5946590,2124024,68057,117,52276,11027
20,layer3.3.bn1,32202,False,77308,172173,75852,24742,46,5236,400
20,layer3.3.relu1,10674,False,32319,59719,30744,9670,27,498,6
20,layer3.3.conv2,2038753,False,4284651,8737584,4292652,109941,968,134311,36348
20,layer3.3.bn2,36739,False,86640,181038,85176,26333,121,2164,117
20,layer3.3.relu2,11423,False,34018,59901,32424,9706,29,504,7
20,layer3.3.conv3,971673,False,2047820,5933790,2050692,68314,115,46004,15868
20,layer3.3.bn3,92627,False,204517,444456,203448,50970,79,24420,290
20,layer3.3.add,67748,False,152459,172336,150948,19159,35,19191,31
20,layer3.3.relu3,31228,False,75234,134983,73668,19078,23,2451,15
20,layer3.4.conv1,1007647,False,2123366,5946603,2126628,68056,104,52660,11249
20,layer3.4.bn1,32209,False,77179,171999,75852,24714,39,5279,348
20,layer3.4.relu1,11159,False,33139,59719,31584,9670,15,514,9
20,layer3.4.conv2,2049047,False,4306376,8737510,4314492,110023,965,133371,42646
20,layer3.4.bn2,33089,False,79007,174872,77532,25368,91,1538,115
20,layer3.4.relu2,11771,False,34626,59839,33180,9689,28,592,16
20,layer3.4.conv3,970643,False,2045904,5932985,2048928,68171,91,45985,15578
20,layer3.4.bn3,92060,False,203625,444604,202524,50989,77,24033,297
20,layer3.4.add,77937,False,173534,191018,171948,22178,69,20274,63
20,layer3.4.relu3,31355,False,75386,134983,73920,19078,20,2783,13
20,layer3.5.conv1,1006621,False,2120531,5947579,2123772,68215,110,52664,10355
20,layer3.5.bn1,33335,False,79653,172173,78372,24742,47,5299,106
20,layer3.5.relu1,11425,False,33640,59719,32256,9670,19,467,7
20,layer3.5.conv2,2033257,False,4274515,8737476,4282404,110019,914,134443,35681
20,layer3.5.bn2,33551,False,79877,175000,78372,25396,103,1523,138
20,layer3.5.relu2,12674,False,36477,59851,35028,9692,36,572,18
20,layer3.5.conv3,969986,False,2044352,5932756,2047164,68131,106,46154,15777
20,layer3.5.bn3,90159,False,199987,444479,198828,50961,73,23452,313
20,layer3.5.add,66778,False,150533,172336,149100,19159,31,18891,25
20,layer3.5.relu3,31952,False,76822,134995,75600,19081,30,2624,19
20,layer4.0.conv1,1961143,False,4121485,11790674,4129020,121440,188,114179,27667
20,layer4.0.bn1,50144,False,115173,263574,113736,33611,69,9800,209
20,layer4.0.relu1,17763,False,46979,84819,45528,12809,28,705,14
20,layer4.0.conv2,3403647,False,7146562,11917167,7160664,160337,950,470837,148479
20,layer4.0.bn2,31612,False,76133,156261,74844,25123,166,3203,161
20,layer4.0.relu2,9363,False,29441,47598,28056,8164,40,552,13
20,layer4.0.conv3,1257182,False,2647249,8172478,2651460,52779,451,112603,43576
20,layer4.0.bn3,61337,False,138568,364700,137256,48923,103,12214,586
20,layer4.0.downsample.0,2881207,False,6057907,11975719,6069756,165359,1212,492581,126829
20,layer4.0.downsample.1,62383,False,140545,374941,139272,50759,122,3760,470
20,layer4.0.add,32468,False,78267,103476,76944,12909,69,7191,41
20,layer4.0.relu3,18140,False,47923,84807,46284,12806,49,517,7
20,layer4.1.conv1,1222224,False,2574113,8146052,2578296,51210,367,140963,40478
20,layer4.1.bn1,29781,False,72150,153143,70728,24436,89,4081,174
20,layer4.1.relu1,8131,False,26725,47153,25200,8093,22,483,4
20,layer4.1.conv2,3153979,False,6622168,11162459,6635160,156305,923,464549,147127
20,layer4.1.bn2,31744,False,76387,155981,75012,25074,88,1710,161
20,layer4.1.relu2,9188,False,29116,47153,27636,8093,22,625,56
20,layer4.1.conv3,1260251,False,2653779,8178290,2658180,53700,203,115641,42012
20,layer4.1.bn3,61850,False,139596,364885,138432,48956,68,12085,509
20,layer4.1.add,32526,False,78136,103464,76692,12906,50,7062,16
20,layer4.1.relu3,17899,False,47356,84807,45864,12806,30,346,7
20,layer4.2.conv1,1221464,False,2572090,8146631,2576112,51305,181,139920,39286
20,layer4.2.bn1,29051,False,70604,153043,69216,24413,75,4067,182
20,layer4.2.relu1,8290,False,27297,47153,25872,8093,15,476,2
20,layer4.2.conv2,3155243,False,6624799,11168987,6637764,157618,871,464530,146665
20,layer4.2.bn2,32654,False,86094,163052,84756,26207,107,1662,164
20,layer4.2.relu2,8857,False,28550,47141,26880,8090,24,512,14
20,layer4.2.conv3,1243391,False,2618084,8171711,2622396,52698,209,114560,41014
20,layer4.2.bn3,59683,False,135085,364870,133896,48952,62,12106,667
20,layer4.2.add,32130,False,77199,103476,75936,12909,44,7086,41
20,layer4.2.relu3,16329,False,43961,84807,42588,12806,24,359,12
20,avgpool,81129,False,180202,274107,179088,38747,969,3150,1281
20,flatten,8517,False,27438,34015,25788,6364,98,442,164
20,fc,504189,False,1069370,347227,1070160,43733,345,133305,126695
21,conv1,2173050,False,4568171,8688013,4576656,97235,1191,178751,16935
21,bn1,337087,False,719626,1292405,719712,117685,343,104558,1523
21,relu,175554,False,380136,436416,379512,56789,79,52225,142
21,maxpool,10271905,False,21534473,42889472,21586152,7868698,382068,92604,6204
21,layer1.0.conv1,262256,False,492314,1513369,560448,20138,345,26977,2401
21,layer1.0.bn1,88087,False,195254,385526,194124,41585,343,20962,843
21,layer1.0.relu1,33292,False,79540,134976,78036,19076,79,2496,61
21,layer1.0.conv2,1983754,False,4169465,8263731,4177068,90963,1715,59733,4560
21,layer1.0.bn2,77690,False,173325,388434,171864,42246,273,12711,158
21,layer1.0.relu2,34303,False,81739,135013,80220,19086,58,3190,25
21,layer1.0.conv3,862217,False,1818858,5281065,1821204,65147,341,66330,1783
21,layer1.0.bn3,318795,False,680726,1297925,680652,118309,370,101365,311
21,layer1.0.downsample.0,902477,False,1848978,5288357,1851360,66415,343,71217,2872
21,layer1.0.downsample.1,329944,False,703857,1304016,703920,119269,457,102696,852
21,layer1.0.add,320471,False,684454,592962,684348,57815,155,104228,474
21,layer1.0.relu3,174609,False,377316,436152,376656,56727,62,52106,30
21,layer1.1.conv1,809923,False,1708923,5645930,1711248,33687,237,62502,790
21,layer1.1.bn1,94927,False,209865,385755,208656,41635,156,26195,562
21,layer1.1.relu1,32093,False,77234,134976,75852,19076,31,2612,48
21,layer1.1.conv2,1995257,False,4193833,8286296,4201680,94960,1358,61560,3737
21,layer1.1.bn2,75724,False,169547,388704,168168,42305,197,11810,169
21,layer1.1.relu2,32810,False,78699,134976,77196,19076,39,3082,27
21,layer1.1.conv3,857249,False,1808849,5281129,1811208,65120,244,65694,1387
21,layer1.1.bn3,323718,False,690984,1304631,690984,119341,334,102180,814
21,layer1.1.add,315514,False,673709,586281,673680,56789,75,103089,287
21,layer1.1.relu3,173061,False,374289,436152,373548,56727,33,52030,44
21,layer1.2.conv1,809607,False,1708547,5647559,1710492,33951,161,63094,1050
21,layer1.2.bn1,93780,False,206878,385786,205632,41644,131,25970,407
21,layer1.2.relu1,31266,False,75370,134976,74088,19076,29,2376,12
21,layer1.2.conv2,1962195,False,4124146,8262868,4131792,90886,1039,55162,2988
21,layer1.2.bn2,70574,False,158516,388767,157500,42309,188,8879,139
21,layer1.2.relu2,31238,False,75148,134988,73668,19079,37,1789,24
21,layer1.2.conv3,852907,False,1799719,5281635,1802136,65216,226,65265,1026
21,layer1.2.bn3,324200,False,692066,1304274,691740,119301,339,102414,3710
21,layer1.2.add,314795,False,672271,586318,672168,56799,72,103045,1481
21,layer1.2.relu3,173514,False,375610,436152,374892,56727,30,52151,30
21,layer2.0.conv1,1595300,False,3355479,11227468,3361344,54725,260,127399,2181
21,layer2.0.bn1,173960,False,376214,689889,375396,67217,184,53889,153
21,layer2.0.relu1,79464,False,176997,235328,175812,31620,26,20426,37
21,layer2.0.conv2,2125385,False,4467494,8560875,4475772,99398,1121,150621,9895
21,layer2.0.bn2,49446,False,113715,247622,112308,31209,160,3039,65
21,layer2.0.relu2,18048,False,47643,84812,46284,12807,50,525,16
21,layer2.0.conv3,844417,False,1781520,5295406,1784076,58063,240,41338,5538
21,layer2.0.bn3,172902,False,374517,715486,373884,71290,126,52457,170
21,layer2.0.downsample.0,2302562,False,4837785,11208932,4846968,153484,1124,258730,14351
21,layer2.0.downsample.1,179351,False,388945,713149,388164,71156,140,53216,630
21,layer2.0.add,160499,False,349063,310332,348264,31706,100,51915,207
21,layer2.0.relu3,80459,False,187752,241365,186564,32553,73,20257,50
21,layer2.1.conv1,817493,False,1725027,5697739,1727292,33489,291,37846,3491
21,layer2.1.bn1,48121,False,117887,244309,116760,30505,100,10879,69
21,layer2.1.relu1,18207,False,48172,84927,46704,12825,32,835,12
21,layer2.1.conv2,1919178,False,4034126,8145682,4041492,91051,1144,41615,8730
21,layer2.1.bn2,43354,False,100906,241308,99540,30252,97,4037,93
21,layer2.1.relu2,17570,False,46710,84832,45276,12813,37,548,11
21,layer2.1.conv3,849895,False,1793243,5301511,1795668,59000,188,45362,4855
21,layer2.1.bn3,170866,False,370110,710242,369348,70504,77,52067,169
21,layer2.1.add,157664,False,342171,310320,341376,31703,80,51100,22
21,layer2.1.relu3,78355,False,174770,235347,173712,31625,35,19410,32
21,layer2.2.conv1,818186,False,1726296,5704465,1728468,34552,228,37887,3441
21,layer2.2.bn1,47470,False,109539,239696,108528,29808,73,10166,50
21,layer2.2.relu1,17901,False,47512,84927,46116,12825,23,718,9
21,layer2.2.conv2,1914794,False,4024900,8147307,4032252,91332,912,41862,8757
21,layer2.2.bn2,43417,False,101163,241358,99792,30257,93,4081,96
21,layer2.2.relu2,18167,False,47835,84807,46284,12806,27,688,17
21,layer2.2.conv3,848114,False,1788956,5302201,1791468,59091,160,47451,4719
21,layer2.2.bn3,170994,False,370331,710033,369768,70475,79,52231,305
21,layer2.2.add,162667,False,353155,316384,352296,32641,59,52655,25
21,layer2.2.relu3,78769,False,175044,235335,173964,31622,25,19472,44
21,layer2.3.conv1,818234,False,1726616,5703857,1728804,34436,192,35913,3580
21,layer2.3.bn1,47249,False,109049,238562,107772,29629,53,9402,75
21,layer2.3.relu1,17658,False,46770,84927,45108,12825,26,613,10
21,layer2.3.conv2,1916397,False,4027726,8145499,4035108,90894,827,41543,13839
21,layer2.3.bn2,43033,False,100413,241616,99120,30322,103,3986,100
21,layer2.3.relu2,17817,False,47181,84807,45780,12806,32,757,8
21,layer2.3.conv3,848965,False,1790972,5302083,1793484,59130,167,47879,3858
21,layer2.3.bn3,172663,False,373387,710041,372624,70472,69,52451,173
21,layer2.3.add,157712,False,342358,310320,341376,31703,40,51525,27
21,layer2.3.relu3,77922,False,173720,235335,172620,31622,24,19235,23
21,layer3.0.conv1,1748027,False,3674828,10453832,3681468,98762,312,68601,7134
21,layer3.0.bn1,85016,False,188912,395326,187488,43177,71,22262,98
21,layer3.0.relu1,32204,False,77315,135128,75936,19104,36,3322,15
21,layer3.0.conv2,2220311,False,4666108,9205916,4674600,114673,1054,162458,44753
21,layer3.0.bn2,37580,False,89079,175613,87696,25519,126,5186,140
21,layer3.0.relu2,12022,False,34994,59719,33516,9670,26,492,8
21,layer3.0.conv3,969046,False,2042686,5933057,2045652,68205,168,45450,16585
21,layer3.0.bn3,91963,False,203439,444918,202356,51041,93,23774,322
21,layer3.0.downsample.0,2232384,False,4690792,10969393,4699632,135137,1114,223150,32877
21,layer3.0.downsample.1,81966,False,182617,448065,181524,51757,133,13008,330
21,layer3.0.add,67115,False,151320,172336,150192,19159,60,18342,60
21,layer3.0.relu3,34773,False,82416,134983,80892,19078,44,3749,22
21,layer3.1.conv1,1018231,False,2146035,5946423,2149224,67997,248,53557,13329
21,layer3.1.bn1,38466,False,90373,178731,88872,25770,102,5876,121
21,layer3.1.relu1,11432,False,33869,59744,32340,9677,32,482,10
21,layer3.1.conv2,2035763,False,4278329,8733464,4286100,109142,976,134449,35842
21,layer3.1.bn2,33757,False,80697,174929,79212,25374,90,1551,130
21,layer3.1.relu2,12326,False,35815,59851,34440,9692,32,498,17
21,layer3.1.conv3,977539,False,2060171,5946363,2063208,70345,174,46761,16231
21,layer3.1.bn3,90322,False,199808,444516,198660,50980,84,23228,305
21,layer3.1.add,67697,False,152416,172348,151200,19162,48,19176,38
21,layer3.1.relu3,32146,False,77158,134983,75684,19078,30,2682,11
21,layer3.2.conv1,1008319,False,2124550,5946031,2127720,67942,153,51563,13377
21,layer3.2.bn1,32897,False,78829,172079,77448,24734,49,5261,129
21,layer3.2.relu1,11991,False,34844,59731,33432,9673,31,461,7
21,layer3.2.conv2,2040349,False,4287893,8736785,4295844,109848,1054,134584,35995
21,layer3.2.bn2,32974,False,79205,174780,77616,25344,86,1537,121
21,layer3.2.relu2,15276,False,41964,66199,40320,10689,35,1076,31
21,layer3.2.conv3,967684,False,2039998,5933052,2042880,68157,93,46408,16139
21,layer3.2.bn3,92699,False,204850,444595,203700,50984,64,23772,289
21,layer3.2.add,66726,False,150472,172336,149184,19159,38,18582,36
21,layer3.2.relu3,30637,False,73855,134983,72408,19078,25,1813,10
21,layer3.3.conv1,1019963,False,2149047,5946608,2152248,68044,116,52049,13043
21,layer3.3.bn1,33374,False,79694,173561,78372,24975,68,5150,702
21,layer3.3.relu1,11774,False,34470,59719,33012,9670,28,504,9
21,layer3.3.conv2,2030114,False,4266773,8735089,4274508,109497,938,133867,37110
21,layer3.3.bn2,33282,False,79635,174921,78372,25376,111,1514,126
21,layer3.3.relu2,11532,False,33704,59901,32256,9706,35,568,20
21,layer3.3.conv3,965090,False,2034238,5933188,2037168,68201,114,45939,15974
21,layer3.3.bn3,91984,False,203960,444454,202608,50964,77,23867,269
21,layer3.3.add,67707,False,152306,172336,151116,19159,39,19324,33
21,layer3.3.relu3,32614,False,78445,134983,77028,19078,30,2628,15
21,layer3.4.conv1,1006318,False,2120495,5946522,2123520,68050,98,51447,13173
21,layer3.4.bn1,33106,False,79056,172079,77616,24734,63,5266,659
21,layer3.4.relu1,10731,False,32180,59719,30828,9670,28,480,7
21,layer3.4.conv2,2047958,False,4304422,8734954,4312224,109423,906,133557,40375
21,layer3.4.bn2,32742,False,78341,175002,76944,25396,97,1516,121
21,layer3.4.relu2,12264,False,35854,59839,34188,9689,31,530,15
21,layer3.4.conv3,968245,False,2040421,5932775,2043384,68139,106,46189,15766
21,layer3.4.bn3,91561,False,202302,444643,201264,50999,82,23737,293
21,layer3.4.add,67493,False,151770,172361,150612,19166,40,18964,31
21,layer3.4.relu3,32496,False,77917,134983,76524,19078,25,2759,10
21,layer3.5.conv1,1006429,False,2120589,5946513,2123772,68023,92,52350,12714
21,layer3.5.bn1,33443,False,79788,172213,78540,24755,52,5258,106
21,layer3.5.relu1,11266,False,33707,59719,32172,9670,19,454,10
21,layer3.5.conv2,2034325,False,4275486,8742952,4283328,110767,927,134619,36002
21,layer3.5.bn2,33805,False,80374,174937,78792,25377,106,1544,128
21,layer3.5.relu2,12309,False,35655,59851,33936,9692,30,510,12
21,layer3.5.conv3,968938,False,2042061,5932751,2045064,68122,101,46230,15891
21,layer3.5.bn3,89951,False,199316,444576,198072,50986,72,23424,321
21,layer3.5.add,67824,False,153096,172336,151704,19159,35,19112,39
21,layer3.5.relu3,32244,False,77236,134995,75936,19081,27,2608,19
21,layer4.0.conv1,1964467,False,4128847,11791146,4136496,121493,201,112761,30437
21,layer4.0.bn1,52179,False,119370,264072,118188,33709,74,9822,209
21,layer4.0.relu1,17475,False,46554,84819,45192,12809,26,722,8
21,layer4.0.conv2,3407254,False,7152305,11921740,7166796,160934,920,471442,149658
21,layer4.0.bn2,30446,False,73732,155682,72408,25011,121,3150,163
21,layer4.0.relu2,8454,False,27831,47261,26376,8109,31,540,19
21,layer4.0.conv3,1255283,False,2643010,8171837,2647344,52687,424,112746,47993
21,layer4.0.bn3,60110,False,135806,364764,134484,48938,76,12222,615
21,layer4.0.downsample.0,2894231,False,6077976,11975240,6089832,166202,1250,492832,127830
21,layer4.0.downsample.1,59056,False,133756,368074,132468,49668,140,3032,522
21,layer4.0.add,32349,False,77733,103476,76440,12909,72,7078,24
21,layer4.0.relu3,17318,False,46125,84807,44604,12806,54,553,23
21,layer4.1.conv1,1233655,False,2597507,8152410,2601564,52179,411,140853,47703
21,layer4.1.bn1,30016,False,72728,153122,71568,24434,84,3976,182
21,layer4.1.relu1,9611,False,30019,47153,28476,8093,44,490,8
21,layer4.1.conv2,3151911,False,6617307,11165350,6630456,156931,969,464396,147996
21,layer4.1.bn2,33014,False,78868,156300,77616,25136,131,1595,174
21,layer4.1.relu2,9695,False,30618,47490,28980,8148,49,554,15
21,layer4.1.conv3,1275732,False,2685346,8184317,2689764,54726,329,114965,49681
21,layer4.1.bn3,61930,False,140011,365038,138684,48997,76,12172,533
21,layer4.1.add,36194,False,85798,109852,84336,13890,63,7810,19
21,layer4.1.relu3,17199,False,46205,84807,44772,12806,27,414,10
21,layer4.2.conv1,1228822,False,2587571,8146831,2591568,51325,233,140243,49433
21,layer4.2.bn1,30567,False,73948,154869,72492,24726,79,3836,177
21,layer4.2.relu1,8729,False,28076,47153,26628,8093,18,489,12
21,layer4.2.conv2,3153612,False,6621225,11168672,6634404,157383,916,465131,147456
21,layer4.2.bn2,32485,False,77640,156172,76188,25104,105,1547,163
21,layer4.2.relu2,8999,False,28994,47141,27636,8090,21,542,22
21,layer4.2.conv3,1267963,False,2669089,8178101,2673384,53651,287,115732,48290
21,layer4.2.bn3,59664,False,135001,365047,133728,48994,68,12050,621
21,layer4.2.add,31971,False,76995,103476,75432,12909,46,7063,25
21,layer4.2.relu3,16810,False,44777,84807,43344,12806,25,383,15
21,avgpool,84699,False,187574,274442,186480,38803,978,3307,1719
21,flatten,8472,False,27586,34015,26040,6364,105,465,203
21,fc,506502,False,1073939,347446,1074612,43773,351,133254,127044
22,conv1,2173847,False,4568803,8687587,4577328,97177,1204,178535,15404
22,bn1,336312,False,718257,1291995,718368,117592,279,104568,1386
22,relu,175610,False,380132,436416,379512,56789,68,52174,100
22,maxpool,10399903,False,21803615,42901245,21855456,7870532,389561,93941,8151
22,layer1.0.conv1,267924,False,493189,1513289,572880,20118,344,27169,3287
22,layer1.0.bn1,89210,False,197197,385432,195972,41567,387,21376,710
22,layer1.0.relu1,33120,False,79319,134976,77952,19076,101,2208,40
22,layer1.0.conv2,1998582,False,4200907,8288017,4208736,95336,1889,60569,4280
22,layer1.0.bn2,77262,False,180301,395267,179088,43314,285,12441,133
22,layer1.0.relu2,34160,False,81401,135013,79968,19086,69,3150,31
22,layer1.0.conv3,862758,False,1819875,5282850,1822464,65415,323,66074,1797
22,layer1.0.bn3,320497,False,684209,1300406,684012,118720,392,101444,131
22,layer1.0.downsample.0,866626,False,1828158,5280752,1830780,65039,151,70188,4043
22,layer1.0.downsample.1,320572,False,684567,1297908,684516,118306,334,101381,760
22,layer1.0.add,319593,False,681723,591424,681576,57591,155,104308,470
22,layer1.0.relu3,175579,False,379897,436152,379260,56727,58,52062,21
22,layer1.1.conv1,810201,False,1709864,5646554,1712172,33773,230,62266,777
22,layer1.1.bn1,94138,False,207910,385835,206892,41655,148,26196,334
22,layer1.1.relu1,30647,False,74215,134976,72828,19076,32,2216,10
22,layer1.1.conv2,1971963,False,4144523,8264084,4152288,91130,1217,58816,2875
22,layer1.1.bn2,73769,False,165182,388694,163884,42301,221,11612,99
22,layer1.1.relu2,32389,False,77677,134976,76020,19076,39,3038,31
22,layer1.1.conv3,855925,False,1805667,5280864,1808100,65081,162,65535,1043
22,layer1.1.bn3,320029,False,683077,1297974,683004,118320,325,101458,466
22,layer1.1.add,318315,False,679918,592648,679896,57791,87,104001,218
22,layer1.1.relu3,174787,False,378122,436159,377328,56729,37,52056,9
22,layer1.2.conv1,810199,False,1709882,5647145,1712004,33881,137,62705,962
22,layer1.2.bn1,93217,False,206043,385873,205044,41666,143,26077,209
22,layer1.2.relu1,31172,False,75254,134983,73752,19078,26,2334,11
22,layer1.2.conv2,1965704,False,4131487,8263909,4139184,90986,923,54923,2753
22,layer1.2.bn2,69379,False,155898,388896,154560,42337,171,8740,151
22,layer1.2.relu2,31328,False,75593,134995,74172,19081,42,1709,19
22,layer1.2.conv3,852299,False,1798272,5280435,1800624,65024,143,65227,989
22,layer1.2.bn3,320014,False,682943,1297926,682836,118310,320,101626,1140
22,layer1.2.add,313555,False,677113,586325,669312,56801,55,102951,508
22,layer1.2.relu3,174583,False,377706,436159,376992,56729,32,52197,135
22,layer2.0.conv1,1593463,False,3351847,11226724,3357816,54588,228,127214,2145
22,layer2.0.bn1,174667,False,377796,689976,377076,67239,207,53878,57
22,layer2.0.relu1,79572,False,177086,235335,175896,31622,27,20133,44
22,layer2.0.conv2,2122634,False,4460978,8560351,4469472,99323,1145,150453,9304
22,layer2.0.bn2,44455,False,103481,242759,102144,30482,138,2073,60
22,layer2.0.relu2,18181,False,47827,84819,46452,12809,36,510,8
22,layer2.0.conv3,849356,False,1791647,5301711,1793988,59046,264,42258,4640
22,layer2.0.bn3,169941,False,368028,709615,367332,70400,114,51916,186
22,layer2.0.downsample.0,2303273,False,4846872,11209867,4848900,153792,1067,258701,11963
22,layer2.0.downsample.1,177459,False,384458,713479,383628,71225,126,53101,381
22,layer2.0.add,160405,False,347974,310332,347088,31706,83,51981,60
22,layer2.0.relu3,80977,False,180148,235347,179172,31625,50,20133,50
22,layer2.1.conv1,822300,False,1734891,5704050,1737204,34457,275,38528,3111
22,layer2.1.bn1,48768,False,112239,238498,110712,29622,78,10206,58
22,layer2.1.relu1,18626,False,48958,84927,47460,12825,29,852,9
22,layer2.1.conv2,1924273,False,4044360,8150738,4051572,91857,1070,43031,8568
22,layer2.1.bn2,44718,False,103969,241105,102648,30196,112,3878,93
22,layer2.1.relu2,18268,False,55413,90534,53760,13691,68,1164,18
22,layer2.1.conv3,842532,False,1777677,5295458,1780128,58062,164,44536,4010
22,layer2.1.bn3,174882,False,378315,715898,377496,71377,91,53118,171
22,layer2.1.add,158452,False,344115,310320,343392,31703,50,51119,27
22,layer2.1.relu3,78577,False,174869,235347,173628,31625,35,19385,31
22,layer2.2.conv1,816596,False,1722541,5704443,1724772,34545,202,36971,3041
22,layer2.2.bn1,48612,False,111856,238428,110544,29608,74,10272,52
22,layer2.2.relu1,17835,False,46979,84927,45360,12825,28,745,11
22,layer2.2.conv2,1926259,False,4048868,8158312,4056276,92948,946,42864,8472
22,layer2.2.bn2,44242,False,102610,241242,101388,30230,95,3922,75
22,layer2.2.relu2,18136,False,47710,84807,46116,12806,35,770,11
22,layer2.2.conv3,848329,False,1789360,5301317,1791720,58959,165,47517,3984
22,layer2.2.bn3,171970,False,372410,709993,371616,70468,97,52340,166
22,layer2.2.add,158126,False,343029,310320,342300,31703,39,51782,20
22,layer2.2.relu3,83034,False,184305,241606,183204,32590,46,20161,10
22,layer2.3.conv1,812104,False,1713605,5697853,1715700,33511,157,35102,3236
22,layer2.3.bn1,47963,False,110443,238562,108948,29629,59,9458,72
22,layer2.3.relu1,21043,False,53859,90902,52332,13749,27,1356,9
22,layer2.3.conv2,1910755,False,4015992,8140999,4023096,90334,851,41444,11298
22,layer2.3.bn2,43605,False,108225,248009,106932,31300,127,4441,92
22,layer2.3.relu2,17607,False,47070,84807,45528,12806,36,730,10
22,layer2.3.conv3,842763,False,1778315,5295564,1780464,58091,157,46702,3755
22,layer2.3.bn3,173553,False,375492,710247,374892,70509,91,52630,153
22,layer2.3.add,158054,False,342897,310320,342300,31703,39,51590,12
22,layer2.3.relu3,78734,False,175553,235335,174468,31622,24,19464,35
22,layer3.0.conv1,1740683,False,3659414,10451664,3665844,98450,263,68067,6305
22,layer3.0.bn1,85589,False,189805,395326,188580,43177,68,22038,70
22,layer3.0.relu1,32999,False,78833,135128,77364,19104,29,3400,11
22,layer3.0.conv2,2183138,False,4587843,9198298,4596312,113427,1100,157178,35412
22,layer3.0.bn2,36741,False,86906,174823,85344,25350,128,5248,121
22,layer3.0.relu2,11874,False,34257,59719,33012,9670,26,482,5
22,layer3.0.conv3,967678,False,2039179,5933286,2042208,68207,166,46044,15951
22,layer3.0.bn3,96509,False,212765,450613,211764,51911,102,24588,319
22,layer3.0.downsample.0,2212217,False,4648356,10955827,4657044,132867,916,221604,31664
22,layer3.0.downsample.1,82036,False,182714,447902,181692,51722,125,13059,292
22,layer3.0.add,65857,False,148562,172336,147420,19159,50,17948,38
22,layer3.0.relu3,33860,False,80709,134983,79128,19078,37,3790,14
22,layer3.1.conv1,1021584,False,2152648,5946678,2155776,68056,257,53456,10978
22,layer3.1.bn1,33528,False,79926,172213,78540,24755,68,5342,116
22,layer3.1.relu1,11545,False,33864,61092,32256,9897,39,474,8
22,layer3.1.conv2,2033648,False,4273688,8734826,4281648,109417,1021,134648,35179
22,layer3.1.bn2,32904,False,78698,174718,77280,25331,83,1520,126
22,layer3.1.relu2,11906,False,41500,66159,39900,10689,37,483,10
22,layer3.1.conv3,976759,False,2058741,5945942,2061612,70279,147,46443,15683
22,layer3.1.bn3,89931,False,199097,444395,197988,50944,72,23287,277
22,layer3.1.add,67393,False,151648,172348,150360,19162,39,19012,40
22,layer3.1.relu3,31580,False,75750,135063,74508,19098,27,2565,11
22,layer3.2.conv1,1008918,False,2126104,5946307,2129400,67985,147,52763,11638
22,layer3.2.bn1,33375,False,79450,171999,78036,24714,43,5327,122
22,layer3.2.relu1,11466,False,33730,59811,32088,9693,28,497,5
22,layer3.2.conv2,2032756,False,4271920,8734364,4279884,109401,794,134131,35446
22,layer3.2.bn2,32792,False,78462,174530,77028,25279,98,1547,112
22,layer3.2.relu2,11602,False,33948,59919,32592,9709,34,501,8
22,layer3.2.conv3,969197,False,2043050,5933052,2045988,68170,130,46766,15785
22,layer3.2.bn3,92409,False,204115,444575,202860,50973,66,23665,258
22,layer3.2.add,70730,False,158675,178311,157584,20083,41,19161,19
22,layer3.2.relu3,31248,False,75205,135063,73752,19098,28,1912,11
22,layer3.3.conv1,1020432,False,2149494,5946532,2152500,68027,102,51740,11283
22,layer3.3.bn1,32588,False,77921,172133,76776,24735,42,5260,342
22,layer3.3.relu1,11625,False,33974,59799,32424,9690,19,491,4
22,layer3.3.conv2,2039117,False,4286239,8737288,4294248,109894,1014,134308,36495
22,layer3.3.bn2,32854,False,78646,174668,77364,25318,90,1563,121
22,layer3.3.relu2,12723,False,36443,59981,35112,9726,38,522,11
22,layer3.3.conv3,970789,False,2045862,5932455,2048844,68071,114,46303,15848
22,layer3.3.bn3,92004,False,203304,444373,202188,50939,80,24049,287
22,layer3.3.add,67596,False,152134,172336,150864,19159,37,19166,28
22,layer3.3.relu3,31523,False,75995,135063,74592,19098,22,2440,13
22,layer3.4.conv1,1004280,False,2115833,5946443,2119068,68020,118,52320,11958
22,layer3.4.bn1,32909,False,78796,171999,77532,24714,33,5346,340
22,layer3.4.relu1,11092,False,32802,59799,30996,9690,20,486,8
22,layer3.4.conv2,2050941,False,4310624,8736240,4318692,109716,781,133659,41570
22,layer3.4.bn2,33331,False,79771,174894,78372,25365,97,1628,121
22,layer3.4.relu2,11128,False,33169,59919,31416,9709,23,521,15
22,layer3.4.conv3,970088,False,2044156,5933113,2047080,68183,112,46259,15669
22,layer3.4.bn3,91974,False,203396,444501,202356,50956,62,23991,304
22,layer3.4.add,67312,False,151821,172361,150528,19166,40,18948,31
22,layer3.4.relu3,31721,False,76185,135063,74844,19098,17,2801,12
22,layer3.5.conv1,1005318,False,2118113,5946140,2121336,67972,99,52804,11001
22,layer3.5.bn1,32731,False,78397,172133,76776,24735,36,5389,101
22,layer3.5.relu1,11304,False,33671,59799,32004,9690,18,505,9
22,layer3.5.conv2,2037823,False,4282640,8736727,4290552,109855,1005,134816,35831
22,layer3.5.bn2,33715,False,80615,174871,79296,25363,102,1723,119
22,layer3.5.relu2,12229,False,35490,59931,34020,9712,35,547,20
22,layer3.5.conv3,968887,False,2041928,5932692,2044980,68114,109,46084,15747
22,layer3.5.bn3,92501,False,204740,450681,203700,51917,78,24326,310
22,layer3.5.add,66848,False,150633,172336,149184,19159,34,18890,26
22,layer3.5.relu3,31559,False,75907,135075,74508,19101,22,2775,16
22,layer4.0.conv1,1960274,False,4119380,11791075,4126752,121498,207,114281,27875
22,layer4.0.bn1,51122,False,117190,263808,115920,33656,64,10037,202
22,layer4.0.relu1,17166,False,45737,84899,44352,12829,26,683,6
22,layer4.0.conv2,3405903,False,7149669,11914695,7163856,159802,888,470903,148131
22,layer4.0.bn2,31833,False,76547,157440,75096,25313,133,3216,159
22,layer4.0.relu2,8800,False,28101,47261,26544,8109,27,550,14
22,layer4.0.conv3,1257066,False,2653774,8189108,2650704,54350,466,113449,41872
22,layer4.0.bn3,60907,False,137394,364783,135996,48943,86,12141,552
22,layer4.0.downsample.0,2883490,False,6054949,11979584,6066816,167082,1119,493131,126576
22,layer4.0.downsample.1,58729,False,132958,368183,131628,49693,117,2885,482
22,layer4.0.add,31858,False,76778,103476,75348,12909,46,7168,40
22,layer4.0.relu3,17781,False,47009,84807,45612,12806,38,548,17
22,layer4.1.conv1,1226297,False,2582407,8145963,2586696,51187,427,141341,39293
22,layer4.1.bn1,30701,False,73940,153365,72492,24483,103,3913,174
22,layer4.1.relu1,8365,False,27285,47153,25788,8093,26,472,10
22,layer4.1.conv2,3149707,False,6612764,11171391,6625752,157730,844,464916,147145
22,layer4.1.bn2,31685,False,76047,156065,74340,25099,97,1597,167
22,layer4.1.relu2,8423,False,27532,47153,25956,8093,23,482,11
22,layer4.1.conv3,1251153,False,2633797,8171617,2638020,52636,294,114714,42017
22,layer4.1.bn3,61634,False,138732,364968,137340,48976,73,12132,510
22,layer4.1.add,31975,False,76905,103464,75432,12906,40,7018,17
22,layer4.1.relu3,17583,False,46472,84807,44940,12806,29,359,8
22,layer4.2.conv1,1226474,False,2582426,8152428,2586612,52198,221,140148,40483
22,layer4.2.bn1,29169,False,70924,153085,69552,24434,67,4085,187
22,layer4.2.relu1,8270,False,26874,47153,25200,8093,17,481,10
22,layer4.2.conv2,3191147,False,6638678,11173079,6651792,158357,1231,466053,146736
22,layer4.2.bn2,33692,False,80424,156110,79044,25101,130,1616,191
22,layer4.2.relu2,9163,False,29169,47478,27720,8145,36,647,45
22,layer4.2.conv3,1260192,False,2653896,8174924,2658096,53150,444,116718,41295
22,layer4.2.bn3,60403,False,136415,364960,135156,48974,81,12008,614
22,layer4.2.add,36337,False,85827,109407,84336,13828,88,7853,39
22,layer4.2.relu3,17100,False,45501,84807,44016,12806,29,366,14
22,avgpool,85511,False,189574,274389,188412,38792,978,3447,1555
22,flatten,9021,False,28406,34015,26964,6364,102,460,191
22,fc,501412,False,1063478,341392,1064196,42841,344,132349,126829
23,conv1,2180943,False,4584038,8694991,4592532,98267,1315,179608,18985
23,bn1,335879,False,717256,1292483,717276,117702,265,104516,2524
23,relu,174882,False,378498,436416,377664,56789,64,52190,182
23,maxpool,10228542,False,21445134,42900125,21494256,7870667,376025,93384,9743
23,layer1.0.conv1,250704,False,500802,1519228,542556,21035,385,27175,3947
23,layer1.0.bn1,87997,False,195229,385525,193956,41588,360,21001,1360
23,layer1.0.relu1,32896,False,78499,134983,77196,19078,87,2260,69
23,layer1.0.conv2,1984425,False,4171276,8267345,4179084,91741,1732,59629,6141
23,layer1.0.bn2,78110,False,174591,391115,173628,42708,286,12507,207
23,layer1.0.relu2,34240,False,81583,135020,80220,19088,57,3092,29
23,layer1.0.conv3,862019,False,1818241,5280881,1820700,65076,318,66236,2774
23,layer1.0.bn3,319167,False,681637,1298025,681492,118334,366,101340,459
23,layer1.0.downsample.0,864016,False,1823213,5274110,1825656,64022,141,69372,3954
23,layer1.0.downsample.1,324679,False,692644,1304969,692664,119389,339,102133,2925
23,layer1.0.add,315821,False,673911,586288,673680,56791,124,103326,1492
23,layer1.0.relu3,173677,False,375740,436159,374808,56729,50,52011,20
23,layer1.1.conv1,809954,False,1708832,5645931,1711080,33680,219,62365,906
23,layer1.1.bn1,95214,False,210533,385842,209496,41657,154,26116,845
23,layer1.1.relu1,31005,False,74688,134983,73332,19078,31,2425,29
23,layer1.1.conv2,1972025,False,4144511,8269372,4152036,92145,1266,59138,3749
23,layer1.1.bn2,78405,False,175344,395707,174048,43402,193,12420,176
23,layer1.1.relu2,32796,False,78389,136331,77112,19298,48,3043,21
23,layer1.1.conv3,856684,False,1807175,5280780,1809528,65055,212,65538,1290
23,layer1.1.bn3,320340,False,684231,1297942,684012,118313,331,101505,1535
23,layer1.1.add,314801,False,671802,586288,671580,56791,61,103029,911
23,layer1.1.relu3,175181,False,379324,436462,378672,56803,56,52153,656
23,layer1.2.conv1,803713,False,1696667,5640707,1698732,32919,142,61980,1122
23,layer1.2.bn1,95253,False,210245,385793,208992,41646,169,26092,449
23,layer1.2.relu1,32496,False,78053,135063,76776,19098,39,2900,33
23,layer1.2.conv2,1969938,False,4140026,8265644,4147500,91328,1116,55085,2688
23,layer1.2.bn2,69225,False,155843,388473,154644,42235,195,9037,167
23,layer1.2.relu2,31797,False,76280,135075,74844,19101,41,1975,20
23,layer1.2.conv3,853884,False,1801507,5280951,1803900,65087,223,65308,1113
23,layer1.2.bn3,325230,False,694279,1297816,694260,118283,324,101427,12890
23,layer1.2.add,317683,False,678324,586325,678384,56801,58,103143,6670
23,layer1.2.relu3,178130,False,385540,442545,384636,57724,49,53121,255
23,layer2.0.conv1,1591981,False,3348893,11221735,3354708,53811,236,126754,2465
23,layer2.0.bn1,179257,False,387403,695988,386652,68162,207,54522,223
23,layer2.0.relu1,80271,False,178895,235415,177912,31642,32,20795,70
23,layer2.0.conv2,2124928,False,4465307,8560780,4473672,99439,1260,151403,11279
23,layer2.0.bn2,44602,False,103547,241348,101976,30250,157,2224,129
23,layer2.0.relu2,18413,False,48146,84899,46620,12829,52,528,15
23,layer2.0.conv3,851739,False,1796536,5302170,1798944,59103,298,42235,8384
23,layer2.0.bn3,170777,False,369707,709662,369012,70402,116,51847,215
23,layer2.0.downsample.0,2319248,False,4873042,11213984,4882332,154533,1350,259463,19413
23,layer2.0.downsample.1,182345,False,394347,720357,393624,72296,135,53851,1233
23,layer2.0.add,160734,False,348888,310332,348096,31706,74,51970,408
23,layer2.0.relu3,79609,False,177264,235427,176232,31645,56,19984,47
23,layer2.1.conv1,827299,False,1745127,5705640,1747536,34718,289,39557,4795
23,layer2.1.bn1,48664,False,111819,238428,110376,29602,100,10303,152
23,layer2.1.relu1,17924,False,47682,85007,46284,12845,38,786,12
23,layer2.1.conv2,1918682,False,4032641,8149021,4039980,91719,1044,41553,9543
23,layer2.1.bn2,44380,False,102923,240967,101472,30167,106,3926,110
23,layer2.1.relu2,18317,False,48036,84912,46452,12833,41,568,12
23,layer2.1.conv3,849289,False,1791534,5301424,1793652,58969,179,45208,7240
23,layer2.1.bn3,172370,False,372573,709766,371952,70425,84,52000,203
23,layer2.1.add,157858,False,342357,310320,341292,31703,38,50989,26
23,layer2.1.relu3,82530,False,183233,241815,182112,32629,44,20905,69
23,layer2.2.conv1,815669,False,1721212,5698053,1723512,33560,205,36393,4172
23,layer2.2.bn1,52551,False,120338,244382,119028,30520,78,11089,76
23,layer2.2.relu1,17855,False,47175,85007,45696,12845,29,815,17
23,layer2.2.conv2,1913723,False,4022367,8148535,4029564,91522,890,41847,9276
23,layer2.2.bn2,42637,False,99349,241125,97860,30203,109,3956,106
23,layer2.2.relu2,18394,False,48487,84887,47040,12826,34,730,9
23,layer2.2.conv3,849166,False,1791391,5301991,1793904,59054,167,47519,6946
23,layer2.2.bn3,171028,False,370090,709553,369264,70383,70,52315,216
23,layer2.2.add,159049,False,345172,310320,344232,31703,38,51791,28
23,layer2.2.relu3,78350,False,174140,235415,172788,31642,38,19354,47
23,layer2.3.conv1,829396,False,1749460,5708190,1751736,35112,292,38082,4232
23,layer2.3.bn1,48144,False,110895,238482,109620,29609,49,9372,103
23,layer2.3.relu1,17159,False,45558,85007,44100,12845,23,609,12
23,layer2.3.conv2,1922312,False,4040107,8145662,4047456,90933,891,41547,16201
23,layer2.3.bn2,42115,False,98186,241221,97020,30226,83,3821,113
23,layer2.3.relu2,18286,False,47984,86235,46620,13046,35,666,9
23,layer2.3.conv3,848406,False,1789376,5302030,1791888,59068,152,47636,4084
23,layer2.3.bn3,172607,False,373586,709922,372876,70442,44,52327,197
23,layer2.3.add,163001,False,353521,316765,352632,32698,51,52644,34
23,layer2.3.relu3,78584,False,175359,235415,174300,31642,25,19720,34
23,layer3.0.conv1,1727929,False,3632452,10445307,3638880,97455,283,67320,8688
23,layer3.0.bn1,89335,False,197662,401408,196308,44108,85,22699,141
23,layer3.0.relu1,32957,False,78818,135208,77448,19124,27,3154,19
23,layer3.0.conv2,2195273,False,4612449,9197919,4621260,113436,905,161987,38386
23,layer3.0.bn2,36858,False,86800,174977,85596,25379,102,5054,143
23,layer3.0.relu2,11719,False,34103,59799,32508,9690,34,475,8
23,layer3.0.conv3,969092,False,2042309,5932615,2045148,68109,138,45914,17880
23,layer3.0.bn3,93027,False,205537,444484,204372,50959,101,23701,339
23,layer3.0.downsample.0,2232314,False,4691145,10971590,4700052,135606,1026,222307,34722
23,layer3.0.downsample.1,81038,False,188341,453938,187236,52650,153,14168,365
23,layer3.0.add,66852,False,151010,172336,149688,19159,45,18342,81
23,layer3.0.relu3,34172,False,81236,135063,79716,19098,40,3815,36
23,layer3.1.conv1,1054899,False,2170930,5953952,2174088,69309,443,53656,18195
23,layer3.1.bn1,34720,False,82585,172173,81312,24742,72,5381,142
23,layer3.1.relu1,12274,False,35559,59824,34020,9697,31,509,16
23,layer3.1.conv2,2038372,False,4283893,8732760,4291896,109075,1094,134307,36947
23,layer3.1.bn2,33016,False,78985,174769,77532,25340,94,1537,131
23,layer3.1.relu2,11945,False,34718,59931,33180,9712,26,548,19
23,layer3.1.conv3,973696,False,2052182,5933003,2055060,68154,133,46372,17080
23,layer3.1.bn3,90562,False,200104,444366,198912,50937,64,23249,316
23,layer3.1.add,68207,False,153346,172348,152040,19162,40,19224,53
23,layer3.1.relu3,31936,False,76634,135063,75096,19098,27,2781,16
23,layer3.2.conv1,1014783,False,2138005,5946174,2140992,67971,146,50371,16934
23,layer3.2.bn1,33410,False,79766,171999,78288,24714,51,5241,136
23,layer3.2.relu1,11596,False,33889,59811,32340,9693,26,456,4
23,layer3.2.conv2,2038423,False,4283784,8735157,4291728,109470,1014,134322,36960
23,layer3.2.bn2,33165,False,79354,174745,78036,25334,90,1529,135
23,layer3.2.relu2,11715,False,34489,59919,33096,9709,34,523,29
23,layer3.2.conv3,967440,False,2039125,5932842,2041788,68142,111,46708,16759
23,layer3.2.bn3,92024,False,203415,444711,202104,51001,66,23781,348
23,layer3.2.add,66782,False,150454,172336,149268,19159,36,18597,46
23,layer3.2.relu3,30698,False,74063,135063,72576,19098,30,1897,20
23,layer3.3.conv1,1027398,False,2164493,5946851,2167872,68095,109,51432,16688
23,layer3.3.bn1,32819,False,78793,172133,77448,24735,41,5199,831
23,layer3.3.relu1,11326,False,33454,59799,31920,9690,17,502,14
23,layer3.3.conv2,2031946,False,4277786,8742210,4285680,110562,814,134671,38183
23,layer3.3.bn2,33364,False,79632,175002,78204,25398,87,1537,135
23,layer3.3.relu2,11783,False,34163,59981,32676,9726,34,487,21
23,layer3.3.conv3,970495,False,2045490,5933262,2048508,68194,114,46110,16610
23,layer3.3.bn3,92056,False,203386,444416,202356,50951,65,24191,346
23,layer3.3.add,68308,False,153588,172336,152376,19159,34,19243,43
23,layer3.3.relu3,30848,False,74345,135063,72744,19098,20,2302,28
23,layer3.4.conv1,1014496,False,2137716,5946257,2140824,67994,111,51367,16454
23,layer3.4.bn1,33077,False,78860,171999,77448,24714,47,5365,777
23,layer3.4.relu1,11431,False,33525,59799,32088,9690,17,505,13
23,layer3.4.conv2,2063645,False,4336857,8734544,4344816,109275,915,134083,49899
23,layer3.4.bn2,34385,False,81636,174685,80220,25321,115,1586,153
23,layer3.4.relu2,12158,False,35193,61267,33768,9929,36,491,14
23,layer3.4.conv3,966883,False,2037783,5932459,2040696,68069,89,45788,16361
23,layer3.4.bn3,94886,False,209518,451139,208572,51995,92,24897,372
23,layer3.4.add,68383,False,153544,172361,152208,19166,43,19117,46
23,layer3.4.relu3,32046,False,76883,135063,75348,19098,22,2829,26
23,layer3.5.conv1,1018604,False,2145989,5946169,2149140,67973,104,51418,15392
23,layer3.5.bn1,33320,False,79571,172133,78036,24735,52,5297,112
23,layer3.5.relu1,10879,False,32561,59799,31080,9690,14,468,11
23,layer3.5.conv2,2030175,False,4266544,8734412,4274340,109315,714,134467,36693
23,layer3.5.bn2,33224,False,79302,174713,78036,25323,74,1546,123
23,layer3.5.relu2,12569,False,36176,59931,34692,9712,27,509,20
23,layer3.5.conv3,968670,False,2041334,5932699,2044140,68111,106,46147,16128
23,layer3.5.bn3,89530,False,198028,444771,196980,51013,77,23386,344
23,layer3.5.add,67611,False,152250,172336,150948,19159,31,19238,59
23,layer3.5.relu3,31809,False,76433,135075,75180,19101,27,2671,32
23,layer4.0.conv1,1966557,False,4140161,11790689,4140864,120650,188,110194,36505
23,layer4.0.bn1,51008,False,116828,263747,115248,33642,67,9891,227
23,layer4.0.relu1,17893,False,47358,84899,45864,12829,27,627,9
23,layer4.0.conv2,3425467,False,7190704,11919198,7204848,160674,981,471101,159370
23,layer4.0.bn2,30853,False,74324,156179,73080,25097,119,3181,175
23,layer4.0.relu2,8514,False,27713,47341,26208,8129,22,554,29
23,layer4.0.conv3,1289283,False,2713814,8178389,2718156,53701,402,113743,64156
23,layer4.0.bn3,60203,False,135875,364635,134652,48925,84,12227,726
23,layer4.0.downsample.0,2894597,False,6078414,11983534,6090084,167901,1153,493484,136247
23,layer4.0.downsample.1,58759,False,132956,368250,131544,49718,122,2817,686
23,layer4.0.add,32003,False,77137,103476,75768,12909,42,7110,44
23,layer4.0.relu3,17640,False,46563,84887,45024,12826,36,550,19
23,layer4.1.conv1,1241410,False,2613749,8146251,2618112,51242,406,140056,75376
23,layer4.1.bn1,30150,False,73044,153451,71568,24489,81,4052,211
23,layer4.1.relu1,9145,False,28712,47233,27132,8113,25,496,9
23,layer4.1.conv2,3165985,False,6646777,11164121,6659940,156673,879,464365,154826
23,layer4.1.bn2,36388,False,85959,162280,84336,26051,110,2181,177
23,layer4.1.relu2,8761,False,28153,47233,26544,8113,22,565,37
23,layer4.1.conv3,1288690,False,2713315,8172398,2717736,52748,342,115052,66405
23,layer4.1.bn3,60726,False,137102,364743,136080,48944,65,12064,628
23,layer4.1.add,31617,False,75838,103464,74508,12906,35,7033,24
23,layer4.1.relu3,17443,False,45802,84887,44436,12826,27,373,7
23,layer4.2.conv1,1242577,False,2615922,8146890,2620128,51339,220,140909,77231
23,layer4.2.bn1,33415,False,79612,159131,78120,25357,83,4486,200
23,layer4.2.relu1,8499,False,27331,47233,25872,8113,15,493,13
23,layer4.2.conv2,3162801,False,6640750,11164568,6653808,156705,778,464593,153824
23,layer4.2.bn2,32519,False,77703,155993,76440,25061,122,1607,183
23,layer4.2.relu2,9331,False,29379,47221,27888,8110,31,530,34
23,layer4.2.conv3,1286907,False,2709169,8171079,2713536,52552,248,114641,67215
23,layer4.2.bn3,60512,False,136662,364773,135324,48950,92,12097,681
23,layer4.2.add,31082,False,74736,103476,73248,12909,33,7043,26
23,layer4.2.relu3,17025,False,45487,84887,43932,12826,26,412,41
23,avgpool,92525,False,204223,279934,203196,39637,995,3854,2019
23,flatten,9258,False,29212,34015,27804,6364,107,436,253
23,fc,502282,False,1065237,341309,1066128,42820,339,132247,128145
24,conv1,2192885,False,4609695,8694191,4618488,98414,1673,179528,18882
24,bn1,337689,False,728186,1298214,728280,118561,304,105104,1776
24,relu,175344,False,379792,437844,378924,57029,75,52218,161
24,maxpool,10300688,False,21595111,42901353,21646464,7870636,383898,93140,9579
24,layer1.0.conv1,253852,False,504910,1521742,543312,21458,364,27527,4122
24,layer1.0.bn1,89118,False,197762,387976,196812,41986,387,21034,669
24,layer1.0.relu1,34021,False,81032,135393,79548,19151,93,2306,44
24,layer1.0.conv2,1987676,False,4177559,8263005,4185384,90887,1776,59998,4422
24,layer1.0.bn2,76241,False,170198,388221,169092,42208,277,11621,139
24,layer1.0.relu2,33313,False,79786,135093,78288,19106,64,3024,26
24,layer1.0.conv3,859083,False,1812440,5280810,1814904,65061,314,65969,1821
24,layer1.0.bn3,317867,False,678584,1297908,678468,118301,350,101348,206
24,layer1.0.downsample.0,865145,False,1833723,5279328,1836072,64851,246,70109,4580
24,layer1.0.downsample.1,321916,False,687470,1303053,687456,119117,332,101950,1686
24,layer1.0.add,315188,False,672617,586281,672588,56789,125,103202,1190
24,layer1.0.relu3,174223,False,377316,436232,376404,56747,55,52231,47
24,layer1.1.conv1,809669,False,1708773,5645618,1710996,33634,191,62708,875
24,layer1.1.bn1,95045,False,209667,385755,208572,41635,151,26303,396
24,layer1.1.relu1,31338,False,75671,135056,74340,19096,38,2329,19
24,layer1.1.conv2,1975681,False,4152974,8266250,4160604,91540,1322,59415,3114
24,layer1.1.bn2,75653,False,169334,394950,168084,43254,209,12576,128
24,layer1.1.relu2,32959,False,78774,135056,77280,19096,43,3117,16
24,layer1.1.conv3,855146,False,1803962,5280632,1806420,65052,295,65556,1109
24,layer1.1.bn3,319610,False,682203,1297934,682164,118311,325,101558,1131
24,layer1.1.add,314573,False,671716,586281,671580,56789,60,103036,717
24,layer1.1.relu3,174540,False,377387,436232,376488,56747,38,52116,33
24,layer1.2.conv1,805711,False,1708759,5646820,1710912,33828,200,63014,1015
24,layer1.2.bn1,94076,False,207629,385786,206724,41644,145,25964,213
24,layer1.2.relu1,35123,False,83632,141480,82236,20087,44,3113,16
24,layer1.2.conv2,1962727,False,4125122,8265251,4132800,91361,1028,54562,2823
24,layer1.2.bn2,70319,False,157828,388613,156408,42271,195,8953,145
24,layer1.2.relu2,30597,False,74064,135068,72744,19099,30,1766,30
24,layer1.2.conv3,860534,False,1815752,5293941,1818180,67222,328,65766,1071
24,layer1.2.bn3,319288,False,681734,1297910,681660,118306,324,101657,1486
24,layer1.2.add,313421,False,668859,586318,668808,56799,50,102974,831
24,layer1.2.relu3,177893,False,385345,442317,384636,57689,38,53205,158
24,layer2.0.conv1,1590025,False,3344547,11220704,3350424,53660,272,126498,2183
24,layer2.0.bn1,174745,False,377700,689889,376740,67217,198,53863,126
24,layer2.0.relu1,82360,False,182997,241796,181692,32624,37,21244,39
24,layer2.0.conv2,2122093,False,4459589,8560107,4467792,99222,1075,151755,9640
24,layer2.0.bn2,43845,False,101996,241409,100716,30257,122,2269,77
24,layer2.0.relu2,17788,False,47393,84892,46032,12827,34,542,21
24,layer2.0.conv3,850194,False,1793713,5302593,1796088,59171,230,41983,4769
24,layer2.0.bn3,169865,False,368352,709821,367416,70426,85,51998,197
24,layer2.0.downsample.0,2303014,False,4839156,11211949,4848144,154237,1148,258532,12939
24,layer2.0.downsample.1,180921,False,390965,719487,390264,72151,132,54092,371
24,layer2.0.add,159956,False,346868,310325,346164,31704,52,51858,73
24,layer2.0.relu3,80233,False,178347,235420,177240,31643,46,19974,36
24,layer2.1.conv1,823857,False,1738082,5703766,1740228,34421,301,38646,3594
24,layer2.1.bn1,48954,False,112908,238402,111636,29604,87,10289,69
24,layer2.1.relu1,18244,False,47967,85000,46368,12843,39,840,7
24,layer2.1.conv2,1917240,False,4029433,8147015,4036452,91313,936,41589,9063
24,layer2.1.bn2,44016,False,102193,241221,100800,30228,98,3872,95
24,layer2.1.relu2,18328,False,47920,84905,46452,12831,42,593,11
24,layer2.1.conv3,858659,False,1811178,5307462,1813644,59922,299,46712,4380
24,layer2.1.bn3,172368,False,373361,710096,372708,70483,103,52222,159
24,layer2.1.add,158041,False,343098,310320,342216,31703,48,51087,25
24,layer2.1.relu3,77559,False,172741,235347,171528,31625,28,19163,49
24,layer2.2.conv1,814820,False,1728609,5704498,1730820,34561,237,37229,3463
24,layer2.2.bn1,48514,False,111611,238348,110292,29588,61,10243,64
24,layer2.2.relu1,18377,False,48524,84927,47040,12825,27,778,8
24,layer2.2.conv2,1913359,False,4029567,8150776,4036788,91970,995,41853,9014
24,layer2.2.bn2,48112,False,110596,247315,109116,31169,124,4286,99
24,layer2.2.relu2,17926,False,47229,84807,45696,12806,31,728,10
24,layer2.2.conv3,844362,False,1781461,5295422,1783740,58055,184,46766,4146
24,layer2.2.bn3,171886,False,379972,716333,379008,71432,96,52379,184
24,layer2.2.add,158643,False,344110,310320,343392,31703,50,51746,11
24,layer2.2.relu3,78188,False,174047,235335,172788,31622,33,19319,26
24,layer2.3.conv1,819596,False,1728910,5703967,1731072,34461,182,35902,3727
24,layer2.3.bn1,48176,False,110806,238482,109452,29609,56,9250,81
24,layer2.3.relu1,17567,False,46642,84927,45108,12825,31,679,11
24,layer2.3.conv2,1920966,False,4037484,8150384,4044600,91973,1105,41853,14088
24,layer2.3.bn2,43180,False,100405,241535,98952,30301,103,3855,104
24,layer2.3.relu2,17851,False,46805,84807,45360,12806,31,758,6
24,layer2.3.conv3,849416,False,1791677,5301638,1794072,59036,168,47575,4073
24,layer2.3.bn3,172997,False,374334,709711,373464,70412,74,52392,192
24,layer2.3.add,158693,False,344141,310320,343140,31703,48,51618,23
24,layer2.3.relu3,89276,False,197740,254482,196392,34714,84,20967,62
24,layer3.0.conv1,1739435,False,3656682,10445746,3663240,97523,287,67784,7195
24,layer3.0.bn1,85220,False,189062,395374,187908,43176,67,22034,126
24,layer3.0.relu1,32650,False,78182,135128,76776,19104,30,3424,18
24,layer3.0.conv2,2192951,False,4608239,9197787,4616976,113339,1172,162007,36177
24,layer3.0.bn2,35815,False,84665,174792,83244,25331,76,4987,128
24,layer3.0.relu2,12062,False,34920,59719,33264,9670,28,512,8
24,layer3.0.conv3,969408,False,2043028,5932695,2046072,68129,177,46310,16428
24,layer3.0.bn3,92163,False,203857,444672,202692,50990,81,23775,330
24,layer3.0.downsample.0,2216141,False,4656817,10959204,4665528,133554,1005,222256,32614
24,layer3.0.downsample.1,81448,False,181199,448118,180012,51761,126,12917,351
24,layer3.0.add,66685,False,150280,172336,148932,19159,49,18263,51
24,layer3.0.relu3,34244,False,81580,134983,80220,19078,37,3745,15
24,layer3.1.conv1,1020936,False,2151166,5946471,2154348,68012,264,53062,13630
24,layer3.1.bn1,33377,False,79530,172173,78120,24742,70,5310,130
24,layer3.1.relu1,11810,False,34401,59744,32844,9677,37,499,11
24,layer3.1.conv2,2037836,False,4283055,8733415,4290636,109220,1069,134408,36291
24,layer3.1.bn2,33210,False,79225,174690,77784,25323,84,1594,138
24,layer3.1.relu2,12355,False,35762,59851,34272,9692,27,522,11
24,layer3.1.conv3,968508,False,2041117,5932716,2044140,68118,141,46401,16176
24,layer3.1.bn3,91206,False,201571,444626,200592,50991,80,23218,319
24,layer3.1.add,67627,False,152344,172348,151200,19162,43,18934,42
24,layer3.1.relu3,31715,False,75847,134983,74508,19078,25,2636,15
24,layer3.2.conv1,1005682,False,2119456,5946474,2122512,68015,150,51481,13587
24,layer3.2.bn1,36102,False,85187,178073,83832,25653,57,5759,135
24,layer3.2.relu1,10903,False,32633,59731,30996,9673,22,463,3
24,layer3.2.conv2,2037060,False,4280790,8737494,4288704,109925,1025,134362,36272
24,layer3.2.bn2,33834,False,80533,174566,79044,25290,78,1572,129
24,layer3.2.relu2,11569,False,33822,59839,32508,9689,25,529,18
24,layer3.2.conv3,971394,False,2047396,5934070,2050188,68339,133,47047,16124
24,layer3.2.bn3,94085,False,207652,444923,206472,51045,92,23791,290
24,layer3.2.add,66008,False,148945,172336,147588,19159,34,18358,43
24,layer3.2.relu3,31418,False,75797,134983,74424,19078,26,1859,18
24,layer3.3.conv1,1006702,False,2120952,5946251,2124192,67995,128,51738,13511
24,layer3.3.bn1,33027,False,78710,172133,77448,24735,56,5243,487
24,layer3.3.relu1,11831,False,34504,59719,33012,9670,17,503,12
24,layer3.3.conv2,2033410,False,4273476,8734064,4281312,109236,925,134469,37015
24,layer3.3.bn2,32988,False,78699,174924,77448,25372,96,1581,128
24,layer3.3.relu2,12395,False,35578,59901,34188,9706,32,519,19
24,layer3.3.conv3,966995,False,2038185,5933259,2041200,68218,136,45776,16137
24,layer3.3.bn3,91483,False,202733,444426,201768,50951,82,24116,306
24,layer3.3.add,67310,False,152040,172336,150780,19159,33,19103,33
24,layer3.3.relu3,31896,False,76561,134983,75096,19078,24,2477,18
24,layer3.4.conv1,1019927,False,2149296,5946356,2152332,68018,124,51731,13318
24,layer3.4.bn1,32053,False,76692,171999,75348,24714,52,5288,479
24,layer3.4.relu1,10959,False,32794,59719,31332,9670,18,509,10
24,layer3.4.conv2,2058767,False,4326749,8736514,4334820,109765,808,133547,46557
24,layer3.4.bn2,32423,False,77450,175010,76104,25386,89,1546,122
24,layer3.4.relu2,12458,False,35911,59839,34356,9689,23,524,15
24,layer3.4.conv3,967354,False,2038743,5932632,2041704,68107,109,46067,16008
24,layer3.4.bn3,90680,False,200551,444575,199416,50979,59,23742,324
24,layer3.4.add,67084,False,151039,172361,149772,19166,39,18813,29
24,layer3.4.relu3,32591,False,78002,134983,76692,19078,22,2969,16
24,layer3.5.conv1,1007480,False,2122671,5947218,2125620,68132,123,51875,13059
24,layer3.5.bn1,33309,False,79717,172133,78204,24735,47,5300,107
24,layer3.5.relu1,11979,False,34885,59719,33264,9670,24,510,8
24,layer3.5.conv2,2032305,False,4271137,8736255,4278960,109740,935,134483,36333
24,layer3.5.bn2,33525,False,79871,174881,78456,25366,107,1585,127
24,layer3.5.relu2,12515,False,35965,59851,34608,9692,25,495,13
24,layer3.5.conv3,970177,False,2045157,5933391,2048256,68208,118,46416,15993
24,layer3.5.bn3,89474,False,198215,444376,197148,50948,71,23333,316
24,layer3.5.add,67216,False,151349,172336,150024,19159,36,18836,32
24,layer3.5.relu3,31809,False,76194,134995,74676,19081,28,2660,31
24,layer4.0.conv1,1975042,False,4150773,11790521,4158336,121419,202,112665,32215
24,layer4.0.bn1,51980,False,118761,263574,117600,33611,61,9786,205
24,layer4.0.relu1,17090,False,45467,84819,43848,12809,21,690,7
24,layer4.0.conv2,3403352,False,7144422,11923241,7158648,161270,933,471481,149003
24,layer4.0.bn2,30793,False,74169,155709,72660,25008,115,3132,158
24,layer4.0.relu2,8976,False,28580,47261,27300,8109,23,576,48
24,layer4.0.conv3,1259352,False,2651480,8171863,2655912,52692,427,113346,50086
24,layer4.0.bn3,60730,False,137259,364648,135828,48934,88,12220,603
24,layer4.0.downsample.0,2896148,False,6081896,11983820,6093696,167687,1276,494105,128221
24,layer4.0.downsample.1,59001,False,133328,368129,132132,49696,128,2832,557
24,layer4.0.add,32083,False,83845,109447,82320,13829,64,7182,44
24,layer4.0.relu3,17229,False,45908,84807,44520,12806,29,515,25
24,layer4.1.conv1,1227110,False,2583959,8146455,2588208,51268,394,141217,49353
24,layer4.1.bn1,29960,False,72258,153199,70728,24447,84,3975,203
24,layer4.1.relu1,8323,False,27228,47153,25704,8093,23,480,19
24,layer4.1.conv2,3151906,False,6617749,11165495,6630792,156918,950,464625,147985
24,layer4.1.bn2,33154,False,78920,155736,77448,25025,134,1635,168
24,layer4.1.relu2,8823,False,28208,47153,26628,8093,33,577,29
24,layer4.1.conv3,1269165,False,2671683,8179086,2675988,53808,274,115589,49509
24,layer4.1.bn3,61458,False,138475,364804,137256,48962,84,12092,548
24,layer4.1.add,32098,False,77165,103464,75684,12906,46,7080,28
24,layer4.1.relu3,17835,False,47285,84807,45864,12806,23,371,14
24,layer4.2.conv1,1228882,False,2587375,8146649,2591316,51311,255,139520,51572
24,layer4.2.bn1,30173,False,73069,153005,71484,24414,71,3971,181
24,layer4.2.relu1,7987,False,26541,47153,24948,8093,15,466,10
24,layer4.2.conv2,3168885,False,6653100,11185439,6666324,160290,919,465624,147754
24,layer4.2.bn2,35490,False,84005,162160,82488,26021,117,2187,173
24,layer4.2.relu2,8988,False,28405,47141,26880,8090,30,543,24
24,layer4.2.conv3,1259312,False,2651699,8170744,2656164,52506,150,114705,50116
24,layer4.2.bn3,59695,False,135127,364755,133644,48947,62,11999,641
24,layer4.2.add,32219,False,77474,103476,75936,12909,48,7107,44
24,layer4.2.relu3,17094,False,45554,84807,44100,12806,29,368,23
24,avgpool,86700,False,191535,274353,190428,38794,974,3210,1626
24,flatten,9328,False,29138,34015,27720,6364,103,460,208
24,fc,504773,False,1070448,347871,1071252,43839,346,133279,127649
25,conv1,2175591,False,4572436,8690085,4581024,97582,1242,178616,15617
25,bn1,337104,False,719548,1294553,719544,118012,287,104603,1434
25,relu,175076,False,378683,436416,377916,56789,71,52230,112
25,maxpool,10254535,False,21500014,42890786,21549108,7868905,376406,92550,7252
25,layer1.0.conv1,266584,False,489382,1513369,569856,20138,312,26830,3137
25,layer1.0.bn1,88442,False,196410,385486,195384,41578,364,21047,677
25,layer1.0.relu1,32860,False,78725,134976,77112,19076,75,2527,51
25,layer1.0.conv2,1982769,False,4167185,8263102,4174716,90978,1739,59891,4097
25,layer1.0.bn2,76506,False,170882,388367,169428,42234,259,12636,133
25,layer1.0.relu2,33241,False,79483,135013,78120,19086,50,3065,18
25,layer1.0.conv3,860324,False,1814855,5280625,1817340,65052,305,65985,1788
25,layer1.0.bn3,319078,False,680899,1297868,680568,118294,348,101359,230
25,layer1.0.downsample.0,867339,False,1830008,5280965,1832460,65079,157,70155,4099
25,layer1.0.downsample.1,321618,False,687215,1297828,687120,118286,309,101152,484
25,layer1.0.add,319961,False,683286,592332,683256,57739,143,104317,285
25,layer1.0.relu3,174891,False,378168,436152,377496,56727,51,52182,29
25,layer1.1.conv1,810688,False,1710592,5646924,1712844,33834,228,62432,813
25,layer1.1.bn1,94175,False,207798,385755,206808,41635,145,26133,359
25,layer1.1.relu1,31407,False,75564,135313,74172,19131,38,2566,17
25,layer1.1.conv2,1975707,False,4153428,8264054,4161108,91136,1214,59110,2930
25,layer1.1.bn2,74632,False,167085,388804,165900,42321,205,11760,133
25,layer1.1.relu2,32554,False,78283,134976,76944,19076,41,3085,23
25,layer1.1.conv3,890536,False,1827837,5288449,1830276,66424,349,67080,1232
25,layer1.1.bn3,324414,False,692329,1305042,692328,119421,353,102358,341
25,layer1.1.add,314920,False,672353,586281,672168,56789,78,103123,151
25,layer1.1.relu3,174577,False,377777,436152,376992,56727,35,52101,20
25,layer1.2.conv1,810821,False,1711181,5645912,1713432,33734,236,62780,968
25,layer1.2.bn1,93396,False,206314,385786,205380,41644,136,26149,216
25,layer1.2.relu1,31125,False,74946,134976,73416,19076,29,2535,12
25,layer1.2.conv2,1969034,False,4139248,8267007,4146828,91766,1121,55359,2619
25,layer1.2.bn2,70203,False,157607,388605,156240,42271,169,9061,124
25,layer1.2.relu2,31645,False,76083,134988,74760,19079,36,1892,20
25,layer1.2.conv3,852237,False,1798614,5280402,1800876,65020,172,65226,1010
25,layer1.2.bn3,324230,False,692040,1303834,691824,119212,330,102478,1038
25,layer1.2.add,314352,False,671410,586325,671244,56801,61,103078,547
25,layer1.2.relu3,174576,False,377525,437507,376740,56949,42,52227,165
25,layer2.0.conv1,1595091,False,3354959,11227856,3360840,54776,306,127274,2238
25,layer2.0.bn1,174263,False,377261,689896,376404,67219,201,53990,117
25,layer2.0.relu1,79579,False,177340,235415,176232,31642,29,20419,30
25,layer2.0.conv2,2124361,False,4465200,8565290,4473336,100292,1293,150846,9257
25,layer2.0.bn2,43915,False,102265,241495,100716,30280,139,2173,59
25,layer2.0.relu2,18253,False,47992,84899,46536,12829,41,555,14
25,layer2.0.conv3,844036,False,1780540,5295628,1782816,58108,276,41293,4718
25,layer2.0.bn3,172769,False,373665,715466,372960,71293,103,52707,174
25,layer2.0.downsample.0,2315347,False,4865801,11216737,4874856,155057,1365,260063,11924
25,layer2.0.downsample.1,177878,False,385238,713433,384468,71232,123,53102,411
25,layer2.0.add,160536,False,348118,310332,347256,31706,90,51966,60
25,layer2.0.relu3,83758,False,185994,241445,184800,32574,70,21072,20
25,layer2.1.conv1,819733,False,1729529,5697730,1731828,33485,334,38135,3329
25,layer2.1.bn1,51792,False,118591,243927,117348,30471,87,10890,67
25,layer2.1.relu1,17620,False,46467,85007,45108,12845,32,917,5
25,layer2.1.conv2,1920684,False,4036378,8146042,4043928,91195,1081,41540,8736
25,layer2.1.bn2,43544,False,101360,241231,100044,30231,84,3970,91
25,layer2.1.relu2,17863,False,47208,84912,45696,12833,43,578,10
25,layer2.1.conv3,849477,False,1791781,5302487,1793904,59137,221,45376,4241
25,layer2.1.bn3,170426,False,368876,710242,368172,70504,77,52145,165
25,layer2.1.add,157968,False,342558,310320,341796,31703,63,51070,18
25,layer2.1.relu3,77356,False,172418,235427,171276,31645,23,19344,28
25,layer2.2.conv1,819998,False,1729669,5704360,1731744,34549,246,38050,3107
25,layer2.2.bn1,47501,False,109521,238348,108192,29588,61,10283,44
25,layer2.2.relu1,17269,False,46119,85007,44520,12845,24,735,8
25,layer2.2.conv2,1927512,False,4051792,8159879,4059048,93375,1077,43280,9107
25,layer2.2.bn2,43508,False,101851,241406,100380,30274,119,3987,88
25,layer2.2.relu2,18594,False,48779,84887,47292,12826,32,723,10
25,layer2.2.conv3,849298,False,1791507,5301524,1793820,58999,176,47443,4164
25,layer2.2.bn3,170936,False,369950,710009,369012,70460,65,52128,183
25,layer2.2.add,162369,False,351583,316338,350952,32632,54,52858,14
25,layer2.2.relu3,78262,False,174382,235415,173292,31642,30,19566,27
25,layer2.3.conv1,818682,False,1726772,5704198,1729140,34489,195,35906,3319
25,layer2.3.bn1,48218,False,111122,238482,109872,29609,55,9475,58
25,layer2.3.relu1,17641,False,46666,85007,45192,12845,29,676,8
25,layer2.3.conv2,1915103,False,4025324,8153247,4032420,92461,832,41769,13017
25,layer2.3.bn2,42684,False,99167,241005,97860,30174,89,4054,103
25,layer2.3.relu2,17520,False,46410,84887,45024,12826,33,712,12
25,layer2.3.conv3,847154,False,1786928,5301610,1789200,59001,153,47535,3898
25,layer2.3.bn3,173267,False,375067,709971,374472,70452,73,52515,167
25,layer2.3.add,158547,False,344318,310320,343476,31703,41,51657,13
25,layer2.3.relu3,78182,False,174172,235415,172872,31642,27,19421,31
25,layer3.0.conv1,1753593,False,3686498,10451451,3693060,98412,261,68384,6500
25,layer3.0.bn1,85827,False,190892,395246,189672,43157,59,22209,131
25,layer3.0.relu1,33119,False,79226,135208,77784,19124,29,3442,23
25,layer3.0.conv2,2188228,False,4598951,9200624,4607652,113961,1065,157128,36040
25,layer3.0.bn2,36946,False,95365,181085,93744,25401,114,5043,125
25,layer3.0.relu2,11277,False,33123,59799,31752,9690,24,492,6
25,layer3.0.conv3,971130,False,2047029,5933199,2050020,68210,153,46008,16115
25,layer3.0.bn3,92752,False,204860,444697,203784,50991,108,24017,325
25,layer3.0.downsample.0,2214590,False,4653885,10959111,4662672,133560,909,221734,32156
25,layer3.0.downsample.1,82373,False,183180,449289,182196,51936,120,13234,329
25,layer3.0.add,66174,False,148991,172336,147924,19159,52,18308,41
25,layer3.0.relu3,34415,False,81931,134983,80640,19078,32,3904,16
25,layer3.1.conv1,1027669,False,2165390,5946412,2168376,68002,251,53758,11594
25,layer3.1.bn1,34506,False,81924,172213,80640,24755,76,5379,119
25,layer3.1.relu1,11629,False,41605,65689,39900,10591,42,501,5
25,layer3.1.conv2,2034362,False,4275550,8733467,4283328,109197,1025,134320,35664
25,layer3.1.bn2,33299,False,79738,174877,78120,25366,119,1569,130
25,layer3.1.relu2,11516,False,33850,59851,32340,9692,27,534,38
25,layer3.1.conv3,968179,False,2040571,5932946,2043720,68163,122,46269,15953
25,layer3.1.bn3,89690,False,198945,444497,197652,50970,74,23263,295
25,layer3.1.add,67571,False,152091,172348,150780,19162,38,19183,36
25,layer3.1.relu3,32157,False,77076,134983,75516,19078,27,2732,15
25,layer3.2.conv1,1013940,False,2137674,5946514,2140824,68014,143,52009,12165
25,layer3.2.bn1,32779,False,78553,172079,77112,24734,48,5339,119
25,layer3.2.relu1,11007,False,32706,59731,30996,9673,26,507,4
25,layer3.2.conv2,2032704,False,4272844,8737412,4280640,109905,941,134530,35889
25,layer3.2.bn2,32653,False,78336,174889,76860,25372,82,1466,113
25,layer3.2.relu2,12488,False,36128,59839,34692,9689,37,496,9
25,layer3.2.conv3,967275,False,2039161,5932952,2042124,68164,104,46429,15886
25,layer3.2.bn3,97410,False,214465,451758,213360,52091,86,24404,266
25,layer3.2.add,66482,False,149562,172336,148344,19159,32,18620,34
25,layer3.2.relu3,30624,False,73882,134983,72408,19078,25,2020,13
25,layer3.3.conv1,1022668,False,2154922,5946136,2158044,67972,113,52157,11788
25,layer3.3.bn1,33391,False,79944,172213,78624,24755,50,5223,463
25,layer3.3.relu1,10616,False,31720,59719,30156,9670,15,511,9
25,layer3.3.conv2,2031405,False,4270420,8734882,4278288,109461,804,134340,36554
25,layer3.3.bn2,33577,False,80297,174846,78876,25361,115,1528,123
25,layer3.3.relu2,11447,False,34052,59901,32592,9706,36,521,18
25,layer3.3.conv3,965672,False,2035696,5932511,2038512,68082,113,45900,15892
25,layer3.3.bn3,92400,False,204572,444589,203532,50983,86,23904,284
25,layer3.3.add,67703,False,152518,172336,151200,19159,36,19273,33
25,layer3.3.relu3,31469,False,75854,134983,74424,19078,23,2378,20
25,layer3.4.conv1,1010957,False,2130169,5947288,2133096,68145,134,52003,11886
25,layer3.4.bn1,33164,False,79454,172079,78120,24734,42,5373,445
25,layer3.4.relu1,11273,False,33361,59719,31500,9670,22,482,7
25,layer3.4.conv2,2060347,False,4330049,8732767,4338012,109117,966,133750,45036
25,layer3.4.bn2,32868,False,78725,174978,77448,25386,107,1515,120
25,layer3.4.relu2,12081,False,35239,59839,33768,9689,31,529,7
25,layer3.4.conv3,969060,False,2042858,5932741,2045736,68116,102,46212,15794
25,layer3.4.bn3,91920,False,203369,444683,202104,51014,70,23891,303
25,layer3.4.add,67451,False,151664,172361,150444,19166,40,19083,33
25,layer3.4.relu3,31353,False,75461,134983,74088,19078,27,2759,13
25,layer3.5.conv1,1004375,False,2116289,5946084,2119320,67960,106,52531,11516
25,layer3.5.bn1,32982,False,78954,172213,77616,24755,43,5323,104
25,layer3.5.relu1,11264,False,33495,59719,31836,9670,19,486,11
25,layer3.5.conv2,2036203,False,4280257,8736391,4288284,109796,948,134383,36124
25,layer3.5.bn2,33723,False,80497,174737,78876,25335,87,1574,139
25,layer3.5.relu2,12326,False,35807,59851,34272,9692,38,474,9
25,layer3.5.conv3,966876,False,2038135,5932603,2041116,68096,86,46130,15831
25,layer3.5.bn3,90690,False,200706,444636,199584,51003,88,23445,324
25,layer3.5.add,67455,False,151961,172336,150780,19159,40,19219,36
25,layer3.5.relu3,31993,False,77028,136343,75684,19301,40,2680,19
25,layer4.0.conv1,1962684,False,4125036,11790613,4132548,121427,202,113937,28735
25,layer4.0.bn1,51564,False,117991,263574,116508,33611,73,9862,218
25,layer4.0.relu1,17139,False,45756,84899,44352,12829,28,718,9
25,layer4.0.conv2,3400072,False,7138355,11918847,7152432,160342,948,471491,148378
25,layer4.0.bn2,30447,False,73543,155806,71820,25029,114,3071,157
25,layer4.0.relu2,9127,False,28787,47341,27216,8129,30,581,41
25,layer4.0.conv3,1247931,False,2627444,8172528,2631552,52782,432,112826,42431
25,layer4.0.bn3,61213,False,138047,364635,136920,48931,92,12100,565
25,layer4.0.downsample.0,2887268,False,6063370,11975140,6075216,166176,1232,493363,126995
25,layer4.0.downsample.1,58366,False,132120,368014,130788,49669,115,2899,506
25,layer4.0.add,32262,False,77501,103476,76020,12909,56,7073,28
25,layer4.0.relu3,18449,False,48436,84887,46872,12826,61,543,9
25,layer4.1.conv1,1222168,False,2573649,8145946,2577708,51185,387,140933,41447
25,layer4.1.bn1,30174,False,72980,153470,71652,24494,89,3792,163
25,layer4.1.relu1,8996,False,28694,47233,27132,8113,33,503,10
25,layer4.1.conv2,3160107,False,6635092,11178685,6648180,159043,961,465000,146961
25,layer4.1.bn2,31683,False,76340,156062,74844,25079,133,1588,155
25,layer4.1.relu2,9704,False,30184,47233,28644,8113,37,569,42
25,layer4.1.conv3,1254355,False,2641068,8172395,2645076,52772,282,114970,43231
25,layer4.1.bn3,61112,False,137778,364779,136752,48948,70,12015,537
25,layer4.1.add,31921,False,76715,103464,75432,12906,45,7075,15
25,layer4.1.relu3,17325,False,45862,84887,44352,12826,29,422,28
25,layer4.2.conv1,1222644,False,2582321,8146619,2578380,51297,243,140365,44423
25,layer4.2.bn1,30074,False,72543,153225,71232,24447,75,3926,181
25,layer4.2.relu1,7875,False,26056,47233,24612,8113,13,504,10
25,layer4.2.conv2,3140968,False,6594507,11163883,6607440,156537,827,464539,146843
25,layer4.2.bn2,32356,False,77570,155847,75936,25042,94,1671,158
25,layer4.2.relu2,8594,False,27639,47221,25956,8110,26,548,34
25,layer4.2.conv3,1248217,False,2628128,8173156,2632392,52919,228,114410,41689
25,layer4.2.bn3,62481,False,148413,373907,147084,50384,106,12797,653
25,layer4.2.add,31922,False,76710,103476,75264,12909,43,7063,35
25,layer4.2.relu3,17096,False,45723,84887,44352,12826,28,369,17
25,avgpool,82517,False,184009,274691,182700,38849,971,3239,1401
25,flatten,8092,False,26890,34689,25368,6474,94,438,153
25,fc,496740,False,1053732,341409,1054620,42845,337,132147,127035
26,conv1,2174959,False,4571853,8692335,4580352,97861,1123,179365,15918
26,bn1,338030,False,721669,1292100,721728,117612,289,104542,1058
26,relu,175792,False,381059,436496,380352,56809,83,52348,118
26,maxpool,10273533,False,21538099,42893899,21589428,7869371,378452,92399,7598
26,layer1.0.conv1,257142,False,493410,1513289,549696,20118,330,26964,3111
26,layer1.0.bn1,87668,False,194163,385472,193032,41575,346,21000,797
26,layer1.0.relu1,32380,False,77565,135056,76104,19096,73,2226,39
26,layer1.0.conv2,1981522,False,4165196,8265824,4172784,91503,1718,59655,4496
26,layer1.0.bn2,76400,False,170584,388406,169344,42248,273,11710,139
26,layer1.0.relu2,34148,False,81451,135093,80052,19106,69,3525,21
26,layer1.0.conv3,859846,False,1814400,5280654,1816836,65038,354,65875,1974
26,layer1.0.bn3,323056,False,689703,1303934,689556,119242,355,102413,273
26,layer1.0.downsample.0,865963,False,1826795,5280069,1829268,64943,169,70061,2924
26,layer1.0.downsample.1,318084,False,678589,1297835,678468,118288,327,101406,607
26,layer1.0.add,314912,False,672169,586288,672000,56791,111,103126,364
26,layer1.0.relu3,178295,False,385137,441763,384468,57604,66,53068,34
26,layer1.1.conv1,805464,False,1700045,5641521,1702260,33011,219,61897,767
26,layer1.1.bn1,97424,False,214739,391662,213612,42550,141,27070,476
26,layer1.1.relu1,31406,False,75591,134983,74088,19078,28,2479,11
26,layer1.1.conv2,1973286,False,4147367,8262854,4154976,90935,1239,59116,3039
26,layer1.1.bn2,74303,False,166193,388287,165060,42205,196,11809,141
26,layer1.1.relu2,33063,False,79006,134983,77532,19078,34,3158,20
26,layer1.1.conv3,855813,False,1805169,5280464,1807512,65016,283,65617,1123
26,layer1.1.bn3,319522,False,682078,1297901,682080,118302,314,101376,436
26,layer1.1.add,314052,False,670194,586288,670152,56791,60,102976,184
26,layer1.1.relu3,179275,False,387378,442948,386568,57782,59,53163,24
26,layer1.2.conv1,804033,False,1705094,5647014,1707300,33878,221,62606,955
26,layer1.2.bn1,92328,False,203775,385793,202608,41646,145,26161,284
26,layer1.2.relu1,32290,False,77291,135320,75768,19133,33,2272,10
26,layer1.2.conv2,1963613,False,4127335,8263157,4134732,90931,1036,54738,2769
26,layer1.2.bn2,69870,False,156671,388634,155316,42282,168,8942,119
26,layer1.2.relu2,31064,False,74745,134995,73248,19081,35,1742,25
26,layer1.2.conv3,853344,False,1800962,5281310,1803312,65145,260,65495,1004
26,layer1.2.bn3,320688,False,684355,1297886,684180,118301,304,101430,1360
26,layer1.2.add,318481,False,679994,592493,679644,57766,60,103966,684
26,layer1.2.relu3,173791,False,376095,436159,375312,56729,27,52207,123
26,layer2.0.conv1,1588093,False,3340309,11220706,3346140,53671,283,126486,2027
26,layer2.0.bn1,176779,False,382395,696034,381696,68168,192,54846,80
26,layer2.0.relu1,79013,False,176157,235335,174972,31622,19,20150,24
26,layer2.0.conv2,2124277,False,4464668,8559043,4473000,99034,1106,151087,9141
26,layer2.0.bn2,43173,False,100246,241577,98700,30301,119,2002,51
26,layer2.0.relu2,17745,False,46957,84819,45444,12809,30,512,12
26,layer2.0.conv3,850503,False,1794081,5302562,1796508,59177,264,42121,4927
26,layer2.0.bn3,170164,False,368523,709885,367752,70443,87,51879,160
26,layer2.0.downsample.0,2308690,False,4851101,11218347,4860240,155073,1158,259641,12329
26,layer2.0.downsample.1,176228,False,381982,713246,381192,71183,120,53195,542
26,layer2.0.add,160307,False,347875,310332,347172,31706,76,51992,168
26,layer2.0.relu3,79749,False,177230,235347,176148,31625,46,19835,27
26,layer2.1.conv1,833854,False,1759612,5716883,1761816,36575,427,39094,3367
26,layer2.1.bn1,48387,False,111478,238348,110040,29588,60,10245,71
26,layer2.1.relu1,17955,False,47381,84927,45780,12825,37,773,7
26,layer2.1.conv2,1922274,False,4040601,8150529,4047960,91964,1126,41922,8851
26,layer2.1.bn2,44826,False,104038,240981,102732,30177,114,3852,85
26,layer2.1.relu2,17542,False,46691,84832,45276,12813,36,558,11
26,layer2.1.conv3,849355,False,1791903,5302091,1794324,59078,214,45276,4556
26,layer2.1.bn3,171783,False,372092,709813,371364,70427,67,52053,198
26,layer2.1.add,163389,False,354275,317336,353472,32798,84,52229,66
26,layer2.1.relu3,78095,False,173895,235347,172536,31625,28,19406,47
26,layer2.2.conv1,818979,False,1727488,5705132,1729644,34659,261,36606,3301
26,layer2.2.bn1,49111,False,113211,238348,111804,29588,57,10336,49
26,layer2.2.relu1,17458,False,46382,84927,44856,12825,24,764,11
26,layer2.2.conv2,1938161,False,4050339,8158250,4057956,93272,1109,43828,8973
26,layer2.2.bn2,44602,False,103294,241195,101976,30226,117,4121,89
26,layer2.2.relu2,18056,False,47480,84807,46116,12806,33,741,13
26,layer2.2.conv3,850044,False,1793078,5301836,1795500,59044,195,47768,4750
26,layer2.2.bn3,171126,False,370641,709600,369768,70385,64,52267,315
26,layer2.2.add,159120,False,345141,310320,344316,31703,51,51886,49
26,layer2.2.relu3,78029,False,173578,235335,172452,31622,22,19438,39
26,layer2.3.conv1,822599,False,1735412,5705885,1737792,34766,254,36474,3842
26,layer2.3.bn1,47302,False,109111,238482,107604,29609,44,9394,81
26,layer2.3.relu1,17311,False,45975,84927,44268,12825,26,614,10
26,layer2.3.conv2,1922131,False,4039767,8148355,4047120,91427,839,41957,15284
26,layer2.3.bn2,42543,False,99159,241453,97860,30280,87,3869,121
26,layer2.3.relu2,17889,False,47157,84807,45696,12806,32,705,11
26,layer2.3.conv3,850590,False,1794456,5302757,1796760,59210,188,47817,4569
26,layer2.3.bn3,173837,False,376289,710156,375648,70487,67,52454,199
26,layer2.3.add,163175,False,353989,317288,353220,32787,77,52416,27
26,layer2.3.relu3,78030,False,173995,235335,172872,31622,23,19356,30
26,layer3.0.conv1,1748950,False,3676741,10453533,3683232,98746,321,68516,8155
26,layer3.0.bn1,86878,False,192545,395246,191352,43157,61,22527,146
26,layer3.0.relu1,33670,False,80315,135128,79044,19104,29,3393,19
26,layer3.0.conv2,2230659,False,4686921,9204420,4695600,114687,1161,161576,48444
26,layer3.0.bn2,35751,False,84569,174931,83160,25365,106,4984,136
26,layer3.0.relu2,11908,False,34557,59719,33012,9670,30,489,9
26,layer3.0.conv3,969924,False,2044399,5932891,2047248,68156,175,45376,17769
26,layer3.0.bn3,93020,False,205419,444528,204372,50961,81,23811,378
26,layer3.0.downsample.0,2241104,False,4708906,10972530,4717860,135878,1167,224397,41805
26,layer3.0.downsample.1,82063,False,182617,447843,181272,51711,128,12923,382
26,layer3.0.add,65990,False,148710,172336,147588,19159,49,18024,113
26,layer3.0.relu3,34372,False,81876,134983,80388,19078,34,3804,39
26,layer3.1.conv1,1023862,False,2157550,5946672,2160732,68041,259,52946,17093
26,layer3.1.bn1,34769,False,82638,172173,81228,24742,84,5369,144
26,layer3.1.relu1,11809,False,34458,59744,33096,9677,28,522,10
26,layer3.1.conv2,2035795,False,4278609,8737021,4286604,109934,1095,134631,36951
26,layer3.1.bn2,33557,False,80171,174739,78792,25335,102,1559,148
26,layer3.1.relu2,11771,False,34532,59851,32928,9692,31,482,13
26,layer3.1.conv3,968735,False,2041886,5933565,2044812,68256,137,46574,17289
26,layer3.1.bn3,89465,False,197840,444485,196644,50972,81,23171,342
26,layer3.1.add,67312,False,151385,172348,150192,19162,42,19034,77
26,layer3.1.relu3,31957,False,76579,134983,75096,19078,23,2597,13
26,layer3.2.conv1,1023966,False,2157305,5946006,2160480,67966,153,50575,16092
26,layer3.2.bn1,33255,False,79269,171999,77784,24714,54,5257,141
26,layer3.2.relu1,12136,False,35284,59731,33684,9673,28,473,12
26,layer3.2.conv2,2039399,False,4285959,8735806,4293996,109548,1014,134655,36819
26,layer3.2.bn2,32697,False,78057,174671,76608,25322,81,1587,132
26,layer3.2.relu2,11499,False,33552,59839,32004,9689,22,549,29
26,layer3.2.conv3,971427,False,2047295,5934019,2050356,68313,145,46900,16592
26,layer3.2.bn3,92622,False,204651,444647,203700,51001,70,23692,337
26,layer3.2.add,66244,False,149392,172336,148260,19159,39,18405,53
26,layer3.2.relu3,31003,False,74589,134983,73416,19078,25,1917,16
26,layer3.3.conv1,1012624,False,2133750,5946122,2136708,67996,135,50671,15931
26,layer3.3.bn1,34281,False,90964,179558,89712,25881,81,5144,1110
26,layer3.3.relu1,10871,False,32376,59719,30660,9670,22,492,11
26,layer3.3.conv2,2036652,False,4280322,8735979,4288116,109605,899,134340,38366
26,layer3.3.bn2,33776,False,80967,175038,79632,25406,99,1571,140
26,layer3.3.relu2,12510,False,35771,59901,34188,9706,32,521,29
26,layer3.3.conv3,969328,False,2042512,5933206,2045484,68237,133,46159,16314
26,layer3.3.bn3,90719,False,200754,444287,199752,50920,59,24163,328
26,layer3.3.add,67237,False,151282,172336,150024,19159,33,19157,45
26,layer3.3.relu3,31979,False,76820,134983,75516,19078,22,2472,23
26,layer3.4.conv1,1014094,False,2136872,5948806,2140152,68413,135,50852,16488
26,layer3.4.bn1,33347,False,79393,171999,77868,24714,45,5300,973
26,layer3.4.relu1,11157,False,33133,59719,31500,9670,20,494,8
26,layer3.4.conv2,2059618,False,4329189,8735767,4337088,109515,974,133991,43358
26,layer3.4.bn2,32867,False,78601,174705,77280,25321,99,1518,143
26,layer3.4.relu2,12244,False,35481,59839,34104,9689,30,515,22
26,layer3.4.conv3,969498,False,2043109,5933366,2046072,68221,122,46071,16241
26,layer3.4.bn3,90041,False,199202,444461,197988,50949,60,23782,368
26,layer3.4.add,67182,False,151118,172361,149688,19166,41,18866,44
26,layer3.4.relu3,31710,False,76082,134983,74844,19078,25,2652,14
26,layer3.5.conv1,1008219,False,2124580,5947413,2127468,68170,128,51309,16588
26,layer3.5.bn1,32791,False,78247,172133,76944,24735,35,5201,132
26,layer3.5.relu1,10865,False,32331,59719,30912,9670,20,491,19
26,layer3.5.conv2,2035242,False,4277569,8736420,4285428,109801,959,134047,36903
26,layer3.5.bn2,32993,False,78786,174722,77448,25331,78,1553,136
26,layer3.5.relu2,11416,False,33745,59851,32256,9692,24,500,18
26,layer3.5.conv3,970629,False,2045604,5934365,2048592,68380,115,46574,16279
26,layer3.5.bn3,89897,False,198883,444370,197820,50942,58,23289,323
26,layer3.5.add,70355,False,157853,177966,156744,20045,43,19543,36
26,layer3.5.relu3,32287,False,77219,134995,75768,19081,28,2675,28
26,layer4.0.conv1,1971094,False,4142406,11791863,4150020,121635,210,110184,39969
26,layer4.0.bn1,51352,False,117756,263574,116508,33611,65,9864,233
26,layer4.0.relu1,17708,False,46853,84819,45360,12809,24,721,11
26,layer4.0.conv2,3654021,False,7669910,11922576,7685244,161267,974,471707,298305
26,layer4.0.bn2,31526,False,83406,161443,82152,25905,128,3886,198
26,layer4.0.relu2,8957,False,28606,47261,27048,8109,23,587,67
26,layer4.0.conv3,1303512,False,2743899,8172303,2748312,52773,485,112666,76077
26,layer4.0.bn3,61421,False,138757,364627,137172,48923,87,12190,764
26,layer4.0.downsample.0,3020200,False,6341698,11976623,6354180,166478,1287,493616,247113
26,layer4.0.downsample.1,59387,False,134450,368048,132972,49686,121,2827,707
26,layer4.0.add,32118,False,77132,103476,75852,12909,69,7141,89
26,layer4.0.relu3,17674,False,46737,84807,45192,12806,45,482,14
26,layer4.1.conv1,1256228,False,2644774,8153758,2649024,52383,431,141649,91555
26,layer4.1.bn1,31332,False,75360,153103,73920,24432,97,3911,224
26,layer4.1.relu1,8624,False,27628,47153,26208,8093,34,500,22
26,layer4.1.conv2,3336091,False,7004175,11167886,7018200,157274,995,464815,244276
26,layer4.1.bn2,32204,False,77217,155681,76020,25000,94,1606,215
26,layer4.1.relu2,8443,False,27444,47153,25956,8093,26,482,19
26,layer4.1.conv3,1315457,False,2768882,8180328,2773512,54003,328,116045,80445
26,layer4.1.bn3,61972,False,139613,364809,138348,48959,76,12172,736
26,layer4.1.add,32123,False,77209,103464,75684,12906,54,7091,72
26,layer4.1.relu3,17462,False,46572,84807,45024,12806,27,402,30
26,layer4.2.conv1,1251071,False,2634503,8146491,2638860,51317,267,140214,96708
26,layer4.2.bn1,30115,False,72875,153225,71484,24447,75,3987,215
26,layer4.2.relu1,7733,False,25683,47153,24192,8093,15,486,14
26,layer4.2.conv2,3337364,False,7006647,11174716,7020552,158270,979,465799,233201
26,layer4.2.bn2,33050,False,78889,158492,77448,25484,118,1685,235
26,layer4.2.relu2,9133,False,28805,47141,27300,8090,15,521,28
26,layer4.2.conv3,1300819,False,2737921,8172704,2742348,52801,260,114635,81725
26,layer4.2.bn3,60603,False,136784,364751,135408,48944,70,11992,1058
26,layer4.2.add,31558,False,75964,103476,74592,12909,45,7122,59
26,layer4.2.relu3,17040,False,45309,84807,43848,12806,26,354,32
26,avgpool,92423,False,203650,275311,202692,38940,986,3240,2323
26,flatten,9342,False,29267,34015,27552,6364,97,443,286
26,fc,506236,False,1073336,341153,1074192,42793,328,132110,129396
27,conv1,2187367,False,4596912,8686095,4605552,96824,1199,178248,63812
27,bn1,346428,False,739353,1298747,739620,118629,271,105462,10414
27,relu,175664,False,380319,436416,379764,56789,63,52099,237
27,maxpool,10317145,False,21630772,42890496,21680148,7868931,385693,93273,23416
27,layer1.0.conv1,267167,False,505180,1520519,570948,21264,371,27504,7389
27,layer1.0.bn1,89637,False,198867,385845,197736,41666,376,21330,3527
27,layer1.0.relu1,34305,False,81799,134976,80472,19076,102,2445,147
27,layer1.0.conv2,2000529,False,4205529,8258553,4213272,90072,1806,59858,13102
27,layer1.0.bn2,79801,False,177970,388509,176736,42267,279,12426,443
27,layer1.0.relu2,33026,False,79174,135013,77700,19086,57,2988,42
27,layer1.0.conv3,867901,False,1830723,5281346,1833132,65163,335,66464,6048
27,layer1.0.bn3,319148,False,681299,1297969,681156,118319,356,101398,1289
27,layer1.0.downsample.0,874259,False,1844390,5280601,1846992,65036,173,70180,8210
27,layer1.0.downsample.1,329923,False,704228,1303235,704088,119152,357,102103,22582
27,layer1.0.add,319312,False,681971,586281,681912,56789,126,103221,14620
27,layer1.0.relu3,173382,False,375038,436152,374388,56727,57,52006,44
27,layer1.1.conv1,810010,False,1709743,5646602,1711836,33783,228,62514,1304
27,layer1.1.bn1,94833,False,208946,385755,207816,41635,138,26212,2268
27,layer1.1.relu1,31288,False,75334,134976,74004,19076,25,2499,24
27,layer1.1.conv2,1975250,False,4151700,8262380,4159092,90776,1151,59456,6825
27,layer1.1.bn2,79847,False,177905,395128,176736,43302,204,12520,350
27,layer1.1.relu2,32235,False,77408,134976,76020,19076,23,2949,27
27,layer1.1.conv3,855986,False,1806008,5280358,1808352,64997,221,65664,1617
27,layer1.1.bn3,322841,False,689462,1297904,689220,118300,315,101451,13444
27,layer1.1.add,318319,False,679914,586281,679896,56789,61,103048,10006
27,layer1.1.relu3,178591,False,385908,436152,385392,56727,29,52087,8385
27,layer1.2.conv1,805679,False,1700406,5640559,1702596,32879,193,62091,1537
27,layer1.2.bn1,94675,False,208748,385786,207732,41644,120,25975,1490
27,layer1.2.relu1,33217,False,79524,134976,78120,19076,26,2742,65
27,layer1.2.conv2,1969918,False,4140205,8262698,4147584,90852,1070,54738,5787
27,layer1.2.bn2,71630,False,160573,388597,159264,42268,174,8854,365
27,layer1.2.relu2,31202,False,75039,134988,73752,19079,29,1747,28
27,layer1.2.conv3,864490,False,1823700,5293981,1826244,67241,256,65961,1330
27,layer1.2.bn3,321921,False,687540,1297809,687624,118281,311,101529,12386
27,layer1.2.add,316351,False,675581,586318,675360,56799,46,102989,7484
27,layer1.2.relu3,176942,False,382361,442170,381528,57656,36,53120,458
27,layer2.0.conv1,1589485,False,3343015,11220667,3348912,53651,274,126466,3485
27,layer2.0.bn1,174711,False,378089,689889,377412,67217,185,53899,757
27,layer2.0.relu1,78343,False,174409,235665,173376,31675,27,20536,56
27,layer2.0.conv2,2133815,False,4484849,8562734,4493328,99822,1170,151117,13281
27,layer2.0.bn2,44650,False,103155,241643,101892,30314,139,2126,119
27,layer2.0.relu2,18501,False,48786,84812,47208,12807,31,533,15
27,layer2.0.conv3,852517,False,1798485,5301953,1800708,59080,269,42326,9249
27,layer2.0.bn3,169747,False,367240,709503,366492,70373,94,51740,228
27,layer2.0.downsample.0,2313979,False,4861864,11209646,4871076,153664,1108,259097,24290
27,layer2.0.downsample.1,181572,False,392236,719705,391356,72186,132,54064,1748
27,layer2.0.add,158952,False,344938,310325,344148,31704,66,51865,728
27,layer2.0.relu3,79190,False,176517,235340,175392,31623,38,19929,73
27,layer2.1.conv1,825501,False,1741521,5704196,1743756,34481,302,38992,4764
27,layer2.1.bn1,48798,False,112154,239729,110712,29813,92,10200,132
27,layer2.1.relu1,17993,False,47642,84920,46284,12823,28,851,13
27,layer2.1.conv2,1919537,False,4034516,8144835,4041828,90885,1081,41937,10147
27,layer2.1.bn2,43454,False,101356,241243,99876,30234,123,3850,109
27,layer2.1.relu2,17870,False,47365,84825,46032,12811,31,560,15
27,layer2.1.conv3,851550,False,1796389,5302349,1798692,59130,199,45268,7229
27,layer2.1.bn3,171371,False,371001,710059,370272,70476,79,52109,217
27,layer2.1.add,156955,False,340635,310313,339696,31701,56,51153,35
27,layer2.1.relu3,82337,False,182963,241415,181944,32563,36,20653,55
27,layer2.2.conv1,815403,False,1720055,5697977,1722420,33542,233,36410,4619
27,layer2.2.bn1,46856,False,108078,238421,106764,29606,46,10071,74
27,layer2.2.relu1,17766,False,47000,84920,45612,12823,19,807,17
27,layer2.2.conv2,1912935,False,4020856,8146724,4028136,91166,884,41850,9665
27,layer2.2.bn2,43994,False,102218,241266,100968,30235,95,3933,111
27,layer2.2.relu2,17552,False,46596,84807,45360,12806,31,708,12
27,layer2.2.conv3,848514,False,1789521,5301775,1791888,59030,139,47432,6973
27,layer2.2.bn3,169982,False,368230,710169,367500,70503,77,52260,207
27,layer2.2.add,158370,False,343934,310320,343140,31703,35,51778,43
27,layer2.2.relu3,77591,False,172812,235335,171612,31622,22,19394,55
27,layer2.3.conv1,820675,False,1731288,5704170,1733592,34505,166,36749,4648
27,layer2.3.bn1,47627,False,109923,238562,108444,29629,54,9312,116
27,layer2.3.relu1,17806,False,47102,84927,45444,12825,22,648,11
27,layer2.3.conv2,1921076,False,4038341,8147721,4045608,91387,807,41712,17364
27,layer2.3.bn2,42683,False,99109,241475,97524,30288,101,3872,135
27,layer2.3.relu2,17470,False,46662,84807,45192,12806,29,677,9
27,layer2.3.conv3,847469,False,1787991,5302584,1790292,59189,146,47573,4253
27,layer2.3.bn3,171308,False,370938,710071,370104,70480,65,52358,208
27,layer2.3.add,162208,False,351419,317046,350448,32748,44,52533,36
27,layer2.3.relu3,78239,False,174264,235335,173040,31622,21,19531,54
27,layer3.0.conv1,1741652,False,3661495,10445836,3668112,97546,263,67372,10050
27,layer3.0.bn1,87219,False,193155,401335,192108,44105,60,23112,154
27,layer3.0.relu1,33083,False,79195,135128,77868,19104,29,3559,22
27,layer3.0.conv2,2225939,False,4677514,9202326,4686360,114332,1119,161056,51071
27,layer3.0.bn2,36652,False,86748,175561,85512,25518,137,4901,140
27,layer3.0.relu2,11616,False,34038,59719,32508,9670,12,486,21
27,layer3.0.conv3,968483,False,2041430,5932900,2044392,68172,163,45010,18245
27,layer3.0.bn3,91384,False,201937,444697,200592,50997,85,23833,364
27,layer3.0.downsample.0,2217654,False,4660249,10958717,4669056,133553,1034,222196,33890
27,layer3.0.downsample.1,86073,False,191095,454259,190008,52669,118,13948,379
27,layer3.0.add,65362,False,147834,172336,146664,19159,47,18242,73
27,layer3.0.relu3,33374,False,79686,134983,78288,19078,31,3772,31
27,layer3.1.conv1,1026266,False,2162462,5947250,2165688,68147,266,51706,18974
27,layer3.1.bn1,33688,False,80445,172213,79044,24755,70,5260,136
27,layer3.1.relu1,10996,False,32798,59744,31416,9677,22,466,6
27,layer3.1.conv2,2038728,False,4284739,8737803,4292736,110075,1173,134210,37421
27,layer3.1.bn2,32253,False,77424,174786,76020,25343,77,1467,134
27,layer3.1.relu2,12005,False,34890,59851,33432,9692,28,524,20
27,layer3.1.conv3,968969,False,2042033,5932620,2045064,68095,123,46277,17335
27,layer3.1.bn3,89482,False,198328,444567,197148,50989,93,23188,355
27,layer3.1.add,66938,False,150623,172348,149352,19162,34,19122,61
27,layer3.1.relu3,32416,False,77859,134983,76608,19078,26,2930,18
27,layer3.2.conv1,1007095,False,2121723,5946047,2124864,67946,142,50588,18047
27,layer3.2.bn1,33729,False,80282,173427,78876,24954,60,5304,148
27,layer3.2.relu1,11212,False,32950,59731,31248,9673,17,459,7
27,layer3.2.conv2,2039760,False,4287244,8739955,4295256,110436,1059,134317,37271
27,layer3.2.bn2,33688,False,80367,174882,78960,25371,109,1510,128
27,layer3.2.relu2,11978,False,34478,59839,33096,9689,22,481,13
27,layer3.2.conv3,970320,False,2045212,5932677,2048088,68106,110,46786,17087
27,layer3.2.bn3,92937,False,205091,444791,203952,51033,73,23639,320
27,layer3.2.add,66129,False,148968,172336,147756,19159,34,18456,34
27,layer3.2.relu3,31789,False,76333,134983,74928,19078,27,1854,16
27,layer3.3.conv1,1007209,False,2122103,5946146,2125116,67971,127,50540,17054
27,layer3.3.bn1,33119,False,79345,172213,77868,24755,36,5175,1112
27,layer3.3.relu1,10942,False,32751,59719,31416,9670,25,475,8
27,layer3.3.conv2,2039570,False,4286247,8737551,4294080,109870,927,134268,38527
27,layer3.3.bn2,33989,False,88972,181692,79800,25432,80,1542,133
27,layer3.3.relu2,12071,False,34656,59901,33012,9706,32,522,15
27,layer3.3.conv3,967278,False,2038367,5934127,2041284,68351,126,45961,16350
27,layer3.3.bn3,91069,False,201412,444444,200424,50958,73,24205,335
27,layer3.3.add,67724,False,152291,172336,151116,19159,33,19326,49
27,layer3.3.relu3,31583,False,75986,134983,74592,19078,27,2327,19
27,layer3.4.conv1,1027241,False,2163966,5946265,2167200,67995,125,50576,16960
27,layer3.4.bn1,33217,False,79552,172079,78204,24734,46,5323,967
27,layer3.4.relu1,10920,False,32557,59719,30996,9670,20,469,10
27,layer3.4.conv2,2056824,False,4322674,8734651,4330704,109378,841,133957,44961
27,layer3.4.bn2,33021,False,79088,174802,77784,25350,78,1560,139
27,layer3.4.relu2,12046,False,34684,59839,33096,9689,25,492,10
27,layer3.4.conv3,967351,False,2038774,5932504,2041704,68080,97,46040,16338
27,layer3.4.bn3,91299,False,202090,444628,201180,50996,71,23598,339
27,layer3.4.add,67070,False,150809,172361,149520,19166,34,19099,50
27,layer3.4.relu3,32089,False,77122,134983,75768,19078,19,2717,15
27,layer3.5.conv1,1013624,False,2135308,5946527,2138556,68026,112,51078,16664
27,layer3.5.bn1,32250,False,77223,172213,75768,24755,42,5251,126
27,layer3.5.relu1,11479,False,33821,59719,32340,9670,21,486,15
27,layer3.5.conv2,2050208,False,4309282,8761081,4317264,114164,1053,135490,37313
27,layer3.5.bn2,32401,False,77742,174494,76272,25276,70,1493,127
27,layer3.5.relu2,12015,False,34765,59851,33348,9692,22,480,22
27,layer3.5.conv3,969261,False,2042820,5932665,2045736,68098,109,46357,16314
27,layer3.5.bn3,90148,False,199793,444390,198744,50957,67,23244,337
27,layer3.5.add,67348,False,152185,172336,150948,19159,35,19213,64
27,layer3.5.relu3,31910,False,76776,134995,75516,19081,29,2639,39
27,layer4.0.conv1,1975899,False,4152832,11791993,4160436,121622,203,110709,40302
27,layer4.0.bn1,54962,False,125031,270593,123816,34726,89,10754,238
27,layer4.0.relu1,17127,False,45495,84819,44016,12809,24,676,12
27,layer4.0.conv2,3410108,False,7158231,11916160,7172340,160110,923,470834,153413
27,layer4.0.bn2,32688,False,78194,156711,76860,25220,161,3179,193
27,layer4.0.relu2,9750,False,30370,47261,28812,8109,33,523,30
27,layer4.0.conv3,1304549,False,2745599,8178117,2750244,53671,428,113479,74119
27,layer4.0.bn3,60545,False,136663,364649,135492,48933,92,12166,635
27,layer4.0.downsample.0,2936781,False,6097237,11986089,6108900,168230,1364,495788,133121
27,layer4.0.downsample.1,59440,False,134624,368232,133308,49715,152,2897,621
27,layer4.0.add,33582,False,80262,103476,78792,12909,88,7237,93
27,layer4.0.relu3,18431,False,48201,84807,46872,12806,55,547,30
27,layer4.1.conv1,1245795,False,2623338,8146396,2627604,51253,359,140766,76546
27,layer4.1.bn1,31152,False,75144,154929,73836,24745,108,3734,209
27,layer4.1.relu1,8655,False,28317,47153,26880,8093,30,473,12
27,layer4.1.conv2,3157987,False,6630449,11166633,6643728,157133,1107,464579,151439
27,layer4.1.bn2,36042,False,85338,162157,83748,26027,130,2119,205
27,layer4.1.relu2,9117,False,28724,47153,27384,8093,22,516,15
27,layer4.1.conv3,1290334,False,2716062,8172272,2720508,52728,283,114952,69544
27,layer4.1.bn3,61847,False,139460,364863,138180,48971,80,12144,633
27,layer4.1.add,32024,False,76845,103464,75348,12906,68,7055,25
27,layer4.1.relu3,17683,False,46820,84807,45528,12806,30,354,19
27,layer4.2.conv1,1236664,False,2603919,8148350,2608200,51588,220,140299,76095
27,layer4.2.bn1,30865,False,81974,161810,80472,25816,135,4872,234
27,layer4.2.relu1,8239,False,26937,47153,25452,8093,19,488,12
27,layer4.2.conv2,3157540,False,6628875,11166438,6641964,157137,973,464597,151170
27,layer4.2.bn2,31933,False,77012,156386,75432,25159,124,1511,196
27,layer4.2.relu2,9239,False,29266,47141,27888,8090,22,528,31
27,layer4.2.conv3,1286779,False,2709184,8171978,2713536,52706,235,114896,68065
27,layer4.2.bn3,60697,False,137162,364853,135744,48970,76,12087,656
27,layer4.2.add,31630,False,76097,103476,74676,12909,48,7083,34
27,layer4.2.relu3,17327,False,45978,84807,44520,12806,32,388,32
27,avgpool,94512,False,208178,281257,207144,39842,1006,3806,1993
27,flatten,9263,False,29099,34015,27468,6364,99,488,258
27,fc,502736,False,1066413,341349,1067220,42834,353,132245,129083
28,conv1,2175921,False,4572983,8685038,4581696,96676,1113,178452,15867
28,bn1,337070,False,719849,1299127,719880,118701,277,105261,538
28,relu,175612,False,380294,436416,379512,56789,71,52197,75
28,maxpool,10138339,False,21255315,42890147,21305844,7868806,370599,92777,9724
28,layer1.0.conv1,259171,False,508898,1519929,553728,21136,423,27669,5081
28,layer1.0.bn1,87592,False,194187,385542,192948,41590,378,21108,521
28,layer1.0.relu1,32544,False,78070,134976,76692,19076,81,2275,34
28,layer1.0.conv2,1981436,False,4165257,8267465,4172868,91753,1744,59473,4146
28,layer1.0.bn2,76180,False,170249,388615,169008,42295,278,11831,136
28,layer1.0.relu2,33447,False,79896,135013,78372,19086,61,3033,21
28,layer1.0.conv3,861014,False,1816595,5280993,1819020,65101,300,66173,1677
28,layer1.0.bn3,317483,False,678272,1298032,678048,118332,363,101400,220
28,layer1.0.downsample.0,870047,False,1835311,5279459,1837836,64854,177,70019,5578
28,layer1.0.downsample.1,322294,False,687527,1303914,687372,119236,335,102447,797
28,layer1.0.add,314347,False,671400,586281,671412,56789,139,103198,496
28,layer1.0.relu3,174077,False,376603,436152,375816,56727,54,52057,23
28,layer1.1.conv1,810024,False,1709853,5646590,1712004,33790,188,62346,925
28,layer1.1.bn1,94198,False,207886,385835,206724,41655,153,26126,293
28,layer1.1.relu1,31318,False,75755,134976,74424,19076,36,2571,23
28,layer1.1.conv2,1973809,False,4148630,8261535,4156236,90608,1189,59420,3170
28,layer1.1.bn2,73350,False,164348,388606,163212,42276,201,11531,158
28,layer1.1.relu2,33251,False,79371,134976,78120,19076,32,2987,22
28,layer1.1.conv3,856137,False,1806292,5280745,1808604,65079,165,65409,1141
28,layer1.1.bn3,321086,False,685339,1304938,685104,119383,344,102370,505
28,layer1.1.add,314057,False,670294,586281,670152,56789,63,103117,317
28,layer1.1.relu3,173133,False,374455,436152,373548,56727,41,52027,27
28,layer1.2.conv1,817944,False,1726517,5659879,1728888,35988,200,63230,1059
28,layer1.2.bn1,92877,False,205103,385866,203952,41664,134,25900,195
28,layer1.2.relu1,30900,False,74692,134976,73332,19076,32,2234,14
28,layer1.2.conv2,1964461,False,4129466,8260382,4137084,90393,1041,55133,3017
28,layer1.2.bn2,70658,False,158449,390210,157080,42548,212,8931,155
28,layer1.2.relu2,31525,False,75627,134988,74424,19079,40,1973,31
28,layer1.2.conv3,846747,False,1786633,5274443,1788780,64101,172,64383,1048
28,layer1.2.bn3,321036,False,685199,1303954,685188,119239,325,102189,871
28,layer1.2.add,312747,False,667522,586318,667548,56799,55,103017,392
28,layer1.2.relu3,173026,False,374661,436152,373884,56727,33,52273,98
28,layer2.0.conv1,1594907,False,3354126,11227273,3359664,54668,213,127379,2215
28,layer2.0.bn1,171952,False,372087,689969,371448,67237,197,53918,77
28,layer2.0.relu1,79321,False,176603,235335,175392,31622,30,20290,38
28,layer2.0.conv2,2125626,False,4467030,8567296,4475352,100402,1141,151576,9853
28,layer2.0.bn2,44332,False,102677,241131,101472,30198,119,2137,79
28,layer2.0.relu2,17515,False,46620,84819,45108,12809,29,521,11
28,layer2.0.conv3,846731,False,1786098,5301358,1788444,58976,220,41963,4705
28,layer2.0.bn3,167775,False,363579,709806,362880,70437,93,51889,172
28,layer2.0.downsample.0,2302332,False,4837658,11209857,4846884,153768,1060,258346,12741
28,layer2.0.downsample.1,176898,False,382755,713255,382032,71192,126,53152,317
28,layer2.0.add,161383,False,350075,316357,349356,32637,64,52817,32
28,layer2.0.relu3,79822,False,177513,235347,176400,31625,37,19909,27
28,layer2.1.conv1,822826,False,1735372,5704742,1737540,34567,248,38486,3735
28,layer2.1.bn1,49194,False,113093,238529,111636,29633,86,10439,66
28,layer2.1.relu1,17677,False,46682,85264,45192,12880,37,817,14
28,layer2.1.conv2,1916264,False,4027118,8145612,4034352,91013,932,41465,9146
28,layer2.1.bn2,42751,False,99410,241192,97944,30220,115,3900,101
28,layer2.1.relu2,18952,False,49558,84832,48132,12813,37,590,9
28,layer2.1.conv3,850006,False,1793457,5302469,1795836,59144,174,45618,4255
28,layer2.1.bn3,170951,False,370088,709893,369432,70447,70,52152,179
28,layer2.1.add,156226,False,339030,310320,338100,31703,42,51129,28
28,layer2.1.relu3,77530,False,172803,235347,171528,31625,29,19671,39
28,layer2.2.conv1,818299,False,1726372,5704034,1728384,34483,218,37242,3886
28,layer2.2.bn1,48074,False,110619,238428,109284,29608,62,10177,50
28,layer2.2.relu1,17862,False,47150,84927,45612,12825,22,738,9
28,layer2.2.conv2,1915000,False,4024721,8147587,4032000,91351,854,41855,9233
28,layer2.2.bn2,43437,False,101099,241553,99876,30304,96,3808,104
28,layer2.2.relu2,17958,False,47678,84807,46368,12806,28,730,11
28,layer2.2.conv3,847537,False,1788139,5301428,1790376,58980,143,47055,4229
28,layer2.2.bn3,169129,False,366337,709945,365484,70458,78,52194,171
28,layer2.2.add,157766,False,342361,310320,341376,31703,44,51833,21
28,layer2.2.relu3,78274,False,174360,235335,173208,31622,21,19420,36
28,layer2.3.conv1,818980,False,1727518,5704215,1729728,34493,172,35658,3784
28,layer2.3.bn1,48154,False,110821,238562,109620,29629,52,9449,83
28,layer2.3.relu1,17209,False,46015,84927,44604,12825,26,627,10
28,layer2.3.conv2,1918980,False,4033678,8148365,4040904,91531,918,41708,12954
28,layer2.3.bn2,43844,False,101951,241438,100716,30275,105,4076,95
28,layer2.3.relu2,17692,False,46886,84807,45528,12806,30,743,14
28,layer2.3.conv3,848688,False,1790430,5302345,1792896,59160,161,47708,4301
28,layer2.3.bn3,172445,False,373083,710088,372372,70483,83,52429,157
28,layer2.3.add,157266,False,341235,310320,340284,31703,35,51558,18
28,layer2.3.relu3,78309,False,174399,235335,173124,31622,23,19670,32
28,layer3.0.conv1,1716523,False,3608935,10452088,3615360,98499,300,68110,7610
28,layer3.0.bn1,86205,False,191175,395454,189924,43196,84,21992,108
28,layer3.0.relu1,32236,False,77423,135128,75936,19104,28,3158,12
28,layer3.0.conv2,2202223,False,4628037,9209335,4636632,115360,1311,163184,36940
28,layer3.0.bn2,37570,False,88442,176322,87192,25598,152,5005,132
28,layer3.0.relu2,12559,False,35961,59719,34524,9670,36,502,10
28,layer3.0.conv3,973642,False,2052421,5933696,2055312,68286,172,46315,16524
28,layer3.0.bn3,91826,False,203140,444619,201852,50995,105,23946,323
28,layer3.0.downsample.0,2218652,False,4661784,10958481,4670568,133519,1135,221736,33122
28,layer3.0.downsample.1,81978,False,182235,448011,181188,51750,121,13050,322
28,layer3.0.add,65391,False,147379,172336,146244,19159,41,17896,39
28,layer3.0.relu3,34190,False,81521,134983,79884,19078,33,3927,18
28,layer3.1.conv1,1016427,False,2141953,5946642,2145192,68051,260,52538,13975
28,layer3.1.bn1,34943,False,83126,172283,81732,24773,81,5414,118
28,layer3.1.relu1,11499,False,33753,59744,32424,9677,30,497,7
28,layer3.1.conv2,2036907,False,4281168,8733926,4288956,109298,1079,134277,36529
28,layer3.1.bn2,34561,False,82115,174770,80808,25337,94,1592,131
28,layer3.1.relu2,12579,False,36073,59851,34608,9692,41,502,10
28,layer3.1.conv3,975391,False,2055562,5933045,2058504,68156,132,46418,16358
28,layer3.1.bn3,89942,False,199422,444486,198324,50966,71,23251,324
28,layer3.1.add,67084,False,151208,172348,149856,19162,39,18835,36
28,layer3.1.relu3,32520,False,77638,134983,76188,19078,28,2676,12
28,layer3.2.conv1,1006194,False,2119968,5946324,2123100,68000,147,51495,13603
28,layer3.2.bn1,33728,False,80560,172079,79212,24734,55,5323,134
28,layer3.2.relu1,11770,False,34515,59731,33012,9673,27,474,6
28,layer3.2.conv2,2039673,False,4286945,8734411,4295004,109408,980,134739,36725
28,layer3.2.bn2,36661,False,86840,180755,85428,26258,124,2145,140
28,layer3.2.relu2,11908,False,34721,59839,33096,9689,24,497,8
28,layer3.2.conv3,968300,False,2041120,5933308,2044056,68221,118,46697,16249
28,layer3.2.bn3,91713,False,202423,444671,201348,51006,67,23708,303
28,layer3.2.add,65579,False,147851,172336,146496,19159,34,18251,42
28,layer3.2.relu3,30375,False,73221,134983,71988,19078,23,1873,9
28,layer3.3.conv1,1014337,False,2137171,5946488,2140152,68042,118,51757,13499
28,layer3.3.bn1,32895,False,78731,172213,77196,24755,48,5159,730
28,layer3.3.relu1,11639,False,33890,59719,32256,9670,24,520,18
28,layer3.3.conv2,2037943,False,4283648,8734853,4291560,109322,948,134330,36815
28,layer3.3.bn2,33364,False,79770,174768,78288,25338,96,1622,108
28,layer3.3.relu2,12197,False,35272,59901,33852,9706,37,475,11
28,layer3.3.conv3,968093,False,2040160,5932854,2043048,68122,109,46086,16212
28,layer3.3.bn3,91352,False,202117,444536,200928,50978,84,24105,301
28,layer3.3.add,84479,False,187701,200145,186396,23900,121,21247,215
28,layer3.3.relu3,31270,False,75468,134983,73920,19078,24,2652,17
28,layer3.4.conv1,1006578,False,2120670,5946541,2123772,68033,111,51486,13655
28,layer3.4.bn1,33085,False,79038,172079,77532,24734,62,5255,700
28,layer3.4.relu1,10656,False,31952,59719,30576,9670,18,510,13
28,layer3.4.conv2,2060090,False,4329473,8734291,4337424,109369,992,133860,43793
28,layer3.4.bn2,33314,False,79520,174976,78204,25385,97,1583,139
28,layer3.4.relu2,11422,False,33546,59839,32088,9689,28,515,15
28,layer3.4.conv3,971231,False,2046698,5932968,2049684,68155,118,46291,16123
28,layer3.4.bn3,91267,False,202097,444638,200928,50993,69,23848,311
28,layer3.4.add,67432,False,151642,172361,150276,19166,33,18910,44
28,layer3.4.relu3,31968,False,76821,134983,75600,19078,22,2735,11
28,layer3.5.conv1,1021323,False,2151919,5946150,2155020,67970,99,51858,13118
28,layer3.5.bn1,33139,False,78986,172213,77616,24755,49,5304,114
28,layer3.5.relu1,11707,False,34316,59719,32592,9670,26,480,12
28,layer3.5.conv2,2035177,False,4277745,8736842,4285512,109812,955,134516,36717
28,layer3.5.bn2,33936,False,80694,175986,79464,25526,97,1489,127
28,layer3.5.relu2,11855,False,34371,59851,32844,9692,41,478,12
28,layer3.5.conv3,967629,False,2039328,5931748,2042040,67970,123,46263,16131
28,layer3.5.bn3,88803,False,197063,444470,195972,50962,62,23481,324
28,layer3.5.add,66886,False,150738,172336,149520,19159,31,18857,38
28,layer3.5.relu3,31483,False,75877,134995,74424,19081,25,2606,26
28,layer4.0.conv1,1967459,False,4134878,11791667,4142460,121578,187,112832,32079
28,layer4.0.bn1,51656,False,118272,263827,116760,33662,68,9899,215
28,layer4.0.relu1,17960,False,47374,84819,45948,12809,25,749,8
28,layer4.0.conv2,3404926,False,7147222,11921694,7161504,161081,1014,471401,150072
28,layer4.0.bn2,30695,False,74115,156165,72744,25102,126,3231,183
28,layer4.0.relu2,8296,False,27130,47261,25536,8109,27,550,34
28,layer4.0.conv3,1260750,False,2654603,8172081,2659104,52711,407,112593,49967
28,layer4.0.bn3,59441,False,134233,364707,132972,48943,78,12115,593
28,layer4.0.downsample.0,2882665,False,6053748,11974869,6065640,166081,1061,493771,129410
28,layer4.0.downsample.1,57335,False,130035,368400,128856,49752,109,2805,510
28,layer4.0.add,31252,False,75369,103476,74172,12909,46,7050,29
28,layer4.0.relu3,17176,False,45732,84807,44184,12806,36,508,10
28,layer4.1.conv1,1234298,False,2599364,8153099,2603328,52320,372,142710,49580
28,layer4.1.bn1,29559,False,71711,153335,70308,24472,85,3963,181
28,layer4.1.relu1,8464,False,27482,47153,25956,8093,25,487,13
28,layer4.1.conv2,3163091,False,6641171,11169890,6654480,157648,894,465150,149262
28,layer4.1.bn2,31587,False,76364,156148,74844,25099,92,1584,181
28,layer4.1.relu2,8639,False,27978,47153,26376,8093,20,484,24
28,layer4.1.conv3,1265066,False,2663254,8173692,2667420,52967,336,114702,48576
28,layer4.1.bn3,66643,False,149544,373379,148260,50313,135,12750,563
28,layer4.1.add,31756,False,76636,103464,75432,12906,46,7126,33
28,layer4.1.relu3,16965,False,45291,84807,43848,12806,21,375,31
28,layer4.2.conv1,1226367,False,2582069,8146199,2586276,51236,265,139917,50545
28,layer4.2.bn1,29614,False,71927,153305,70476,24467,70,3940,181
28,layer4.2.relu1,8517,False,27436,47153,25788,8093,17,462,8
28,layer4.2.conv2,3153690,False,6621324,11171014,6634740,157952,902,464808,149149
28,layer4.2.bn2,31726,False,76265,155920,74760,25065,108,1600,182
28,layer4.2.relu2,8361,False,27120,47141,25620,8090,27,502,23
28,layer4.2.conv3,1258109,False,2648963,8178457,2653140,53681,285,115670,47880
28,layer4.2.bn3,60079,False,135696,364937,134400,48988,74,12087,662
28,layer4.2.add,31407,False,75673,103476,74172,12909,40,7078,35
28,layer4.2.relu3,17424,False,46050,84807,44688,12806,28,443,19
28,avgpool,82370,False,182754,274199,181608,38768,942,3194,1423
28,flatten,9348,False,29106,34015,27636,6364,106,451,172
28,fc,503969,False,1068683,347356,1069488,43756,362,133120,128199
29,conv1,2184752,False,4591734,8685738,4600092,96798,1717,178507,15773
29,bn1,335650,False,716746,1292124,716856,117618,287,104516,251
29,relu,174433,False,377507,436416,376908,56789,81,52206,41
29,maxpool,10217326,False,21430700,42895640,21479556,7869636,375484,91986,8015
29,layer1.0.conv1,269893,False,494097,1513289,576996,20118,384,27190,3868
29,layer1.0.bn1,88044,False,195103,385708,193788,41633,382,20950,693
29,layer1.0.relu1,33098,False,79178,134976,77616,19076,85,2242,34
29,layer1.0.conv2,1997779,False,4198980,8272294,4206636,92447,1946,62252,4643
29,layer1.0.bn2,75705,False,169380,388514,168084,42271,269,12496,144
29,layer1.0.relu2,34174,False,89222,141722,87864,20110,82,3916,38
29,layer1.0.conv3,856763,False,1807844,5274453,1810200,64085,299,65442,1843
29,layer1.0.bn3,329109,False,702445,1319104,702240,121728,441,102757,328
29,layer1.0.downsample.0,868226,False,1831806,5279830,1834140,64903,210,70264,4429
29,layer1.0.downsample.1,319908,False,683280,1297908,683172,118306,348,101284,791
29,layer1.0.add,314961,False,672636,586281,672504,56789,132,103195,450
29,layer1.0.relu3,172613,False,381549,443123,380940,56727,63,52234,57
29,layer1.1.conv1,810469,False,1711357,5646218,1713516,33727,211,62486,825
29,layer1.1.bn1,93591,False,206975,385842,205716,41657,148,26158,409
29,layer1.1.relu1,31803,False,76276,134983,74844,19078,34,2464,25
29,layer1.1.conv2,1979102,False,4159913,8264115,4167576,91125,1325,59279,3265
29,layer1.1.bn2,74141,False,166531,388417,165144,42241,198,11598,121
29,layer1.1.relu2,32918,False,78820,134983,77448,19078,47,3004,27
29,layer1.1.conv3,856412,False,1806616,5280979,1809276,65085,225,65784,1283
29,layer1.1.bn3,319155,False,681457,1298093,681324,118355,340,101334,572
29,layer1.1.add,316981,False,676952,592978,676872,57818,78,104104,228
29,layer1.1.relu3,173377,False,374714,436159,373716,56729,39,52040,30
29,layer1.2.conv1,810622,False,1710688,5647305,1712844,33908,183,62900,1101
29,layer1.2.bn1,92969,False,205333,385873,204204,41666,141,26033,307
29,layer1.2.relu1,31694,False,76399,134983,75096,19078,29,2508,19
29,layer1.2.conv2,1966453,False,4133372,8262554,4141116,90779,984,55190,3107
29,layer1.2.bn2,70716,False,158497,388574,157332,42266,191,8977,150
29,layer1.2.relu2,31477,False,75790,134995,74424,19081,36,1758,28
29,layer1.2.conv3,851972,False,1797187,5281242,1799532,65127,216,65491,1145
29,layer1.2.bn3,321280,False,686415,1297926,686616,118310,332,101407,7076
29,layer1.2.add,317435,False,677898,592780,677880,57795,56,103957,3389
29,layer1.2.relu3,173243,False,375278,436159,374472,56729,27,52174,89
29,layer2.0.conv1,1596634,False,3357989,11228415,3363864,54838,332,127313,2372
29,layer2.0.bn1,172890,False,373782,689976,373044,67239,208,53925,187
29,layer2.0.relu1,79483,False,176958,235335,175728,31622,26,20294,45
29,layer2.0.conv2,2130017,False,4476757,8561981,4485096,99599,1004,152833,11073
29,layer2.0.bn2,43690,False,101350,241325,100044,30240,132,2115,92
29,layer2.0.relu2,18376,False,47921,84819,46284,12809,37,536,28
29,layer2.0.conv3,850377,False,1793998,5302557,1796340,59161,214,42091,7405
29,layer2.0.bn3,169557,False,366963,709490,366156,70370,85,51709,174
29,layer2.0.downsample.0,2314476,False,4863889,11218890,4873092,155209,1202,260135,19336
29,layer2.0.downsample.1,176478,False,383280,713039,382620,71136,145,53213,1584
29,layer2.0.add,158988,False,344891,310332,343728,31706,64,52005,585
29,layer2.0.relu3,80039,False,177981,235347,176652,31625,57,19834,48
29,layer2.1.conv1,828307,False,1747089,5705198,1749468,34651,334,39480,4457
29,layer2.1.bn1,49302,False,113501,238485,112140,29623,116,10429,143
29,layer2.1.relu1,17505,False,46216,84927,44772,12825,39,821,12
29,layer2.1.conv2,1934473,False,4065632,8149555,4072908,91746,1230,42035,9551
29,layer2.1.bn2,42969,False,99806,241294,98280,30247,112,3886,109
29,layer2.1.relu2,18182,False,47816,84832,46368,12813,36,628,30
29,layer2.1.conv3,850105,False,1793613,5302416,1796088,59129,207,45570,6457
29,layer2.1.bn3,176278,False,381231,717198,380604,71591,113,53310,198
29,layer2.1.add,156211,False,339016,310320,338016,31703,42,51156,29
29,layer2.1.relu3,77654,False,173301,235347,172116,31625,26,19318,46
29,layer2.2.conv1,820827,False,1731649,5705023,1733844,34623,185,37180,3981
29,layer2.2.bn1,48351,False,111486,238428,110376,29608,66,10226,88
29,layer2.2.relu1,18146,False,47838,85264,46452,12880,30,776,18
29,layer2.2.conv2,1918232,False,4031844,8148062,4039476,91496,985,42058,9401
29,layer2.2.bn2,43261,False,100967,241347,99288,30259,117,3797,113
29,layer2.2.relu2,18471,False,48471,86155,46956,13026,43,711,17
29,layer2.2.conv3,850467,False,1794333,5303109,1796760,59250,168,47992,6189
29,layer2.2.bn3,169576,False,367638,709591,366744,70382,76,52247,365
29,layer2.2.add,157944,False,343012,310320,342216,31703,49,51894,42
29,layer2.2.relu3,77824,False,173356,235415,172200,31642,32,19609,57
29,layer2.3.conv1,821352,False,1732823,5705866,1735020,34763,187,37136,4254
29,layer2.3.bn1,47027,False,108601,238482,107268,29609,60,9433,110
29,layer2.3.relu1,17649,False,46501,85007,44940,12845,40,691,12
29,layer2.3.conv2,1919557,False,4035487,8150173,4042752,91860,970,41877,16189
29,layer2.3.bn2,42346,False,98571,241140,97104,30209,98,3851,115
29,layer2.3.relu2,18177,False,55726,90788,54348,13756,29,743,14
29,layer2.3.conv3,844681,False,1781791,5295503,1784076,58077,150,46760,5468
29,layer2.3.bn3,176131,False,381378,717070,380604,71562,90,53646,206
29,layer2.3.add,158315,False,343394,310320,342720,31703,41,51734,40
29,layer2.3.relu3,78556,False,174993,235415,173796,31642,28,19464,38
29,layer3.0.conv1,1757007,False,3693892,10454110,3700536,98839,301,68287,9468
29,layer3.0.bn1,84800,False,188200,395246,187152,43157,58,22217,142
29,layer3.0.relu1,32704,False,78540,135208,76944,19124,35,3365,20
29,layer3.0.conv2,2223056,False,4671361,9199460,4680144,113810,954,161327,51023
29,layer3.0.bn2,37279,False,88162,175336,86940,25468,142,4913,156
29,layer3.0.relu2,12671,False,36494,59799,35112,9690,35,508,16
29,layer3.0.conv3,974995,False,2055170,5933773,2058168,68301,189,45366,18869
29,layer3.0.bn3,96468,False,212794,451860,211848,52111,94,24939,382
29,layer3.0.downsample.0,2231368,False,4688467,10959660,4697112,133561,1066,221957,42110
29,layer3.0.downsample.1,81725,False,181980,447989,180852,51746,105,13095,346
29,layer3.0.add,65732,False,148258,172336,147084,19159,43,18291,85
29,layer3.0.relu3,34651,False,82688,135063,81144,19098,35,3826,30
29,layer3.1.conv1,1016406,False,2141870,5946960,2144856,68097,263,52180,19423
29,layer3.1.bn1,35116,False,83151,172203,81732,24753,76,5352,158
29,layer3.1.relu1,11516,False,33842,59824,32340,9697,28,483,13
29,layer3.1.conv2,2045433,False,4299427,8740519,4307268,110556,1188,134918,37721
29,layer3.1.bn2,34167,False,81181,174616,79800,25306,91,1519,159
29,layer3.1.relu2,12223,False,35292,59931,33852,9712,25,468,13
29,layer3.1.conv3,973827,False,2052583,5932971,2055480,68145,149,46196,17935
29,layer3.1.bn3,90794,False,200721,444457,199500,50969,76,23453,355
29,layer3.1.add,67249,False,151477,172348,150276,19162,41,19219,48
29,layer3.1.relu3,31207,False,74976,135063,73416,19098,26,2715,14
29,layer3.2.conv1,1008176,False,2124732,5946646,2127804,68029,149,50853,17890
29,layer3.2.bn1,32933,False,78495,171999,77028,24714,50,5254,137
29,layer3.2.relu1,10939,False,32536,59811,30912,9693,20,479,9
29,layer3.2.conv2,2048313,False,4305140,8745362,4313064,111366,1043,135283,37588
29,layer3.2.bn2,34328,False,81505,174748,80136,25336,100,1538,145
29,layer3.2.relu2,11933,False,34761,59919,33264,9709,25,531,30
29,layer3.2.conv3,969539,False,2043769,5932684,2046912,68108,134,46767,17297
29,layer3.2.bn3,92616,False,204966,444722,203532,51017,71,23676,320
29,layer3.2.add,70066,False,157381,179293,156072,20244,49,19559,69
29,layer3.2.relu3,31240,False,75072,135063,73752,19098,28,1929,15
29,layer3.3.conv1,1016537,False,2141656,5947182,2144604,68123,110,50166,17719
29,layer3.3.bn1,34007,False,80878,172133,79380,24735,51,5237,1353
29,layer3.3.relu1,11147,False,33078,59799,31668,9690,20,472,18
29,layer3.3.conv2,2040675,False,4288653,8738525,4296852,109892,821,134966,38969
29,layer3.3.bn2,33654,False,80272,175065,78876,25414,106,1556,149
29,layer3.3.relu2,12746,False,36278,61329,34944,9946,46,564,50
29,layer3.3.conv3,971694,False,2048243,5933534,2051112,68270,128,46533,17093
29,layer3.3.bn3,92217,False,203919,444476,202776,50974,75,24141,341
29,layer3.3.add,68149,False,153673,172336,152460,19159,37,19354,65
29,layer3.3.relu3,31925,False,76709,135063,75348,19098,26,2440,18
29,layer3.4.conv1,1011113,False,2130507,5946218,2133684,67987,112,50826,17542
29,layer3.4.bn1,33320,False,79399,171999,77784,24714,44,5375,1198
29,layer3.4.relu1,11813,False,42717,65751,41244,10606,42,1141,18
29,layer3.4.conv2,2062097,False,4333633,8738686,4341708,110174,836,134137,46799
29,layer3.4.bn2,33541,False,80121,174657,78792,25315,71,1539,153
29,layer3.4.relu2,12373,False,35733,59919,34188,9709,31,538,24
29,layer3.4.conv3,982143,False,2069685,5949816,2072700,70816,156,46808,16854
29,layer3.4.bn3,91636,False,202868,444583,201684,50984,71,23971,352
29,layer3.4.add,67322,False,151365,172361,150192,19166,37,19109,59
29,layer3.4.relu3,32058,False,77064,135063,75516,19098,29,2782,18
29,layer3.5.conv1,1007706,False,2123360,5946088,2126628,68002,105,51436,17081
29,layer3.5.bn1,33567,False,80049,172133,78876,24735,47,5309,132
29,layer3.5.relu1,11282,False,33263,59799,31752,9690,20,537,21
29,layer3.5.conv2,2038719,False,4285194,8738645,4293072,110230,980,135132,37218
29,layer3.5.bn2,33666,False,80235,174670,78876,25309,88,1549,149
29,layer3.5.relu2,12803,False,36589,59931,35196,9712,42,492,21
29,layer3.5.conv3,966310,False,2037124,5926630,2040108,67173,100,45271,16406
29,layer3.5.bn3,89815,False,199081,444331,197820,50931,84,23462,342
29,layer3.5.add,67236,False,151738,172336,150696,19159,38,19236,51
29,layer3.5.relu3,32270,False,77344,135075,75852,19101,30,2594,28
29,layer4.0.conv1,1975201,False,4150898,11791677,4158504,121624,202,110375,41576
29,layer4.0.bn1,50878,False,116274,263983,114912,33686,86,9980,233
29,layer4.0.relu1,17333,False,45913,84899,44688,12829,25,683,11
29,layer4.0.conv2,3548513,False,7448844,11925111,7463568,161646,1001,471729,226897
29,layer4.0.bn2,31542,False,76012,155854,74760,25058,132,3176,201
29,layer4.0.relu2,9540,False,29777,47341,28224,8129,32,578,43
29,layer4.0.conv3,1305264,False,2748408,8172927,2752764,52906,441,112677,77545
29,layer4.0.bn3,60636,False,136881,364639,135744,48931,99,12262,781
29,layer4.0.downsample.0,2955248,False,6205564,11978987,6217680,166920,1267,493773,194554
29,layer4.0.downsample.1,59283,False,134053,367964,132636,49663,112,2968,718
29,layer4.0.add,33120,False,79202,103476,77700,12909,60,7122,65
29,layer4.0.relu3,18220,False,48165,84887,46536,12826,53,544,32
29,layer4.1.conv1,1264308,False,2661837,8169880,2666244,54916,457,142442,91944
29,layer4.1.bn1,30561,False,73897,153112,72576,24432,95,3950,242
29,layer4.1.relu1,9268,False,29281,47233,27720,8113,33,642,66
29,layer4.1.conv2,3279259,False,6884396,11168992,6898080,157494,1097,465050,204704
29,layer4.1.bn2,33478,False,80280,158402,78960,25470,155,1714,219
29,layer4.1.relu2,9545,False,29825,47233,28224,8113,29,524,25
29,layer4.1.conv3,1312774,False,2763225,8179126,2767548,53810,290,115495,79131
29,layer4.1.bn3,60871,False,137419,364972,136248,48985,79,12136,774
29,layer4.1.add,31988,False,76884,103464,75600,12906,58,7057,30
29,layer4.1.relu3,16894,False,45324,84887,43596,12826,26,370,16
29,layer4.2.conv1,1247615,False,2626400,8146848,2630544,51330,248,139640,93866
29,layer4.2.bn1,30563,False,73677,153030,72156,24410,69,4053,207
29,layer4.2.relu1,7897,False,26352,47233,25032,8113,19,468,7
29,layer4.2.conv2,3268823,False,6862212,11173045,6875820,158142,925,465038,196951
29,layer4.2.bn2,31324,False,75515,156142,74256,25108,102,1588,209
29,layer4.2.relu2,9221,False,29028,48569,27636,8330,42,490,14
29,layer4.2.conv3,1297614,False,2731506,8172056,2735964,52699,197,114381,79121
29,layer4.2.bn3,61299,False,138261,364997,137172,48989,73,12120,798
29,layer4.2.add,30875,False,74732,103476,73248,12909,39,7052,26
29,layer4.2.relu3,16757,False,44894,84887,43428,12826,31,407,15
29,avgpool,91679,False,202578,274368,201432,38797,979,3167,2278
29,flatten,9177,False,28870,34015,27384,6364,99,426,271
29,fc,502752,False,1075358,347911,1067388,42827,312,132112,129231
