iter,layer,ns,multiplexed,cycles,l1d_replacement,l2_lines_in,l2_lines_out_nonsilent,l2_hwpf
0,conv1,2174013,False,4568291,213937,177909,175025,264391
0,bn1,337816,False,727432,103407,105342,102562,106479
0,relu,174924,False,377586,51303,52191,50801,51351
0,maxpool,10339896,False,21675979,91737,92771,90471,130823
0,layer1.0.conv1,260306,False,498085,42945,27082,25961,5396
0,layer1.0.bn1,88311,False,194161,27044,21130,20300,26762
0,layer1.0.relu1,32671,False,76928,13538,2254,2188,14005
0,layer1.0.conv2,1983068,False,4166851,167252,59592,57272,146528
0,layer1.0.bn2,74242,False,165034,27065,11478,10929,24505
0,layer1.0.relu2,33759,False,78978,13501,3006,2888,13500
0,layer1.0.conv3,858780,False,1810579,135314,66116,63852,25549
0,layer1.0.bn3,316982,False,675377,102678,101352,99740,106484
0,layer1.0.downsample.0,868423,False,1830944,134919,70107,68105,26429
0,layer1.0.downsample.1,322495,False,686958,102910,102186,100049,106573
0,layer1.0.add,313686,False,668304,101647,103281,101757,104466
0,layer1.0.relu3,174090,False,375234,51274,52042,50662,51381
0,layer1.1.conv1,807507,False,1702720,550362,62280,60318,57219
0,layer1.1.bn1,94229,False,206489,27038,26291,25349,27096
0,layer1.1.relu1,30599,False,72598,13522,2328,2264,11510
0,layer1.1.conv2,1972794,False,4146236,167041,58934,56693,145648
0,layer1.1.bn2,76398,False,169394,27109,11641,11104,24400
0,layer1.1.relu2,34237,False,80163,13497,3102,3003,14003
0,layer1.1.conv3,852911,False,1805469,135023,65014,62817,25063
0,layer1.1.bn3,323014,False,687647,102922,102323,100109,106580
0,layer1.1.add,313840,False,668282,101633,103025,101555,104795
0,layer1.1.relu3,173310,False,373300,51277,52171,50827,51338
0,layer1.2.conv1,811532,False,1710834,551880,62869,60833,54483
0,layer1.2.bn1,93645,False,205271,27022,26095,25200,27196
0,layer1.2.relu1,31559,False,74162,13495,2345,2290,13667
0,layer1.2.conv2,1966734,False,4131804,167101,54689,52366,141237
0,layer1.2.bn2,69606,False,154656,27114,8401,7955,22692
0,layer1.2.relu2,33420,False,78261,13737,2237,2162,11385
0,layer1.2.conv3,846757,False,1785200,134951,64596,62441,25331
0,layer1.2.bn3,321898,False,685815,102930,102438,100291,105969
0,layer1.2.add,311934,False,664532,101566,102937,101478,104901
0,layer1.2.relu3,173810,False,374560,51283,52261,50879,51227
0,layer2.0.conv1,1593526,False,3350434,1092653,127173,124837,108910
0,layer2.0.bn1,172856,False,372654,52284,53955,52409,52993
0,layer2.0.relu1,78860,False,174404,26069,20145,19494,29605
0,layer2.0.conv2,2135257,False,4465847,355535,153757,149647,393432
0,layer2.0.bn2,47058,False,107018,14815,2806,2713,6908
0,layer2.0.relu2,18184,False,46059,7220,526,510,3836
0,layer2.0.conv3,843672,False,1778606,126213,41168,39122,35838
0,layer2.0.bn3,173574,False,373851,52650,52455,50503,53724
0,layer2.0.downsample.0,2302525,False,4836556,1120824,258971,256133,859245
0,layer2.0.downsample.1,175113,False,377398,52573,53004,51438,53910
0,layer2.0.add,158890,False,343551,51247,51877,50402,52419
0,layer2.0.relu3,83322,False,183647,26337,21144,20333,29762
0,layer2.1.conv1,817477,False,1723425,551232,37628,35974,279518
0,layer2.1.bn1,47797,False,108826,14436,10200,9765,13670
0,layer2.1.relu1,18213,False,46269,7207,873,851,5058
0,layer2.1.conv2,1913576,False,4020691,159930,41151,38925,117486
0,layer2.1.bn2,44558,False,101517,14521,3830,3529,8845
0,layer2.1.relu2,18254,False,46686,7224,558,536,4216
0,layer2.1.conv3,841746,False,1774429,125945,44241,42262,35104
0,layer2.1.bn3,171180,False,369098,52414,52135,50163,53666
0,layer2.1.add,156472,False,338032,51236,51121,49725,52453
0,layer2.1.relu3,78416,False,173335,26053,19327,18803,30328
0,layer2.2.conv1,819594,False,1727306,552415,36638,35024,274318
0,layer2.2.bn1,48049,False,109131,14405,10169,9722,13438
0,layer2.2.relu1,17847,False,45641,7211,726,717,5565
0,layer2.2.conv2,1914728,False,4023233,160392,42148,40376,120582
0,layer2.2.bn2,42537,False,97548,14506,3824,3550,8317
0,layer2.2.relu2,17888,False,45569,7186,677,649,3375
0,layer2.2.conv3,847473,False,1786587,126704,47572,45253,34918
0,layer2.2.bn3,170298,False,367300,52412,52202,50594,53593
0,layer2.2.add,157394,False,340172,51208,51706,50313,52218
0,layer2.2.relu3,78118,False,172224,26076,19456,18835,30036
0,layer2.3.conv1,813631,False,1722206,550187,35002,33206,275309
0,layer2.3.bn1,49350,False,112111,14454,9495,9096,13503
0,layer2.3.relu1,17651,False,45101,7200,669,661,4222
0,layer2.3.conv2,1916227,False,4026717,160219,41726,39585,118225
0,layer2.3.bn2,42274,False,96903,14504,3713,3498,9259
0,layer2.3.relu2,17630,False,44831,7210,719,693,3901
0,layer2.3.conv3,843169,False,1777229,126226,46673,44584,33386
0,layer2.3.bn3,174763,False,376158,52633,53340,51299,53552
0,layer2.3.add,157363,False,340083,51236,51651,50242,52491
0,layer2.3.relu3,78359,False,173201,26065,19377,18795,29745
0,layer3.0.conv1,1729978,False,3635470,999912,68030,65927,772716
0,layer3.0.bn1,84462,False,185685,27095,22215,21144,26940
0,layer3.0.relu1,32246,False,75618,13503,3473,3378,12690
0,layer3.0.conv2,2187986,False,4596706,404192,156119,153426,431918
0,layer3.0.bn2,32761,False,76674,8319,1734,1707,2549
0,layer3.0.relu2,11856,False,32846,4075,561,557,1283
0,layer3.0.conv3,973236,False,2049850,525893,45946,43870,427270
0,layer3.0.bn3,92382,False,202870,27519,23879,22884,27771
0,layer3.0.downsample.0,2216081,False,4655668,1242365,222619,219048,995200
0,layer3.0.downsample.1,81479,False,180267,27668,12943,12302,25956
0,layer3.0.add,65861,False,146703,26047,18065,17396,25387
0,layer3.0.relu3,33817,False,78861,13488,3638,3537,14101
0,layer3.1.conv1,1017118,False,2142058,558540,52892,51083,472068
0,layer3.1.bn1,33843,False,79027,8235,5350,5075,5090
0,layer3.1.relu1,11500,False,32110,4076,496,483,1325
0,layer3.1.conv2,2027260,False,4259006,207744,130368,127753,220638
0,layer3.1.bn2,32472,False,76273,8326,1469,1446,1248
0,layer3.1.relu2,12089,False,33623,4070,518,509,1641
0,layer3.1.conv3,967661,False,2038286,525861,46168,43883,426194
0,layer3.1.bn3,90046,False,197940,27496,23356,22372,27856
0,layer3.1.add,66942,False,149684,26041,19000,18322,26719
0,layer3.1.relu3,32632,False,83519,13738,3333,3204,12730
0,layer3.2.conv1,1008430,False,2123453,558437,51419,49491,472222
0,layer3.2.bn1,32685,False,76688,8200,5328,5061,5075
0,layer3.2.relu1,11077,False,31318,4063,487,453,1666
0,layer3.2.conv2,2026077,False,4256885,206989,130356,127588,216315
0,layer3.2.bn2,33029,False,77184,8300,1475,1444,1252
0,layer3.2.relu2,11179,False,31487,4068,489,475,1632
0,layer3.2.conv3,968561,False,2039854,525957,46746,44636,426327
0,layer3.2.bn3,92905,False,203515,27490,23670,22639,28208
0,layer3.2.add,66086,False,147377,26050,18466,17778,26514
0,layer3.2.relu3,30301,False,71684,13496,1975,1925,11877
0,layer3.3.conv1,1010947,False,2128481,558473,51737,49807,473088
0,layer3.3.bn1,32389,False,75891,8204,5228,5056,5126
0,layer3.3.relu1,11322,False,32007,4044,476,470,1455
0,layer3.3.conv2,2029676,False,4264669,207537,131214,128221,217433
0,layer3.3.bn2,34417,False,80293,8324,1523,1497,1373
0,layer3.3.relu2,11519,False,32304,4090,495,494,1641
0,layer3.3.conv3,965878,False,2035018,525609,45101,42896,426339
0,layer3.3.bn3,91406,False,200494,27480,23946,22683,27902
0,layer3.3.add,67373,False,150325,26057,19118,18362,26139
0,layer3.3.relu3,32151,False,75555,13481,2404,2331,12714
0,layer3.4.conv1,1005773,False,2117822,558560,51981,50244,473186
0,layer3.4.bn1,33266,False,77643,8201,5339,5127,5268
0,layer3.4.relu1,11203,False,31451,4075,500,490,2004
0,layer3.4.conv2,2058181,False,4324539,207278,130368,127765,216407
0,layer3.4.bn2,33436,False,78366,8368,1574,1545,1321
0,layer3.4.relu2,11635,False,32540,4078,495,490,1669
0,layer3.4.conv3,972508,False,2048212,525977,46053,44016,427708
0,layer3.4.bn3,91685,False,201109,27500,23702,22721,28074
0,layer3.4.add,66855,False,149239,26046,18982,18309,26505
0,layer3.4.relu3,31931,False,75146,13488,2770,2685,12263
0,layer3.5.conv1,1004527,False,2115246,558736,51807,49743,474271
0,layer3.5.bn1,33305,False,78135,8223,5403,5174,5547
0,layer3.5.relu1,11173,False,31370,4064,471,455,1309
0,layer3.5.conv2,2027997,False,4260707,206811,130502,127663,215850
0,layer3.5.bn2,33071,False,77325,8347,1491,1464,1270
0,layer3.5.relu2,12507,False,34300,4068,495,479,1187
0,layer3.5.conv3,969685,False,2042742,525938,46273,44186,425264
0,layer3.5.bn3,90089,False,197720,27502,23621,22384,27770
0,layer3.5.add,67057,False,149531,26042,18874,18181,26250
0,layer3.5.relu3,31722,False,74699,13503,2609,2527,12539
0,layer4.0.conv1,1962291,False,4122894,1086031,113122,110581,933323
0,layer4.0.bn1,51760,False,116871,14699,9770,9339,13680
0,layer4.0.relu1,17402,False,44554,7247,729,711,4105
0,layer4.0.conv2,3413961,False,7165284,696298,470963,467538,838619
0,layer4.0.bn2,30762,False,72632,5352,3195,3147,2622
0,layer4.0.relu2,8399,False,25656,2530,473,465,610
0,layer4.0.conv3,1277637,False,2660982,721788,113493,110469,508815
0,layer4.0.bn3,60926,False,135998,15475,12243,11752,16979
0,layer4.0.downsample.0,2890633,False,6068652,1161598,493259,489350,958759
0,layer4.0.downsample.1,58160,False,130109,15484,2930,2877,8885
0,layer4.0.add,32806,False,77048,13463,7083,6953,9580
0,layer4.0.relu3,17783,False,45358,7229,501,486,3888
0,layer4.1.conv1,1234189,False,2597188,758965,141324,138912,516941
0,layer4.1.bn1,30017,False,71078,5251,3928,3791,3580
0,layer4.1.relu1,8126,False,25314,2490,500,481,744
0,layer4.1.conv2,3154432,False,6621888,526397,464830,461149,601195
0,layer4.1.bn2,32819,False,77114,5359,1537,1528,1510
0,layer4.1.relu2,9121,False,27281,2524,522,517,641
0,layer4.1.conv3,1265485,False,2662745,722340,114860,112530,522787
0,layer4.1.bn3,61019,False,136291,15445,12087,11758,16784
0,layer4.1.add,32625,False,76616,13459,7031,6889,10973
0,layer4.1.relu3,18146,False,46181,7212,378,374,3890
0,layer4.2.conv1,1226515,False,2580661,759000,140158,137765,524176
0,layer4.2.bn1,30445,False,72008,5237,4043,3901,3722
0,layer4.2.relu1,8265,False,25391,2488,489,477,732
0,layer4.2.conv2,3142646,False,6596566,526444,464225,460647,600882
0,layer4.2.bn2,31679,False,74383,5300,1558,1552,1453
0,layer4.2.relu2,8339,False,25485,2502,499,497,663
0,layer4.2.conv3,1259683,False,2650096,722332,114945,112663,518069
0,layer4.2.bn3,64222,False,142874,15687,12850,12485,16517
0,layer4.2.add,31074,False,73394,13461,7059,6764,10990
0,layer4.2.relu3,16815,False,43554,7206,392,381,3993
0,avgpool,85132,False,187179,8727,3102,3005,6480
0,flatten,8552,False,26101,571,443,430,81
0,fc,500425,False,1060510,132868,132158,130327,164894
1,conv1,2176769,False,4573437,214193,178985,175467,265318
1,bn1,334974,False,714157,103037,104498,102788,105927
1,relu,174446,False,376158,51338,52166,50758,51387
1,maxpool,10272625,False,21536405,91675,92688,90299,131397
1,layer1.0.conv1,268553,False,492068,42618,26910,25868,5311
1,layer1.0.bn1,89850,False,197576,27056,21147,20392,26814
1,layer1.0.relu1,33124,False,77998,13546,2398,2329,14303
1,layer1.0.conv2,1984891,False,4171302,167527,59633,57373,144877
1,layer1.0.bn2,76417,False,169088,27105,11666,11082,24694
1,layer1.0.relu2,33028,False,77453,13526,3030,2927,13571
1,layer1.0.conv3,862632,False,1818885,135224,66176,63895,25587
1,layer1.0.bn3,319247,False,680508,102700,101452,99799,106085
1,layer1.0.downsample.0,862403,False,1826145,135441,69446,67314,26449
1,layer1.0.downsample.1,323957,False,690080,102926,102075,99874,106286
1,layer1.0.add,313958,False,668539,101640,103154,101638,104963
1,layer1.0.relu3,173299,False,373451,51282,52091,50751,50597
1,layer1.1.conv1,811188,False,1710363,550816,62334,60271,56669
1,layer1.1.bn1,93929,False,205878,27016,26094,25213,27086
1,layer1.1.relu1,31243,False,73691,13511,2331,2265,11602
1,layer1.1.conv2,1975078,False,4150453,167174,59482,57182,147508
1,layer1.1.bn2,75708,False,168239,27127,11722,11116,24735
1,layer1.1.relu2,32680,False,82350,13760,3283,3133,12694
1,layer1.1.conv3,850837,False,1794369,134934,64751,62682,25225
1,layer1.1.bn3,322636,False,687461,102886,102209,100126,106327
1,layer1.1.add,312536,False,665961,101607,103001,101464,104759
1,layer1.1.relu3,173137,False,373548,51286,52204,50871,50439
1,layer1.2.conv1,809907,False,1707818,551191,62734,60667,54990
1,layer1.2.bn1,93088,False,204222,27002,26107,25176,27284
1,layer1.2.relu1,31197,False,73989,13506,2421,2367,14045
1,layer1.2.conv2,1969710,False,4140492,167276,55387,52838,140921
1,layer1.2.bn2,73301,False,162566,27288,9377,8839,22454
1,layer1.2.relu2,30820,False,73014,13494,1822,1716,12240
1,layer1.2.conv3,846815,False,1785905,134632,64395,62427,24805
1,layer1.2.bn3,322194,False,686459,102870,102147,100127,106889
1,layer1.2.add,312545,False,665630,101578,102979,101478,104460
1,layer1.2.relu3,173805,False,374708,51266,52301,50932,51299
1,layer2.0.conv1,1595446,False,3354616,1092241,127305,124929,106992
1,layer2.0.bn1,172781,False,372335,52265,54016,52474,52901
1,layer2.0.relu1,78913,False,174348,26083,20206,19590,29759
1,layer2.0.conv2,2123365,False,4460820,355447,150812,147777,385145
1,layer2.0.bn2,43473,False,99500,14572,2246,2181,6415
1,layer2.0.relu2,17559,False,44794,7213,502,492,4203
1,layer2.0.conv3,847625,False,1786484,126377,41781,39874,34972
1,layer2.0.bn3,167762,False,361642,52390,51835,49912,53486
1,layer2.0.downsample.0,2305489,False,4842530,1121730,258702,255818,860166
1,layer2.0.downsample.1,175817,False,378892,52615,53109,51558,53819
1,layer2.0.add,158278,False,342392,51213,51691,50225,52234
1,layer2.0.relu3,80360,False,177560,26139,20341,19356,29793
1,layer2.1.conv1,817010,False,1722082,550881,37067,35595,279728
1,layer2.1.bn1,50637,False,114669,14728,10926,10362,13800
1,layer2.1.relu1,17841,False,45380,7222,782,749,5578
1,layer2.1.conv2,1917358,False,4028467,160038,41261,39412,116102
1,layer2.1.bn2,43606,False,99561,14502,3743,3478,8422
1,layer2.1.relu2,17853,False,45819,7230,579,556,4259
1,layer2.1.conv3,845195,False,1781459,126586,44960,43017,35889
1,layer2.1.bn3,170268,False,366841,52367,52153,50272,53739
1,layer2.1.add,156429,False,337672,51212,51141,49730,52473
1,layer2.1.relu3,78620,False,173669,26051,19335,18825,30466
1,layer2.2.conv1,817018,False,1721974,552807,37093,35320,277199
1,layer2.2.bn1,47634,False,108127,14406,10069,9656,13227
1,layer2.2.relu1,17275,False,44389,7211,726,718,4352
1,layer2.2.conv2,1914960,False,4023188,160275,41735,40042,118424
1,layer2.2.bn2,44367,False,101649,14489,3800,3555,8136
1,layer2.2.relu2,17978,False,45756,7219,695,668,3186
1,layer2.2.conv3,849981,False,1791229,126706,47474,45194,34679
1,layer2.2.bn3,169603,False,365393,52416,52216,50662,53607
1,layer2.2.add,158135,False,341312,51232,51788,50399,52339
1,layer2.2.relu3,81398,False,179741,26333,20536,19905,28964
1,layer2.3.conv1,816627,False,1721015,550012,35269,33505,273594
1,layer2.3.bn1,46616,False,105994,14410,9429,9031,13230
1,layer2.3.relu1,20239,False,50744,7435,1371,1356,5304
1,layer2.3.conv2,1917106,False,4027857,160024,41116,38936,119512
1,layer2.3.bn2,46448,False,105584,14804,4387,4071,9694
1,layer2.3.relu2,18363,False,46723,7208,657,633,4510
1,layer2.3.conv3,843676,False,1778368,126208,46787,44832,33404
1,layer2.3.bn3,172097,False,379012,52708,53306,51238,53907
1,layer2.3.add,158396,False,342301,51198,51552,50184,52314
1,layer2.3.relu3,77527,False,171465,26068,19476,18924,28477
1,layer3.0.conv1,1742216,False,3661188,999632,68063,65890,772300
1,layer3.0.bn1,85694,False,188397,27098,21981,20838,26999
1,layer3.0.relu1,32372,False,76218,13510,3124,3049,14637
1,layer3.0.conv2,2192446,False,4605562,403869,162172,159288,426708
1,layer3.0.bn2,33897,False,79234,8349,1788,1768,2790
1,layer3.0.relu2,12351,False,34132,4076,512,507,1620
1,layer3.0.conv3,968430,False,2039288,525993,45994,43864,426854
1,layer3.0.bn3,92190,False,201968,27515,23838,22856,27832
1,layer3.0.downsample.0,2220821,False,4665807,1242772,222169,218745,993663
1,layer3.0.downsample.1,82351,False,182092,27699,13192,12594,26742
1,layer3.0.add,65670,False,146619,26041,18056,17360,25449
1,layer3.0.relu3,33808,False,79032,13533,3835,3723,12822
1,layer3.1.conv1,1024667,False,2157311,558547,53624,51744,471965
1,layer3.1.bn1,34340,False,80420,8234,5331,5095,5124
1,layer3.1.relu1,11797,False,32951,4057,502,483,1649
1,layer3.1.conv2,2036933,False,4280103,206753,131016,128108,217358
1,layer3.1.bn2,32569,False,76262,8233,1532,1510,1222
1,layer3.1.relu2,11957,False,33477,4071,494,492,1669
1,layer3.1.conv3,967527,False,2038032,525817,46198,43939,426957
1,layer3.1.bn3,89196,False,195737,27491,23342,22414,27776
1,layer3.1.add,70938,False,157560,26301,19934,18874,27195
1,layer3.1.relu3,31492,False,74266,13490,2649,2554,12524
1,layer3.2.conv1,1010269,False,2127457,558389,51935,50242,473111
1,layer3.2.bn1,33643,False,78667,8188,5213,4944,4696
1,layer3.2.relu1,11371,False,31945,4076,492,467,1710
1,layer3.2.conv2,2036361,False,4278458,207539,131185,128229,215281
1,layer3.2.bn2,32829,False,76948,8305,1515,1483,1240
1,layer3.2.relu2,11616,False,32244,4078,554,542,1258
1,layer3.2.conv3,968395,False,2039482,525869,46861,44672,427104
1,layer3.2.bn3,92599,False,202566,27495,23701,22625,28097
1,layer3.2.add,65272,False,145574,26042,18337,17599,26797
1,layer3.2.relu3,31566,False,74402,13496,1926,1883,11111
1,layer3.3.conv1,1014132,False,2135583,558540,51759,49839,473170
1,layer3.3.bn1,35167,False,81758,8217,5307,5152,5833
1,layer3.3.relu1,11837,False,32860,4047,474,468,1657
1,layer3.3.conv2,2029313,False,4263699,207343,130534,127766,216882
1,layer3.3.bn2,33486,False,78413,8328,1515,1493,1261
1,layer3.3.relu2,11585,False,32375,4108,515,507,1243
1,layer3.3.conv3,969866,False,2042719,526034,46095,44111,427922
1,layer3.3.bn3,91897,False,201966,27490,24048,22651,28009
1,layer3.3.add,67396,False,150150,26039,19226,18475,26270
1,layer3.3.relu3,30842,False,72673,13486,2462,2378,12325
1,layer3.4.conv1,1004393,False,2114694,558666,52273,50507,471490
1,layer3.4.bn1,32839,False,76978,8211,5290,5088,5192
1,layer3.4.relu1,11355,False,31703,4061,488,482,1846
1,layer3.4.conv2,2051447,False,4310386,207425,130188,127509,219363
1,layer3.4.bn2,33580,False,78570,8329,1573,1557,1418
1,layer3.4.relu2,11713,False,32752,4095,525,519,1649
1,layer3.4.conv3,971664,False,2046714,525892,45978,44002,427987
1,layer3.4.bn3,91172,False,199848,27506,23737,22786,28012
1,layer3.4.add,67303,False,149629,26052,18911,18281,26205
1,layer3.4.relu3,35785,False,83435,13725,3510,3404,12957
1,layer3.5.conv1,1003125,False,2112164,558608,51925,49957,472872
1,layer3.5.bn1,32396,False,75960,8207,5366,5071,5321
1,layer3.5.relu1,11099,False,31276,4085,468,445,1732
1,layer3.5.conv2,2024792,False,4254275,207057,130848,127981,216851
1,layer3.5.bn2,31967,False,75255,8191,1487,1447,1301
1,layer3.5.relu2,12040,False,33329,4076,564,555,1272
1,layer3.5.conv3,969325,False,2041622,525887,46175,44065,427089
1,layer3.5.bn3,90558,False,199070,27538,23740,22557,27987
1,layer3.5.add,66764,False,148876,26054,18901,18206,26332
1,layer3.5.relu3,31642,False,74357,13476,2656,2577,12586
1,layer4.0.conv1,1963283,False,4124769,1086067,113663,111114,931744
1,layer4.0.bn1,53300,False,120057,14720,9972,9544,13797
1,layer4.0.relu1,17480,False,44883,7222,675,654,3967
1,layer4.0.conv2,3404783,False,7146077,695989,471412,467699,842301
1,layer4.0.bn2,30420,False,71870,5381,3170,3102,2676
1,layer4.0.relu2,9160,False,27763,2517,568,560,716
1,layer4.0.conv3,1255587,False,2642012,721936,112540,110315,518100
1,layer4.0.bn3,61405,False,136969,15445,12190,11820,17015
1,layer4.0.downsample.0,2884542,False,6055658,1164512,493083,489422,960840
1,layer4.0.downsample.1,58502,False,130950,15601,2828,2792,8768
1,layer4.0.add,32094,False,75610,13477,7096,7002,9892
1,layer4.0.relu3,17620,False,45016,7222,506,499,5095
1,layer4.1.conv1,1230756,False,2590164,759576,142442,140052,521884
1,layer4.1.bn1,29966,False,70957,5235,3839,3700,3254
1,layer4.1.relu1,8664,False,26416,2493,495,470,617
1,layer4.1.conv2,3143250,False,6597654,526405,464305,460727,601193
1,layer4.1.bn2,31923,False,75188,5335,1603,1589,1516
1,layer4.1.relu2,8710,False,26540,2514,597,593,837
1,layer4.1.conv3,1252533,False,2636390,722602,114834,112542,523514
1,layer4.1.bn3,61422,False,136845,15484,12068,11732,16850
1,layer4.1.add,30880,False,73076,13467,7041,6890,10583
1,layer4.1.relu3,17199,False,44412,7218,400,396,3949
1,layer4.2.conv1,1223832,False,2575080,758922,140502,138208,521635
1,layer4.2.bn1,29903,False,70935,5220,3956,3827,3674
1,layer4.2.relu1,8244,False,25431,2493,472,462,688
1,layer4.2.conv2,3141252,False,6594516,526292,464432,460881,599724
1,layer4.2.bn2,32598,False,76540,5321,1597,1591,1470
1,layer4.2.relu2,8546,False,26266,2497,457,456,593
1,layer4.2.conv3,1250676,False,2632532,722745,114648,112268,520798
1,layer4.2.bn3,65226,False,145122,15695,12973,12563,16610
1,layer4.2.add,31258,False,73634,13458,7136,6785,11088
1,layer4.2.relu3,17413,False,44800,7205,362,343,3797
1,avgpool,80424,False,177365,8707,3127,3025,6481
1,flatten,7936,False,24816,607,440,425,83
1,fc,496226,False,1052050,132775,132106,130253,165789
2,conv1,2173519,False,4566916,213676,178863,175482,264780
2,bn1,334112,False,711950,102989,104419,102674,106162
2,relu,175242,False,377662,51329,52211,50812,50673
2,maxpool,10275085,False,21484451,91972,94050,90109,130792
2,layer1.0.conv1,251704,False,496008,42849,27248,26151,5386
2,layer1.0.bn1,89470,False,196618,27076,21018,20258,26610
2,layer1.0.relu1,33514,False,78791,13543,2375,2296,13908
2,layer1.0.conv2,1983731,False,4169004,167260,59849,57601,145738
2,layer1.0.bn2,77121,False,170755,27103,11667,11058,24549
2,layer1.0.relu2,33575,False,78711,13513,3196,3091,14172
2,layer1.0.conv3,859347,False,1811786,135142,66075,63751,25794
2,layer1.0.bn3,318413,False,678191,102677,101311,99708,106373
2,layer1.0.downsample.0,863117,False,1819680,134784,70054,68020,26190
2,layer1.0.downsample.1,323620,False,689494,102919,102046,99881,106313
2,layer1.0.add,314544,False,670305,101659,103301,101791,104431
2,layer1.0.relu3,173732,False,374016,51310,52118,50748,51465
2,layer1.1.conv1,810596,False,1709307,550847,62335,60310,56684
2,layer1.1.bn1,93135,False,204042,27007,26168,25252,27160
2,layer1.1.relu1,31084,False,73247,13510,2303,2241,11749
2,layer1.1.conv2,1970508,False,4140406,166950,59222,56966,146114
2,layer1.1.bn2,74077,False,164700,27088,11291,10744,23614
2,layer1.1.relu2,35642,False,83047,13729,3510,3359,14058
2,layer1.1.conv3,851138,False,1794648,134907,64899,62701,25054
2,layer1.1.bn3,320773,False,683100,102905,102162,100046,106525
2,layer1.1.add,313381,False,667290,101603,103044,101563,104741
2,layer1.1.relu3,172724,False,372113,51270,52085,50780,50489
2,layer1.2.conv1,810965,False,1710411,551677,62879,60852,53342
2,layer1.2.bn1,92848,False,203432,27008,25970,25087,27195
2,layer1.2.relu1,31636,False,74738,13504,2352,2298,14107
2,layer1.2.conv2,1963946,False,4126955,167413,55040,52674,141968
2,layer1.2.bn2,68886,False,153450,27063,8271,7801,22434
2,layer1.2.relu2,33801,False,78904,13752,2312,2234,11033
2,layer1.2.conv3,847214,False,1786083,134809,64495,62444,24847
2,layer1.2.bn3,321389,False,684975,102884,102260,100165,106135
2,layer1.2.add,313435,False,667721,101603,102980,101524,104642
2,layer1.2.relu3,174751,False,376662,51291,52234,50844,51065
2,layer2.0.conv1,1593571,False,3350342,1093176,127325,124867,106182
2,layer2.0.bn1,172742,False,372194,52261,53931,52362,53020
2,layer2.0.relu1,78838,False,173930,26082,20154,19526,29499
2,layer2.0.conv2,2117510,False,4448871,355110,150289,147244,383364
2,layer2.0.bn2,46912,False,106726,14806,2699,2643,6904
2,layer2.0.relu2,17857,False,45597,7251,541,529,4032
2,layer2.0.conv3,843023,False,1777021,126282,41052,39093,35764
2,layer2.0.bn3,171216,False,368888,52634,52430,50481,53544
2,layer2.0.downsample.0,2303590,False,4839085,1119245,258628,255668,857300
2,layer2.0.downsample.1,175874,False,379806,52615,53106,51539,53913
2,layer2.0.add,161767,False,349638,51250,51839,50341,52417
2,layer2.0.relu3,83747,False,184512,26339,21166,20336,29878
2,layer2.1.conv1,818659,False,1725553,551600,37642,35967,280506
2,layer2.1.bn1,48512,False,109968,14479,10223,9807,13562
2,layer2.1.relu1,18552,False,47099,7238,894,872,5688
2,layer2.1.conv2,1912609,False,4018333,160061,41425,39209,117361
2,layer2.1.bn2,43186,False,98732,14514,3921,3651,8957
2,layer2.1.relu2,18232,False,46394,7206,568,545,4348
2,layer2.1.conv3,843147,False,1777406,126009,44343,42368,36582
2,layer2.1.bn3,170817,False,368342,52398,52063,50166,53657
2,layer2.1.add,156890,False,338576,51238,51136,49703,52545
2,layer2.1.relu3,77780,False,171871,26079,19482,18935,28625
2,layer2.2.conv1,820268,False,1728887,552133,36990,35349,274256
2,layer2.2.bn1,46863,False,106429,14446,10143,9699,13441
2,layer2.2.relu1,16893,False,43298,7219,728,715,5204
2,layer2.2.conv2,1914101,False,4021042,160122,41600,39841,118244
2,layer2.2.bn2,42050,False,96518,14507,3870,3634,8366
2,layer2.2.relu2,17677,False,45181,7214,673,652,4242
2,layer2.2.conv3,848834,False,1788761,126653,47462,45217,34854
2,layer2.2.bn3,169551,False,366105,52393,52079,50519,53232
2,layer2.2.add,156873,False,338847,51230,51765,50379,52255
2,layer2.2.relu3,77887,False,171808,26060,19381,18758,30166
2,layer2.3.conv1,819320,False,1727012,550870,35782,34053,277728
2,layer2.3.bn1,49061,False,111254,14409,9384,8976,13592
2,layer2.3.relu1,17570,False,44978,7192,629,623,3878
2,layer2.3.conv2,1913218,False,4019772,160214,41580,39484,117150
2,layer2.3.bn2,42406,False,97317,14524,3808,3607,9613
2,layer2.3.relu2,18231,False,52981,7478,1173,1138,4788
2,layer2.3.conv3,843317,False,1777070,126058,46674,44535,33555
2,layer2.3.bn3,175904,False,378731,52693,53297,51225,54155
2,layer2.3.add,157083,False,339424,51245,51576,50168,52357
2,layer2.3.relu3,78433,False,173251,26076,19383,18858,30076
2,layer3.0.conv1,1749517,False,3676707,999676,68286,66185,771759
2,layer3.0.bn1,84391,False,185622,27107,22276,21124,27152
2,layer3.0.relu1,32575,False,76595,13502,3391,3297,14852
2,layer3.0.conv2,2181786,False,4583559,403741,156344,153668,431277
2,layer3.0.bn2,33437,False,78082,8386,1685,1666,2774
2,layer3.0.relu2,11503,False,32091,4085,496,491,1231
2,layer3.0.conv3,967764,False,2038692,525974,45933,43819,426113
2,layer3.0.bn3,90758,False,198944,27493,23707,22730,27724
2,layer3.0.downsample.0,2219343,False,4661991,1241638,222779,219237,994401
2,layer3.0.downsample.1,80689,False,178397,27711,12912,12287,26187
2,layer3.0.add,65312,False,145991,26036,18068,17396,25582
2,layer3.0.relu3,34227,False,80068,13519,3796,3678,14062
2,layer3.1.conv1,1022856,False,2153686,558663,54226,52247,472964
2,layer3.1.bn1,34274,False,79853,8233,5319,4997,4827
2,layer3.1.relu1,11429,False,31993,4068,469,453,1657
2,layer3.1.conv2,2036393,False,4279081,207780,131437,128507,216917
2,layer3.1.bn2,33472,False,78122,8385,1496,1462,1287
2,layer3.1.relu2,11747,False,33014,4088,513,504,1226
2,layer3.1.conv3,968477,False,2040021,525962,46135,43768,426310
2,layer3.1.bn3,90270,False,198517,27531,23474,22557,27965
2,layer3.1.add,66607,False,148392,26052,18809,18130,26632
2,layer3.1.relu3,32740,False,84680,13779,2787,2654,13382
2,layer3.2.conv1,1005680,False,2117993,558683,52105,50132,471454
2,layer3.2.bn1,34316,False,80172,8191,5339,5039,5100
2,layer3.2.relu1,11057,False,31182,4077,500,482,1611
2,layer3.2.conv2,2030263,False,4265617,207392,130666,127772,217273
2,layer3.2.bn2,33629,False,78561,8356,1513,1479,1303
2,layer3.2.relu2,12367,False,34300,4077,485,472,1583
2,layer3.2.conv3,969491,False,2041511,526074,46741,44630,426197
2,layer3.2.bn3,94251,False,206412,27532,23754,22711,28167
2,layer3.2.add,66617,False,148602,26049,18491,17789,26470
2,layer3.2.relu3,30249,False,71491,13487,1936,1889,9719
2,layer3.3.conv1,1008672,False,2123826,558647,52415,50518,475222
2,layer3.3.bn1,33192,False,77624,8187,5236,5062,5252
2,layer3.3.relu1,10975,False,31053,4072,501,497,1989
2,layer3.3.conv2,2030707,False,4266329,207369,131172,128225,220153
2,layer3.3.bn2,33381,False,78265,8328,1552,1525,1399
2,layer3.3.relu2,12214,False,33852,4123,552,549,1660
2,layer3.3.conv3,965252,False,2033358,525715,45019,42993,427390
2,layer3.3.bn3,91899,False,201759,27516,23981,22697,27927
2,layer3.3.add,66981,False,149482,26025,19247,18498,26022
2,layer3.3.relu3,31243,False,73708,13491,2452,2363,10392
2,layer3.4.conv1,1007658,False,2121570,558585,52409,50642,473335
2,layer3.4.bn1,34483,False,80584,8229,5380,5140,5455
2,layer3.4.relu1,11598,False,32444,4084,496,486,1586
2,layer3.4.conv2,2046448,False,4299529,207136,130043,127418,217355
2,layer3.4.bn2,33646,False,78724,8328,1571,1535,1326
2,layer3.4.relu2,11645,False,32536,4091,484,477,1542
2,layer3.4.conv3,968899,False,2040609,525861,46107,44132,427076
2,layer3.4.bn3,90989,False,199867,27481,23573,22582,27948
2,layer3.4.add,67315,False,149676,26055,18958,18305,26294
2,layer3.4.relu3,32152,False,75560,13472,2739,2667,12179
2,layer3.5.conv1,1003761,False,2113346,558456,52424,50452,474352
2,layer3.5.bn1,32923,False,83101,8464,5940,5155,5800
2,layer3.5.relu1,11924,False,33163,4062,495,477,1689
2,layer3.5.conv2,2030348,False,4265415,207034,130522,127757,217883
2,layer3.5.bn2,32662,False,76570,8313,1456,1431,1251
2,layer3.5.relu2,11510,False,32251,4082,499,492,1214
2,layer3.5.conv3,968682,False,2040503,525867,46164,44128,425094
2,layer3.5.bn3,89373,False,196446,27510,23649,22483,27862
2,layer3.5.add,66742,False,148516,26046,18863,18167,26734
2,layer3.5.relu3,31905,False,74990,13491,2561,2489,12302
2,layer4.0.conv1,1970644,False,4140245,1085482,114636,112146,933733
2,layer4.0.bn1,51331,False,115975,14726,9945,9452,14109
2,layer4.0.relu1,18617,False,47157,7208,659,641,4942
2,layer4.0.conv2,3408459,False,7154257,696480,471630,468040,839837
2,layer4.0.bn2,30760,False,72737,5327,3207,3138,2680
2,layer4.0.relu2,8382,False,26018,2510,527,518,696
2,layer4.0.conv3,1244963,False,2619951,721948,112944,110657,512925
2,layer4.0.bn3,60627,False,135053,15462,12225,11873,16866
2,layer4.0.downsample.0,2879164,False,6044522,1161070,492332,488582,959063
2,layer4.0.downsample.1,57482,False,128575,15550,2783,2738,8944
2,layer4.0.add,31481,False,74300,13465,7072,6966,9829
2,layer4.0.relu3,17792,False,45360,7223,528,515,4973
2,layer4.1.conv1,1226242,False,2580308,759838,140820,138627,520462
2,layer4.1.bn1,30040,False,70838,5251,3968,3855,3629
2,layer4.1.relu1,8627,False,26346,2520,507,488,672
2,layer4.1.conv2,3147534,False,6606837,526270,464342,460783,600425
2,layer4.1.bn2,31759,False,74514,5330,1556,1537,1492
2,layer4.1.relu2,8305,False,25726,2511,467,462,638
2,layer4.1.conv3,1248656,False,2627882,722694,114346,112054,521983
2,layer4.1.bn3,61986,False,138196,15492,12107,11779,16758
2,layer4.1.add,31459,False,74178,13499,7118,6956,10596
2,layer4.1.relu3,17440,False,44735,7194,377,366,4061
2,layer4.2.conv1,1223298,False,2574125,759275,140518,138305,522480
2,layer4.2.bn1,28942,False,68819,5219,3795,3640,3308
2,layer4.2.relu1,7779,False,24457,2513,478,472,706
2,layer4.2.conv2,3142234,False,6595973,526424,464486,460828,601834
2,layer4.2.bn2,31688,False,74528,5331,1569,1560,1434
2,layer4.2.relu2,9462,False,28106,2512,531,529,687
2,layer4.2.conv3,1243638,False,2616849,722464,114643,112241,516358
2,layer4.2.bn3,60369,False,134867,15439,12080,11747,16805
2,layer4.2.add,30932,False,72911,13474,7088,6948,10704
2,layer4.2.relu3,17585,False,52721,7474,1043,1023,3969
2,avgpool,80999,False,178589,8748,3231,3152,6481
2,flatten,7651,False,24196,576,441,431,90
2,fc,496159,False,1051987,132840,132138,129998,165521
3,conv1,2168747,False,4556451,214364,177837,174867,264131
3,bn1,339014,False,722184,103284,105065,103007,105984
3,relu,174650,False,376532,51353,52224,50844,50568
3,maxpool,10354534,False,21706783,91649,92473,90365,130851
3,layer1.0.conv1,249009,False,494711,42980,27232,26138,5281
3,layer1.0.bn1,88804,False,195540,27041,21043,20281,26879
3,layer1.0.relu1,32837,False,76913,13533,2303,2235,14064
3,layer1.0.conv2,1980420,False,4160846,167440,59487,57143,144682
3,layer1.0.bn2,75705,False,167907,27067,11292,10683,24171
3,layer1.0.relu2,32986,False,77570,13482,2996,2889,14031
3,layer1.0.conv3,860322,False,1813547,135170,66154,63838,25523
3,layer1.0.bn3,316808,False,675223,102639,101304,99662,105864
3,layer1.0.downsample.0,864139,False,1821473,134991,69980,67925,26168
3,layer1.0.downsample.1,322328,False,686323,102932,102171,100003,106414
3,layer1.0.add,314277,False,669753,101633,103213,101691,104441
3,layer1.0.relu3,173551,False,373977,51274,52078,50679,51470
3,layer1.1.conv1,809186,False,1706507,550354,62155,60151,55325
3,layer1.1.bn1,94973,False,208080,27012,26095,25194,26968
3,layer1.1.relu1,31193,False,73629,13503,2277,2224,13686
3,layer1.1.conv2,1970239,False,4139790,167383,59417,57183,145382
3,layer1.1.bn2,74671,False,165513,27092,11457,10914,24052
3,layer1.1.relu2,32419,False,76117,13502,2989,2884,12354
3,layer1.1.conv3,855095,False,1802745,135340,65351,63192,25175
3,layer1.1.bn3,321431,False,685031,102890,102163,100014,106140
3,layer1.1.add,312183,False,665249,101587,103067,101561,104933
3,layer1.1.relu3,173603,False,373970,51285,52157,50841,51225
3,layer1.2.conv1,809929,False,1707873,551333,62906,60899,54471
3,layer1.2.bn1,91805,False,201329,26990,25956,25056,27277
3,layer1.2.relu1,30797,False,72803,13502,2325,2263,13822
3,layer1.2.conv2,1960243,False,4118917,167154,54947,52715,141384
3,layer1.2.bn2,70972,False,157727,27090,8429,7985,22704
3,layer1.2.relu2,30874,False,72896,13521,1706,1650,12278
3,layer1.2.conv3,848203,False,1795395,135119,65302,63140,24546
3,layer1.2.bn3,320931,False,683417,102891,102312,100133,106529
3,layer1.2.add,313173,False,666988,101587,103035,101498,104895
3,layer1.2.relu3,173101,False,372865,51290,52263,50883,51195
3,layer2.0.conv1,1590815,False,3344526,1092154,127254,124788,104722
3,layer2.0.bn1,172797,False,372320,52255,53913,52367,53218
3,layer2.0.relu1,79635,False,175981,26078,20285,19647,29475
3,layer2.0.conv2,2118085,False,4449826,355374,150547,147412,384236
3,layer2.0.bn2,43577,False,99533,14604,2034,1988,5490
3,layer2.0.relu2,18064,False,52509,7481,1140,1132,3080
3,layer2.0.conv3,843263,False,1777705,126274,41207,39203,35810
3,layer2.0.bn3,171648,False,369856,52649,52509,50466,53481
3,layer2.0.downsample.0,2294623,False,4820312,1121206,259010,256147,859036
3,layer2.0.downsample.1,175828,False,379336,52590,53032,51528,53932
3,layer2.0.add,158963,False,343323,51229,51802,50369,52373
3,layer2.0.relu3,80921,False,179126,26113,20066,19501,29761
3,layer2.1.conv1,816076,False,1720123,551118,37673,35916,278793
3,layer2.1.bn1,48666,False,110418,14444,10150,9727,13700
3,layer2.1.relu1,17564,False,44945,7224,837,819,5531
3,layer2.1.conv2,1910891,False,4014717,160154,41327,39212,116094
3,layer2.1.bn2,42927,False,98304,14501,3692,3446,8314
3,layer2.1.relu2,18739,False,47421,7214,598,580,4404
3,layer2.1.conv3,842542,False,1776276,126253,44288,42237,35292
3,layer2.1.bn3,175142,False,377234,52657,52917,50897,53758
3,layer2.1.add,156589,False,338373,51215,51147,49717,52493
3,layer2.1.relu3,77382,False,170986,26068,19279,18735,28960
3,layer2.2.conv1,817727,False,1723039,552528,37344,35866,276008
3,layer2.2.bn1,47341,False,107379,14396,10148,9617,13419
3,layer2.2.relu1,17246,False,44220,7209,726,706,4381
3,layer2.2.conv2,1913323,False,4019909,160379,41760,39982,117390
3,layer2.2.bn2,42930,False,98408,14522,3778,3541,8781
3,layer2.2.relu2,18309,False,46596,7232,698,674,4509
3,layer2.2.conv3,848132,False,1787530,126692,47455,45254,34304
3,layer2.2.bn3,170236,False,367015,52406,52179,50569,53842
3,layer2.2.add,157296,False,340002,51217,51686,50291,52290
3,layer2.2.relu3,78127,False,172430,26060,19472,18872,30048
3,layer2.3.conv1,819058,False,1726460,550590,36328,34528,275086
3,layer2.3.bn1,47807,False,108603,14382,9385,8986,13511
3,layer2.3.relu1,17365,False,44472,7223,630,624,4996
3,layer2.3.conv2,1915992,False,4026085,160315,42206,39982,118124
3,layer2.3.bn2,43214,False,98887,14541,3842,3615,8980
3,layer2.3.relu2,17903,False,45965,7222,717,682,4677
3,layer2.3.conv3,846215,False,1783415,126292,47421,45292,33810
3,layer2.3.bn3,175875,False,378600,52626,53354,51620,53800
3,layer2.3.add,157401,False,340289,51226,51585,49874,52454
3,layer2.3.relu3,77814,False,171902,26047,19253,18725,29970
3,layer3.0.conv1,1757497,False,3692683,999663,68268,66243,773061
3,layer3.0.bn1,83812,False,184457,27052,22159,21064,27158
3,layer3.0.relu1,33005,False,77349,13523,3397,3285,14244
3,layer3.0.conv2,2180132,False,4579953,404095,156184,153502,429102
3,layer3.0.bn2,33716,False,78916,8349,1780,1753,2719
3,layer3.0.relu2,12317,False,33993,4075,523,520,1744
3,layer3.0.conv3,971754,False,2046683,526094,46140,44056,426462
3,layer3.0.bn3,91703,False,201326,27487,23742,22795,27746
3,layer3.0.downsample.0,2222482,False,4668567,1242513,223334,219805,994220
3,layer3.0.downsample.1,81129,False,178962,27634,13317,12577,26816
3,layer3.0.add,65416,False,146494,26051,18016,17194,25944
3,layer3.0.relu3,34816,False,81226,13524,3861,3749,15024
3,layer3.1.conv1,1014810,False,2137141,558442,54012,52240,473087
3,layer3.1.bn1,33948,False,79293,8205,5317,5054,5074
3,layer3.1.relu1,12084,False,33615,4080,504,493,1695
3,layer3.1.conv2,2027522,False,4260210,207440,130529,127836,218455
3,layer3.1.bn2,32913,False,77385,8335,1506,1479,1277
3,layer3.1.relu2,11791,False,32925,4116,543,533,1717
3,layer3.1.conv3,968012,False,2038949,525942,46009,43693,426109
3,layer3.1.bn3,91047,False,199864,27536,23574,22594,28164
3,layer3.1.add,66903,False,148911,26066,18827,18148,26677
3,layer3.1.relu3,31777,False,74671,13499,2623,2548,11998
3,layer3.2.conv1,1008097,False,2122733,558736,53117,51120,474601
3,layer3.2.bn1,33430,False,78237,8206,5258,5013,5028
3,layer3.2.relu1,10750,False,30702,4063,488,464,1682
3,layer3.2.conv2,2027172,False,4259411,207440,130484,127754,218638
3,layer3.2.bn2,33765,False,79196,8356,1543,1510,1281
3,layer3.2.relu2,12160,False,33697,4092,485,477,1614
3,layer3.2.conv3,970443,False,2044040,526008,46586,44504,425524
3,layer3.2.bn3,93081,False,203954,27516,23828,22712,28107
3,layer3.2.add,65944,False,147178,26045,18535,17848,26570
3,layer3.2.relu3,30719,False,72305,13469,1867,1836,11659
3,layer3.3.conv1,1003905,False,2114111,558678,52460,50552,475908
3,layer3.3.bn1,33183,False,77745,8206,5327,5115,5448
3,layer3.3.relu1,11276,False,31601,4091,489,477,1784
3,layer3.3.conv2,2027422,False,4259618,207122,131134,128233,218087
3,layer3.3.bn2,34361,False,80493,8384,1583,1550,1290
3,layer3.3.relu2,12164,False,33890,4104,501,496,1638
3,layer3.3.conv3,970804,False,2044700,525968,45928,43833,427955
3,layer3.3.bn3,95856,False,209723,27689,24713,23563,27592
3,layer3.3.add,67046,False,149604,26049,19205,18291,26526
3,layer3.3.relu3,31229,False,73457,13497,2374,2294,10639
3,layer3.4.conv1,1003587,False,2113165,558474,52473,50701,473867
3,layer3.4.bn1,33067,False,77329,8213,5334,5075,5137
3,layer3.4.relu1,10899,False,30824,4045,482,475,1735
3,layer3.4.conv2,2045929,False,4298310,207097,130186,127451,217318
3,layer3.4.bn2,33433,False,78287,8319,1515,1487,1402
3,layer3.4.relu2,11732,False,32714,4103,492,481,1687
3,layer3.4.conv3,969743,False,2042606,525864,46221,44230,427531
3,layer3.4.bn3,89900,False,197969,27498,23668,22613,27936
3,layer3.4.add,67430,False,149949,26049,19045,18398,26379
3,layer3.4.relu3,31302,False,74635,13494,2702,2631,10498
3,layer3.5.conv1,1014069,False,2136377,558481,53496,51445,471967
3,layer3.5.bn1,34484,False,80342,8208,5373,5219,5551
3,layer3.5.relu1,11438,False,39114,4334,1073,458,1356
3,layer3.5.conv2,2032029,False,4270444,207308,130723,127802,216924
3,layer3.5.bn2,34307,False,80452,8338,1563,1526,1249
3,layer3.5.relu2,12709,False,35034,4088,551,539,1705
3,layer3.5.conv3,969233,False,2041677,525762,46070,44168,427212
3,layer3.5.bn3,91714,False,201385,27523,23929,22584,28082
3,layer3.5.add,67110,False,149618,26039,18797,18093,26657
3,layer3.5.relu3,32488,False,76344,13476,2618,2540,13002
3,layer4.0.conv1,1964253,False,4126761,1085969,115539,113086,934148
3,layer4.0.bn1,52191,False,117814,14721,10014,9585,13638
3,layer4.0.relu1,17739,False,45374,7239,681,663,4811
3,layer4.0.conv2,3401193,False,7139761,696666,471971,468221,841942
3,layer4.0.bn2,33262,False,77964,5386,3199,3121,2654
3,layer4.0.relu2,9020,False,27218,2541,520,512,511
3,layer4.0.conv3,1241634,False,2612793,722068,112874,110566,514908
3,layer4.0.bn3,61171,False,136268,15474,12148,11822,16773
3,layer4.0.downsample.0,2887713,False,6062393,1164657,492895,489267,961648
3,layer4.0.downsample.1,59117,False,132265,15605,2964,2903,8720
3,layer4.0.add,32206,False,76091,13495,7104,6974,10247
3,layer4.0.relu3,17406,False,44503,7234,553,543,4851
3,layer4.1.conv1,1220804,False,2569671,758989,140920,138694,520382
3,layer4.1.bn1,65184,False,94451,5662,5546,5290,3840
3,layer4.1.relu1,8380,False,25684,2499,485,460,618
3,layer4.1.conv2,3143941,False,6599484,526205,464741,459905,599599
3,layer4.1.bn2,32442,False,76220,5315,1657,1642,1496
3,layer4.1.relu2,9049,False,27437,2494,481,474,594
3,layer4.1.conv3,1247728,False,2625652,722329,114878,112524,520074
3,layer4.1.bn3,62850,False,139817,15482,12227,11883,16822
3,layer4.1.add,32251,False,75782,13479,7064,6897,10656
3,layer4.1.relu3,17633,False,45098,7213,485,475,3993
3,layer4.2.conv1,1221723,False,2571250,758701,140436,138134,518505
3,layer4.2.bn1,29687,False,70257,5254,3985,3823,3656
3,layer4.2.relu1,8400,False,25928,2496,486,474,690
3,layer4.2.conv2,3144627,False,6601714,526315,464805,460944,604390
3,layer4.2.bn2,32000,False,75103,5314,1527,1520,1526
3,layer4.2.relu2,9022,False,26986,2497,485,481,624
3,layer4.2.conv3,1242204,False,2614381,722850,114685,112359,518283
3,layer4.2.bn3,60826,False,135664,15463,12014,11697,16790
3,layer4.2.add,31341,False,73796,13477,7099,6943,10653
3,layer4.2.relu3,20843,False,51907,7437,945,930,3939
3,avgpool,81683,False,180150,8736,3289,3244,6514
3,flatten,7752,False,24319,583,412,397,80
3,fc,497778,False,1055204,132696,132069,130040,166338
4,conv1,2174788,False,4570077,214325,178520,175443,264309
4,bn1,340470,False,725332,103299,105143,103034,106196
4,relu,175149,False,377433,51343,52175,50801,51368
4,maxpool,10229812,False,21445052,91733,92576,90390,131137
4,layer1.0.conv1,283823,False,520694,43401,28009,26824,5412
4,layer1.0.bn1,89165,False,195902,27020,21237,20265,26854
4,layer1.0.relu1,33714,False,78851,13516,2344,2263,11624
4,layer1.0.conv2,1984487,False,4169992,167479,59740,57451,147583
4,layer1.0.bn2,76322,False,168794,27119,11589,11025,24722
4,layer1.0.relu2,33978,False,79508,13463,3052,2939,13887
4,layer1.0.conv3,859030,False,1811287,135127,66132,63795,25947
4,layer1.0.bn3,316935,False,676060,102672,101527,99868,105402
4,layer1.0.downsample.0,865016,False,1823909,135217,70065,68056,26410
4,layer1.0.downsample.1,322225,False,686729,102893,102180,100106,106349
4,layer1.0.add,314120,False,669535,101628,103229,101631,104476
4,layer1.0.relu3,174044,False,375025,51289,52120,50760,50480
4,layer1.1.conv1,808989,False,1706133,550378,62103,60128,56706
4,layer1.1.bn1,94501,False,207389,27019,26176,25264,27302
4,layer1.1.relu1,31895,False,75057,13512,2394,2331,12069
4,layer1.1.conv2,1972357,False,4144272,167312,59290,57135,144503
4,layer1.1.bn2,74603,False,165347,27102,11477,10940,24016
4,layer1.1.relu2,31941,False,75290,13492,3001,2894,11755
4,layer1.1.conv3,854058,False,1800357,135231,65557,63353,25293
4,layer1.1.bn3,321082,False,683956,102875,102255,100106,106291
4,layer1.1.add,312559,False,666065,101610,102998,101502,104792
4,layer1.1.relu3,173704,False,374817,51294,52260,50956,51475
4,layer1.2.conv1,809137,False,1706847,551331,62809,60792,55191
4,layer1.2.bn1,92251,False,202222,27015,25995,25096,27018
4,layer1.2.relu1,31245,False,73825,13489,2393,2334,14063
4,layer1.2.conv2,1961201,False,4120976,167240,55257,52996,140345
4,layer1.2.bn2,69841,False,155582,27125,8847,8368,22922
4,layer1.2.relu2,31321,False,74363,13482,1734,1682,12329
4,layer1.2.conv3,850105,False,1792316,135504,65375,63135,24764
4,layer1.2.bn3,321745,False,685272,102864,102385,100212,106630
4,layer1.2.add,313801,False,668946,101598,103099,101588,104752
4,layer1.2.relu3,173684,False,374335,51286,52208,50829,51197
4,layer2.0.conv1,1592733,False,3348172,1092221,127382,124998,106900
4,layer2.0.bn1,172366,False,371759,52244,53906,52369,52836
4,layer2.0.relu1,79404,False,175626,26102,20297,19675,29833
4,layer2.0.conv2,2117073,False,4448009,355285,150286,147497,385147
4,layer2.0.bn2,43957,False,100336,14634,2171,2121,5546
4,layer2.0.relu2,18301,False,46784,7223,520,516,3901
4,layer2.0.conv3,846994,False,1785337,126476,41922,39872,35853
4,layer2.0.bn3,171702,False,370414,52622,52690,51025,53570
4,layer2.0.downsample.0,2302202,False,4836021,1119245,258432,255221,856969
4,layer2.0.downsample.1,177239,False,382382,52670,53200,51687,54090
4,layer2.0.add,159177,False,344099,51258,51998,50539,52426
4,layer2.0.relu3,80319,False,177250,26100,20010,19413,29990
4,layer2.1.conv1,822207,False,1732932,550924,38580,36782,277618
4,layer2.1.bn1,48362,False,109744,14464,10253,9812,13812
4,layer2.1.relu1,17628,False,45138,7211,855,839,5697
4,layer2.1.conv2,1915671,False,4025343,160133,41731,39555,117086
4,layer2.1.bn2,43133,False,98805,14502,3778,3559,8603
4,layer2.1.relu2,18225,False,46325,7226,574,553,4569
4,layer2.1.conv3,843053,False,1783382,126321,44428,42288,35139
4,layer2.1.bn3,174216,False,375495,52636,52938,51080,53452
4,layer2.1.add,157266,False,339673,51247,51179,49667,52521
4,layer2.1.relu3,78150,False,172450,26054,19334,18805,30226
4,layer2.2.conv1,818072,False,1724308,552494,36738,35283,276522
4,layer2.2.bn1,48168,False,109407,14416,10220,9648,13702
4,layer2.2.relu1,17212,False,44203,7206,691,671,4181
4,layer2.2.conv2,1915419,False,4024508,160356,41726,39941,118152
4,layer2.2.bn2,43175,False,98760,14524,3814,3548,8377
4,layer2.2.relu2,17759,False,45231,7197,653,625,3048
4,layer2.2.conv3,847677,False,1786861,126608,47445,45264,33965
4,layer2.2.bn3,169533,False,365899,52392,52185,50575,53648
4,layer2.2.add,157252,False,339789,51214,51652,50288,52218
4,layer2.2.relu3,78966,False,174438,26067,19606,19019,29989
4,layer2.3.conv1,818087,False,1724275,550769,36009,34269,276865
4,layer2.3.bn1,47559,False,108254,14427,9425,9011,13429
4,layer2.3.relu1,18006,False,46053,7210,683,679,5197
4,layer2.3.conv2,1913666,False,4020574,160170,41859,40010,119453
4,layer2.3.bn2,43520,False,99617,14532,3978,3727,9384
4,layer2.3.relu2,18069,False,46120,7208,682,649,5072
4,layer2.3.conv3,847049,False,1785320,126440,47409,45239,33723
4,layer2.3.bn3,172824,False,372574,52387,52460,50896,53600
4,layer2.3.add,157372,False,340009,51230,51661,49863,52258
4,layer2.3.relu3,77556,False,171368,26063,19346,18810,28453
4,layer3.0.conv1,1762156,False,3702869,1000359,70192,67774,772324
4,layer3.0.bn1,84868,False,186797,27110,22560,20592,27304
4,layer3.0.relu1,32834,False,77197,13492,3331,3216,14287
4,layer3.0.conv2,2180264,False,4580330,403773,157028,153867,426675
4,layer3.0.bn2,33664,False,78777,8365,1725,1704,2306
4,layer3.0.relu2,12527,False,34437,4066,496,491,1631
4,layer3.0.conv3,968095,False,2039812,526020,46272,44154,425615
4,layer3.0.bn3,93840,False,205493,27507,23885,22881,27932
4,layer3.0.downsample.0,2214157,False,4651683,1241789,221782,218655,995601
4,layer3.0.downsample.1,82675,False,182613,27703,13731,12879,26872
4,layer3.0.add,65852,False,147374,26056,18134,17301,25419
4,layer3.0.relu3,33623,False,78656,13497,3693,3592,12446
4,layer3.1.conv1,1020240,False,2148302,558626,53791,52045,476110
4,layer3.1.bn1,34166,False,80155,8273,5498,5215,5315
4,layer3.1.relu1,11069,False,31131,4074,495,485,1786
4,layer3.1.conv2,2026022,False,4257241,207281,130637,127958,217366
4,layer3.1.bn2,33625,False,78709,8330,1583,1561,1350
4,layer3.1.relu2,11620,False,32893,4079,478,473,1620
4,layer3.1.conv3,965839,False,2034703,525855,45931,43741,425402
4,layer3.1.bn3,90975,False,199588,27521,23310,22362,27616
4,layer3.1.add,66904,False,149202,26051,18849,18154,26711
4,layer3.1.relu3,31542,False,74150,13485,2581,2485,11914
4,layer3.2.conv1,1008488,False,2123416,558490,52748,50688,472648
4,layer3.2.bn1,37959,False,87754,8448,5990,5778,5718
4,layer3.2.relu1,11131,False,31505,4054,481,465,1292
4,layer3.2.conv2,2026393,False,4257585,207141,130350,127598,216784
4,layer3.2.bn2,33716,False,79091,8357,1512,1484,1218
4,layer3.2.relu2,11641,False,32883,4086,479,465,1665
4,layer3.2.conv3,972496,False,2048133,525939,46879,43390,426379
4,layer3.2.bn3,93337,False,204439,27503,23727,22639,28083
4,layer3.2.add,66330,False,148326,26035,18544,17825,26697
4,layer3.2.relu3,30862,False,73012,13490,1968,1927,11845
4,layer3.3.conv1,1008180,False,2122816,558583,52539,50660,475069
4,layer3.3.bn1,33558,False,78682,8220,5347,5164,5308
4,layer3.3.relu1,11781,False,32674,4052,473,459,1342
4,layer3.3.conv2,2030847,False,4267339,207485,131449,128424,220608
4,layer3.3.bn2,34944,False,81591,8324,1498,1476,1259
4,layer3.3.relu2,12708,False,34963,4113,560,556,1632
4,layer3.3.conv3,971646,False,2046890,525879,45939,43810,427445
4,layer3.3.bn3,94742,False,207861,27742,24818,23712,28012
4,layer3.3.add,67167,False,149516,26037,19190,18209,26545
4,layer3.3.relu3,31504,False,74084,13497,2407,2321,12646
4,layer3.4.conv1,1015246,False,2137530,558670,52746,50998,473230
4,layer3.4.bn1,33566,False,78613,8198,5266,4946,4692
4,layer3.4.relu1,12127,False,33531,4067,506,487,1815
4,layer3.4.conv2,2051937,False,4312069,207208,130539,127732,217259
4,layer3.4.bn2,34098,False,79679,8349,1550,1522,1274
4,layer3.4.relu2,11924,False,32992,4104,529,523,1658
4,layer3.4.conv3,970532,False,2044210,525886,46236,44254,428261
4,layer3.4.bn3,91400,False,200991,27484,23715,22661,28047
4,layer3.4.add,67390,False,150118,26034,18923,18266,26365
4,layer3.4.relu3,32017,False,75188,13497,2719,2649,12030
4,layer3.5.conv1,1010154,False,2127193,558619,53106,51152,472054
4,layer3.5.bn1,33696,False,78622,8176,5304,5129,5282
4,layer3.5.relu1,14765,False,39193,4264,993,981,1626
4,layer3.5.conv2,2029574,False,4264114,207327,130513,127755,218810
4,layer3.5.bn2,33371,False,78166,8314,1516,1482,1292
4,layer3.5.relu2,11811,False,33067,4084,472,461,1625
4,layer3.5.conv3,966922,False,2036580,525897,46068,44254,427500
4,layer3.5.bn3,90567,False,199067,27491,23819,22429,28255
4,layer3.5.add,66341,False,147619,26050,18827,18108,26607
4,layer3.5.relu3,31761,False,74840,13458,2596,2520,10442
4,layer4.0.conv1,1960196,False,4118154,1085960,115086,112641,933806
4,layer4.0.bn1,51005,False,115018,14710,10012,9583,13570
4,layer4.0.relu1,17485,False,44484,7202,677,660,4815
4,layer4.0.conv2,3416754,False,7171040,695903,472051,468175,840953
4,layer4.0.bn2,30770,False,72587,5319,3256,3141,2630
4,layer4.0.relu2,8554,False,26279,2505,558,543,710
4,layer4.0.conv3,1249166,False,2628592,722219,113162,110807,515945
4,layer4.0.bn3,60768,False,135663,15460,12213,11844,16966
4,layer4.0.downsample.0,2881743,False,6050537,1160568,493313,489561,961832
4,layer4.0.downsample.1,58969,False,131772,15610,2954,2913,9147
4,layer4.0.add,31807,False,74884,13470,7109,6984,10022
4,layer4.0.relu3,17663,False,45101,7211,574,563,4156
4,layer4.1.conv1,1219733,False,2567441,759397,141461,139255,521186
4,layer4.1.bn1,30773,False,72472,5251,4017,3930,3656
4,layer4.1.relu1,9065,False,27240,2508,471,460,753
4,layer4.1.conv2,3156000,False,6625009,526260,464738,460861,601171
4,layer4.1.bn2,32201,False,75688,5336,1561,1537,1452
4,layer4.1.relu2,9467,False,28087,2496,488,476,505
4,layer4.1.conv3,1250924,False,2632478,722614,114232,111895,512489
4,layer4.1.bn3,61195,False,136539,15480,12131,11775,16833
4,layer4.1.add,31726,False,74750,13469,7035,6884,10956
4,layer4.1.relu3,16723,False,43288,7223,339,335,3885
4,layer4.2.conv1,1228947,False,2587012,759118,141191,138865,520363
4,layer4.2.bn1,30101,False,71330,5247,3911,3719,3549
4,layer4.2.relu1,8904,False,27054,2500,493,478,582
4,layer4.2.conv2,3146871,False,6605862,526341,464652,460805,601796
4,layer4.2.bn2,32213,False,75811,5354,1593,1586,1559
4,layer4.2.relu2,8337,False,25737,2500,556,554,554
4,layer4.2.conv3,1247467,False,2625501,722766,114427,112155,514698
4,layer4.2.bn3,61011,False,136430,15459,12117,11778,16816
4,layer4.2.add,31225,False,73529,13460,7092,6941,10525
4,layer4.2.relu3,16704,False,43078,7215,344,340,4048
4,avgpool,84958,False,186691,8940,3792,3731,6603
4,flatten,8354,False,25366,595,438,429,80
4,fc,497205,False,1053603,132640,132214,130194,164907
5,conv1,2170394,False,4560061,214127,177888,174859,264469
5,bn1,346807,False,737965,103426,105711,103233,106103
5,relu,174848,False,377133,51327,52216,50797,51496
5,maxpool,10225568,False,21437618,92020,93948,90863,130756
5,layer1.0.conv1,273996,False,499616,43169,27583,26588,5397
5,layer1.0.bn1,93504,False,199419,27034,21065,20152,26880
5,layer1.0.relu1,32966,False,77308,13510,2306,2229,12015
5,layer1.0.conv2,1983740,False,4167982,167280,59965,57726,148643
5,layer1.0.bn2,76056,False,168565,27133,11918,11310,24254
5,layer1.0.relu2,33349,False,78104,13476,3074,2973,14368
5,layer1.0.conv3,860734,False,1814245,135372,66046,63722,25789
5,layer1.0.bn3,317246,False,675534,102679,101297,99685,106832
5,layer1.0.downsample.0,865133,False,1823753,135284,70057,68045,26472
5,layer1.0.downsample.1,322913,False,687918,102912,102019,100396,105992
5,layer1.0.add,313263,False,667110,101588,103087,101180,104365
5,layer1.0.relu3,173603,False,374074,51280,51935,50610,51443
5,layer1.1.conv1,809479,False,1707256,550542,62110,60138,55968
5,layer1.1.bn1,93715,False,205015,26990,26101,25216,27417
5,layer1.1.relu1,30865,False,72722,13485,2272,2213,11616
5,layer1.1.conv2,1969884,False,4139063,167470,59425,57209,143784
5,layer1.1.bn2,74761,False,165580,27093,11458,10896,23909
5,layer1.1.relu2,32437,False,76344,13492,2973,2877,13645
5,layer1.1.conv3,855789,False,1803904,135158,65598,63343,25088
5,layer1.1.bn3,322170,False,686020,102874,102201,100223,106916
5,layer1.1.add,313571,False,667875,101594,103002,101397,104724
5,layer1.1.relu3,172633,False,372057,51257,52078,50783,51195
5,layer1.2.conv1,809720,False,1707542,551324,62644,60667,56393
5,layer1.2.bn1,92663,False,203094,27021,26021,25147,27176
5,layer1.2.relu1,31298,False,73706,13489,2263,2216,13904
5,layer1.2.conv2,1962877,False,4124165,167293,54735,52576,139061
5,layer1.2.bn2,71740,False,158976,27129,8952,8509,23543
5,layer1.2.relu2,31177,False,73498,13522,1765,1711,10181
5,layer1.2.conv3,852545,False,1796974,135282,65378,63177,25281
5,layer1.2.bn3,322690,False,686988,102871,102306,100249,106794
5,layer1.2.add,312064,False,664641,101592,102953,101419,104785
5,layer1.2.relu3,173640,False,373941,51284,52249,50892,51162
5,layer2.0.conv1,1594751,False,3352835,1092683,127086,124831,108344
5,layer2.0.bn1,173449,False,373649,52265,53886,52347,52899
5,layer2.0.relu1,78347,False,172957,26094,20138,19543,28486
5,layer2.0.conv2,2122453,False,4458711,355277,150397,147615,384262
5,layer2.0.bn2,43010,False,98279,14575,2178,2122,6087
5,layer2.0.relu2,17887,False,45425,7224,556,553,3933
5,layer2.0.conv3,849087,False,1789815,126633,42050,40010,35654
5,layer2.0.bn3,168294,False,363256,52390,51616,50102,53146
5,layer2.0.downsample.0,2304414,False,4840394,1118383,258460,255171,856034
5,layer2.0.downsample.1,176486,False,380052,52597,53144,51571,53691
5,layer2.0.add,158631,False,343042,51248,51875,50410,52317
5,layer2.0.relu3,79509,False,175388,26091,20082,19523,28507
5,layer2.1.conv1,825753,False,1740731,551673,38820,36911,277455
5,layer2.1.bn1,48025,False,109046,14449,10288,9863,13581
5,layer2.1.relu1,17578,False,45067,7229,888,869,4351
5,layer2.1.conv2,1917592,False,4028338,160154,42173,40023,117609
5,layer2.1.bn2,44902,False,102360,14526,3846,3593,8677
5,layer2.1.relu2,17747,False,45386,7215,571,552,4379
5,layer2.1.conv3,846698,False,1784748,126366,45079,42835,35229
5,layer2.1.bn3,173694,False,374024,52635,53022,51377,53517
5,layer2.1.add,157235,False,339910,51225,51185,49493,52542
5,layer2.1.relu3,77993,False,172157,26048,19492,18936,28901
5,layer2.2.conv1,816948,False,1722042,552356,36726,35360,273992
5,layer2.2.bn1,47345,False,107536,14416,10241,9661,13547
5,layer2.2.relu1,17386,False,44675,7196,712,689,5135
5,layer2.2.conv2,1915216,False,4023457,160139,42116,40363,119525
5,layer2.2.bn2,43800,False,100312,14498,3899,3642,8294
5,layer2.2.relu2,17664,False,45291,7213,710,685,4148
5,layer2.2.conv3,848548,False,1788532,126692,47492,45332,34442
5,layer2.2.bn3,168877,False,363727,52394,52242,50608,53685
5,layer2.2.add,157321,False,339496,51221,51733,50390,52474
5,layer2.2.relu3,78018,False,172081,26076,19372,18802,30034
5,layer2.3.conv1,823976,False,1736564,551124,36573,34543,275575
5,layer2.3.bn1,48174,False,109405,14428,9390,8925,13429
5,layer2.3.relu1,17412,False,44539,7200,630,622,5110
5,layer2.3.conv2,1917261,False,4028022,160217,41621,39893,121625
5,layer2.3.bn2,42834,False,98350,14516,3790,3577,9323
5,layer2.3.relu2,17956,False,46141,7203,695,666,4559
5,layer2.3.conv3,848709,False,1788610,126487,47510,45334,34164
5,layer2.3.bn3,171505,False,369904,52399,52391,50837,53981
5,layer2.3.add,160667,False,346785,51459,52397,50553,52519
5,layer2.3.relu3,78459,False,173335,26058,19273,18744,29932
5,layer3.0.conv1,1741797,False,3660182,999858,68249,66263,772336
5,layer3.0.bn1,85055,False,187073,27055,22275,21102,27570
5,layer3.0.relu1,32985,False,77320,13478,3373,3277,12560
5,layer3.0.conv2,2185243,False,4590695,403718,156364,153565,425824
5,layer3.0.bn2,33939,False,79035,8362,1772,1747,2686
5,layer3.0.relu2,11899,False,32956,4070,494,482,1730
5,layer3.0.conv3,966848,False,2036161,525931,46407,44340,426379
5,layer3.0.bn3,91339,False,200389,27492,23862,22804,28033
5,layer3.0.downsample.0,2217630,False,4658388,1241842,222106,218865,993893
5,layer3.0.downsample.1,84878,False,186992,27917,14038,13246,26667
5,layer3.0.add,65963,False,147143,26066,18165,17287,25784
5,layer3.0.relu3,34317,False,80170,13487,3849,3745,13028
5,layer3.1.conv1,1027685,False,2164126,558485,53553,51828,474073
5,layer3.1.bn1,33520,False,78321,8230,5347,5077,4997
5,layer3.1.relu1,11884,False,33003,4087,488,476,1695
5,layer3.1.conv2,2032294,False,4270243,207134,130631,128013,217978
5,layer3.1.bn2,33802,False,79248,8357,1571,1544,1309
5,layer3.1.relu2,11677,False,32612,4099,481,473,1246
5,layer3.1.conv3,973135,False,2049980,526056,46227,43982,425642
5,layer3.1.bn3,90606,False,198967,27519,23399,22464,27874
5,layer3.1.add,67058,False,149393,26041,19015,18308,27040
5,layer3.1.relu3,31726,False,74632,13509,2653,2573,10904
5,layer3.2.conv1,1004791,False,2115746,558789,52326,50230,474533
5,layer3.2.bn1,33428,False,78127,8192,5298,5138,4853
5,layer3.2.relu1,12063,False,33339,4051,492,483,1774
5,layer3.2.conv2,2025995,False,4256797,207161,130402,127494,218043
5,layer3.2.bn2,33608,False,78492,8311,1529,1506,1348
5,layer3.2.relu2,12259,False,33856,4063,498,490,1639
5,layer3.2.conv3,966672,False,2035996,525930,46785,44846,427100
5,layer3.2.bn3,92176,False,201958,27519,23771,22521,27917
5,layer3.2.add,65406,False,146008,26043,18386,17683,26646
5,layer3.2.relu3,31491,False,73976,13501,1917,1877,11987
5,layer3.3.conv1,1022209,False,2152470,558720,52657,50863,474292
5,layer3.3.bn1,33376,False,78407,8215,5197,4976,5053
5,layer3.3.relu1,11419,False,32216,4056,541,528,1422
5,layer3.3.conv2,2023845,False,4252196,207532,131311,128187,218932
5,layer3.3.bn2,33647,False,78609,8339,1570,1545,1281
5,layer3.3.relu2,12034,False,33258,4104,483,476,1653
5,layer3.3.conv3,964764,False,2031948,525909,46122,43950,427014
5,layer3.3.bn3,90935,False,199933,27467,23925,22953,28000
5,layer3.3.add,71658,False,159328,26270,19900,18892,26573
5,layer3.3.relu3,30986,False,72774,13486,2471,2393,10820
5,layer3.4.conv1,1014388,False,2135908,558522,52283,50684,474424
5,layer3.4.bn1,32521,False,76256,8188,5261,5019,5227
5,layer3.4.relu1,10726,False,30558,4071,493,476,1297
5,layer3.4.conv2,2050194,False,4307575,207141,130020,127235,216252
5,layer3.4.bn2,34109,False,79606,8328,1507,1476,1259
5,layer3.4.relu2,11583,False,32501,4094,506,499,1222
5,layer3.4.conv3,967779,False,2038436,525818,46475,44550,429564
5,layer3.4.bn3,91228,False,199987,27469,23618,22523,27823
5,layer3.4.add,67257,False,149749,26039,18867,18194,26191
5,layer3.4.relu3,31780,False,74775,13483,2760,2693,12155
5,layer3.5.conv1,1005688,False,2117421,558879,53338,51366,473361
5,layer3.5.bn1,32775,False,76852,8182,5339,5163,5372
5,layer3.5.relu1,11605,False,32574,4055,475,463,1612
5,layer3.5.conv2,2026031,False,4257121,207666,130482,127726,218571
5,layer3.5.bn2,33196,False,77601,8331,1482,1451,1383
5,layer3.5.relu2,13562,False,36433,4163,540,524,1682
5,layer3.5.conv3,970085,False,2043201,525857,46356,42439,427416
5,layer3.5.bn3,90500,False,198832,27502,23734,22299,27942
5,layer3.5.add,67497,False,150194,26058,19007,18314,26516
5,layer3.5.relu3,32433,False,76194,13496,2636,2552,13067
5,layer4.0.conv1,1962299,False,4122745,1085876,115150,112764,933738
5,layer4.0.bn1,51897,False,117155,14727,9943,9483,13696
5,layer4.0.relu1,18207,False,46386,7242,723,700,5010
5,layer4.0.conv2,3405220,False,7146669,695639,471905,468421,843518
5,layer4.0.bn2,30945,False,72994,5339,3218,3096,2734
5,layer4.0.relu2,8393,False,25632,2520,532,509,686
5,layer4.0.conv3,1253434,False,2638308,721911,112633,110155,510869
5,layer4.0.bn3,60415,False,134836,15483,12187,11818,16863
5,layer4.0.downsample.0,2887388,False,6062483,1162325,492979,489372,958980
5,layer4.0.downsample.1,59191,False,132216,15590,2909,2861,8618
5,layer4.0.add,32697,False,77076,13499,7084,6951,9788
5,layer4.0.relu3,17911,False,45635,7212,587,576,4691
5,layer4.1.conv1,1225167,False,2579105,758990,140981,138687,520277
5,layer4.1.bn1,30129,False,71456,5214,3971,3864,3674
5,layer4.1.relu1,8825,False,35242,2842,1177,1142,817
5,layer4.1.conv2,3153849,False,6620087,526454,465360,461230,602292
5,layer4.1.bn2,31708,False,74314,5301,1558,1536,1509
5,layer4.1.relu2,9119,False,27576,2532,515,505,636
5,layer4.1.conv3,1249862,False,2630146,722789,114147,111848,520122
5,layer4.1.bn3,61459,False,137406,15485,12183,11795,16796
5,layer4.1.add,31815,False,74975,13493,7106,6932,11028
5,layer4.1.relu3,16847,False,43699,7220,383,378,3893
5,layer4.2.conv1,1224552,False,2577207,759539,140527,138210,518733
5,layer4.2.bn1,29324,False,69351,5234,3956,3781,3623
5,layer4.2.relu1,7943,False,24764,2489,465,458,710
5,layer4.2.conv2,3144907,False,6601874,526754,464559,460974,600360
5,layer4.2.bn2,31220,False,73664,5298,1532,1520,1504
5,layer4.2.relu2,9129,False,27319,2509,540,537,536
5,layer4.2.conv3,1248604,False,2627664,722387,114404,112144,514631
5,layer4.2.bn3,60177,False,134263,15436,11983,11654,16805
5,layer4.2.add,31797,False,74848,13502,7123,6980,10750
5,layer4.2.relu3,17520,False,44898,7199,343,337,3754
5,avgpool,84448,False,185727,8922,3839,3803,6751
5,flatten,8232,False,25324,566,400,389,68
5,fc,497800,False,1055432,132853,132294,130252,164769
6,conv1,2172225,False,4563665,214402,178035,175054,265862
6,bn1,338070,False,720170,103272,105423,103257,106302
6,relu,174165,False,375679,51307,52191,50795,50652
6,maxpool,10297147,False,21586558,91743,92761,90431,129167
6,layer1.0.conv1,270959,False,498230,43275,27391,26413,5379
6,layer1.0.bn1,89068,False,195700,27059,21210,20354,26770
6,layer1.0.relu1,33510,False,78400,13537,2458,2387,14110
6,layer1.0.conv2,1980470,False,4162156,167399,59401,57163,146210
6,layer1.0.bn2,75852,False,167749,27162,11927,11341,24552
6,layer1.0.relu2,33253,False,77595,13500,3046,2940,14438
6,layer1.0.conv3,861907,False,1816704,135343,66143,63781,25415
6,layer1.0.bn3,318128,False,677792,102683,101428,99763,106168
6,layer1.0.downsample.0,867528,False,1829048,135085,70139,68121,26664
6,layer1.0.downsample.1,322600,False,686830,102947,102136,100193,106697
6,layer1.0.add,313399,False,667599,101608,103160,101459,104606
6,layer1.0.relu3,173806,False,374810,51295,52180,50826,51250
6,layer1.1.conv1,809495,False,1707108,550434,62311,60295,57801
6,layer1.1.bn1,93912,False,206062,27017,26139,25261,27264
6,layer1.1.relu1,30987,False,72888,13491,2268,2213,13789
6,layer1.1.conv2,1972998,False,4146192,167129,59556,57381,141670
6,layer1.1.bn2,75922,False,169006,27129,11762,11193,24326
6,layer1.1.relu2,32394,False,76121,13495,2959,2858,14047
6,layer1.1.conv3,857111,False,1807115,135273,65650,63346,25141
6,layer1.1.bn3,322449,False,686512,102952,102350,100176,106449
6,layer1.1.add,313996,False,669419,101616,103130,101639,104455
6,layer1.1.relu3,173902,False,374574,51277,52110,50788,51103
6,layer1.2.conv1,810023,False,1708277,550935,62770,60785,54752
6,layer1.2.bn1,93308,False,204309,27018,26062,25184,27062
6,layer1.2.relu1,31492,False,74107,13492,2323,2267,13988
6,layer1.2.conv2,1961263,False,4120975,167053,55003,52798,139185
6,layer1.2.bn2,69898,False,155117,27105,8500,8040,22996
6,layer1.2.relu2,30575,False,72304,13491,1685,1624,10278
6,layer1.2.conv3,851478,False,1794742,135224,65364,63170,25197
6,layer1.2.bn3,322016,False,685592,102901,102337,100226,106696
6,layer1.2.add,313238,False,667253,101576,102890,101441,104513
6,layer1.2.relu3,173400,False,374007,51258,52124,50780,51024
6,layer2.0.conv1,1593585,False,3350250,1091962,127114,124825,106649
6,layer2.0.bn1,173460,False,374285,52309,53941,52401,52808
6,layer2.0.relu1,78551,False,173403,26072,20021,19367,29823
6,layer2.0.conv2,2120248,False,4454162,355646,150607,147735,388611
6,layer2.0.bn2,43722,False,99927,14562,1969,1930,6314
6,layer2.0.relu2,18047,False,46072,7222,508,504,2979
6,layer2.0.conv3,846995,False,1785320,126401,42126,40008,34981
6,layer2.0.bn3,191753,False,391496,52796,53703,51810,53555
6,layer2.0.downsample.0,2305044,False,4841632,1121042,258897,254738,859684
6,layer2.0.downsample.1,177205,False,381877,52629,53153,51588,53689
6,layer2.0.add,159350,False,344505,51214,51830,50380,52202
6,layer2.0.relu3,79125,False,174759,26096,19850,19270,28482
6,layer2.1.conv1,824297,False,1737676,551785,38941,37099,279116
6,layer2.1.bn1,49244,False,111509,14484,10233,9809,13773
6,layer2.1.relu1,17646,False,44904,7212,831,810,5209
6,layer2.1.conv2,1918086,False,4029624,160143,41812,39620,115413
6,layer2.1.bn2,43260,False,98799,14574,3753,3488,8281
6,layer2.1.relu2,20818,False,51625,7432,981,948,4153
6,layer2.1.conv3,844245,False,1779483,126108,44473,42349,35778
6,layer2.1.bn3,178804,False,385291,52987,53446,51267,53585
6,layer2.1.add,157257,False,340437,51227,51184,49709,52400
6,layer2.1.relu3,77556,False,171644,26060,19241,18724,29003
6,layer2.2.conv1,818275,False,1724794,552562,37252,35790,277707
6,layer2.2.bn1,48045,False,109085,14426,10348,9809,13411
6,layer2.2.relu1,17125,False,44228,7199,681,665,4213
6,layer2.2.conv2,1912673,False,4018444,160414,41954,40202,117925
6,layer2.2.bn2,43008,False,98567,14548,4015,3769,8416
6,layer2.2.relu2,17410,False,44801,7224,706,680,4531
6,layer2.2.conv3,849849,False,1791481,126642,47553,45335,34516
6,layer2.2.bn3,169944,False,366730,52372,52237,50628,53786
6,layer2.2.add,157372,False,340042,51235,51784,50398,52209
6,layer2.2.relu3,77441,False,170837,26050,19466,18869,30068
6,layer2.3.conv1,815808,False,1719470,550232,35919,34092,276957
6,layer2.3.bn1,47378,False,107815,14417,9398,8992,13662
6,layer2.3.relu1,17842,False,45694,7217,639,635,3874
6,layer2.3.conv2,1917182,False,4027905,160198,42185,40209,118606
6,layer2.3.bn2,41805,False,95850,14498,3805,3560,8997
6,layer2.3.relu2,17536,False,44979,7203,675,651,3713
6,layer2.3.conv3,847740,False,1786807,126637,47454,45298,34570
6,layer2.3.bn3,185473,False,398605,52771,53730,52127,53793
6,layer2.3.add,156708,False,338383,51236,51753,49623,52320
6,layer2.3.relu3,78604,False,173463,26046,19388,18874,30002
6,layer3.0.conv1,1759068,False,3696764,999771,68208,66142,773003
6,layer3.0.bn1,85535,False,188101,27105,22212,21149,27272
6,layer3.0.relu1,32151,False,75317,13496,3301,3210,14794
6,layer3.0.conv2,2183877,False,4587848,403540,156623,153838,429229
6,layer3.0.bn2,33738,False,79045,8346,1779,1755,2428
6,layer3.0.relu2,11240,False,31632,4079,520,517,1194
6,layer3.0.conv3,968420,False,2039682,525864,46005,43914,426991
6,layer3.0.bn3,91892,False,201509,27457,23768,22801,27856
6,layer3.0.downsample.0,2220343,False,4664030,1242862,223106,219818,995902
6,layer3.0.downsample.1,82479,False,182100,27712,13438,12654,27052
6,layer3.0.add,65833,False,146936,26036,18119,17311,26274
6,layer3.0.relu3,34340,False,79960,13528,3872,3776,14861
6,layer3.1.conv1,1014161,False,2135769,558630,53463,51654,472462
6,layer3.1.bn1,34044,False,79289,8241,5325,5063,4824
6,layer3.1.relu1,11687,False,32643,4077,473,460,1683
6,layer3.1.conv2,2029844,False,4264855,207374,130590,127912,218335
6,layer3.1.bn2,34421,False,80142,8386,1564,1536,1182
6,layer3.1.relu2,11640,False,32793,4106,539,533,1670
6,layer3.1.conv3,967138,False,2037023,525949,45986,43790,425307
6,layer3.1.bn3,89689,False,197008,27513,23524,22562,28054
6,layer3.1.add,66863,False,148958,26043,18882,18202,26780
6,layer3.1.relu3,31651,False,74392,13493,2610,2531,12500
6,layer3.2.conv1,1003893,False,2113749,558601,51344,49438,472508
6,layer3.2.bn1,32848,False,76952,8225,5402,5155,5126
6,layer3.2.relu1,10833,False,30767,4078,500,473,1617
6,layer3.2.conv2,2030958,False,4267375,207235,130635,127786,216680
6,layer3.2.bn2,33217,False,77746,8338,1522,1484,1236
6,layer3.2.relu2,11793,False,32916,4096,520,505,1648
6,layer3.2.conv3,968775,False,2040084,525878,46742,44653,425656
6,layer3.2.bn3,93126,False,203998,27510,23842,22782,28213
6,layer3.2.add,65851,False,147032,26038,18377,17716,26313
6,layer3.2.relu3,30211,False,71528,13498,1884,1846,9630
6,layer3.3.conv1,1004946,False,2115854,558676,51995,50119,473544
6,layer3.3.bn1,33348,False,77884,8229,5305,5105,5047
6,layer3.3.relu1,10690,False,30557,4060,486,482,1901
6,layer3.3.conv2,2028532,False,4262070,207105,130992,128029,218976
6,layer3.3.bn2,34502,False,80414,8353,1588,1561,1353
6,layer3.3.relu2,11959,False,33276,4097,483,479,1157
6,layer3.3.conv3,966387,False,2035475,526031,46002,43873,427163
6,layer3.3.bn3,94932,False,208140,27724,24836,23774,27815
6,layer3.3.add,67226,False,149779,26049,19273,18258,26474
6,layer3.3.relu3,31053,False,72926,13493,2381,2309,12608
6,layer3.4.conv1,1004162,False,2114306,558524,51809,50248,472916
6,layer3.4.bn1,32275,False,75797,8183,5303,5028,5138
6,layer3.4.relu1,12012,False,33197,4079,496,479,1227
6,layer3.4.conv2,2047230,False,4301177,207138,130326,127553,217014
6,layer3.4.bn2,34223,False,79754,8343,1583,1567,1276
6,layer3.4.relu2,11602,False,32282,4073,479,473,1586
6,layer3.4.conv3,971070,False,2044998,525921,46203,44328,427889
6,layer3.4.bn3,91895,False,201805,27468,23647,22598,27962
6,layer3.4.add,67675,False,150492,26053,19040,18382,26332
6,layer3.4.relu3,31584,False,74323,13485,2749,2678,12123
6,layer3.5.conv1,1002879,False,2111457,558677,52800,50850,472774
6,layer3.5.bn1,33445,False,78333,8200,5476,5316,5385
6,layer3.5.relu1,10791,False,30737,4071,475,464,1703
6,layer3.5.conv2,2026793,False,4265083,207134,130898,128106,216597
6,layer3.5.bn2,33015,False,77472,8305,1533,1495,1294
6,layer3.5.relu2,12010,False,33445,4088,547,540,1608
6,layer3.5.conv3,968794,False,2040444,526087,46165,44204,427043
6,layer3.5.bn3,89381,False,196617,27490,23560,22118,27942
6,layer3.5.add,66408,False,148271,26083,18973,18266,26710
6,layer3.5.relu3,31328,False,73943,13473,2674,2602,12536
6,layer4.0.conv1,1962492,False,4122936,1085656,113853,111509,932979
6,layer4.0.bn1,51900,False,117149,14733,9877,9420,13480
6,layer4.0.relu1,17525,False,44957,7238,758,735,3847
6,layer4.0.conv2,3411268,False,7159778,696243,472233,468449,841460
6,layer4.0.bn2,30797,False,72664,5356,3204,3100,2776
6,layer4.0.relu2,8803,False,26778,2533,495,482,617
6,layer4.0.conv3,1258305,False,2647479,721900,113038,110587,519439
6,layer4.0.bn3,59946,False,133861,15466,12213,11840,16799
6,layer4.0.downsample.0,2881156,False,6048931,1158950,492707,489111,957893
6,layer4.0.downsample.1,59050,False,132017,15610,2970,2922,9543
6,layer4.0.add,31488,False,74151,13486,7103,6986,9621
6,layer4.0.relu3,17713,False,45334,7248,495,485,3940
6,layer4.1.conv1,1222696,False,2573187,759211,140937,138717,523197
6,layer4.1.bn1,30318,False,71862,5247,3941,3846,3506
6,layer4.1.relu1,11544,False,32238,2689,980,960,706
6,layer4.1.conv2,3147233,False,6606736,526324,464539,460962,599858
6,layer4.1.bn2,32762,False,76606,5345,1523,1508,1423
6,layer4.1.relu2,9589,False,28210,2498,537,529,684
6,layer4.1.conv3,1251264,False,2633196,722360,114397,112153,518908
6,layer4.1.bn3,62108,False,138427,15483,12151,11785,16656
6,layer4.1.add,32044,False,75552,13483,7106,6936,10939
6,layer4.1.relu3,17471,False,44676,7199,391,384,4025
6,layer4.2.conv1,1222629,False,2572961,759266,140252,138139,522244
6,layer4.2.bn1,29373,False,69724,5237,3981,3836,3677
6,layer4.2.relu1,8811,False,26849,2534,503,496,725
6,layer4.2.conv2,3157181,False,6627446,526267,465026,461239,600376
6,layer4.2.bn2,31155,False,73446,5305,1524,1512,1436
6,layer4.2.relu2,8584,False,26119,2489,524,521,538
6,layer4.2.conv3,1250914,False,2631938,722496,114451,112188,522187
6,layer4.2.bn3,60432,False,134713,15477,12074,11696,16854
6,layer4.2.add,31556,False,74669,13482,7176,7021,10826
6,layer4.2.relu3,16054,False,41518,7220,332,329,2775
6,avgpool,84460,False,185827,8937,3724,3679,6553
6,flatten,8132,False,25025,572,419,410,84
6,fc,498037,False,1055034,135014,132145,130096,167092
7,conv1,2172843,False,4565062,213483,178140,175095,262895
7,bn1,340141,False,725425,103275,105570,103344,105627
7,relu,174839,False,376623,51327,52170,50775,51359
7,maxpool,10315730,False,21624379,91696,92620,90464,128786
7,layer1.0.conv1,272486,False,499983,43292,27369,26417,5337
7,layer1.0.bn1,88274,False,194114,27055,21015,20218,26856
7,layer1.0.relu1,32807,False,76853,13526,2219,2153,13914
7,layer1.0.conv2,1983751,False,4167933,167250,59334,57140,145303
7,layer1.0.bn2,74396,False,165143,27114,11466,10916,23845
7,layer1.0.relu2,32960,False,77224,13504,3048,2947,13575
7,layer1.0.conv3,859341,False,1811277,135232,66067,63779,25225
7,layer1.0.bn3,315999,False,672965,102625,101254,99644,106608
7,layer1.0.downsample.0,868117,False,1830017,135066,70032,68026,25899
7,layer1.0.downsample.1,321437,False,684375,102932,102043,100042,106316
7,layer1.0.add,314159,False,669613,101611,103198,101621,104538
7,layer1.0.relu3,172794,False,372614,51299,52042,50699,50604
7,layer1.1.conv1,807774,False,1703162,550416,62229,60208,56964
7,layer1.1.bn1,93232,False,204046,27007,26267,25303,27095
7,layer1.1.relu1,31443,False,74269,13502,2234,2170,13673
7,layer1.1.conv2,1967534,False,4134548,167199,59004,56869,142969
7,layer1.1.bn2,72681,False,161277,27071,11272,10728,23915
7,layer1.1.relu2,32620,False,76892,13493,2943,2822,12069
7,layer1.1.conv3,855069,False,1802657,135246,65565,63318,24841
7,layer1.1.bn3,322555,False,686645,102909,102232,100100,106846
7,layer1.1.add,313515,False,667839,101613,103065,101567,104481
7,layer1.1.relu3,173039,False,372455,51254,52097,50816,51413
7,layer1.2.conv1,807399,False,1702577,551192,62524,60547,53040
7,layer1.2.bn1,93087,False,204139,27020,25899,25020,27056
7,layer1.2.relu1,31030,False,73174,13486,2216,2159,13520
7,layer1.2.conv2,1962093,False,4122881,167027,55027,52814,137860
7,layer1.2.bn2,69215,False,154220,27068,8678,8237,22720
7,layer1.2.relu2,31374,False,74153,13519,1744,1674,12577
7,layer1.2.conv3,849617,False,1791600,135270,65313,63053,25137
7,layer1.2.bn3,321724,False,685435,102904,102417,100206,106244
7,layer1.2.add,313202,False,667292,101613,103075,101603,104368
7,layer1.2.relu3,173607,False,374162,51284,52232,50876,50616
7,layer2.0.conv1,1593718,False,3350783,1093182,127526,124965,109974
7,layer2.0.bn1,172514,False,371648,52269,53959,52399,53010
7,layer2.0.relu1,78950,False,174387,26103,20115,19501,28426
7,layer2.0.conv2,2115300,False,4444117,355449,150429,147612,386641
7,layer2.0.bn2,43097,False,98314,14571,2126,2067,5631
7,layer2.0.relu2,17681,False,45276,7234,493,489,4094
7,layer2.0.conv3,845470,False,1782296,126539,42154,40073,35599
7,layer2.0.bn3,172945,False,372748,52650,52515,50984,53516
7,layer2.0.downsample.0,2306815,False,4845240,1121043,259696,256035,859990
7,layer2.0.downsample.1,178213,False,384094,52639,53196,51613,53930
7,layer2.0.add,160111,False,345967,51275,51992,50521,52188
7,layer2.0.relu3,80520,False,177667,26121,20018,19425,28573
7,layer2.1.conv1,823284,False,1735717,550976,38555,36747,276350
7,layer2.1.bn1,48291,False,109566,14480,10273,9867,13720
7,layer2.1.relu1,18069,False,46150,7248,841,825,5904
7,layer2.1.conv2,1915377,False,4024550,160301,42034,39748,116679
7,layer2.1.bn2,43473,False,100124,14550,3940,3657,9157
7,layer2.1.relu2,18278,False,46687,7233,541,529,4398
7,layer2.1.conv3,841796,False,1780953,126350,44794,42643,35603
7,layer2.1.bn3,174136,False,375047,52648,53100,51220,53638
7,layer2.1.add,156234,False,337407,51210,51196,49611,52345
7,layer2.1.relu3,78310,False,172811,26074,19453,18935,28910
7,layer2.2.conv1,819060,False,1726598,552490,36766,35277,274007
7,layer2.2.bn1,47979,False,109032,14418,10340,9764,13572
7,layer2.2.relu1,18452,False,46932,7218,752,736,5356
7,layer2.2.conv2,1915394,False,4024258,160354,42016,40185,118730
7,layer2.2.bn2,44374,False,101329,14491,3881,3647,7723
7,layer2.2.relu2,17535,False,44818,7229,635,618,4150
7,layer2.2.conv3,847630,False,1786142,126763,47521,45274,34851
7,layer2.2.bn3,169905,False,366029,52420,52252,50611,54004
7,layer2.2.add,158358,False,341954,51244,51886,50466,52250
7,layer2.2.relu3,78041,False,172732,26068,19588,18972,29728
7,layer2.3.conv1,816536,False,1721486,550480,36201,34365,275925
7,layer2.3.bn1,48390,False,109964,14424,9432,9021,13832
7,layer2.3.relu1,17969,False,45835,7223,677,668,5572
7,layer2.3.conv2,1921593,False,4037944,160235,41759,39898,120200
7,layer2.3.bn2,42432,False,97316,14513,3827,3560,9090
7,layer2.3.relu2,17940,False,46066,7229,659,633,3619
7,layer2.3.conv3,847897,False,1787277,126515,47356,45185,34522
7,layer2.3.bn3,171474,False,369706,52388,52374,50798,53635
7,layer2.3.add,157565,False,340291,51229,51638,49830,52282
7,layer2.3.relu3,78017,False,172371,26094,19322,18814,30224
7,layer3.0.conv1,1713215,False,3600363,999814,67980,65969,772263
7,layer3.0.bn1,84494,False,185950,27084,21931,20789,27330
7,layer3.0.relu1,32394,False,76042,13483,3130,3057,12841
7,layer3.0.conv2,2189062,False,4598381,403752,162150,159403,422924
7,layer3.0.bn2,34120,False,79736,8329,1712,1695,2915
7,layer3.0.relu2,11456,False,32357,4083,532,521,1643
7,layer3.0.conv3,967102,False,2036930,525882,46129,44072,425665
7,layer3.0.bn3,91773,False,201241,27512,23816,22740,28023
7,layer3.0.downsample.0,2216330,False,4655786,1241853,222088,218838,994599
7,layer3.0.downsample.1,85101,False,187570,27933,13713,12910,26866
7,layer3.0.add,66052,False,147789,26053,18175,17292,25379
7,layer3.0.relu3,34149,False,79632,13510,3799,3696,12976
7,layer3.1.conv1,1021524,False,2150765,558478,54137,52352,475348
7,layer3.1.bn1,34981,False,81488,8204,5324,5044,4875
7,layer3.1.relu1,12017,False,33509,4084,485,469,1782
7,layer3.1.conv2,2025473,False,4255437,207463,130623,127948,216559
7,layer3.1.bn2,33379,False,78197,8342,1513,1479,1286
7,layer3.1.relu2,11467,False,32159,4087,482,475,1195
7,layer3.1.conv3,966565,False,2035822,525888,46100,43932,425502
7,layer3.1.bn3,88628,False,194750,27492,23352,22406,27645
7,layer3.1.add,66931,False,149056,26044,18872,18195,26567
7,layer3.1.relu3,32059,False,75108,13516,2633,2549,12755
7,layer3.2.conv1,1005402,False,2117075,558681,52464,50443,471332
7,layer3.2.bn1,33880,False,79219,8198,5352,5184,5006
7,layer3.2.relu1,12181,False,33810,4081,481,470,1508
7,layer3.2.conv2,2025716,False,4255842,206971,130473,127701,217640
7,layer3.2.bn2,33857,False,79660,8351,1501,1477,1320
7,layer3.2.relu2,11787,False,33226,4104,537,527,1706
7,layer3.2.conv3,966459,False,2035590,525962,46448,44560,426477
7,layer3.2.bn3,92741,False,203028,27506,24001,22845,28176
7,layer3.2.add,66226,False,147945,26047,18531,17867,26414
7,layer3.2.relu3,31411,False,74013,13496,1973,1942,11322
7,layer3.3.conv1,1015897,False,2139375,558734,53251,51339,473988
7,layer3.3.bn1,33397,False,77917,8212,5164,4933,4873
7,layer3.3.relu1,11999,False,33284,4053,489,480,1741
7,layer3.3.conv2,2032371,False,4270542,206904,131176,128168,217835
7,layer3.3.bn2,35374,False,82390,8354,1519,1492,1298
7,layer3.3.relu2,12503,False,34371,4103,537,527,1242
7,layer3.3.conv3,971397,False,2045984,525937,46078,43914,426426
7,layer3.3.bn3,91408,False,200632,27509,23886,22892,27962
7,layer3.3.add,67507,False,150435,26040,19407,18396,26640
7,layer3.3.relu3,31095,False,73513,13472,2448,2380,10452
7,layer3.4.conv1,1021871,False,2151366,558359,52208,50609,474961
7,layer3.4.bn1,33851,False,79132,8197,5373,5086,5101
7,layer3.4.relu1,11261,False,31508,4069,480,468,1732
7,layer3.4.conv2,2047758,False,4302297,207246,130369,127501,216399
7,layer3.4.bn2,33381,False,78191,8316,1507,1480,1376
7,layer3.4.relu2,11959,False,33330,4077,524,516,1653
7,layer3.4.conv3,969128,False,2041060,525822,45858,43901,426536
7,layer3.4.bn3,90644,False,199253,27500,23540,22424,28067
7,layer3.4.add,66988,False,149224,26058,18861,18193,25853
7,layer3.4.relu3,32081,False,75258,13497,2771,2695,10418
7,layer3.5.conv1,1004337,False,2114836,558581,53564,51543,473605
7,layer3.5.bn1,33251,False,77798,8201,5325,5146,5317
7,layer3.5.relu1,10577,False,30195,4052,458,454,1675
7,layer3.5.conv2,2026067,False,4257091,207406,130983,128232,218337
7,layer3.5.bn2,33517,False,78587,8328,1519,1476,1235
7,layer3.5.relu2,12371,False,34037,4108,470,461,1667
7,layer3.5.conv3,971324,False,2046042,525961,46220,44212,428199
7,layer3.5.bn3,90186,False,198194,27512,23646,22191,27854
7,layer3.5.add,67035,False,149189,26068,18915,18236,26494
7,layer3.5.relu3,31913,False,74991,13476,2598,2522,12035
7,layer4.0.conv1,1970207,False,4139167,1085707,114553,112235,933891
7,layer4.0.bn1,50921,False,114942,14690,9848,9356,13794
7,layer4.0.relu1,17808,False,45496,7215,663,649,3695
7,layer4.0.conv2,3390181,False,7122510,695978,471343,467931,843399
7,layer4.0.bn2,30884,False,73007,5345,3207,3137,2657
7,layer4.0.relu2,8033,False,25331,2518,526,509,677
7,layer4.0.conv3,1238082,False,2605591,722300,112744,110291,512651
7,layer4.0.bn3,60037,False,133884,15449,12148,11764,16882
7,layer4.0.downsample.0,2881845,False,6050144,1162922,493107,489519,957980
7,layer4.0.downsample.1,58583,False,131361,15625,2898,2843,8698
7,layer4.0.add,31676,False,74863,13501,7062,6954,9619
7,layer4.0.relu3,18453,False,47073,7218,504,495,3842
7,layer4.1.conv1,1218427,False,2564362,759483,141428,139156,520159
7,layer4.1.bn1,30839,False,72856,5268,3970,3875,3319
7,layer4.1.relu1,8646,False,26281,2501,504,488,635
7,layer4.1.conv2,3145877,False,6603575,526658,464999,461467,600920
7,layer4.1.bn2,31462,False,73965,5308,1565,1545,1438
7,layer4.1.relu2,8637,False,26289,2512,506,500,533
7,layer4.1.conv3,1242048,False,2613589,722662,114621,112404,514635
7,layer4.1.bn3,61029,False,136234,15448,12113,11745,16730
7,layer4.1.add,31645,False,74406,13473,7087,6940,10880
7,layer4.1.relu3,16766,False,42882,7195,392,384,3960
7,layer4.2.conv1,1216589,False,2560671,758811,139577,137462,519301
7,layer4.2.bn1,29788,False,70523,5219,3790,3644,3317
7,layer4.2.relu1,7876,False,24846,2504,482,472,721
7,layer4.2.conv2,3136535,False,6583612,526345,464086,460517,599268
7,layer4.2.bn2,31195,False,73535,5283,1565,1549,1526
7,layer4.2.relu2,8636,False,26366,2509,543,540,729
7,layer4.2.conv3,1235449,False,2599933,722832,114245,112043,519862
7,layer4.2.bn3,60502,False,135073,15457,12035,11662,16665
7,layer4.2.add,31346,False,73878,13476,7075,6927,10733
7,layer4.2.relu3,16797,False,43490,7214,427,423,3996
7,avgpool,80438,False,177358,8707,3221,3199,6465
7,flatten,11649,False,32753,888,981,971,158
7,fc,496427,False,1052140,132578,132185,130138,164597
8,conv1,2170544,False,4561167,213550,178242,175414,263023
8,bn1,339933,False,723940,103246,105575,103385,106008
8,relu,175750,False,379416,51328,52278,50903,51393
8,maxpool,10193109,False,21369253,91681,92678,90339,130969
8,layer1.0.conv1,264782,False,488686,42831,26971,26077,5204
8,layer1.0.bn1,92353,False,202471,27290,21793,20795,26708
8,layer1.0.relu1,33100,False,77519,13539,2318,2233,13780
8,layer1.0.conv2,1980794,False,4162235,167301,59775,57479,146389
8,layer1.0.bn2,75690,False,167651,27086,11989,11388,24636
8,layer1.0.relu2,33166,False,77915,13524,3116,3003,15037
8,layer1.0.conv3,859518,False,1811642,135063,65837,63668,25454
8,layer1.0.bn3,316409,False,674252,102648,101313,99567,106147
8,layer1.0.downsample.0,864387,False,1822170,134787,70117,68110,26337
8,layer1.0.downsample.1,317018,False,675459,102681,101101,99501,106313
8,layer1.0.add,317258,False,675916,101855,104125,102132,104130
8,layer1.0.relu3,173076,False,372900,51301,52054,50691,51459
8,layer1.1.conv1,806719,False,1701275,550140,62109,60265,57571
8,layer1.1.bn1,93256,False,204905,27005,26033,25059,26999
8,layer1.1.relu1,30834,False,72902,13513,2356,2288,11252
8,layer1.1.conv2,1967445,False,4133737,167261,59240,57092,145786
8,layer1.1.bn2,73214,False,162625,27104,11394,10853,24179
8,layer1.1.relu2,33068,False,77690,13511,3004,2902,12490
8,layer1.1.conv3,855124,False,1802315,135236,65514,63220,25371
8,layer1.1.bn3,319530,False,680162,102654,101196,99611,106506
8,layer1.1.add,316702,False,673862,101855,104038,101968,104659
8,layer1.1.relu3,174249,False,375351,51273,52138,50802,51372
8,layer1.2.conv1,809198,False,1705953,551231,62726,60753,55899
8,layer1.2.bn1,93962,False,205973,27041,26086,25166,26867
8,layer1.2.relu1,31625,False,74481,13528,2398,2337,14330
8,layer1.2.conv2,1962989,False,4125095,167122,54639,52525,139850
8,layer1.2.bn2,70796,False,157130,27099,8801,8341,22909
8,layer1.2.relu2,31617,False,74737,13507,1638,1585,11801
8,layer1.2.conv3,851699,False,1795565,135096,65283,63059,24747
8,layer1.2.bn3,317501,False,676378,102632,101247,99670,106528
8,layer1.2.add,315721,False,672319,101823,103851,101867,104713
8,layer1.2.relu3,173808,False,374384,51290,52113,50782,51323
8,layer2.0.conv1,1593429,False,3349910,1092257,126953,124865,105463
8,layer2.0.bn1,172314,False,371493,52256,53922,52221,52956
8,layer2.0.relu1,79482,False,175527,26093,20321,19705,29596
8,layer2.0.conv2,2124797,False,4463999,356071,152077,149008,391224
8,layer2.0.bn2,44165,False,101403,14601,2125,2080,5679
8,layer2.0.relu2,18467,False,46768,7229,551,546,2897
8,layer2.0.conv3,849068,False,1789968,126638,42012,39973,36495
8,layer2.0.bn3,169508,False,365315,52360,51655,50143,53305
8,layer2.0.downsample.0,2306489,False,4845006,1118163,259875,256189,856569
8,layer2.0.downsample.1,177396,False,382670,52628,53141,51584,53660
8,layer2.0.add,159758,False,345902,51276,51952,50498,52626
8,layer2.0.relu3,80457,False,177625,26111,20216,19626,29827
8,layer2.1.conv1,822588,False,1734080,552102,38694,36871,281373
8,layer2.1.bn1,48157,False,109100,14444,10251,9829,13662
8,layer2.1.relu1,17663,False,44974,7220,857,836,4559
8,layer2.1.conv2,1918769,False,4031324,160390,41800,39972,116927
8,layer2.1.bn2,43377,False,99114,14508,3886,3622,8795
8,layer2.1.relu2,18306,False,46658,7213,538,512,3175
8,layer2.1.conv3,847782,False,1786921,126572,45222,42961,36531
8,layer2.1.bn3,170141,False,366869,52384,52026,50550,54002
8,layer2.1.add,159670,False,344459,51446,52090,50430,52715
8,layer2.1.relu3,78169,False,172702,26063,19457,18729,30274
8,layer2.2.conv1,814399,False,1716540,552059,36523,35176,274151
8,layer2.2.bn1,48327,False,109717,14451,10366,9756,13785
8,layer2.2.relu1,17295,False,44551,7219,701,683,4265
8,layer2.2.conv2,1924342,False,4043020,160424,42195,40327,119161
8,layer2.2.bn2,42628,False,97713,14508,3883,3569,7794
8,layer2.2.relu2,17887,False,45820,7208,658,620,3083
8,layer2.2.conv3,846316,False,1783792,126699,47434,45325,35436
8,layer2.2.bn3,169889,False,366192,52423,52269,50418,53873
8,layer2.2.add,157301,False,339678,51219,51818,50447,52253
8,layer2.2.relu3,77742,False,171439,26058,19490,18893,30005
8,layer2.3.conv1,818044,False,1724803,550745,35991,34219,272589
8,layer2.3.bn1,47942,False,109029,14447,9419,8966,13527
8,layer2.3.relu1,18075,False,46005,7217,646,637,4857
8,layer2.3.conv2,1912940,False,4019121,160243,41466,39706,119183
8,layer2.3.bn2,43235,False,99010,14529,3966,3709,9362
8,layer2.3.relu2,17683,False,45168,7217,704,681,4672
8,layer2.3.conv3,849586,False,1790764,126606,47715,45459,34149
8,layer2.3.bn3,172799,False,372465,52423,52560,50961,53825
8,layer2.3.add,157425,False,340366,51231,51582,50181,52494
8,layer2.3.relu3,77629,False,179810,26361,20318,19384,28524
8,layer3.0.conv1,1743700,False,3664520,999389,67614,65396,772268
8,layer3.0.bn1,85002,False,187072,27136,21920,21018,27188
8,layer3.0.relu1,34003,False,79362,13530,3353,3233,15587
8,layer3.0.conv2,2193789,False,4608442,403645,162229,159100,420289
8,layer3.0.bn2,33556,False,78616,8335,1758,1729,2989
8,layer3.0.relu2,11630,False,32466,4075,521,513,1262
8,layer3.0.conv3,973156,False,2049703,525918,46443,44456,426772
8,layer3.0.bn3,92741,False,203042,27520,24067,22948,27952
8,layer3.0.downsample.0,2220296,False,4664530,1241939,221905,218659,997445
8,layer3.0.downsample.1,83169,False,183495,27700,13373,12786,26703
8,layer3.0.add,70324,False,156586,26295,19041,18276,25843
8,layer3.0.relu3,34806,False,81139,13524,4025,3876,14945
8,layer3.1.conv1,1010473,False,2127741,558573,53292,51499,473202
8,layer3.1.bn1,34916,False,81242,8230,5446,5152,5375
8,layer3.1.relu1,12058,False,33582,4071,454,438,1681
8,layer3.1.conv2,2033398,False,4272751,207598,130832,128123,216589
8,layer3.1.bn2,33335,False,78406,8341,1486,1466,1205
8,layer3.1.relu2,11410,False,32113,4095,499,489,1243
8,layer3.1.conv3,968672,False,2039992,525832,46329,44229,425854
8,layer3.1.bn3,89127,False,195582,27508,23436,22360,27768
8,layer3.1.add,67650,False,150821,26041,19129,18406,26580
8,layer3.1.relu3,31452,False,74347,13487,2672,2599,9999
8,layer3.2.conv1,1004934,False,2116159,558526,52159,50155,470869
8,layer3.2.bn1,34332,False,80072,8224,5373,5194,5015
8,layer3.2.relu1,10969,False,30935,4069,480,472,1271
8,layer3.2.conv2,2027002,False,4259214,207499,130971,127939,218012
8,layer3.2.bn2,36670,False,85047,8594,2076,2038,1297
8,layer3.2.relu2,11654,False,32755,4091,532,524,1656
8,layer3.2.conv3,968785,False,2040676,526052,46538,44394,426427
8,layer3.2.bn3,92593,False,202804,27466,23715,22418,27907
8,layer3.2.add,65752,False,146847,26026,18374,17664,26664
8,layer3.2.relu3,31231,False,73561,13492,1965,1918,11806
8,layer3.3.conv1,1006402,False,2119087,558560,51846,50135,473446
8,layer3.3.bn1,32951,False,77203,8184,5199,4966,4970
8,layer3.3.relu1,11161,False,31407,4078,514,504,1669
8,layer3.3.conv2,2026385,False,4257587,207073,130688,128026,217414
8,layer3.3.bn2,33712,False,79069,8359,1530,1507,1362
8,layer3.3.relu2,11572,False,32753,4102,564,558,1266
8,layer3.3.conv3,967976,False,2038993,525865,46164,43990,427045
8,layer3.3.bn3,91953,False,201739,27517,24046,23084,28001
8,layer3.3.add,67249,False,149638,26054,19225,18561,25967
8,layer3.3.relu3,31156,False,73463,13481,2467,2398,12551
8,layer3.4.conv1,1004358,False,2122301,558827,52506,50589,472398
8,layer3.4.bn1,33666,False,78654,8198,5489,5182,5773
8,layer3.4.relu1,11345,False,31923,4080,473,457,1207
8,layer3.4.conv2,2057922,False,4323402,207260,130057,127360,217322
8,layer3.4.bn2,33335,False,77981,8335,1488,1455,1297
8,layer3.4.relu2,11526,False,32548,4088,495,487,1187
8,layer3.4.conv3,966997,False,2036287,525804,45970,44031,425873
8,layer3.4.bn3,91397,False,200708,27503,23633,22528,27954
8,layer3.4.add,67494,False,149967,26041,18920,18238,26292
8,layer3.4.relu3,32173,False,75545,13504,2776,2706,12448
8,layer3.5.conv1,1004595,False,2115002,558484,52579,50672,474356
8,layer3.5.bn1,33742,False,78650,8217,5377,5211,5439
8,layer3.5.relu1,11028,False,31558,4063,469,464,1609
8,layer3.5.conv2,2027068,False,4259110,206962,130924,127998,217753
8,layer3.5.bn2,33093,False,77544,8361,1523,1507,1312
8,layer3.5.relu2,12485,False,34294,4075,477,472,1597
8,layer3.5.conv3,999172,False,2053831,526113,47177,43741,428179
8,layer3.5.bn3,90733,False,206234,27781,23735,22405,27923
8,layer3.5.add,67286,False,149907,26071,18973,18270,26577
8,layer3.5.relu3,32023,False,75317,13503,2710,2628,12720
8,layer4.0.conv1,1974362,False,4148012,1085562,113618,111256,933361
8,layer4.0.bn1,50751,False,114551,14682,9904,9365,13264
8,layer4.0.relu1,18115,False,46262,7221,768,741,5235
8,layer4.0.conv2,3510213,False,7367507,696012,471254,467619,841875
8,layer4.0.bn2,35092,False,81991,5591,3846,3781,2873
8,layer4.0.relu2,8869,False,26796,2500,517,509,552
8,layer4.0.conv3,1275403,False,2683345,721747,112943,110406,512395
8,layer4.0.bn3,60576,False,135010,15427,12125,11744,16734
8,layer4.0.downsample.0,2914770,False,6119329,1163740,493668,489873,972956
8,layer4.0.downsample.1,59057,False,132094,15549,2826,2765,8848
8,layer4.0.add,32845,False,77118,13515,7105,6980,9953
8,layer4.0.relu3,18258,False,46537,7216,533,523,4883
8,layer4.1.conv1,1233664,False,2596335,759050,141195,138966,523402
8,layer4.1.bn1,30490,False,71811,5234,3949,3846,3483
8,layer4.1.relu1,8785,False,33764,2794,479,464,712
8,layer4.1.conv2,3220443,False,6759453,526407,464682,460915,605206
8,layer4.1.bn2,32569,False,76240,5317,1571,1550,1470
8,layer4.1.relu2,8406,False,25645,2514,505,491,612
8,layer4.1.conv3,1278717,False,2690240,722299,114457,112117,522438
8,layer4.1.bn3,60963,False,136027,15446,12041,11693,16727
8,layer4.1.add,31947,False,75162,13492,7094,6952,10658
8,layer4.1.relu3,16869,False,43579,7224,416,410,4052
8,layer4.2.conv1,1236633,False,2602179,758655,140992,138734,521144
8,layer4.2.bn1,30111,False,71136,5220,3912,3744,3622
8,layer4.2.relu1,8984,False,27002,2501,485,477,637
8,layer4.2.conv2,3198698,False,6714333,526183,464346,460798,601666
8,layer4.2.bn2,30651,False,72406,5298,1511,1497,1416
8,layer4.2.relu2,8531,False,25801,2512,532,529,651
8,layer4.2.conv3,1270522,False,2673559,722386,114523,112262,525163
8,layer4.2.bn3,63295,False,140952,15675,12684,12296,16157
8,layer4.2.add,31311,False,74179,13453,7181,6851,10690
8,layer4.2.relu3,16736,False,43255,7206,427,399,3987
8,avgpool,86681,False,190646,8745,3332,3241,6465
8,flatten,8961,False,27029,603,471,461,87
8,fc,500452,False,1060556,132676,132237,130451,165740
9,conv1,2178861,False,4577630,214925,178620,175175,264580
9,bn1,337340,False,718406,103005,104383,102697,105293
9,relu,175255,False,377713,51331,52138,50729,51511
9,maxpool,10220154,False,21424078,91697,92673,90404,131254
9,layer1.0.conv1,268469,False,493910,42732,27153,26116,5525
9,layer1.0.bn1,87830,False,192997,27037,20880,20128,26506
9,layer1.0.relu1,33435,False,78171,13533,2298,2226,13209
9,layer1.0.conv2,1991297,False,4183974,167302,59508,57322,146856
9,layer1.0.bn2,76198,False,168701,27084,11621,11031,24581
9,layer1.0.relu2,33318,False,78127,13510,3074,2955,13771
9,layer1.0.conv3,860965,False,1814696,135247,66022,63731,25647
9,layer1.0.bn3,317374,False,675962,102674,101377,99750,106462
9,layer1.0.downsample.0,866622,False,1827469,135126,70038,68004,26532
9,layer1.0.downsample.1,322690,False,686918,102891,102025,99857,107910
9,layer1.0.add,315703,False,672533,101632,103133,101645,104498
9,layer1.0.relu3,174282,False,375393,51266,52101,50754,51520
9,layer1.1.conv1,809271,False,1706316,550203,62155,60181,57729
9,layer1.1.bn1,94645,False,207188,27015,26161,25268,27368
9,layer1.1.relu1,31154,False,73370,13497,2294,2231,11652
9,layer1.1.conv2,1971917,False,4143037,167123,59140,56966,147042
9,layer1.1.bn2,75071,False,166102,27095,11317,10781,24152
9,layer1.1.relu2,32529,False,76439,13491,3017,2922,12587
9,layer1.1.conv3,851355,False,1801521,135208,64806,62666,25287
9,layer1.1.bn3,324525,False,691055,102929,102263,100055,107697
9,layer1.1.add,315165,False,671498,101621,103040,101589,105009
9,layer1.1.relu3,172742,False,371739,51275,52059,50768,51325
9,layer1.2.conv1,808518,False,1704639,551281,62481,60481,53425
9,layer1.2.bn1,94045,False,205715,27016,25940,25036,26912
9,layer1.2.relu1,32374,False,75943,13487,2365,2316,13886
9,layer1.2.conv2,1973957,False,4147973,167700,55829,53091,143840
9,layer1.2.bn2,71504,False,158666,27118,8791,8296,23522
9,layer1.2.relu2,35406,False,82425,13772,2358,2250,12369
9,layer1.2.conv3,848410,False,1789161,135094,64542,62380,24393
9,layer1.2.bn3,323866,False,690162,102902,102266,100183,107295
9,layer1.2.add,313641,False,668360,101625,103018,101548,105159
9,layer1.2.relu3,174156,False,375412,51282,52184,50829,51139
9,layer2.0.conv1,1594243,False,3351570,1092212,127152,124813,105290
9,layer2.0.bn1,174416,False,375968,52273,53967,52402,52849
9,layer2.0.relu1,79236,False,174997,26088,20208,19592,29784
9,layer2.0.conv2,2120397,False,4454199,355682,150614,147524,384708
9,layer2.0.bn2,46985,False,106741,14815,2729,2656,6670
9,layer2.0.relu2,17885,False,45636,7247,513,505,3916
9,layer2.0.conv3,842141,False,1775374,126168,41012,39131,35592
9,layer2.0.bn3,171855,False,370233,52629,52342,50454,53325
9,layer2.0.downsample.0,2308963,False,4849992,1119613,258734,255824,858105
9,layer2.0.downsample.1,176904,False,380890,52633,52986,51469,54286
9,layer2.0.add,158235,False,341737,51247,51758,50317,52436
9,layer2.0.relu3,83936,False,184911,26348,21263,20414,28347
9,layer2.1.conv1,819965,False,1728220,551151,37792,36183,278366
9,layer2.1.bn1,49295,False,111453,14466,10310,9924,13625
9,layer2.1.relu1,17970,False,45467,7252,899,884,5015
9,layer2.1.conv2,1914522,False,4022650,159982,41131,38994,117736
9,layer2.1.bn2,44895,False,102208,14516,3864,3597,8554
9,layer2.1.relu2,18335,False,46336,7248,572,552,4345
9,layer2.1.conv3,847495,False,1786641,126493,44979,43013,35815
9,layer2.1.bn3,169675,False,366051,52378,52073,50179,53380
9,layer2.1.add,157017,False,339146,51241,51046,49645,52601
9,layer2.1.relu3,77849,False,171851,26050,19361,18849,28742
9,layer2.2.conv1,819377,False,1727036,552253,36884,35211,273184
9,layer2.2.bn1,48565,False,110118,14402,10055,9628,13395
9,layer2.2.relu1,17396,False,44332,7211,710,695,4271
9,layer2.2.conv2,1912067,False,4017122,160420,42141,40439,120124
9,layer2.2.bn2,42861,False,98346,14481,3918,3686,8420
9,layer2.2.relu2,17660,False,45387,7207,672,658,3455
9,layer2.2.conv3,848975,False,1789084,126606,47380,45092,34192
9,layer2.2.bn3,170160,False,366858,52432,52250,50658,53526
9,layer2.2.add,157525,False,340347,51233,51779,50376,52296
9,layer2.2.relu3,77329,False,170582,26067,19492,18911,28856
9,layer2.3.conv1,814366,False,1717099,550224,35077,33309,274652
9,layer2.3.bn1,48500,False,109701,14473,9455,9076,13372
9,layer2.3.relu1,18263,False,46736,7202,649,640,4927
9,layer2.3.conv2,1916221,False,4026484,160195,42021,39965,118677
9,layer2.3.bn2,43155,False,99109,14535,3946,3716,9896
9,layer2.3.relu2,18161,False,46313,7199,681,658,4663
9,layer2.3.conv3,844281,False,1779677,126152,46774,44615,33792
9,layer2.3.bn3,186003,False,399988,52778,53933,51560,54082
9,layer2.3.add,156835,False,338783,51227,51598,50207,52167
9,layer2.3.relu3,78210,False,172787,26079,19313,18789,30100
9,layer3.0.conv1,1749847,False,3676952,999550,68296,66123,772196
9,layer3.0.bn1,85208,False,187435,27133,22206,21130,27349
9,layer3.0.relu1,33507,False,78259,13493,3418,3331,14506
9,layer3.0.conv2,2189443,False,4599212,403656,156624,153899,431735
9,layer3.0.bn2,33423,False,78688,8341,1730,1714,2578
9,layer3.0.relu2,11231,False,31505,4065,497,492,1657
9,layer3.0.conv3,967709,False,2038794,525978,46121,44057,426553
9,layer3.0.bn3,91622,False,201019,27521,23685,22678,27706
9,layer3.0.downsample.0,2216811,False,4657146,1241567,222499,219059,996378
9,layer3.0.downsample.1,82025,False,180779,27731,13023,12404,26421
9,layer3.0.add,65660,False,146448,26032,17961,17264,25398
9,layer3.0.relu3,34170,False,79699,13484,3782,3684,12726
9,layer3.1.conv1,1023512,False,2155218,558474,53675,51870,473620
9,layer3.1.bn1,33591,False,78609,8240,5347,5100,4960
9,layer3.1.relu1,11384,False,32211,4071,468,454,1240
9,layer3.1.conv2,2033770,False,4273789,207379,130861,128030,217363
9,layer3.1.bn2,33777,False,78855,8327,1538,1513,1193
9,layer3.1.relu2,12488,False,34362,4077,490,481,1640
9,layer3.1.conv3,967362,False,2037573,525940,46074,43813,426739
9,layer3.1.bn3,90074,False,197695,27520,23452,22507,28111
9,layer3.1.add,71017,False,157787,26278,19891,19045,27051
9,layer3.1.relu3,32552,False,76424,13509,2672,2560,10966
9,layer3.2.conv1,1011491,False,2129819,558588,52024,50209,473283
9,layer3.2.bn1,33339,False,77672,8191,5256,4947,4917
9,layer3.2.relu1,10846,False,30788,4070,504,480,1740
9,layer3.2.conv2,2028787,False,4262457,207274,130940,128133,217407
9,layer3.2.bn2,32945,False,77101,8302,1536,1495,1206
9,layer3.2.relu2,12434,False,34691,4096,506,492,1622
9,layer3.2.conv3,968917,False,2040762,525824,46669,44529,425895
9,layer3.2.bn3,92061,False,201717,27523,23660,22621,27861
9,layer3.2.add,65406,False,145817,26047,18372,17693,26474
9,layer3.2.relu3,31267,False,73582,13513,1971,1940,11329
9,layer3.3.conv1,1005718,False,2117888,558588,52005,50132,474036
9,layer3.3.bn1,32867,False,77227,8215,5251,5069,5303
9,layer3.3.relu1,11541,False,32411,4057,477,474,1735
9,layer3.3.conv2,2026319,False,4257517,207510,131117,128226,219815
9,layer3.3.bn2,33591,False,84647,8586,2133,2106,1690
9,layer3.3.relu2,12309,False,33990,4106,509,504,1648
9,layer3.3.conv3,969252,False,2041277,525716,45853,43842,427002
9,layer3.3.bn3,91611,False,200925,27470,24039,22707,28051
9,layer3.3.add,66771,False,148727,26035,19151,18444,26210
9,layer3.3.relu3,31252,False,73583,13499,2434,2377,12381
9,layer3.4.conv1,1005666,False,2117275,558446,52007,50307,470676
9,layer3.4.bn1,33115,False,77594,8197,5301,5071,5054
9,layer3.4.relu1,11467,False,32131,4062,462,454,1690
9,layer3.4.conv2,2053467,False,4313973,206878,130089,127512,217081
9,layer3.4.bn2,33395,False,77916,8364,1532,1513,1405
9,layer3.4.relu2,11684,False,32642,4099,497,490,1644
9,layer3.4.conv3,967684,False,2038201,525936,45886,43817,426918
9,layer3.4.bn3,90482,False,199053,27492,23513,22543,28002
9,layer3.4.add,67029,False,149253,26049,18876,18194,26390
9,layer3.4.relu3,32517,False,76142,13502,2773,2700,12025
9,layer3.5.conv1,1015337,False,2137556,558730,52647,50737,475361
9,layer3.5.bn1,33467,False,77991,8167,5376,5111,5585
9,layer3.5.relu1,10884,False,30796,4076,461,436,1662
9,layer3.5.conv2,2028348,False,4261400,207134,130581,127860,217014
9,layer3.5.bn2,32987,False,77379,8354,1551,1503,1385
9,layer3.5.relu2,11557,False,32390,4094,508,498,1746
9,layer3.5.conv3,968434,False,2039678,525929,46257,44187,426242
9,layer3.5.bn3,90796,False,199566,27489,23649,22447,27946
9,layer3.5.add,66741,False,148546,26055,18901,18202,26913
9,layer3.5.relu3,32301,False,75765,13482,2608,2534,13097
9,layer4.0.conv1,1966190,False,4131136,1085527,114788,112290,935538
9,layer4.0.bn1,50874,False,114924,14691,9790,9415,13491
9,layer4.0.relu1,18192,False,46038,7242,748,729,5301
9,layer4.0.conv2,3409956,False,7156791,696401,472072,468144,842198
9,layer4.0.bn2,30953,False,72923,5342,3206,3137,2703
9,layer4.0.relu2,9023,False,26897,2505,500,494,636
9,layer4.0.conv3,1255809,False,2642640,721710,112826,110609,516898
9,layer4.0.bn3,59899,False,133696,15478,12162,11795,16801
9,layer4.0.downsample.0,2879920,False,6046393,1161641,493349,489743,958484
9,layer4.0.downsample.1,58966,False,131669,15586,2759,2713,8791
9,layer4.0.add,32168,False,75688,13468,7045,6923,9838
9,layer4.0.relu3,17739,False,45307,7237,554,541,5068
9,layer4.1.conv1,1227998,False,2584096,759507,141910,139585,521118
9,layer4.1.bn1,29821,False,70710,5250,3925,3821,3414
9,layer4.1.relu1,8640,False,26283,2482,463,453,656
9,layer4.1.conv2,3137409,False,6585693,526627,464532,460929,599906
9,layer4.1.bn2,33084,False,77560,5360,1656,1642,1581
9,layer4.1.relu2,9321,False,27578,2514,520,515,706
9,layer4.1.conv3,1252624,False,2635857,722483,114475,112126,519778
9,layer4.1.bn3,61826,False,137975,15463,12069,11737,16670
9,layer4.1.add,31477,False,73959,13480,7091,6935,10857
9,layer4.1.relu3,17247,False,43938,7231,369,361,3806
9,layer4.2.conv1,1225849,False,2579816,758832,141072,138818,523451
9,layer4.2.bn1,29629,False,70266,5223,3900,3762,3614
9,layer4.2.relu1,8822,False,26458,2491,477,470,635
9,layer4.2.conv2,3147351,False,6607132,526174,464344,460824,601125
9,layer4.2.bn2,31622,False,74094,5318,1578,1565,1539
9,layer4.2.relu2,8660,False,26173,2522,536,534,582
9,layer4.2.conv3,1270197,False,2648486,723222,115445,111985,518659
9,layer4.2.bn3,64810,False,144072,15691,12638,12256,16070
9,layer4.2.add,31967,False,75088,13460,7202,6867,10727
9,layer4.2.relu3,16888,False,43572,7216,348,328,3810
9,avgpool,83063,False,182633,8707,3265,3147,6480
9,flatten,8149,False,25117,579,409,400,83
9,fc,497370,False,1054349,133153,132209,130405,164549
10,conv1,2179128,False,4579443,213668,178975,175603,264850
10,bn1,335528,False,715059,103009,104521,102697,106158
10,relu,174138,False,375636,51303,52087,50705,50639
10,maxpool,10140852,False,21259970,91740,92786,90391,131090
10,layer1.0.conv1,255771,False,496725,43049,27234,26244,5430
10,layer1.0.bn1,88267,False,194016,27047,21038,20212,26796
10,layer1.0.relu1,33033,False,77405,13543,2342,2276,14479
10,layer1.0.conv2,1985264,False,4171809,167107,59371,57132,144549
10,layer1.0.bn2,77068,False,170585,27106,11830,11260,24212
10,layer1.0.relu2,34398,False,80595,13532,3089,2981,14350
10,layer1.0.conv3,859773,False,1812547,135282,65990,63720,25473
10,layer1.0.bn3,316724,False,674668,102589,101186,99579,105710
10,layer1.0.downsample.0,865591,False,1824635,135123,70082,68111,26432
10,layer1.0.downsample.1,321931,False,685588,102937,102118,100136,106551
10,layer1.0.add,314672,False,670630,101619,103125,101499,104488
10,layer1.0.relu3,173921,False,374511,51289,52089,50760,50465
10,layer1.1.conv1,808738,False,1705708,550696,62226,60238,56922
10,layer1.1.bn1,94107,False,206135,27003,26124,25217,26930
10,layer1.1.relu1,30626,False,72086,13508,2304,2250,11827
10,layer1.1.conv2,1973192,False,4146180,167702,60221,57822,143872
10,layer1.1.bn2,73086,False,162302,27050,11121,10548,23519
10,layer1.1.relu2,32850,False,77245,13489,2974,2867,13854
10,layer1.1.conv3,854159,False,1800986,135240,65507,63251,25107
10,layer1.1.bn3,322915,False,687537,102901,102253,100101,106159
10,layer1.1.add,312888,False,666723,101608,103005,101516,104972
10,layer1.1.relu3,173469,False,373741,51274,52137,50842,51386
10,layer1.2.conv1,809412,False,1706937,551454,62727,60686,55595
10,layer1.2.bn1,93203,False,204074,27002,25893,25011,26986
10,layer1.2.relu1,30815,False,72728,13494,2292,2237,11590
10,layer1.2.conv2,1962348,False,4124229,167159,55302,53138,138739
10,layer1.2.bn2,70182,False,156294,27118,8764,8309,23298
10,layer1.2.relu2,31491,False,74275,13530,1781,1728,10501
10,layer1.2.conv3,851214,False,1794471,135274,65213,63066,25261
10,layer1.2.bn3,322258,False,686675,102908,102329,100206,106203
10,layer1.2.add,312635,False,666181,101616,103022,101547,104822
10,layer1.2.relu3,173364,False,373696,51253,52185,50806,51379
10,layer2.0.conv1,1593767,False,3350769,1092642,127149,124841,106747
10,layer2.0.bn1,172954,False,372810,52276,53929,52421,53068
10,layer2.0.relu1,78924,False,174614,26088,20220,19587,29873
10,layer2.0.conv2,2128856,False,4472489,355480,151375,148195,385737
10,layer2.0.bn2,43475,False,99509,14545,2064,2017,5988
10,layer2.0.relu2,17874,False,45666,7245,508,502,2942
10,layer2.0.conv3,847554,False,1787134,126526,41944,39884,35698
10,layer2.0.bn3,172112,False,370545,52638,52780,50932,52912
10,layer2.0.downsample.0,2303237,False,4838080,1120447,259046,255887,858967
10,layer2.0.downsample.1,176238,False,379978,52622,53039,51505,54149
10,layer2.0.add,158709,False,342846,51236,51828,50387,52267
10,layer2.0.relu3,79472,False,175192,26098,20128,19522,29775
10,layer2.1.conv1,823679,False,1736416,551583,38636,36765,281424
10,layer2.1.bn1,48515,False,110189,14478,10119,9681,13511
10,layer2.1.relu1,17754,False,45423,7219,823,810,4451
10,layer2.1.conv2,1915983,False,4025218,160204,41450,39364,116985
10,layer2.1.bn2,43692,False,99824,14528,3773,3528,8539
10,layer2.1.relu2,17561,False,44885,7215,533,516,4205
10,layer2.1.conv3,842336,False,1776271,126105,44288,42164,35967
10,layer2.1.bn3,173450,False,373618,52610,52832,50883,53346
10,layer2.1.add,156839,False,338690,51226,51171,49755,52597
10,layer2.1.relu3,76680,False,169561,26061,19353,18823,28959
10,layer2.2.conv1,816591,False,1721146,552198,36790,35353,276282
10,layer2.2.bn1,47742,False,108553,14414,10200,9635,13560
10,layer2.2.relu1,17454,False,44568,7215,710,694,4226
10,layer2.2.conv2,1911097,False,4015114,160263,41585,39878,117897
10,layer2.2.bn2,43122,False,98600,14494,3738,3501,7984
10,layer2.2.relu2,17656,False,44871,7202,699,675,4233
10,layer2.2.conv3,847592,False,1786648,126595,47474,45309,34954
10,layer2.2.bn3,170068,False,367236,52383,52195,50534,53633
10,layer2.2.add,156970,False,339558,51227,51632,50230,52034
10,layer2.2.relu3,77315,False,170601,26042,19287,18673,28681
10,layer2.3.conv1,818356,False,1724908,550342,35696,33945,273590
10,layer2.3.bn1,47723,False,108330,14421,9364,8965,13572
10,layer2.3.relu1,16863,False,43392,7210,636,632,4762
10,layer2.3.conv2,1917064,False,4028050,160273,41777,39928,121135
10,layer2.3.bn2,44583,False,101751,14547,4083,3836,8968
10,layer2.3.relu2,18511,False,47135,7199,686,653,4723
10,layer2.3.conv3,847538,False,1786327,126547,47460,45354,34751
10,layer2.3.bn3,172650,False,371837,52370,52425,50854,53548
10,layer2.3.add,156890,False,338940,51225,51595,49825,52555
10,layer2.3.relu3,78189,False,172446,26067,19289,18766,30336
10,layer3.0.conv1,1745568,False,3667911,999878,68229,66206,772498
10,layer3.0.bn1,85144,False,187111,27100,22363,21259,27469
10,layer3.0.relu1,33132,False,77727,13489,3281,3198,14036
10,layer3.0.conv2,2208184,False,4638915,404218,161095,158425,422831
10,layer3.0.bn2,34969,False,81482,8381,1750,1735,2735
10,layer3.0.relu2,11935,False,33086,4112,523,512,1694
10,layer3.0.conv3,969359,False,2041423,526039,44821,42726,425675
10,layer3.0.bn3,91278,False,200408,27516,23852,22900,27921
10,layer3.0.downsample.0,2227428,False,4679292,1242178,222936,219544,995589
10,layer3.0.downsample.1,81681,False,180083,27682,13256,12477,26744
10,layer3.0.add,65381,False,146138,26069,17923,17086,25532
10,layer3.0.relu3,33389,False,78011,13488,3777,3665,12679
10,layer3.1.conv1,1027165,False,2163347,558474,53800,52010,472839
10,layer3.1.bn1,33947,False,79307,8226,5311,5025,5011
10,layer3.1.relu1,11587,False,32358,4083,495,482,1310
10,layer3.1.conv2,2026683,False,4258134,207183,130652,127952,215181
10,layer3.1.bn2,33470,False,78232,8316,1522,1495,1234
10,layer3.1.relu2,11722,False,32753,4082,485,478,1120
10,layer3.1.conv3,967456,False,2037823,525980,46261,43921,426005
10,layer3.1.bn3,89825,False,197628,27513,23267,22324,27783
10,layer3.1.add,66563,False,148409,26060,18797,18141,26490
10,layer3.1.relu3,32224,False,75904,13473,2575,2485,12510
10,layer3.2.conv1,1013415,False,2134009,558982,52661,50699,475166
10,layer3.2.bn1,33571,False,78604,8206,5289,5055,5209
10,layer3.2.relu1,11108,False,31382,4071,522,501,1711
10,layer3.2.conv2,2030555,False,4266348,207415,130457,127772,217559
10,layer3.2.bn2,32197,False,75474,8320,1475,1443,1234
10,layer3.2.relu2,11431,False,31853,4098,528,517,1605
10,layer3.2.conv3,967688,False,2038235,525984,46596,44500,425470
10,layer3.2.bn3,93045,False,204132,27479,23706,22640,28152
10,layer3.2.add,65647,False,146413,26033,18415,17745,26324
10,layer3.2.relu3,30395,False,71922,13512,1941,1904,9489
10,layer3.3.conv1,1023041,False,2153744,558489,52194,50352,474426
10,layer3.3.bn1,32954,False,77076,8219,5202,5022,5033
10,layer3.3.relu1,10809,False,30763,4075,512,508,1572
10,layer3.3.conv2,2028703,False,4262254,207086,131233,128288,217134
10,layer3.3.bn2,33539,False,78616,8359,1539,1518,1362
10,layer3.3.relu2,12152,False,33525,4079,503,500,1214
10,layer3.3.conv3,966287,False,2035403,525789,45937,43814,426903
10,layer3.3.bn3,95782,False,209726,27747,24961,23729,28149
10,layer3.3.add,67233,False,149649,26057,19194,18299,26402
10,layer3.3.relu3,31943,False,74974,13492,2510,2435,12660
10,layer3.4.conv1,1010821,False,2128514,558578,51899,50180,472966
10,layer3.4.bn1,33535,False,78435,8225,5402,5180,5186
10,layer3.4.relu1,12098,False,33433,4075,512,493,1350
10,layer3.4.conv2,2042093,False,4290531,207638,130421,127709,216920
10,layer3.4.bn2,33946,False,79280,8352,1491,1459,1388
10,layer3.4.relu2,11919,False,33093,4106,519,509,1602
10,layer3.4.conv3,965641,False,2033327,525907,46317,44369,427814
10,layer3.4.bn3,92222,False,202328,27479,23520,22463,27828
10,layer3.4.add,66992,False,149001,26043,18877,18235,26043
10,layer3.4.relu3,31696,False,74492,13513,2704,2634,11667
10,layer3.5.conv1,1020809,False,2148998,558629,53276,51294,473545
10,layer3.5.bn1,32065,False,75355,8200,5401,5232,5481
10,layer3.5.relu1,10489,False,37462,4328,1100,1066,1750
10,layer3.5.conv2,2023635,False,4251837,207030,130439,127604,217098
10,layer3.5.bn2,32947,False,77332,8337,1472,1448,1249
10,layer3.5.relu2,12411,False,34246,4088,493,484,1584
10,layer3.5.conv3,967997,False,2038441,525953,46084,44271,427396
10,layer3.5.bn3,89761,False,197182,27498,23560,22221,27939
10,layer3.5.add,67065,False,149465,26042,18897,18185,26780
10,layer3.5.relu3,32295,False,75837,13492,2619,2542,11938
10,layer4.0.conv1,1966687,False,4131940,1085791,115364,112933,934156
10,layer4.0.bn1,51909,False,117213,14690,9782,9379,13482
10,layer4.0.relu1,17241,False,44158,7238,685,661,5144
10,layer4.0.conv2,3410271,False,7157862,695726,471568,468030,843576
10,layer4.0.bn2,30429,False,71811,5302,3158,3084,2741
10,layer4.0.relu2,9058,False,27068,2523,553,541,671
10,layer4.0.conv3,1259047,False,2649825,722165,112865,110508,510202
10,layer4.0.bn3,59596,False,133101,15451,12122,11740,16989
10,layer4.0.downsample.0,2882726,False,6052095,1160956,493253,489618,960457
10,layer4.0.downsample.1,59202,False,132170,15581,2866,2818,8914
10,layer4.0.add,31643,False,74701,13464,7047,6927,10092
10,layer4.0.relu3,18191,False,46304,7219,523,512,5153
10,layer4.1.conv1,1226464,False,2581409,759218,140924,138677,525167
10,layer4.1.bn1,34291,False,80139,5523,4652,4522,3921
10,layer4.1.relu1,8654,False,26266,2506,514,498,696
10,layer4.1.conv2,3150206,False,6612497,526300,464463,460792,599640
10,layer4.1.bn2,31614,False,74124,5309,1585,1565,1540
10,layer4.1.relu2,8836,False,26721,2511,554,550,601
10,layer4.1.conv3,1253735,False,2638276,722897,114439,112103,520850
10,layer4.1.bn3,61597,False,137639,15476,12190,11838,16775
10,layer4.1.add,31942,False,75267,13469,7047,6888,11248
10,layer4.1.relu3,17516,False,44901,7233,407,402,3946
10,layer4.2.conv1,1225303,False,2578690,759257,140603,138372,522115
10,layer4.2.bn1,29755,False,70552,5253,3967,3817,3659
10,layer4.2.relu1,8733,False,26292,2491,485,475,522
10,layer4.2.conv2,3145219,False,6602299,526326,464120,460548,602946
10,layer4.2.bn2,32460,False,75921,5317,1623,1611,1534
10,layer4.2.relu2,8840,False,26938,2498,523,521,658
10,layer4.2.conv3,1252902,False,2636762,722321,114476,112197,525240
10,layer4.2.bn3,61469,False,137067,15470,12016,11663,16759
10,layer4.2.add,31845,False,75110,13463,7070,6910,10407
10,layer4.2.relu3,17372,False,44921,7216,384,378,2973
10,avgpool,83119,False,182733,8708,3217,3148,6417
10,flatten,8353,False,25688,623,446,436,105
10,fc,496361,False,1051730,132816,132163,130104,164947
11,conv1,2172921,False,4565738,214068,177930,174967,264726
11,bn1,340321,False,725405,103240,105335,103218,106540
11,relu,175655,False,378532,51290,52097,50747,51356
11,maxpool,10216018,False,21416243,91673,92524,90273,130881
11,layer1.0.conv1,273450,False,497236,43197,27542,26563,5501
11,layer1.0.bn1,93353,False,201389,27067,21177,20230,26861
11,layer1.0.relu1,33505,False,78403,13528,2331,2258,13931
11,layer1.0.conv2,1977936,False,4156086,167253,59595,57356,148878
11,layer1.0.bn2,76538,False,169500,27089,11638,11063,24641
11,layer1.0.relu2,33130,False,77625,13514,3083,2969,12510
11,layer1.0.conv3,866244,False,1826376,135490,66590,64129,24865
11,layer1.0.bn3,318806,False,679396,102681,101338,99692,106359
11,layer1.0.downsample.0,869212,False,1832620,134753,70072,68039,26727
11,layer1.0.downsample.1,321389,False,684159,102934,102182,100522,106186
11,layer1.0.add,313739,False,668293,101628,103208,101300,104964
11,layer1.0.relu3,174035,False,374765,51306,52051,50709,51478
11,layer1.1.conv1,812021,False,1712595,550624,62333,60337,56461
11,layer1.1.bn1,94504,False,206967,27004,26172,25299,27182
11,layer1.1.relu1,31906,False,74868,13501,2283,2215,13630
11,layer1.1.conv2,2008529,False,4168961,167807,62113,59076,144260
11,layer1.1.bn2,75477,False,167192,27111,11731,11088,24201
11,layer1.1.relu2,33132,False,77499,13490,3107,2964,14469
11,layer1.1.conv3,858831,False,1810119,135268,65848,63282,25324
11,layer1.1.bn3,322852,False,687910,102941,102347,100192,106696
11,layer1.1.add,313773,False,668088,101603,103110,101597,104601
11,layer1.1.relu3,173479,False,373644,51255,52063,50713,51319
11,layer1.2.conv1,810304,False,1708492,551946,62973,60938,54840
11,layer1.2.bn1,92791,False,203632,27012,25990,25096,27119
11,layer1.2.relu1,31772,False,74823,13483,2304,2243,13448
11,layer1.2.conv2,1963809,False,4126673,167118,55497,53177,138893
11,layer1.2.bn2,70923,False,157343,27124,8742,8316,22637
11,layer1.2.relu2,30696,False,72268,13485,1687,1615,11991
11,layer1.2.conv3,852399,False,1796924,135195,65400,63150,25119
11,layer1.2.bn3,321813,False,685009,102886,102354,100174,106596
11,layer1.2.add,312292,False,665263,101562,102936,101479,104633
11,layer1.2.relu3,173739,False,373962,51282,52101,50742,51172
11,layer2.0.conv1,1596513,False,3356433,1093778,127114,124783,107657
11,layer2.0.bn1,173321,False,373327,52246,53924,52379,53220
11,layer2.0.relu1,78900,False,174028,26064,20211,19586,29682
11,layer2.0.conv2,2116042,False,4445053,355431,150177,147457,385084
11,layer2.0.bn2,44803,False,101872,14598,2106,2059,6250
11,layer2.0.relu2,17614,False,44664,7233,488,481,3821
11,layer2.0.conv3,847480,False,1786619,126643,41779,39801,35628
11,layer2.0.bn3,173080,False,372839,52674,52618,50818,53172
11,layer2.0.downsample.0,2306610,False,4845061,1120198,258630,255588,858659
11,layer2.0.downsample.1,176912,False,381702,52637,53071,51477,54096
11,layer2.0.add,159673,False,345040,51251,51938,50492,52366
11,layer2.0.relu3,79844,False,176550,26082,19819,19243,30080
11,layer2.1.conv1,824187,False,1737146,551432,38401,36605,277075
11,layer2.1.bn1,48848,False,110699,14497,10205,9798,13552
11,layer2.1.relu1,18558,False,47100,7228,827,812,5655
11,layer2.1.conv2,1915659,False,4025221,160183,41694,39598,116084
11,layer2.1.bn2,43935,False,100238,14572,3926,3689,8735
11,layer2.1.relu2,20967,False,51943,7442,921,889,4587
11,layer2.1.conv3,843399,False,1778127,126180,44367,42329,36637
11,layer2.1.bn3,173806,False,374610,52594,52915,50978,53628
11,layer2.1.add,157106,False,339212,51228,51126,49706,52381
11,layer2.1.relu3,78112,False,172427,26074,19415,18890,30241
11,layer2.2.conv1,817091,False,1722198,552371,36920,35524,278023
11,layer2.2.bn1,48324,False,109769,14429,10215,9678,13547
11,layer2.2.relu1,17406,False,44453,7197,685,671,5230
11,layer2.2.conv2,1914921,False,4023076,160283,41984,40203,118017
11,layer2.2.bn2,43945,False,100471,14515,3872,3609,7814
11,layer2.2.relu2,18038,False,45971,7212,689,670,4463
11,layer2.2.conv3,849332,False,1789830,126663,47551,45316,35009
11,layer2.2.bn3,170095,False,366608,52407,52187,50552,53296
11,layer2.2.add,157183,False,339468,51221,51678,50322,52217
11,layer2.2.relu3,78415,False,173043,26058,19573,18974,28509
11,layer2.3.conv1,818684,False,1725494,550321,36005,34249,278835
11,layer2.3.bn1,47348,False,107517,14417,9367,8955,13455
11,layer2.3.relu1,17505,False,44692,7210,663,653,4958
11,layer2.3.conv2,1919783,False,4033263,160138,41921,39841,118764
11,layer2.3.bn2,42898,False,98086,14498,3911,3666,9461
11,layer2.3.relu2,18047,False,45999,7199,700,664,3848
11,layer2.3.conv3,847134,False,1785553,126429,47547,45344,34110
11,layer2.3.bn3,176311,False,379790,52633,53349,51733,53211
11,layer2.3.add,156865,False,338663,51235,51655,49916,52302
11,layer2.3.relu3,78397,False,173359,26061,19275,18721,30103
11,layer3.0.conv1,1754989,False,3687620,999929,68053,66026,773361
11,layer3.0.bn1,85324,False,187577,27108,22340,21203,27221
11,layer3.0.relu1,32863,False,77228,13479,3388,3286,14895
11,layer3.0.conv2,2216857,False,4656930,404264,160992,158211,423152
11,layer3.0.bn2,33715,False,78721,8357,1682,1666,2560
11,layer3.0.relu2,11922,False,33171,4086,510,507,1253
11,layer3.0.conv3,968952,False,2040779,526112,44724,42610,426470
11,layer3.0.bn3,92208,False,202609,27507,23682,22742,27779
11,layer3.0.downsample.0,2223063,False,4669647,1241938,223372,219720,995207
11,layer3.0.downsample.1,82409,False,182148,27690,13255,12603,26739
11,layer3.0.add,66227,False,148188,26061,17978,17225,25292
11,layer3.0.relu3,34817,False,81445,13517,3837,3750,14632
11,layer3.1.conv1,1011364,False,2129388,558614,52921,51143,471613
11,layer3.1.bn1,35286,False,82070,8247,5374,5100,5108
11,layer3.1.relu1,11834,False,33088,4072,491,481,1785
11,layer3.1.conv2,2029935,False,4264842,207381,130764,128116,216556
11,layer3.1.bn2,33947,False,79047,8319,1455,1426,1212
11,layer3.1.relu2,12479,False,34366,4071,481,474,1602
11,layer3.1.conv3,971123,False,2045756,525902,45887,43687,426458
11,layer3.1.bn3,89768,False,196990,27519,23257,22318,27929
11,layer3.1.add,66916,False,149006,26051,18946,18271,26839
11,layer3.1.relu3,35752,False,83124,13741,3453,3340,10909
11,layer3.2.conv1,1005195,False,2117062,558601,51606,49547,473299
11,layer3.2.bn1,33930,False,79076,8197,5376,5115,5387
11,layer3.2.relu1,11359,False,31627,4078,501,477,1239
11,layer3.2.conv2,2027829,False,4260147,207276,130324,127518,215216
11,layer3.2.bn2,32983,False,77199,8297,1506,1468,1275
11,layer3.2.relu2,12270,False,33790,4095,522,511,1179
11,layer3.2.conv3,971283,False,2045505,526060,46895,44774,426477
11,layer3.2.bn3,92610,False,202993,27484,23753,22608,28102
11,layer3.2.add,65950,False,147120,26064,18403,17716,26650
11,layer3.2.relu3,30855,False,72741,13485,1930,1886,11394
11,layer3.3.conv1,1005576,False,2117766,558761,51758,49845,473342
11,layer3.3.bn1,33503,False,78275,8197,5261,5078,5445
11,layer3.3.relu1,11169,False,31595,4062,491,481,1325
11,layer3.3.conv2,2031646,False,4268580,207298,131022,128072,219010
11,layer3.3.bn2,33677,False,78865,8354,1540,1518,1333
11,layer3.3.relu2,12221,False,33914,4127,522,519,1179
11,layer3.3.conv3,965650,False,2034229,526039,45716,43662,426127
11,layer3.3.bn3,94825,False,207796,27713,24629,23325,28077
11,layer3.3.add,67019,False,149486,26064,19026,18281,26209
11,layer3.3.relu3,31081,False,73311,13505,2384,2312,12142
11,layer3.4.conv1,1005971,False,2117875,558454,52118,50349,471535
11,layer3.4.bn1,33153,False,77794,8197,5366,5125,5326
11,layer3.4.relu1,11264,False,31623,4076,520,507,1390
11,layer3.4.conv2,2044685,False,4296100,207238,130314,127602,216543
11,layer3.4.bn2,33980,False,79077,8359,1511,1480,1366
11,layer3.4.relu2,11504,False,32105,4095,506,499,1653
11,layer3.4.conv3,980524,False,2065220,526065,46766,44528,427652
11,layer3.4.bn3,90760,False,199136,27481,23486,22469,27821
11,layer3.4.add,66342,False,147576,26035,18783,18122,26191
11,layer3.4.relu3,32284,False,75661,13491,2690,2628,10347
11,layer3.5.conv1,1002368,False,2110528,558720,52028,50062,472761
11,layer3.5.bn1,32922,False,84405,8438,6145,5931,5814
11,layer3.5.relu1,10761,False,30461,4051,467,459,1903
11,layer3.5.conv2,2028812,False,4262154,207318,130809,127907,217716
11,layer3.5.bn2,33466,False,78167,8335,1462,1430,1326
11,layer3.5.relu2,11780,False,32721,4082,499,489,1208
11,layer3.5.conv3,969345,False,2041757,525958,46255,44357,427224
11,layer3.5.bn3,89706,False,196995,27500,23643,22319,27959
11,layer3.5.add,67164,False,149556,26060,18989,18308,26461
11,layer3.5.relu3,32843,False,76883,13484,2574,2498,12299
11,layer4.0.conv1,1960441,False,4119067,1085998,113384,111001,931875
11,layer4.0.bn1,52422,False,118166,14745,9909,9503,13641
11,layer4.0.relu1,17576,False,44720,7229,717,697,4039
11,layer4.0.conv2,3418080,False,7174015,696194,471776,468209,840816
11,layer4.0.bn2,31347,False,73941,5398,3191,3111,2684
11,layer4.0.relu2,8436,False,26096,2512,523,514,679
11,layer4.0.conv3,1252290,False,2634820,721870,113072,110794,516239
11,layer4.0.bn3,60675,False,135286,15479,12248,11874,16836
11,layer4.0.downsample.0,2879798,False,6045844,1160638,492834,489215,959239
11,layer4.0.downsample.1,58507,False,130533,15605,2856,2817,8686
11,layer4.0.add,31505,False,74237,13483,6948,6845,10080
11,layer4.0.relu3,17792,False,45617,7226,511,499,4803
11,layer4.1.conv1,1225284,False,2578494,759068,140801,138609,522629
11,layer4.1.bn1,30574,False,80690,5560,4577,4432,3445
11,layer4.1.relu1,8771,False,26163,2502,464,448,638
11,layer4.1.conv2,3153846,False,6620307,526287,464749,460908,601859
11,layer4.1.bn2,32045,False,75052,5323,1584,1561,1501
11,layer4.1.relu2,8759,False,26430,2519,483,477,687
11,layer4.1.conv3,1254245,False,2639076,722279,114678,112398,519168
11,layer4.1.bn3,61302,False,136600,15437,12032,11668,16934
11,layer4.1.add,31316,False,73547,13492,7059,6901,10807
11,layer4.1.relu3,17044,False,43856,7220,371,361,4039
11,layer4.2.conv1,1225570,False,2578603,759542,140014,137799,519527
11,layer4.2.bn1,29058,False,69042,5229,3788,3634,3327
11,layer4.2.relu1,8006,False,24723,2484,488,484,660
11,layer4.2.conv2,3142262,False,6595910,526458,464555,461051,602816
11,layer4.2.bn2,32728,False,76513,5327,1581,1567,1479
11,layer4.2.relu2,8661,False,26082,2509,490,488,615
11,layer4.2.conv3,1249261,False,2628786,722670,114299,111967,516165
11,layer4.2.bn3,60855,False,135659,15431,12006,11656,16772
11,layer4.2.add,31794,False,74756,13486,7095,6945,10782
11,layer4.2.relu3,20697,False,51818,7448,998,975,3679
11,avgpool,81749,False,179394,8711,3230,3164,6617
11,flatten,8574,False,26047,582,433,423,87
11,fc,498818,False,1057314,135121,132270,130234,167185
12,conv1,2173143,False,4566050,213989,177954,174977,263748
12,bn1,341203,False,727167,103340,105168,103106,105414
12,relu,175649,False,378344,51339,52211,50791,51299
12,maxpool,10262516,False,21513028,91986,93100,90762,130405
12,layer1.0.conv1,265015,False,503821,43102,27486,26339,5452
12,layer1.0.bn1,88549,False,194507,27047,21106,20279,26887
12,layer1.0.relu1,33709,False,78832,13526,2404,2325,14505
12,layer1.0.conv2,1979874,False,4160530,167398,59641,57287,146899
12,layer1.0.bn2,75828,False,168012,27112,11897,11318,24315
12,layer1.0.relu2,33684,False,78911,13500,3045,2955,12434
12,layer1.0.conv3,858782,False,1810480,135206,66154,63864,25411
12,layer1.0.bn3,317270,False,676469,102667,101349,99763,106091
12,layer1.0.downsample.0,868046,False,1830131,135046,70072,68041,27034
12,layer1.0.downsample.1,322629,False,687228,102930,102144,100055,106311
12,layer1.0.add,314411,False,669442,101647,103225,101686,104431
12,layer1.0.relu3,174552,False,376390,51302,52104,50770,51469
12,layer1.1.conv1,808456,False,1704665,550729,62284,60289,57960
12,layer1.1.bn1,93686,False,205369,27008,26096,25207,26876
12,layer1.1.relu1,31561,False,74231,13486,2257,2202,11740
12,layer1.1.conv2,1980136,False,4160073,167274,59827,57490,143300
12,layer1.1.bn2,75280,False,166778,27100,11422,10832,23869
12,layer1.1.relu2,33442,False,78528,13494,2968,2867,13739
12,layer1.1.conv3,856415,False,1805027,135556,65480,63252,24565
12,layer1.1.bn3,321485,False,685069,102897,102150,100040,106762
12,layer1.1.add,313532,False,668287,101623,103095,101644,104958
12,layer1.1.relu3,172724,False,372203,51272,52080,50810,50376
12,layer1.2.conv1,808631,False,1705620,551398,62751,60729,54850
12,layer1.2.bn1,92612,False,202901,26989,25983,25064,27101
12,layer1.2.relu1,31876,False,75123,13498,2405,2335,11687
12,layer1.2.conv2,1964565,False,4127557,167287,55170,52954,141851
12,layer1.2.bn2,69925,False,155336,27142,8575,8121,23447
12,layer1.2.relu2,30877,False,73133,13478,1716,1653,12095
12,layer1.2.conv3,850711,False,1793308,135357,65075,62939,25158
12,layer1.2.bn3,320655,False,683107,102916,102400,100240,106017
12,layer1.2.add,312789,False,666804,101604,103015,101557,104516
12,layer1.2.relu3,172803,False,372778,51263,52199,50852,50479
12,layer2.0.conv1,1594518,False,3353001,1092683,127257,124937,111108
12,layer2.0.bn1,173605,False,373957,52262,53833,52290,53305
12,layer2.0.relu1,78539,False,173237,26055,20020,19403,29807
12,layer2.0.conv2,2121653,False,4458372,355648,150488,147504,382525
12,layer2.0.bn2,43913,False,100775,14580,2224,2166,5909
12,layer2.0.relu2,18284,False,46428,7220,491,484,3867
12,layer2.0.conv3,843946,False,1786342,126698,41330,39251,35209
12,layer2.0.bn3,172993,False,372532,52646,52615,50663,53482
12,layer2.0.downsample.0,2303918,False,4840253,1119061,259084,256145,857609
12,layer2.0.downsample.1,175634,False,378667,52597,53096,51548,54064
12,layer2.0.add,159551,False,344771,51266,51942,50490,52708
12,layer2.0.relu3,80372,False,177218,26094,19899,19340,29803
12,layer2.1.conv1,819999,False,1728088,551522,38455,36719,281277
12,layer2.1.bn1,48318,False,109584,14443,10171,9778,13517
12,layer2.1.relu1,17669,False,45147,7205,839,822,4744
12,layer2.1.conv2,1917881,False,4029718,160156,41541,39419,116418
12,layer2.1.bn2,45175,False,102816,14502,3731,3508,8524
12,layer2.1.relu2,18172,False,52755,7465,993,973,4497
12,layer2.1.conv3,842605,False,1776820,125924,44245,42118,35040
12,layer2.1.bn3,174074,False,374867,52649,52923,50941,53400
12,layer2.1.add,157011,False,339615,51260,51239,49786,52608
12,layer2.1.relu3,78555,False,173654,26080,19341,18802,30254
12,layer2.2.conv1,818531,False,1725078,552245,36742,35284,273290
12,layer2.2.bn1,47971,False,108858,14413,10248,9726,13531
12,layer2.2.relu1,17376,False,44878,7208,697,685,4250
12,layer2.2.conv2,1947701,False,4039905,160575,43168,41086,118717
12,layer2.2.bn2,43385,False,99049,14509,4489,3969,8175
12,layer2.2.relu2,18478,False,46790,7217,684,624,4227
12,layer2.2.conv3,848542,False,1788610,126745,47429,44648,35032
12,layer2.2.bn3,169710,False,365910,52361,52143,50535,53733
12,layer2.2.add,158030,False,341157,51214,51792,50386,52262
12,layer2.2.relu3,78265,False,172590,26052,19434,18835,29846
12,layer2.3.conv1,818821,False,1725619,550387,36356,34497,273939
12,layer2.3.bn1,46497,False,105679,14399,9331,8910,13567
12,layer2.3.relu1,18327,False,46670,7212,678,667,5283
12,layer2.3.conv2,1916260,False,4025847,160118,41680,39498,119582
12,layer2.3.bn2,43144,False,98762,14529,3778,3563,8961
12,layer2.3.relu2,17728,False,45165,7197,667,643,3741
12,layer2.3.conv3,843411,False,1783523,126425,47311,44749,33312
12,layer2.3.bn3,176233,False,379531,52643,53443,51500,53857
12,layer2.3.add,157344,False,340016,51232,51560,50035,52265
12,layer2.3.relu3,77426,False,171108,26061,19389,18845,28500
12,layer3.0.conv1,1756885,False,3691623,1000002,68227,66156,773426
12,layer3.0.bn1,84636,False,186196,27113,22077,20836,27237
12,layer3.0.relu1,32216,False,75559,13500,3201,3121,12322
12,layer3.0.conv2,2189098,False,4598687,403137,162032,159296,419027
12,layer3.0.bn2,34167,False,79629,8346,1794,1775,3150
12,layer3.0.relu2,11908,False,33229,4089,573,567,1275
12,layer3.0.conv3,971590,False,2046229,525943,45910,43833,425977
12,layer3.0.bn3,92786,False,203601,27516,23785,22799,27825
12,layer3.0.downsample.0,2220258,False,4663888,1241968,222889,219287,995804
12,layer3.0.downsample.1,82486,False,181894,27689,12993,12347,26527
12,layer3.0.add,65978,False,147508,26056,18048,17310,25230
12,layer3.0.relu3,34550,False,80747,13503,3836,3727,12404
12,layer3.1.conv1,1014318,False,2135620,558605,53589,51791,471724
12,layer3.1.bn1,34016,False,79403,8202,5343,5047,4995
12,layer3.1.relu1,11111,False,31517,4071,490,477,1762
12,layer3.1.conv2,2029114,False,4264428,207332,130619,127907,219191
12,layer3.1.bn2,32794,False,77017,8322,1486,1467,1209
12,layer3.1.relu2,11653,False,32317,4099,478,470,1628
12,layer3.1.conv3,968855,False,2040298,525844,46118,43851,426203
12,layer3.1.bn3,89681,False,197054,27488,23246,22325,27855
12,layer3.1.add,67436,False,150011,26060,18887,18191,26682
12,layer3.1.relu3,35159,False,82232,13716,3353,3242,12420
12,layer3.2.conv1,1013903,False,2134488,558445,51897,49883,474585
12,layer3.2.bn1,33314,False,78063,8164,5335,5041,5009
12,layer3.2.relu1,10938,False,31143,4046,467,444,1187
12,layer3.2.conv2,2028061,False,4260750,207250,130442,127737,217395
12,layer3.2.bn2,33185,False,77668,8299,1540,1509,1213
12,layer3.2.relu2,11993,False,33373,4068,510,503,1579
12,layer3.2.conv3,966404,False,2035629,526033,46569,44538,426445
12,layer3.2.bn3,92451,False,202621,27490,23660,22616,27980
12,layer3.2.add,65883,False,147514,26031,18334,17643,26373
12,layer3.2.relu3,30847,False,72807,13489,1881,1839,9284
12,layer3.3.conv1,1035308,False,2132751,558784,53730,51146,475296
12,layer3.3.bn1,33976,False,79682,8213,5309,5041,5002
12,layer3.3.relu1,11410,False,32297,4059,487,476,1690
12,layer3.3.conv2,2030625,False,4266498,207223,131169,128106,218573
12,layer3.3.bn2,33740,False,78648,8334,1491,1472,1367
12,layer3.3.relu2,11930,False,33004,4074,489,485,1216
12,layer3.3.conv3,965952,False,2034566,525542,45210,43255,426015
12,layer3.3.bn3,91720,False,201234,27513,24214,22988,28229
12,layer3.3.add,67884,False,151207,26041,19231,18476,26549
12,layer3.3.relu3,31273,False,73734,13497,2382,2311,12911
12,layer3.4.conv1,1010590,False,2127694,558450,52437,50735,474173
12,layer3.4.bn1,33588,False,78368,8190,5299,5059,5132
12,layer3.4.relu1,11471,False,32048,4062,477,470,1213
12,layer3.4.conv2,2046735,False,4300570,207265,130139,127551,217768
12,layer3.4.bn2,32795,False,76598,8324,1528,1490,1190
12,layer3.4.relu2,11860,False,32970,4098,476,466,1190
12,layer3.4.conv3,967565,False,2037629,526040,45748,43757,425821
12,layer3.4.bn3,89549,False,196496,27453,23431,22452,27972
12,layer3.4.add,67221,False,149682,26054,18966,18288,26422
12,layer3.4.relu3,32233,False,75658,13487,2742,2669,11917
12,layer3.5.conv1,1002705,False,2111558,558775,52475,50544,473896
12,layer3.5.bn1,35869,False,83421,8386,5829,5636,5270
12,layer3.5.relu1,11298,False,31838,4070,483,464,1689
12,layer3.5.conv2,2027932,False,4261154,206807,130455,127737,216582
12,layer3.5.bn2,33453,False,78407,8315,1450,1424,1180
12,layer3.5.relu2,11990,False,33441,4104,488,480,1629
12,layer3.5.conv3,968016,False,2038695,525872,46272,44238,425871
12,layer3.5.bn3,90573,False,198876,27484,23598,22429,28074
12,layer3.5.add,66397,False,148069,26024,18794,18096,26662
12,layer3.5.relu3,32513,False,76382,13512,2728,2657,10565
12,layer4.0.conv1,1974425,False,4147866,1085368,114486,111988,931926
12,layer4.0.bn1,50929,False,115449,14721,9987,9516,13855
12,layer4.0.relu1,17278,False,44241,7225,682,657,4002
12,layer4.0.conv2,3406720,False,7150205,696295,471484,467848,837014
12,layer4.0.bn2,30407,False,71885,5339,3253,3187,2697
12,layer4.0.relu2,8602,False,26216,2520,550,541,762
12,layer4.0.conv3,1244515,False,2618603,721778,112641,110397,510622
12,layer4.0.bn3,60299,False,134619,15461,12221,11855,16960
12,layer4.0.downsample.0,2882793,False,6052309,1163767,492939,489204,961917
12,layer4.0.downsample.1,58748,False,131291,15591,2946,2899,9378
12,layer4.0.add,31998,False,75475,13474,7065,6941,9913
12,layer4.0.relu3,18129,False,46055,7226,466,455,3503
12,layer4.1.conv1,1225245,False,2579203,759614,141465,139216,521359
12,layer4.1.bn1,31046,False,73244,5255,3853,3733,3173
12,layer4.1.relu1,8331,False,25829,2506,490,465,591
12,layer4.1.conv2,3140744,False,6592856,526336,464327,460730,602467
12,layer4.1.bn2,31858,False,74862,5311,1556,1541,1553
12,layer4.1.relu2,9339,False,27866,2484,482,475,476
12,layer4.1.conv3,1252173,False,2635136,723095,114624,112301,517466
12,layer4.1.bn3,61916,False,138182,15469,12086,11734,16623
12,layer4.1.add,32944,False,77534,13495,7099,6945,11334
12,layer4.1.relu3,18030,False,45999,7203,378,368,4034
12,layer4.2.conv1,1225980,False,2579827,759489,140140,137869,522475
12,layer4.2.bn1,30166,False,71521,5219,3897,3732,3365
12,layer4.2.relu1,9200,False,27369,2507,489,476,711
12,layer4.2.conv2,3142016,False,6595087,526284,464565,460837,602438
12,layer4.2.bn2,31139,False,73350,5320,1562,1553,1539
12,layer4.2.relu2,8638,False,26170,2491,502,500,691
12,layer4.2.conv3,1239910,False,2609311,722761,114655,112378,514836
12,layer4.2.bn3,60025,False,134089,15453,12058,11722,16886
12,layer4.2.add,31671,False,74662,13489,7095,6938,10645
12,layer4.2.relu3,17228,False,51845,7464,990,974,3889
12,avgpool,81529,False,179338,8708,3176,3105,6509
12,flatten,8432,False,25991,623,477,461,183
12,fc,497087,False,1053240,134949,132280,130209,167328
13,conv1,2174515,False,4569836,214284,178208,175273,264874
13,bn1,334112,False,718876,103323,105124,103022,105566
13,relu,174335,False,376110,51339,52181,50823,50664
13,maxpool,10176645,False,21333250,92051,93446,90827,130807
13,layer1.0.conv1,271502,False,502977,43073,27459,26491,5375
13,layer1.0.bn1,87175,False,191470,27052,21181,20298,26765
13,layer1.0.relu1,33156,False,77616,13563,2395,2317,14197
13,layer1.0.conv2,1978866,False,4158267,167458,59665,57431,146763
13,layer1.0.bn2,75668,False,167791,27085,11725,11162,24396
13,layer1.0.relu2,33828,False,79264,13519,3052,2939,11838
13,layer1.0.conv3,860074,False,1812849,135028,66058,63748,24976
13,layer1.0.bn3,318035,False,677960,102689,101345,99687,106362
13,layer1.0.downsample.0,867163,False,1828356,134889,70069,68080,26732
13,layer1.0.downsample.1,323203,False,688183,102903,101863,100299,106409
13,layer1.0.add,314285,False,669997,101637,103174,101118,104737
13,layer1.0.relu3,173637,False,373789,51288,52078,50738,51336
13,layer1.1.conv1,818849,False,1726553,550630,62496,60276,57685
13,layer1.1.bn1,93446,False,204806,27031,26052,25123,27239
13,layer1.1.relu1,31886,False,75000,13482,2351,2295,14188
13,layer1.1.conv2,1970717,False,4141456,166885,59388,57215,142965
13,layer1.1.bn2,73684,False,163934,27085,11441,10819,24050
13,layer1.1.relu2,33170,False,77845,13492,3060,2949,14200
13,layer1.1.conv3,855241,False,1803420,135378,65529,63261,24949
13,layer1.1.bn3,321330,False,684216,102897,102205,100213,106615
13,layer1.1.add,312572,False,666048,101597,102927,101342,104766
13,layer1.1.relu3,173015,False,372598,51285,52094,50805,51241
13,layer1.2.conv1,808957,False,1705507,551124,62674,60697,55069
13,layer1.2.bn1,93670,False,204987,27023,26118,25234,27298
13,layer1.2.relu1,31470,False,74238,13493,2276,2218,13895
13,layer1.2.conv2,1966716,False,4132026,167402,55108,52912,139528
13,layer1.2.bn2,69476,False,154155,27081,8520,8069,22697
13,layer1.2.relu2,31080,False,73299,13524,1777,1716,12355
13,layer1.2.conv3,850347,False,1792816,135183,65325,63115,25350
13,layer1.2.bn3,321057,False,683537,102895,102316,100214,106492
13,layer1.2.add,313051,False,667214,101610,102968,101449,104730
13,layer1.2.relu3,173305,False,373738,51280,52176,50842,51271
13,layer2.0.conv1,1595062,False,3352772,1091900,127240,124857,104467
13,layer2.0.bn1,173898,False,374551,52313,54045,52468,52876
13,layer2.0.relu1,79235,False,174786,26066,20082,19456,29564
13,layer2.0.conv2,2117146,False,4447536,355564,150210,147386,381913
13,layer2.0.bn2,43887,False,100195,14580,2166,2117,5586
13,layer2.0.relu2,18094,False,46100,7211,511,508,3934
13,layer2.0.conv3,846544,False,1784307,126756,41760,39771,35950
13,layer2.0.bn3,169847,False,366121,52398,51780,50284,53676
13,layer2.0.downsample.0,2299931,False,4830663,1118691,258733,255352,856766
13,layer2.0.downsample.1,176843,False,380978,52668,53235,51629,53996
13,layer2.0.add,158420,False,342858,51257,51886,50419,52351
13,layer2.0.relu3,79290,False,175010,26092,19975,19391,28228
13,layer2.1.conv1,825280,False,1739841,551448,38582,36757,277327
13,layer2.1.bn1,49259,False,111569,14443,10155,9726,13454
13,layer2.1.relu1,17525,False,44951,7241,831,804,5787
13,layer2.1.conv2,1916728,False,4027444,160181,41879,39766,119022
13,layer2.1.bn2,44844,False,102519,14530,3839,3583,8864
13,layer2.1.relu2,18565,False,47176,7211,548,529,4198
13,layer2.1.conv3,845895,False,1782872,126398,45013,42767,34662
13,layer2.1.bn3,175201,False,377493,52627,53050,51372,53937
13,layer2.1.add,156348,False,338225,51242,51266,49502,52749
13,layer2.1.relu3,78571,False,173541,26064,19286,18771,30628
13,layer2.2.conv1,820705,False,1729811,552885,36480,35112,276006
13,layer2.2.bn1,47561,False,108123,14401,10236,9655,13779
13,layer2.2.relu1,17600,False,45135,7214,763,743,5421
13,layer2.2.conv2,1911844,False,4017063,160298,42015,40198,119135
13,layer2.2.bn2,42582,False,98110,14492,4076,3814,8838
13,layer2.2.relu2,18100,False,46232,7223,733,712,4457
13,layer2.2.conv3,848375,False,1788369,126691,47447,45294,34918
13,layer2.2.bn3,169668,False,366031,52400,52180,50529,53836
13,layer2.2.add,157208,False,340155,51216,51714,50354,52054
13,layer2.2.relu3,77713,False,171630,26077,19622,19002,28769
13,layer2.3.conv1,818312,False,1725132,550687,36043,34329,275448
13,layer2.3.bn1,47607,False,108209,14446,9424,9016,13623
13,layer2.3.relu1,17324,False,44485,7233,642,631,3969
13,layer2.3.conv2,1916521,False,4026831,160332,41503,39732,119914
13,layer2.3.bn2,43938,False,100896,14504,3895,3684,9360
13,layer2.3.relu2,18084,False,46018,7202,654,631,3561
13,layer2.3.conv3,847898,False,1787135,126767,47608,45346,34543
13,layer2.3.bn3,172339,False,371501,52374,52391,50848,53848
13,layer2.3.add,160564,False,346673,51450,52344,50504,52255
13,layer2.3.relu3,78459,False,173671,26089,19403,18858,30154
13,layer3.0.conv1,1733423,False,3642720,999539,68106,66106,771952
13,layer3.0.bn1,85371,False,187901,27120,22228,21069,27689
13,layer3.0.relu1,32009,False,75110,13505,3134,3034,12221
13,layer3.0.conv2,2187939,False,4596732,403456,161961,159192,420798
13,layer3.0.bn2,33733,False,79096,8345,1838,1818,2845
13,layer3.0.relu2,11983,False,33288,4096,511,506,1233
13,layer3.0.conv3,967231,False,2037374,525867,46065,44076,426511
13,layer3.0.bn3,92770,False,203629,27522,24037,22974,27811
13,layer3.0.downsample.0,2218025,False,4659428,1242757,222022,218778,995748
13,layer3.0.downsample.1,86280,False,190401,27991,14021,13219,27192
13,layer3.0.add,65501,False,146511,26043,18168,17308,25616
13,layer3.0.relu3,34654,False,80775,13531,3982,3883,14828
13,layer3.1.conv1,1017669,False,2142445,558456,53738,51971,474040
13,layer3.1.bn1,34041,False,79647,8245,5331,5084,4944
13,layer3.1.relu1,11446,False,31971,4086,486,474,1746
13,layer3.1.conv2,2026148,False,4257055,207202,130747,128025,216374
13,layer3.1.bn2,33223,False,77663,8337,1495,1465,1265
13,layer3.1.relu2,12212,False,33755,4092,505,500,1613
13,layer3.1.conv3,966712,False,2036056,525826,46299,44020,425970
13,layer3.1.bn3,91138,False,200512,27524,23386,22452,27794
13,layer3.1.add,66507,False,148091,26051,18804,18093,26540
13,layer3.1.relu3,32056,False,75492,13521,2728,2641,10941
13,layer3.2.conv1,1005553,False,2117463,558567,52586,50568,471991
13,layer3.2.bn1,34162,False,79643,8197,5233,5068,4986
13,layer3.2.relu1,11537,False,32377,4123,481,469,1689
13,layer3.2.conv2,2028498,False,4262288,206951,130361,127586,217525
13,layer3.2.bn2,32914,False,76946,8292,1537,1493,1253
13,layer3.2.relu2,12603,False,34760,4106,501,493,1206
13,layer3.2.conv3,966609,False,2035742,525908,46645,44696,426979
13,layer3.2.bn3,92771,False,203068,27480,23730,22422,28119
13,layer3.2.add,65366,False,146191,26029,18365,17671,26289
13,layer3.2.relu3,31502,False,74302,13500,1900,1864,9640
13,layer3.3.conv1,1004636,False,2115072,558579,52776,50912,473936
13,layer3.3.bn1,33206,False,77827,8226,5233,5012,5448
13,layer3.3.relu1,11469,False,32147,4071,480,475,1697
13,layer3.3.conv2,2026700,False,4258299,207219,131286,128204,218964
13,layer3.3.bn2,33715,False,78709,8356,1571,1543,1380
13,layer3.3.relu2,12123,False,33661,4077,557,545,1638
13,layer3.3.conv3,972127,False,2047705,526003,46005,43848,427778
13,layer3.3.bn3,92416,False,203071,27537,24099,23101,28041
13,layer3.3.add,70707,False,157156,26269,20097,19075,26294
13,layer3.3.relu3,30950,False,72835,13492,2380,2275,10322
13,layer3.4.conv1,1004275,False,2114926,558611,52339,50707,473963
13,layer3.4.bn1,33149,False,77847,8214,5332,5081,5430
13,layer3.4.relu1,12153,False,33697,4070,524,510,1936
13,layer3.4.conv2,2048598,False,4303977,207191,130354,127586,218638
13,layer3.4.bn2,34455,False,80490,8315,1522,1487,1383
13,layer3.4.relu2,11737,False,32962,4087,499,490,1616
13,layer3.4.conv3,965662,False,2033751,526001,46177,44324,428200
13,layer3.4.bn3,91219,False,200879,27491,23669,22574,27960
13,layer3.4.add,66772,False,148714,26026,18859,18208,26367
13,layer3.4.relu3,32164,False,75427,13502,2796,2721,12554
13,layer3.5.conv1,1010383,False,2127257,558664,53269,51320,472612
13,layer3.5.bn1,33794,False,78843,8184,5353,5193,5511
13,layer3.5.relu1,11178,False,31352,4063,486,478,1668
13,layer3.5.conv2,2028769,False,4263140,206842,130339,127579,217552
13,layer3.5.bn2,33359,False,84020,8604,2126,2094,1339
13,layer3.5.relu2,12132,False,33618,4077,532,524,1679
13,layer3.5.conv3,966287,False,2035614,525909,45951,43859,427466
13,layer3.5.bn3,90272,False,198416,27477,23647,22272,27790
13,layer3.5.add,66862,False,148958,26046,18923,18216,26184
13,layer3.5.relu3,32061,False,75265,13482,2682,2607,12395
13,layer4.0.conv1,1963037,False,4124001,1085974,115178,112760,934438
13,layer4.0.bn1,51769,False,116800,14718,9904,9414,13685
13,layer4.0.relu1,17539,False,44800,7228,673,653,4901
13,layer4.0.conv2,3405610,False,7147493,695890,470744,467310,842899
13,layer4.0.bn2,34101,False,79883,5606,3799,3752,2861
13,layer4.0.relu2,8414,False,25768,2517,529,512,609
13,layer4.0.conv3,1245838,False,2621610,721875,113033,110553,513167
13,layer4.0.bn3,60888,False,136041,15488,12120,11773,16877
13,layer4.0.downsample.0,2879720,False,6046182,1164113,492879,489416,963024
13,layer4.0.downsample.1,57708,False,129266,15567,2767,2714,8991
13,layer4.0.add,31867,False,75224,13478,7014,6903,9769
13,layer4.0.relu3,17661,False,45281,7234,554,543,4884
13,layer4.1.conv1,1220162,False,2568049,759226,141234,139021,519861
13,layer4.1.bn1,29566,False,70119,5242,4034,3943,3685
13,layer4.1.relu1,8238,False,25319,2513,490,474,501
13,layer4.1.conv2,3157011,False,6626876,526941,465821,461928,600646
13,layer4.1.bn2,32266,False,76000,5324,1548,1496,1472
13,layer4.1.relu2,8869,False,26662,2505,482,466,494
13,layer4.1.conv3,1244192,False,2618146,722783,114505,111880,516755
13,layer4.1.bn3,60881,False,136009,15489,12122,11765,16884
13,layer4.1.add,31500,False,74145,13473,7066,6909,10871
13,layer4.1.relu3,17810,False,45683,7207,415,407,4115
13,layer4.2.conv1,1218244,False,2564185,758990,140096,137831,521637
13,layer4.2.bn1,32929,False,77203,5491,4439,4285,3529
13,layer4.2.relu1,8564,False,26152,2503,496,487,718
13,layer4.2.conv2,3140551,False,6592699,526443,464279,460670,602456
13,layer4.2.bn2,32404,False,75977,5308,1568,1556,1456
13,layer4.2.relu2,9114,False,27184,2519,547,543,707
13,layer4.2.conv3,1243134,False,2616226,722860,114664,112397,518452
13,layer4.2.bn3,60556,False,135198,15448,12129,11757,16745
13,layer4.2.add,31340,False,74016,13490,7079,6904,11098
13,layer4.2.relu3,16871,False,43582,7213,391,381,3911
13,avgpool,79911,False,176807,8722,3015,2986,6431
13,flatten,7989,False,24977,584,414,411,92
13,fc,498245,False,1055382,132788,132158,129995,166216
14,conv1,2178308,False,4576632,215235,178618,175425,264885
14,bn1,339937,False,724230,103257,105489,103216,106076
14,relu,174938,False,377129,51287,52111,50704,51456
14,maxpool,10197793,False,21377642,91672,92629,90434,131161
14,layer1.0.conv1,251432,False,490406,42642,26929,26082,5249
14,layer1.0.bn1,91706,False,201143,27274,21947,20990,26659
14,layer1.0.relu1,32684,False,76579,13550,2325,2209,11660
14,layer1.0.conv2,1983568,False,4167754,167196,59585,57326,145639
14,layer1.0.bn2,76100,False,168414,27105,11795,11198,23752
14,layer1.0.relu2,32965,False,77145,13504,3110,3009,11869
14,layer1.0.conv3,859986,False,1812533,135001,65895,63753,25482
14,layer1.0.bn3,316237,False,673963,102683,101450,99637,105694
14,layer1.0.downsample.0,865336,False,1823696,134831,70098,68066,26599
14,layer1.0.downsample.1,319095,False,679316,102678,101188,99579,106532
14,layer1.0.add,317662,False,676575,101876,104222,102155,104476
14,layer1.0.relu3,173234,False,373159,51269,51979,50614,51303
14,layer1.1.conv1,810323,False,1708524,550511,62141,60309,57591
14,layer1.1.bn1,93301,False,204494,27023,26144,25165,27231
14,layer1.1.relu1,31425,False,73885,13511,2370,2295,12128
14,layer1.1.conv2,1969096,False,4137716,167332,59078,56824,145229
14,layer1.1.bn2,73426,False,162943,27046,11316,10746,23907
14,layer1.1.relu2,33489,False,78501,13495,3017,2913,14180
14,layer1.1.conv3,853877,False,1800014,135192,65497,63261,25091
14,layer1.1.bn3,319130,False,679796,102639,101175,99604,106880
14,layer1.1.add,317403,False,676040,101860,103927,101916,104997
14,layer1.1.relu3,172422,False,371211,51286,52113,50791,50436
14,layer1.2.conv1,809521,False,1706710,551462,62682,60737,53528
14,layer1.2.bn1,93181,False,204160,27006,26189,25230,26973
14,layer1.2.relu1,31097,False,73276,13509,2291,2238,11812
14,layer1.2.conv2,1973629,False,4147057,167511,57878,54994,144756
14,layer1.2.bn2,71783,False,159662,27152,8883,8356,23258
14,layer1.2.relu2,31409,False,74229,13501,1751,1663,12115
14,layer1.2.conv3,851774,False,1795625,135217,65453,62957,24782
14,layer1.2.bn3,318433,False,678354,102634,101322,99748,106767
14,layer1.2.add,316992,False,675561,101854,103903,101868,104680
14,layer1.2.relu3,173536,False,373917,51300,52108,50755,51207
14,layer2.0.conv1,1594793,False,3352591,1092752,127206,125031,104429
14,layer2.0.bn1,173841,False,374354,52282,53985,52251,53057
14,layer2.0.relu1,79071,False,174690,26084,20234,19621,28379
14,layer2.0.conv2,2123436,False,4461383,355506,151763,148942,387987
14,layer2.0.bn2,44019,False,100793,14562,2062,2019,5954
14,layer2.0.relu2,17612,False,45298,7240,504,501,3858
14,layer2.0.conv3,847845,False,1786974,126747,41842,39832,34861
14,layer2.0.bn3,168852,False,364022,52397,51660,50128,53733
14,layer2.0.downsample.0,2303234,False,4837394,1122032,259998,256226,859973
14,layer2.0.downsample.1,175876,False,379278,52596,53056,51496,54014
14,layer2.0.add,159350,False,344858,51264,51881,50430,52538
14,layer2.0.relu3,79974,False,177033,26106,20015,19405,28394
14,layer2.1.conv1,831470,False,1752674,551976,39735,37638,281587
14,layer2.1.bn1,48985,False,110848,14462,10285,9811,13677
14,layer2.1.relu1,18031,False,46035,7225,791,772,5494
14,layer2.1.conv2,1915537,False,4024975,160218,41404,39590,116375
14,layer2.1.bn2,43782,False,100098,14532,3920,3668,8936
14,layer2.1.relu2,17810,False,45398,7233,540,510,4345
14,layer2.1.conv3,847180,False,1785790,126444,45185,42993,36199
14,layer2.1.bn3,169799,False,366102,52440,52128,50616,53885
14,layer2.1.add,161187,False,347911,51484,52217,50488,52548
14,layer2.1.relu3,77979,False,172179,26063,19409,18725,30237
14,layer2.2.conv1,817610,False,1723142,552339,36748,35351,276441
14,layer2.2.bn1,47859,False,108732,14428,10271,9610,13650
14,layer2.2.relu1,17545,False,44856,7206,696,665,5530
14,layer2.2.conv2,1914457,False,4023116,160212,41687,39854,117942
14,layer2.2.bn2,43589,False,100069,14554,4074,3831,8259
14,layer2.2.relu2,18044,False,46098,7231,681,658,4404
14,layer2.2.conv3,846179,False,1783480,126670,47416,45421,34522
14,layer2.2.bn3,170355,False,367735,52433,52286,50456,53540
14,layer2.2.add,157134,False,339327,51211,51715,50358,52036
14,layer2.2.relu3,77982,False,171976,26083,19716,19087,29928
14,layer2.3.conv1,821404,False,1731321,550897,36403,34620,272544
14,layer2.3.bn1,47868,False,108844,14457,9505,9079,13565
14,layer2.3.relu1,17924,False,45663,7226,687,681,5104
14,layer2.3.conv2,1919191,False,4032666,160155,41452,39681,117686
14,layer2.3.bn2,42806,False,97967,14521,3787,3582,8950
14,layer2.3.relu2,17229,False,44231,7230,691,660,4387
14,layer2.3.conv3,847730,False,1786691,126533,47563,45354,34367
14,layer2.3.bn3,172882,False,372754,52372,52373,50793,53925
14,layer2.3.add,156912,False,338979,51224,51591,50245,52299
14,layer2.3.relu3,77984,False,172550,26064,19505,18639,30129
14,layer3.0.conv1,1738555,False,3653878,999501,67543,65472,772190
14,layer3.0.bn1,84182,False,191812,27268,22778,21891,27410
14,layer3.0.relu1,32445,False,76412,13509,3528,3388,12900
14,layer3.0.conv2,2191229,False,4603357,403571,156991,153887,428727
14,layer3.0.bn2,33249,False,77714,8345,1700,1670,2496
14,layer3.0.relu2,11773,False,32946,4086,524,514,1656
14,layer3.0.conv3,968462,False,2040253,525894,46411,44404,426739
14,layer3.0.bn3,92303,False,202388,27484,23966,22795,27898
14,layer3.0.downsample.0,2214164,False,4651058,1241796,221936,218677,993720
14,layer3.0.downsample.1,81207,False,179580,27673,13046,12430,26547
14,layer3.0.add,69462,False,154706,26288,18804,18074,25496
14,layer3.0.relu3,33667,False,78552,13531,4003,3815,13067
14,layer3.1.conv1,1037342,False,2184354,558530,54099,52211,475761
14,layer3.1.bn1,33454,False,78211,8214,5253,4884,5205
14,layer3.1.relu1,11203,False,31659,4084,485,452,1758
14,layer3.1.conv2,2028602,False,4262644,207287,130655,127725,215860
14,layer3.1.bn2,32144,False,75495,8306,1463,1435,1232
14,layer3.1.relu2,12113,False,33527,4080,526,516,1241
14,layer3.1.conv3,966485,False,2036093,525980,46252,44164,426355
14,layer3.1.bn3,90049,False,197645,27499,23507,22427,28131
14,layer3.1.add,66850,False,149127,26069,18977,18308,26610
14,layer3.1.relu3,31689,False,74478,13492,2608,2519,12135
14,layer3.2.conv1,1011749,False,2130424,558712,52217,50227,473867
14,layer3.2.bn1,34079,False,79580,8185,5290,5105,4971
14,layer3.2.relu1,11400,False,32000,4083,500,489,1170
14,layer3.2.conv2,2031001,False,4267910,206993,130695,127795,217640
14,layer3.2.bn2,35951,False,83482,8610,2068,2045,1362
14,layer3.2.relu2,11446,False,31998,4086,502,500,1660
14,layer3.2.conv3,964643,False,2032128,525898,46462,44402,426452
14,layer3.2.bn3,92303,False,202141,27493,23675,22411,28126
14,layer3.2.add,65750,False,147181,26020,18501,17802,26659
14,layer3.2.relu3,30197,False,71339,13494,1896,1865,9220
14,layer3.3.conv1,1023238,False,2154542,558682,52560,50798,473956
14,layer3.3.bn1,33653,False,78783,8234,5242,5010,5203
14,layer3.3.relu1,11973,False,33352,4106,518,509,1426
14,layer3.3.conv2,2024923,False,4254577,207300,130612,127949,217506
14,layer3.3.bn2,33627,False,78748,8354,1542,1509,1426
14,layer3.3.relu2,12032,False,33341,4123,582,574,1694
14,layer3.3.conv3,965772,False,2034250,525960,46046,43945,427057
14,layer3.3.bn3,91809,False,201865,27498,23872,22885,28010
14,layer3.3.add,66622,False,148328,26042,19221,18501,26218
14,layer3.3.relu3,31561,False,74111,13518,2462,2386,12486
14,layer3.4.conv1,1010979,False,2128562,558461,52252,50360,473872
14,layer3.4.bn1,33191,False,77853,8198,5343,5093,5497
14,layer3.4.relu1,11382,False,31944,4063,509,498,1803
14,layer3.4.conv2,2043772,False,4294410,207186,130422,127639,216430
14,layer3.4.bn2,33160,False,77726,8351,1567,1529,1314
14,layer3.4.relu2,11650,False,32596,4102,525,515,1698
14,layer3.4.conv3,968042,False,2039399,526035,46368,44418,428494
14,layer3.4.bn3,91186,False,200437,27513,23689,22568,27889
14,layer3.4.add,67738,False,150962,26035,19039,18367,26436
14,layer3.4.relu3,32688,False,76431,13512,2790,2716,12970
14,layer3.5.conv1,1004762,False,2116134,558618,53004,51056,472810
14,layer3.5.bn1,32748,False,76794,8160,5219,5026,5184
14,layer3.5.relu1,11802,False,32814,4085,542,536,1668
14,layer3.5.conv2,2031238,False,4267841,206932,131026,128033,218067
14,layer3.5.bn2,33414,False,78008,8328,1519,1493,1290
14,layer3.5.relu2,12285,False,34081,4103,526,523,1599
14,layer3.5.conv3,969349,False,2041920,525946,45720,43687,426944
14,layer3.5.bn3,93593,False,205367,27756,24246,22941,28111
14,layer3.5.add,67136,False,149658,26070,18944,18210,26255
14,layer3.5.relu3,32075,False,75466,13502,2642,2563,12727
14,layer4.0.conv1,1970828,False,4140265,1085763,114866,112542,933587
14,layer4.0.bn1,51687,False,116871,14705,9936,9428,13575
14,layer4.0.relu1,17617,False,45049,7240,709,679,4896
14,layer4.0.conv2,3414825,False,7167486,695671,470905,467478,841483
14,layer4.0.bn2,30621,False,72234,5306,3178,3139,2791
14,layer4.0.relu2,8628,False,26461,2519,556,549,511
14,layer4.0.conv3,1250592,False,2631734,722208,113310,110876,512760
14,layer4.0.bn3,61158,False,136318,15458,12105,11739,16788
14,layer4.0.downsample.0,2882526,False,6052129,1161653,493072,489534,962569
14,layer4.0.downsample.1,58479,False,130880,15590,2811,2762,8827
14,layer4.0.add,31940,False,75304,13494,7060,6905,10040
14,layer4.0.relu3,17951,False,45866,7243,509,502,4672
14,layer4.1.conv1,1223813,False,2575690,758830,140846,138805,522522
14,layer4.1.bn1,30474,False,71891,5236,3960,3845,3693
14,layer4.1.relu1,8870,False,26566,2510,520,510,722
14,layer4.1.conv2,3162807,False,6639654,526381,464756,461247,602058
14,layer4.1.bn2,31974,False,75293,5357,1563,1539,1429
14,layer4.1.relu2,8890,False,26979,2539,513,498,604
14,layer4.1.conv3,1249722,False,2629763,722682,114501,112056,512462
14,layer4.1.bn3,61028,False,136411,15470,12005,11638,16806
14,layer4.1.add,32379,False,76117,13479,7063,6898,10787
14,layer4.1.relu3,17532,False,45085,7201,418,409,3034
14,layer4.2.conv1,1221078,False,2570102,758719,140260,138164,522260
14,layer4.2.bn1,29275,False,69531,5239,3915,3824,3653
14,layer4.2.relu1,8375,False,25673,2507,503,497,729
14,layer4.2.conv2,3157169,False,6627151,526716,465134,461215,603712
14,layer4.2.bn2,31710,False,74914,5337,1574,1549,1482
14,layer4.2.relu2,8908,False,27040,2491,457,448,575
14,layer4.2.conv3,1240482,False,2610068,722617,114445,112164,516612
14,layer4.2.bn3,59889,False,133928,15447,11921,11552,16649
14,layer4.2.add,31579,False,74632,13490,7102,6935,11179
14,layer4.2.relu3,17085,False,44218,7207,393,386,2853
14,avgpool,80931,False,178788,8733,3203,3178,6336
14,flatten,8136,False,25335,595,396,392,97
14,fc,503093,False,1066322,132867,133138,130865,165260
15,conv1,2170493,False,4561068,213981,178174,175169,261817
15,bn1,338175,False,720474,103269,105437,103278,105793
15,relu,175149,False,377828,51313,52185,50745,51443
15,maxpool,10202471,False,21387496,91655,92522,90330,130660
15,layer1.0.conv1,268447,False,489994,42669,26994,26107,5258
15,layer1.0.bn1,91669,False,201294,27261,21394,20669,26322
15,layer1.0.relu1,32277,False,75940,13537,2397,2287,12290
15,layer1.0.conv2,1986986,False,4175467,167329,59734,57144,143964
15,layer1.0.bn2,75944,False,168411,27094,11530,10954,24464
15,layer1.0.relu2,32709,False,76641,13494,3012,2915,11353
15,layer1.0.conv3,861346,False,1815805,135051,66118,64052,24876
15,layer1.0.bn3,316808,False,675025,102651,101435,99594,106368
15,layer1.0.downsample.0,866354,False,1826499,134848,70081,68033,26534
15,layer1.0.downsample.1,320447,False,683226,102663,101171,99576,106770
15,layer1.0.add,317795,False,676862,101864,104168,102136,104525
15,layer1.0.relu3,172967,False,372887,51290,52080,50732,51670
15,layer1.1.conv1,809092,False,1706572,550734,62304,60455,57562
15,layer1.1.bn1,94100,False,206406,27014,26157,25124,27011
15,layer1.1.relu1,31343,False,73900,13469,2288,2231,13558
15,layer1.1.conv2,1966594,False,4132279,167102,59179,56976,144344
15,layer1.1.bn2,73443,False,163018,27075,11448,10852,23975
15,layer1.1.relu2,32760,False,77022,13491,2987,2868,13164
15,layer1.1.conv3,854350,False,1801175,135100,65558,63253,25288
15,layer1.1.bn3,318230,False,678234,102618,101238,99634,106744
15,layer1.1.add,316623,False,674183,101870,104134,102070,104961
15,layer1.1.relu3,172598,False,371626,51266,52007,50680,51374
15,layer1.2.conv1,809753,False,1707526,551270,62716,60760,52659
15,layer1.2.bn1,92041,False,201948,27000,25950,24944,27046
15,layer1.2.relu1,30900,False,72690,13487,2304,2240,13640
15,layer1.2.conv2,1961740,False,4121974,167421,54856,52582,142392
15,layer1.2.bn2,70675,False,156901,27079,8624,8161,22843
15,layer1.2.relu2,31004,False,72991,13486,1676,1609,11344
15,layer1.2.conv3,851206,False,1794478,135240,65467,63162,25084
15,layer1.2.bn3,320014,False,682229,102667,101412,99786,106749
15,layer1.2.add,316968,False,675738,101849,103999,101938,105020
15,layer1.2.relu3,173649,False,374358,51263,52205,50842,50618
15,layer2.0.conv1,1592235,False,3347274,1093463,127270,125186,107856
15,layer2.0.bn1,212959,False,392162,52615,55268,51442,53017
15,layer2.0.relu1,79233,False,175156,26075,20122,19453,29842
15,layer2.0.conv2,2122410,False,4458983,355564,151841,148982,389388
15,layer2.0.bn2,45400,False,103716,14597,2140,2088,5769
15,layer2.0.relu2,18495,False,47246,7231,501,497,3786
15,layer2.0.conv3,848414,False,1788943,126660,41954,39978,35462
15,layer2.0.bn3,169608,False,365803,52414,51797,50292,53176
15,layer2.0.downsample.0,2301419,False,4834057,1120177,259701,256108,857522
15,layer2.0.downsample.1,176733,False,380657,52622,52998,51478,53986
15,layer2.0.add,158985,False,343924,51233,51783,50365,52353
15,layer2.0.relu3,79410,False,175214,26082,19911,19356,29618
15,layer2.1.conv1,824387,False,1737544,551866,38739,36847,280387
15,layer2.1.bn1,47924,False,108722,14473,10165,9724,13627
15,layer2.1.relu1,18207,False,46527,7226,841,822,5541
15,layer2.1.conv2,1917835,False,4029972,160224,41585,39768,115947
15,layer2.1.bn2,44052,False,100716,14525,3792,3568,9138
15,layer2.1.relu2,18400,False,47088,7213,595,573,4241
15,layer2.1.conv3,848436,False,1788745,126422,44958,42790,36027
15,layer2.1.bn3,170081,False,367077,52380,51931,50447,53711
15,layer2.1.add,160752,False,346793,51465,52071,50504,52644
15,layer2.1.relu3,78395,False,172979,26071,19638,18894,28679
15,layer2.2.conv1,816921,False,1722258,552856,36091,34756,275859
15,layer2.2.bn1,47571,False,108057,14422,10129,9600,13479
15,layer2.2.relu1,17198,False,44220,7210,716,692,5197
15,layer2.2.conv2,1911702,False,4017229,160378,41796,40043,118652
15,layer2.2.bn2,44193,False,101309,14532,3860,3629,7950
15,layer2.2.relu2,18227,False,46391,7204,655,639,4089
15,layer2.2.conv3,849162,False,1790073,126644,47345,45389,34358
15,layer2.2.bn3,171106,False,370897,52386,52474,50598,53923
15,layer2.2.add,157892,False,341561,51227,51731,50344,52550
15,layer2.2.relu3,77128,False,170377,26049,19439,18863,28623
15,layer2.3.conv1,817680,False,1723927,550941,36096,34330,275071
15,layer2.3.bn1,48401,False,109618,14465,9564,9127,13607
15,layer2.3.relu1,17897,False,45667,7226,649,644,3692
15,layer2.3.conv2,1912132,False,4017383,160273,41464,39683,120003
15,layer2.3.bn2,43919,False,100651,14566,3972,3690,9294
15,layer2.3.relu2,17674,False,45254,7226,688,662,4540
15,layer2.3.conv3,849080,False,1789516,126546,47428,45280,34578
15,layer2.3.bn3,171224,False,368901,52363,52393,50842,53866
15,layer2.3.add,156778,False,338947,51225,51529,50187,52536
15,layer2.3.relu3,78715,False,181657,26358,20248,19376,29927
15,layer3.0.conv1,1723164,False,3621179,999223,67700,65575,770896
15,layer3.0.bn1,84408,False,185839,27130,22116,21254,27311
15,layer3.0.relu1,33131,False,84730,13793,4291,4113,14805
15,layer3.0.conv2,2206512,False,4635207,404324,161220,158201,424530
15,layer3.0.bn2,32601,False,76631,8300,1624,1592,2147
15,layer3.0.relu2,11745,False,32890,4074,501,491,1651
15,layer3.0.conv3,967971,False,2038996,525903,44852,42945,426638
15,layer3.0.bn3,91385,False,200686,27483,23830,22729,27915
15,layer3.0.downsample.0,2212589,False,4648687,1242031,221591,218665,993888
15,layer3.0.downsample.1,84162,False,185583,27727,13319,12724,26784
15,layer3.0.add,66198,False,174500,26411,18996,18264,25971
15,layer3.0.relu3,35023,False,81548,13520,4188,3976,15303
15,layer3.1.conv1,1018059,False,2143873,558480,54095,52020,474074
15,layer3.1.bn1,34930,False,81380,8240,5367,5068,5314
15,layer3.1.relu1,11677,False,32472,4101,522,495,1332
15,layer3.1.conv2,2032923,False,4271653,206703,130791,127986,214390
15,layer3.1.bn2,33595,False,78873,8345,1505,1482,1178
15,layer3.1.relu2,11845,False,33022,4107,543,533,1587
15,layer3.1.conv3,968324,False,2039599,525840,46288,44143,426566
15,layer3.1.bn3,90596,False,198915,27509,23698,22576,28042
15,layer3.1.add,67359,False,149771,26069,18967,18299,26716
15,layer3.1.relu3,31515,False,74315,13498,2667,2589,10175
15,layer3.2.conv1,1022605,False,2153064,558369,52691,50716,473474
15,layer3.2.bn1,34226,False,79816,8223,5418,5212,5101
15,layer3.2.relu1,11221,False,31442,4079,487,478,1658
15,layer3.2.conv2,2034615,False,4274719,207196,131097,128085,220017
15,layer3.2.bn2,35885,False,83429,8606,2028,1994,1270
15,layer3.2.relu2,12477,False,34427,4087,506,499,1558
15,layer3.2.conv3,968993,False,2041043,525997,46561,44464,428131
15,layer3.2.bn3,92068,False,201642,27504,23830,22513,28205
15,layer3.2.add,66050,False,147532,26049,18448,17742,26017
15,layer3.2.relu3,30427,False,71950,13481,1991,1949,11774
15,layer3.3.conv1,1010235,False,2127620,558688,52717,50967,474345
15,layer3.3.bn1,33047,False,77539,8207,5281,5058,5283
15,layer3.3.relu1,10888,False,30912,4050,521,511,1782
15,layer3.3.conv2,2023540,False,4251388,207744,130613,127965,217250
15,layer3.3.bn2,33177,False,77605,8370,1626,1606,1288
15,layer3.3.relu2,12375,False,34040,4083,485,479,1231
15,layer3.3.conv3,965718,False,2034656,525952,46118,43957,426011
15,layer3.3.bn3,91431,False,200927,27495,23990,22994,28018
15,layer3.3.add,67512,False,150168,26033,19129,18454,25996
15,layer3.3.relu3,31422,False,73792,13488,2315,2257,12689
15,layer3.4.conv1,1022006,False,2151956,558362,52483,50672,474974
15,layer3.4.bn1,33137,False,77807,8214,5426,5178,5653
15,layer3.4.relu1,10916,False,31089,4066,500,480,1811
15,layer3.4.conv2,2037225,False,4280345,207472,130433,127676,218411
15,layer3.4.bn2,33762,False,79115,8366,1532,1501,1380
15,layer3.4.relu2,11648,False,32880,4083,520,514,1673
15,layer3.4.conv3,966079,False,2034790,525882,46170,44303,428130
15,layer3.4.bn3,92024,False,201757,27508,23688,22578,28153
15,layer3.4.add,67177,False,149290,26052,18906,18283,26631
15,layer3.4.relu3,31436,False,73953,13484,2741,2685,9294
15,layer3.5.conv1,1014460,False,2136199,558756,53332,51438,474887
15,layer3.5.bn1,32387,False,76044,8152,5219,5044,5164
15,layer3.5.relu1,11516,False,32208,4083,493,486,1856
15,layer3.5.conv2,2028126,False,4260821,206882,130993,128078,217073
15,layer3.5.bn2,32550,False,76211,8342,1491,1462,1229
15,layer3.5.relu2,11412,False,32176,4100,492,486,1630
15,layer3.5.conv3,966760,False,2036028,525973,45709,43684,427055
15,layer3.5.bn3,93420,False,205170,27762,24197,22946,28057
15,layer3.5.add,66271,False,147506,26057,18937,18162,26787
15,layer3.5.relu3,31799,False,74842,13468,2665,2578,12353
15,layer4.0.conv1,1970580,False,4139787,1085669,115824,113569,935767
15,layer4.0.bn1,52334,False,117975,14692,9988,9478,13525
15,layer4.0.relu1,17597,False,45351,7222,670,647,4763
15,layer4.0.conv2,3397548,False,7131462,696251,470880,467461,839665
15,layer4.0.bn2,30697,False,72564,5326,3172,3150,2640
15,layer4.0.relu2,9088,False,27432,2511,470,463,600
15,layer4.0.conv3,1247455,False,2624852,722570,113076,110492,512581
15,layer4.0.bn3,60358,False,134530,15490,12241,11819,16842
15,layer4.0.downsample.0,2882307,False,6051683,1159998,492990,489324,958709
15,layer4.0.downsample.1,59396,False,132745,15614,2838,2791,9067
15,layer4.0.add,31575,False,74569,13468,7031,6884,9904
15,layer4.0.relu3,17426,False,44854,7242,572,558,4815
15,layer4.1.conv1,1221659,False,2571261,759216,140772,138639,520584
15,layer4.1.bn1,30187,False,71504,5276,4033,3909,3740
15,layer4.1.relu1,8457,False,25757,2503,462,452,712
15,layer4.1.conv2,3140706,False,6593013,526394,464365,460943,603406
15,layer4.1.bn2,31558,False,91133,6015,2724,1955,1582
15,layer4.1.relu2,9058,False,27292,2493,538,535,707
15,layer4.1.conv3,1242466,False,2614942,722877,114928,112108,514880
15,layer4.1.bn3,60970,False,136108,15431,12079,11647,16682
15,layer4.1.add,31183,False,73569,13484,7056,6876,10778
15,layer4.1.relu3,17913,False,45806,7208,396,390,2823
15,layer4.2.conv1,1215936,False,2559330,759050,139950,137846,519756
15,layer4.2.bn1,29416,False,69625,5229,3996,3909,3975
15,layer4.2.relu1,8572,False,26102,2492,465,462,673
15,layer4.2.conv2,3148312,False,6608672,526606,464948,461498,600683
15,layer4.2.bn2,31931,False,75193,5342,1569,1543,1510
15,layer4.2.relu2,8652,False,26235,2497,539,526,544
15,layer4.2.conv3,1238781,False,2607265,722767,114748,112521,513778
15,layer4.2.bn3,60803,False,135753,15465,12006,11615,16910
15,layer4.2.add,31088,False,73290,13480,7079,6911,10714
15,layer4.2.relu3,17675,False,45402,7213,381,376,4116
15,avgpool,80045,False,176278,8675,3232,3203,6789
15,flatten,8304,False,25951,582,419,416,72
15,fc,503046,False,1065918,132913,133162,130934,165765
16,conv1,2180944,False,4582780,214394,178911,175715,261996
16,bn1,340285,False,724595,103246,105410,103727,106385
16,relu,174814,False,376857,51346,52095,50331,50497
16,maxpool,10296077,False,21583836,91677,92610,90374,130788
16,layer1.0.conv1,250513,False,491341,42639,26934,25988,5296
16,layer1.0.bn1,91616,False,200973,27235,21417,20696,26351
16,layer1.0.relu1,32716,False,76724,13530,2491,2357,14668
16,layer1.0.conv2,1981502,False,4163073,167002,59345,56793,145237
16,layer1.0.bn2,75931,False,168873,27120,11759,11186,23901
16,layer1.0.relu2,32317,False,76072,13500,2985,2902,13710
16,layer1.0.conv3,860300,False,1813928,135268,66032,64011,25407
16,layer1.0.bn3,315259,False,671756,102665,101283,99459,106089
16,layer1.0.downsample.0,867179,False,1827743,135091,70088,68092,26878
16,layer1.0.downsample.1,318124,False,677874,102673,101081,99488,105747
16,layer1.0.add,318064,False,677527,101894,104207,102166,104627
16,layer1.0.relu3,173149,False,373592,51330,52079,50734,50557
16,layer1.1.conv1,809522,False,1706873,550607,62275,60449,56847
16,layer1.1.bn1,93084,False,203889,27008,26100,25067,26917
16,layer1.1.relu1,31674,False,74475,13490,2319,2258,14170
16,layer1.1.conv2,1974531,False,4148837,167108,59364,57187,144232
16,layer1.1.bn2,73377,False,162664,27123,11471,10907,24055
16,layer1.1.relu2,32271,False,75942,13487,3027,2922,14054
16,layer1.1.conv3,854758,False,1802029,135109,65657,63349,25136
16,layer1.1.bn3,317468,False,676431,102660,101243,99669,106112
16,layer1.1.add,317441,False,676372,101876,104027,101983,104819
16,layer1.1.relu3,172950,False,372593,51249,51963,50681,51347
16,layer1.2.conv1,810159,False,1708642,551142,62567,60674,53806
16,layer1.2.bn1,93289,False,204532,27024,26017,25037,27006
16,layer1.2.relu1,31344,False,74016,13478,2274,2218,13599
16,layer1.2.conv2,1967064,False,4133205,167283,55392,53146,140340
16,layer1.2.bn2,71431,False,158728,27134,8649,8185,23721
16,layer1.2.relu2,31073,False,73519,13501,1760,1710,12032
16,layer1.2.conv3,852661,False,1797941,135119,65481,63280,25248
16,layer1.2.bn3,318048,False,677305,102652,101444,99826,106362
16,layer1.2.add,316703,False,674592,101856,103993,101972,104690
16,layer1.2.relu3,173257,False,373694,51279,52095,50743,51217
16,layer2.0.conv1,1594589,False,3352394,1092534,127348,125277,107537
16,layer2.0.bn1,173531,False,373940,52260,53876,52128,53102
16,layer2.0.relu1,78710,False,173742,26078,20162,19563,29691
16,layer2.0.conv2,2119520,False,4453410,355413,151386,148545,386499
16,layer2.0.bn2,42764,False,98149,14538,1998,1945,5951
16,layer2.0.relu2,18278,False,46282,7233,535,527,3051
16,layer2.0.conv3,848435,False,1788917,126633,41845,39831,35824
16,layer2.0.bn3,169340,False,365335,52391,51751,50209,53399
16,layer2.0.downsample.0,2304352,False,4840195,1120335,260359,256566,857813
16,layer2.0.downsample.1,175726,False,379045,52632,53036,51469,54267
16,layer2.0.add,158075,False,341672,51239,51747,50300,52350
16,layer2.0.relu3,79170,False,174754,26089,19973,19371,29939
16,layer2.1.conv1,823347,False,1735723,551162,38639,36766,278812
16,layer2.1.bn1,47755,False,108322,14433,10166,9757,13793
16,layer2.1.relu1,17899,False,45807,7197,818,801,5592
16,layer2.1.conv2,1913435,False,4019981,160166,41145,39376,117339
16,layer2.1.bn2,44132,False,100624,14522,3709,3484,8447
16,layer2.1.relu2,18427,False,46660,7242,564,547,3337
16,layer2.1.conv3,847973,False,1787086,126439,45160,42960,36740
16,layer2.1.bn3,172637,False,371977,52443,52155,50627,54005
16,layer2.1.add,156409,False,337699,51225,51234,49781,52566
16,layer2.1.relu3,78397,False,173204,26074,19721,18812,29942
16,layer2.2.conv1,812854,False,1713053,552228,35440,34091,274520
16,layer2.2.bn1,51205,False,115897,14701,10957,10421,13693
16,layer2.2.relu1,17829,False,45832,7203,681,653,4061
16,layer2.2.conv2,1913718,False,4020730,160087,41713,39849,118553
16,layer2.2.bn2,45339,False,103507,14515,3965,3721,8003
16,layer2.2.relu2,18373,False,46787,7206,682,662,3372
16,layer2.2.conv3,847204,False,1785731,126605,47453,45421,34288
16,layer2.2.bn3,169259,False,364664,52407,52253,50358,53851
16,layer2.2.add,157321,False,339707,51226,51714,50348,52253
16,layer2.2.relu3,77234,False,170523,26061,19492,18893,28495
16,layer2.3.conv1,819644,False,1727615,551016,36385,34583,274387
16,layer2.3.bn1,47577,False,108039,14398,9304,8885,13504
16,layer2.3.relu1,17418,False,44663,7208,650,642,4936
16,layer2.3.conv2,1913374,False,4020120,160338,41627,39893,119276
16,layer2.3.bn2,43848,False,100134,14516,3997,3749,10124
16,layer2.3.relu2,18604,False,47208,7207,713,686,4668
16,layer2.3.conv3,849341,False,1790059,126477,47503,45311,34131
16,layer2.3.bn3,172305,False,371536,52380,52376,50796,54069
16,layer2.3.add,157145,False,339450,51198,51590,50190,52348
16,layer2.3.relu3,80709,False,178171,26326,20389,19714,27740
16,layer3.0.conv1,1740537,False,3657191,999670,67693,65312,773055
16,layer3.0.bn1,83066,False,182702,27093,22053,21171,27577
16,layer3.0.relu1,32132,False,75609,13503,3364,3270,12289
16,layer3.0.conv2,2200593,False,4622730,404022,161224,158164,425736
16,layer3.0.bn2,33584,False,78764,8356,1697,1670,2325
16,layer3.0.relu2,11898,False,32923,4127,551,545,1302
16,layer3.0.conv3,969316,False,2041354,525882,44829,42875,426895
16,layer3.0.bn3,91023,False,199737,27505,23905,22779,27939
16,layer3.0.downsample.0,2213364,False,4649798,1242302,221188,218140,995378
16,layer3.0.downsample.1,81736,False,180307,27685,13187,12614,26547
16,layer3.0.add,65562,False,146321,26049,18010,17343,25374
16,layer3.0.relu3,37527,False,86665,13769,4772,4638,13506
16,layer3.1.conv1,1019291,False,2146339,558396,53558,51520,473073
16,layer3.1.bn1,34821,False,81050,8243,5431,5114,5098
16,layer3.1.relu1,11114,False,31482,4066,462,447,1175
16,layer3.1.conv2,2029157,False,4263146,207331,130657,127762,215985
16,layer3.1.bn2,33009,False,77423,8321,1527,1490,1225
16,layer3.1.relu2,11591,False,32295,4090,485,478,1644
16,layer3.1.conv3,966587,False,2036074,525981,46264,44178,426690
16,layer3.1.bn3,89664,False,197132,27496,23532,22439,27901
16,layer3.1.add,66324,False,147697,26047,18887,18180,26768
16,layer3.1.relu3,31430,False,74128,13496,2609,2531,10479
16,layer3.2.conv1,1008996,False,2124861,558769,51935,49982,473240
16,layer3.2.bn1,34360,False,80167,8181,5304,5128,4866
16,layer3.2.relu1,10622,False,30482,4066,462,458,1632
16,layer3.2.conv2,2026586,False,4257699,206814,130916,127998,218469
16,layer3.2.bn2,32796,False,76976,8364,1548,1528,1245
16,layer3.2.relu2,12379,False,33971,4091,505,499,1167
16,layer3.2.conv3,965557,False,2033628,525892,46073,43998,425904
16,layer3.2.bn3,96500,False,211352,27729,24379,23161,28147
16,layer3.2.add,66455,False,148149,26030,18412,17706,26707
16,layer3.2.relu3,30765,False,72521,13498,1889,1849,11292
16,layer3.3.conv1,1018955,False,2145523,558610,52076,50363,473629
16,layer3.3.bn1,33663,False,78749,8224,5238,4986,5434
16,layer3.3.relu1,10915,False,30845,4079,513,504,1807
16,layer3.3.conv2,2027920,False,4260673,207364,130760,128092,216115
16,layer3.3.bn2,34372,False,80255,8378,1556,1537,1425
16,layer3.3.relu2,11662,False,32668,4094,522,518,1639
16,layer3.3.conv3,964650,False,2031820,525701,46004,43876,424490
16,layer3.3.bn3,92893,False,203914,27492,24063,23045,27882
16,layer3.3.add,67571,False,150402,26049,19232,18539,26557
16,layer3.3.relu3,31521,False,74457,13479,2393,2323,12874
16,layer3.4.conv1,1015686,False,2139422,558661,52073,50167,474231
16,layer3.4.bn1,35360,False,82210,8424,5850,5659,5943
16,layer3.4.relu1,11809,False,32905,4073,505,491,1367
16,layer3.4.conv2,2034747,False,4274741,207210,130363,127465,217178
16,layer3.4.bn2,33350,False,77864,8344,1544,1495,1259
16,layer3.4.relu2,11407,False,31953,4091,488,472,1645
16,layer3.4.conv3,966484,False,2035625,525902,46215,44418,427086
16,layer3.4.bn3,91666,False,201058,27497,23695,22410,27698
16,layer3.4.add,66968,False,149095,26066,18975,18316,26168
16,layer3.4.relu3,31899,False,75021,13495,2724,2657,11978
16,layer3.5.conv1,1018190,False,2143870,558668,53065,51233,474242
16,layer3.5.bn1,32712,False,76477,8179,5313,5093,5165
16,layer3.5.relu1,11126,False,31472,4073,491,480,1698
16,layer3.5.conv2,2028689,False,4262307,206786,131055,128092,216799
16,layer3.5.bn2,32837,False,77012,8326,1515,1495,1174
16,layer3.5.relu2,12165,False,33701,4078,474,467,1721
16,layer3.5.conv3,966035,False,2035195,525917,46218,44087,427390
16,layer3.5.bn3,89037,False,195836,27502,23377,22393,27805
16,layer3.5.add,66911,False,148739,26061,19074,18089,26880
16,layer3.5.relu3,31778,False,74789,13512,2682,2596,10723
16,layer4.0.conv1,1976920,False,4153052,1085917,113577,111180,933368
16,layer4.0.bn1,51497,False,116191,14691,9896,9310,13897
16,layer4.0.relu1,17147,False,43915,7227,696,660,5041
16,layer4.0.conv2,3471895,False,7286463,696358,471244,467462,840665
16,layer4.0.bn2,30910,False,73089,5334,3191,3161,2685
16,layer4.0.relu2,8189,False,25286,2502,485,481,546
16,layer4.0.conv3,1263719,False,2658853,722191,113001,110409,520652
16,layer4.0.bn3,61181,False,136410,15482,12251,11823,16879
16,layer4.0.downsample.0,2903160,False,6095397,1163689,493555,489732,963471
16,layer4.0.downsample.1,60224,False,134620,15639,2981,2922,9407
16,layer4.0.add,32745,False,76902,13476,7098,6955,9984
16,layer4.0.relu3,18123,False,46113,7236,575,565,5171
16,layer4.1.conv1,1229132,False,2586663,759063,140617,138525,520507
16,layer4.1.bn1,32563,False,76606,5262,3824,3709,3287
16,layer4.1.relu1,9269,False,27742,2519,503,494,662
16,layer4.1.conv2,3176500,False,6667995,526454,464568,461098,603634
16,layer4.1.bn2,33048,False,77407,5308,1566,1549,1488
16,layer4.1.relu2,8768,False,26808,2511,495,487,514
16,layer4.1.conv3,1268839,False,2669967,722155,114314,111967,523818
16,layer4.1.bn3,61308,False,136796,15497,12145,11783,16815
16,layer4.1.add,32284,False,75782,13491,7065,6902,10744
16,layer4.1.relu3,17814,False,45579,7215,405,393,3755
16,layer4.2.conv1,1228374,False,2585322,758879,139872,137759,522716
16,layer4.2.bn1,29391,False,69604,5222,4039,3943,3951
16,layer4.2.relu1,8815,False,26485,2485,495,488,582
16,layer4.2.conv2,3165307,False,6644809,526526,464546,460693,601564
16,layer4.2.bn2,32239,False,75970,5320,1513,1500,1453
16,layer4.2.relu2,8701,False,26811,2514,517,511,667
16,layer4.2.conv3,1272519,False,2677706,722613,114415,112011,523629
16,layer4.2.bn3,61479,False,137275,15487,12055,11669,16814
16,layer4.2.add,31468,False,74284,13473,7102,6931,11148
16,layer4.2.relu3,16953,False,44043,7213,375,371,2755
16,avgpool,85867,False,188819,8697,3032,3000,6379
16,flatten,8543,False,26027,639,421,416,109
16,fc,496953,False,1053650,133066,132016,129949,165180
17,conv1,2173108,False,4566132,213705,177965,175060,263015
17,bn1,341741,False,728137,103241,105448,103198,106373
17,relu,174701,False,376576,51290,52148,50793,51543
17,maxpool,10257108,False,21502425,91610,92318,90291,131001
17,layer1.0.conv1,273219,False,498465,43063,27351,26507,5489
17,layer1.0.bn1,96407,False,205425,27035,21287,20338,27161
17,layer1.0.relu1,33780,False,78793,13549,2242,2171,13284
17,layer1.0.conv2,1986114,False,4173360,167325,59482,57311,148011
17,layer1.0.bn2,74441,False,164887,27091,11510,10962,23885
17,layer1.0.relu2,33842,False,79175,13523,3090,2995,14098
17,layer1.0.conv3,858437,False,1809313,135135,65820,63593,25511
17,layer1.0.bn3,317575,False,676592,102666,101253,99598,105425
17,layer1.0.downsample.0,869326,False,1832785,135029,70058,68036,26784
17,layer1.0.downsample.1,318755,False,679324,102670,101133,99541,106969
17,layer1.0.add,313571,False,677961,101929,103913,101849,104727
17,layer1.0.relu3,173908,False,374432,51313,52068,50695,51478
17,layer1.1.conv1,811323,False,1710602,550462,62394,60380,57615
17,layer1.1.bn1,93692,False,205238,26975,26106,25165,27258
17,layer1.1.relu1,31373,False,73974,13507,2354,2293,12926
17,layer1.1.conv2,1976517,False,4153329,167401,59454,57304,143301
17,layer1.1.bn2,74630,False,165353,27102,11531,10959,24278
17,layer1.1.relu2,32978,False,77202,13506,3046,2934,12093
17,layer1.1.conv3,856378,False,1805497,135258,65623,63248,25655
17,layer1.1.bn3,323053,False,688011,102932,102216,100502,106467
17,layer1.1.add,312844,False,666368,101605,103033,101081,104887
17,layer1.1.relu3,173323,False,372999,51251,51964,50639,51087
17,layer1.2.conv1,810406,False,1709003,551031,62657,60595,53726
17,layer1.2.bn1,93173,False,204186,26991,25980,25123,27169
17,layer1.2.relu1,30986,False,73021,13512,2357,2295,13959
17,layer1.2.conv2,1963228,False,4125471,167215,55049,52822,140080
17,layer1.2.bn2,69222,False,153883,27081,8505,8064,23283
17,layer1.2.relu2,31314,False,74075,13497,1726,1663,11995
17,layer1.2.conv3,850998,False,1793980,135217,65350,63091,24886
17,layer1.2.bn3,322065,False,686055,102897,102448,100602,107089
17,layer1.2.add,313275,False,667650,101587,102972,101238,104837
17,layer1.2.relu3,174122,False,375369,51275,52151,50829,51238
17,layer2.0.conv1,1596695,False,3356194,1092763,127444,125035,109533
17,layer2.0.bn1,173495,False,374045,52228,53907,52368,53143
17,layer2.0.relu1,79358,False,175167,26097,20142,19527,29835
17,layer2.0.conv2,2119341,False,4452197,355343,150259,147479,385328
17,layer2.0.bn2,44050,False,100629,14585,2053,2001,5830
17,layer2.0.relu2,17929,False,45856,7209,485,482,3563
17,layer2.0.conv3,848248,False,1788187,126699,41807,39785,35613
17,layer2.0.bn3,169141,False,364644,52417,51747,50237,53549
17,layer2.0.downsample.0,2308032,False,4848669,1120110,259395,255953,860359
17,layer2.0.downsample.1,177008,False,381261,52634,53214,51638,54108
17,layer2.0.add,158442,False,342228,51234,51800,50348,52595
17,layer2.0.relu3,79118,False,174633,26104,19902,19307,28443
17,layer2.1.conv1,824266,False,1737345,551791,38572,36758,280675
17,layer2.1.bn1,48916,False,111243,14458,10222,9783,13494
17,layer2.1.relu1,17803,False,45501,7216,834,817,4606
17,layer2.1.conv2,1919331,False,4032893,160258,41847,39879,118248
17,layer2.1.bn2,44455,False,101875,14531,3816,3570,8536
17,layer2.1.relu2,18611,False,47508,7229,592,569,3168
17,layer2.1.conv3,847954,False,1787512,126544,44876,42709,35855
17,layer2.1.bn3,170228,False,373727,52636,52609,51118,53615
17,layer2.1.add,156597,False,338176,51222,51089,49302,52514
17,layer2.1.relu3,77766,False,171405,26058,19212,18695,28918
17,layer2.2.conv1,829072,False,1747538,552298,37407,35981,277397
17,layer2.2.bn1,49029,False,111274,14445,10511,9754,13630
17,layer2.2.relu1,18212,False,46382,7197,686,663,4139
17,layer2.2.conv2,1919428,False,4033351,160344,41950,40136,118430
17,layer2.2.bn2,43979,False,100776,14532,4215,3953,8726
17,layer2.2.relu2,18119,False,46442,7228,690,663,3145
17,layer2.2.conv3,848203,False,1787525,126557,47478,45292,34495
17,layer2.2.bn3,170914,False,368255,52382,52217,50581,53927
17,layer2.2.add,157226,False,339698,51215,51762,50412,52331
17,layer2.2.relu3,78216,False,172857,26069,19444,18851,30058
17,layer2.3.conv1,820056,False,1728630,550626,35757,34009,273912
17,layer2.3.bn1,48381,False,109818,14415,9306,8898,13261
17,layer2.3.relu1,18216,False,46149,7215,657,646,4884
17,layer2.3.conv2,1914383,False,4022534,160279,41398,39744,120126
17,layer2.3.bn2,42686,False,98008,14552,3864,3633,9497
17,layer2.3.relu2,17418,False,44964,7220,695,672,5057
17,layer2.3.conv3,848741,False,1788726,126669,47549,45427,35483
17,layer2.3.bn3,172031,False,370809,52384,52518,50953,54004
17,layer2.3.add,160660,False,347099,51456,52476,50617,52486
17,layer2.3.relu3,76914,False,169891,26059,19365,18855,28526
17,layer3.0.conv1,1753632,False,3684822,999798,68036,66066,772809
17,layer3.0.bn1,85099,False,186924,27102,22322,21185,27396
17,layer3.0.relu1,33100,False,77607,13496,3388,3292,14189
17,layer3.0.conv2,2204865,False,4631320,404316,161277,158424,422876
17,layer3.0.bn2,34033,False,79649,8359,1742,1722,2506
17,layer3.0.relu2,11638,False,32598,4069,492,485,1628
17,layer3.0.conv3,968499,False,2040090,526013,44796,42664,424890
17,layer3.0.bn3,92119,False,201963,27441,23755,22823,27812
17,layer3.0.downsample.0,2219383,False,4661984,1241258,222108,218824,994567
17,layer3.0.downsample.1,81867,False,180667,27701,13387,12617,26618
17,layer3.0.add,65669,False,146564,26046,18066,17223,25827
17,layer3.0.relu3,34627,False,80764,13503,3860,3767,14659
17,layer3.1.conv1,1027303,False,2162919,558510,53089,51350,473555
17,layer3.1.bn1,34080,False,79491,8204,5353,5083,4971
17,layer3.1.relu1,11622,False,32647,4065,459,443,1733
17,layer3.1.conv2,2032442,False,4271702,207143,130655,128047,216056
17,layer3.1.bn2,33697,False,78810,8356,1526,1505,1254
17,layer3.1.relu2,12402,False,34022,4089,563,554,1266
17,layer3.1.conv3,971760,False,2046537,525993,46022,43778,426819
17,layer3.1.bn3,90347,False,198326,27481,23445,22495,27961
17,layer3.1.add,66286,False,147718,26042,18758,18078,26320
17,layer3.1.relu3,32110,False,75420,13482,2715,2644,12441
17,layer3.2.conv1,1005919,False,2118135,558365,51720,49707,472856
17,layer3.2.bn1,33654,False,85016,8475,6008,5773,5251
17,layer3.2.relu1,11423,False,31890,4047,453,441,1600
17,layer3.2.conv2,2029927,False,4265030,206975,130263,127522,218303
17,layer3.2.bn2,33593,False,78730,8304,1506,1467,1284
17,layer3.2.relu2,12455,False,34351,4076,557,547,1790
17,layer3.2.conv3,966762,False,2036562,525807,46593,44532,424831
17,layer3.2.bn3,93555,False,204831,27541,23745,22655,27953
17,layer3.2.add,66384,False,148189,26042,18484,17771,26700
17,layer3.2.relu3,30937,False,72865,13497,1967,1926,11907
17,layer3.3.conv1,1020796,False,2149297,558510,52040,50153,475097
17,layer3.3.bn1,33087,False,77500,8187,5201,5009,5169
17,layer3.3.relu1,11821,False,32881,4070,512,504,1832
17,layer3.3.conv2,2026468,False,4258109,207343,131188,128175,218467
17,layer3.3.bn2,33025,False,77278,8348,1513,1488,1493
17,layer3.3.relu2,12160,False,33568,4099,502,497,1605
17,layer3.3.conv3,966252,False,2035057,526018,45995,43845,426589
17,layer3.3.bn3,95100,False,208627,27721,24824,23817,28018
17,layer3.3.add,67395,False,149943,26049,19280,18239,26135
17,layer3.3.relu3,32119,False,75428,13508,2429,2352,12933
17,layer3.4.conv1,1010552,False,2127969,558514,51690,50112,473634
17,layer3.4.bn1,32351,False,76111,8198,5338,5071,5330
17,layer3.4.relu1,11566,False,32268,4078,544,530,1432
17,layer3.4.conv2,2036455,False,4279010,207251,130446,127703,217553
17,layer3.4.bn2,33595,False,78723,8325,1529,1502,1345
17,layer3.4.relu2,11608,False,32673,4095,545,536,1661
17,layer3.4.conv3,966391,False,2035217,525919,46360,44353,428414
17,layer3.4.bn3,92176,False,202196,27494,23637,22496,28008
17,layer3.4.add,67338,False,149818,26056,19032,18390,26588
17,layer3.4.relu3,32514,False,76455,13490,2676,2613,12617
17,layer3.5.conv1,1004237,False,2114541,558425,52606,50645,473703
17,layer3.5.bn1,32993,False,77063,8197,5273,5098,5288
17,layer3.5.relu1,11135,False,31588,4065,486,478,1204
17,layer3.5.conv2,2027847,False,4260981,207508,131033,128209,216425
17,layer3.5.bn2,32789,False,77517,8343,1556,1520,1388
17,layer3.5.relu2,12471,False,34494,4069,502,496,1228
17,layer3.5.conv3,971124,False,2045083,525971,46144,44105,427935
17,layer3.5.bn3,89947,False,197460,27531,23642,22242,27882
17,layer3.5.add,67034,False,149392,26066,18975,18306,26111
17,layer3.5.relu3,32230,False,75842,13487,2622,2546,12584
17,layer4.0.conv1,1962108,False,4122229,1085861,114147,111789,933339
17,layer4.0.bn1,52285,False,117792,14699,9809,9359,13549
17,layer4.0.relu1,17453,False,44658,7246,689,676,3680
17,layer4.0.conv2,3408142,False,7152829,696700,472001,468284,842988
17,layer4.0.bn2,31711,False,74802,5353,3191,3108,2788
17,layer4.0.relu2,9177,False,27542,2509,484,470,488
17,layer4.0.conv3,1248902,False,2627984,721839,112681,110239,513987
17,layer4.0.bn3,61241,False,136714,15495,12245,11863,16806
17,layer4.0.downsample.0,2881789,False,6050404,1161288,492463,488951,959984
17,layer4.0.downsample.1,58745,False,131173,15583,2824,2789,8623
17,layer4.0.add,32628,False,76593,13468,7089,6967,10164
17,layer4.0.relu3,18199,False,46508,7229,524,514,4914
17,layer4.1.conv1,1222350,False,2572715,759313,141157,138999,523141
17,layer4.1.bn1,30533,False,72097,5268,4016,3929,3561
17,layer4.1.relu1,7996,False,25025,2487,475,462,483
17,layer4.1.conv2,3188032,False,6640369,526709,466341,460947,602500
17,layer4.1.bn2,33093,False,77819,5337,1564,1532,1424
17,layer4.1.relu2,8967,False,26978,2511,533,515,649
17,layer4.1.conv3,1258207,False,2647603,722552,114819,112393,519070
17,layer4.1.bn3,61032,False,136290,15489,12123,11784,16771
17,layer4.1.add,33226,False,77826,13481,7088,6945,11026
17,layer4.1.relu3,17724,False,45306,7208,368,364,3916
17,layer4.2.conv1,1227169,False,2582599,759236,140816,138629,521664
17,layer4.2.bn1,29692,False,70481,5266,4082,3917,3788
17,layer4.2.relu1,8204,False,25514,2493,538,530,722
17,layer4.2.conv2,3149330,False,6611214,526571,464583,461033,602209
17,layer4.2.bn2,32929,False,77003,5339,1542,1531,1439
17,layer4.2.relu2,8743,False,26490,2486,518,517,618
17,layer4.2.conv3,1261313,False,2653987,722684,114707,112365,521528
17,layer4.2.bn3,61250,False,136675,15470,12037,11705,16799
17,layer4.2.add,31851,False,74992,13472,7100,6977,10996
17,layer4.2.relu3,17274,False,44504,7196,335,331,3778
17,avgpool,85982,False,188574,8740,3312,3238,6840
17,flatten,7756,False,24328,583,397,388,103
17,fc,498400,False,1056083,133017,132248,130184,165592
18,conv1,2175733,False,4571941,214613,178313,175196,265089
18,bn1,341067,False,726509,103279,105230,103081,106643
18,relu,174917,False,377243,51328,52115,50733,51496
18,maxpool,10281909,False,21554461,91724,92747,90438,131315
18,layer1.0.conv1,263010,False,499357,42985,27339,26298,5635
18,layer1.0.bn1,88932,False,195548,27077,21018,20173,26438
18,layer1.0.relu1,33761,False,78779,13518,2144,2084,13975
18,layer1.0.conv2,1983160,False,4166209,167252,59470,57184,146185
18,layer1.0.bn2,77212,False,170911,27089,11527,10970,24357
18,layer1.0.relu2,34526,False,80776,13512,3048,2956,13953
18,layer1.0.conv3,861590,False,1816412,135322,66022,63669,25536
18,layer1.0.bn3,318751,False,679245,102646,101246,99685,105766
18,layer1.0.downsample.0,871023,False,1836093,134820,70201,68157,26416
18,layer1.0.downsample.1,324551,False,691071,102944,102089,99930,108315
18,layer1.0.add,315481,False,672216,101622,103137,101611,105314
18,layer1.0.relu3,173789,False,374246,51273,52054,50711,51442
18,layer1.1.conv1,811444,False,1710659,550511,62138,60154,56040
18,layer1.1.bn1,94437,False,206620,27000,26097,25234,27287
18,layer1.1.relu1,31557,False,74333,13494,2339,2279,11807
18,layer1.1.conv2,1976180,False,4151792,167283,59279,57133,146382
18,layer1.1.bn2,74743,False,165824,27084,11167,10615,23616
18,layer1.1.relu2,32831,False,76972,13492,3032,2949,13860
18,layer1.1.conv3,857465,False,1808154,135351,65581,63325,25263
18,layer1.1.bn3,323701,False,689122,102897,102275,100134,107296
18,layer1.1.add,315714,False,672397,101628,103112,101650,104916
18,layer1.1.relu3,172443,False,371529,51271,52051,50777,50513
18,layer1.2.conv1,809206,False,1706322,551340,62744,60765,55155
18,layer1.2.bn1,94357,False,206756,27007,25996,25099,27393
18,layer1.2.relu1,31447,False,73896,13491,2321,2271,13390
18,layer1.2.conv2,1962349,False,4123761,167133,54740,52518,141226
18,layer1.2.bn2,70285,False,156220,27059,8475,8048,23407
18,layer1.2.relu2,31100,False,73181,13499,1721,1668,12122
18,layer1.2.conv3,850749,False,1793805,134866,65202,63072,25250
18,layer1.2.bn3,326055,False,694423,102941,102421,100248,108248
18,layer1.2.add,314522,False,670172,101577,102916,101440,104986
18,layer1.2.relu3,174005,False,374671,51292,52227,50900,51350
18,layer2.0.conv1,1595815,False,3354821,1092882,127049,124695,108121
18,layer2.0.bn1,173530,False,374323,52286,53921,52381,53289
18,layer2.0.relu1,78645,False,173906,26086,20270,19662,28262
18,layer2.0.conv2,2123160,False,4460718,355226,150846,147759,382162
18,layer2.0.bn2,43878,False,100560,14566,2134,2082,5446
18,layer2.0.relu2,17979,False,53710,7503,1179,1160,4226
18,layer2.0.conv3,843463,False,1777624,126203,41054,39042,36328
18,layer2.0.bn3,172504,False,371482,52615,52560,50501,53569
18,layer2.0.downsample.0,2303384,False,4838949,1120876,258811,255942,861068
18,layer2.0.downsample.1,176896,False,381451,52671,53075,51543,54049
18,layer2.0.add,158997,False,343609,51224,51795,50390,52602
18,layer2.0.relu3,80401,False,177665,26070,19931,19353,29753
18,layer2.1.conv1,819395,False,1727136,551005,37454,35718,277397
18,layer2.1.bn1,49331,False,111820,14459,10163,9763,13477
18,layer2.1.relu1,17947,False,45646,7223,810,794,5410
18,layer2.1.conv2,1911071,False,4015148,159951,40951,38787,117789
18,layer2.1.bn2,47316,False,107437,14759,4326,4050,8898
18,layer2.1.relu2,18749,False,47390,7217,582,547,4260
18,layer2.1.conv3,843660,False,1778661,126068,44379,42337,35815
18,layer2.1.bn3,186727,False,401528,52776,53527,51300,53745
18,layer2.1.add,156432,False,338032,51201,51178,49805,52545
18,layer2.1.relu3,78045,False,172299,26054,19128,18619,30434
18,layer2.2.conv1,817548,False,1722991,552347,36987,35495,277438
18,layer2.2.bn1,47396,False,107710,14427,10130,9618,13592
18,layer2.2.relu1,17169,False,44077,7213,703,686,4346
18,layer2.2.conv2,1917374,False,4028276,160358,41979,40153,118521
18,layer2.2.bn2,42799,False,98202,14515,3908,3634,8305
18,layer2.2.relu2,18309,False,46609,7237,669,639,3335
18,layer2.2.conv3,849402,False,1790394,126545,47480,45231,34952
18,layer2.2.bn3,170556,False,367667,52403,52203,50656,53922
18,layer2.2.add,157607,False,340501,51221,51780,50404,52324
18,layer2.2.relu3,77725,False,171838,26057,19611,18980,29794
18,layer2.3.conv1,819086,False,1726464,550472,35938,34086,273454
18,layer2.3.bn1,48240,False,109304,14440,9553,9117,13953
18,layer2.3.relu1,17797,False,45714,7197,627,621,5258
18,layer2.3.conv2,1917877,False,4029475,160060,41742,39568,119437
18,layer2.3.bn2,42369,False,97214,14511,3824,3597,8814
18,layer2.3.relu2,17756,False,51414,7437,1142,1104,4998
18,layer2.3.conv3,842593,False,1775907,126149,46733,44669,34016
18,layer2.3.bn3,175553,False,377760,52624,53245,51294,53754
18,layer2.3.add,158217,False,341818,51231,51602,50183,52585
18,layer2.3.relu3,77855,False,171864,26079,19393,18864,29849
18,layer3.0.conv1,1754991,False,3687560,1000044,67908,65845,773394
18,layer3.0.bn1,85067,False,187082,27105,22103,20995,27518
18,layer3.0.relu1,33094,False,77429,13493,3176,3109,14682
18,layer3.0.conv2,2238043,False,4623014,403905,163253,159408,419541
18,layer3.0.bn2,34273,False,80178,8386,1784,1738,2892
18,layer3.0.relu2,12547,False,34370,4096,524,518,1289
18,layer3.0.conv3,974965,False,2053315,525886,46271,44043,426105
18,layer3.0.bn3,93161,False,204212,27539,23896,22909,27758
18,layer3.0.downsample.0,2225186,False,4674414,1241352,222567,219147,994605
18,layer3.0.downsample.1,83035,False,182932,27690,13107,12527,26415
18,layer3.0.add,65784,False,146568,26050,17981,17334,25688
18,layer3.0.relu3,33957,False,79474,13517,3792,3692,14718
18,layer3.1.conv1,1014148,False,2135439,558736,52956,51165,472290
18,layer3.1.bn1,34847,False,81371,8279,5458,5204,5181
18,layer3.1.relu1,11300,False,31822,4075,493,482,1647
18,layer3.1.conv2,2032178,False,4269536,207226,130777,127940,218399
18,layer3.1.bn2,34611,False,80736,8336,1502,1481,1220
18,layer3.1.relu2,11373,False,32044,4061,478,473,1651
18,layer3.1.conv3,972601,False,2048568,525979,46096,43946,425898
18,layer3.1.bn3,90297,False,198438,27509,23396,22499,27891
18,layer3.1.add,72352,False,160552,26301,20100,19185,26990
18,layer3.1.relu3,32003,False,75197,13495,2663,2558,12437
18,layer3.2.conv1,1008883,False,2124304,558563,51633,49915,472973
18,layer3.2.bn1,33908,False,79100,8228,5205,4932,4784
18,layer3.2.relu1,10917,False,30904,4061,476,461,1200
18,layer3.2.conv2,2033981,False,4273642,207217,130649,127786,216779
18,layer3.2.bn2,32872,False,77073,8280,1453,1425,1216
18,layer3.2.relu2,11710,False,32755,4090,497,484,1687
18,layer3.2.conv3,968741,False,2040655,526038,46914,44794,427266
18,layer3.2.bn3,92192,False,202198,27485,23637,22598,28164
18,layer3.2.add,66198,False,147715,26032,18326,17668,26383
18,layer3.2.relu3,30401,False,71689,13478,1913,1866,11366
18,layer3.3.conv1,1025798,False,2159867,558531,51849,49996,474937
18,layer3.3.bn1,33859,False,78963,8203,5252,5058,5279
18,layer3.3.relu1,10798,False,30993,4048,468,457,1369
18,layer3.3.conv2,2032211,False,4270153,207555,130606,127791,218313
18,layer3.3.bn2,33684,False,84687,8437,1531,1512,1305
18,layer3.3.relu2,12584,False,34358,4088,486,477,1244
18,layer3.3.conv3,973983,False,2051137,525956,46121,44089,426983
18,layer3.3.bn3,91965,False,201814,27528,24245,22827,28037
18,layer3.3.add,67080,False,149599,26026,19150,18421,26231
18,layer3.3.relu3,31293,False,73482,13490,2434,2372,12638
18,layer3.4.conv1,1009278,False,2125142,558489,52224,50448,472015
18,layer3.4.bn1,33457,False,78103,8184,5251,5035,4989
18,layer3.4.relu1,11799,False,33002,4073,481,473,1581
18,layer3.4.conv2,2059961,False,4328439,206889,129983,127381,218137
18,layer3.4.bn2,32764,False,76907,8319,1469,1446,1286
18,layer3.4.relu2,11818,False,33163,4098,517,507,1695
18,layer3.4.conv3,967583,False,2037985,525834,45716,43691,426196
18,layer3.4.bn3,90644,False,198756,27525,23717,22734,27995
18,layer3.4.add,67500,False,150801,26045,18926,18237,26493
18,layer3.4.relu3,32485,False,76228,13529,2878,2758,12805
18,layer3.5.conv1,1022043,False,2151730,558522,52131,50278,474061
18,layer3.5.bn1,32861,False,76898,8200,5303,5026,5305
18,layer3.5.relu1,11121,False,31617,4045,502,482,1819
18,layer3.5.conv2,2031036,False,4267083,206982,130675,127744,217000
18,layer3.5.bn2,33676,False,78647,8365,1548,1513,1241
18,layer3.5.relu2,12270,False,33895,4090,533,527,1649
18,layer3.5.conv3,976234,False,2056016,526225,46823,44556,427452
18,layer3.5.bn3,90999,False,199897,27514,23583,22374,27639
18,layer3.5.add,67194,False,150101,26049,18968,18271,26443
18,layer3.5.relu3,32766,False,77073,13502,2601,2530,12481
18,layer4.0.conv1,1976413,False,4151912,1085676,113208,110675,931748
18,layer4.0.bn1,51967,False,117151,14718,9862,9476,13609
18,layer4.0.relu1,18283,False,46561,7240,719,703,4901
18,layer4.0.conv2,3396698,False,7129070,695854,471145,467561,844642
18,layer4.0.bn2,30904,False,72827,5302,3214,3160,2807
18,layer4.0.relu2,9049,False,27313,2514,507,500,508
18,layer4.0.conv3,1267588,False,2667333,722161,112773,110536,522423
18,layer4.0.bn3,60792,False,135583,15455,12230,11901,16912
18,layer4.0.downsample.0,2883133,False,6052925,1165117,492969,489328,963241
18,layer4.0.downsample.1,59304,False,132375,15578,2880,2831,8685
18,layer4.0.add,32562,False,76587,13481,6991,6872,9701
18,layer4.0.relu3,18454,False,46984,7217,502,489,5033
18,layer4.1.conv1,1236149,False,2601095,759345,142085,139782,523634
18,layer4.1.bn1,30114,False,71347,5247,3977,3822,3442
18,layer4.1.relu1,8785,False,26565,2521,467,459,681
18,layer4.1.conv2,3142046,False,6595917,526562,464331,460839,600499
18,layer4.1.bn2,31888,False,74879,5300,1522,1516,1443
18,layer4.1.relu2,8151,False,25221,2520,490,487,516
18,layer4.1.conv3,1269239,False,2670689,722032,114837,112501,520493
18,layer4.1.bn3,61313,False,136655,15477,12073,11756,16686
18,layer4.1.add,32255,False,82939,13766,7710,6846,11237
18,layer4.1.relu3,17877,False,45867,7222,390,372,4119
18,layer4.2.conv1,1229639,False,2587735,758510,139992,137770,516359
18,layer4.2.bn1,29112,False,69404,5235,3883,3755,3566
18,layer4.2.relu1,8105,False,25185,2500,493,484,771
18,layer4.2.conv2,3149377,False,6610812,526411,464496,461004,601578
18,layer4.2.bn2,31216,False,73582,5314,1526,1516,1460
18,layer4.2.relu2,8659,False,26258,2489,520,518,649
18,layer4.2.conv3,1265085,False,2661815,722624,115348,113056,520705
18,layer4.2.bn3,60722,False,135644,15468,12054,11529,16873
18,layer4.2.add,31075,False,73588,13482,7079,6856,10714
18,layer4.2.relu3,16613,False,42991,7203,345,335,3793
18,avgpool,85783,False,188046,8716,3196,3157,6524
18,flatten,8403,False,25986,598,398,393,86
18,fc,497756,False,1054798,132728,132170,130433,166131
19,conv1,2168526,False,4556406,214015,178157,174690,264327
19,bn1,335226,False,714533,103010,104403,102760,105965
19,relu,174784,False,376342,51296,52060,50698,51552
19,maxpool,10218212,False,21422220,91866,92587,90299,131538
19,layer1.0.conv1,262305,False,486723,42638,26891,26023,5308
19,layer1.0.bn1,87567,False,192707,27022,20960,20221,26764
19,layer1.0.relu1,32783,False,76897,13523,2134,2072,14053
19,layer1.0.conv2,1977267,False,4154484,167199,59403,57152,143188
19,layer1.0.bn2,73990,False,164442,27132,11678,11103,24460
19,layer1.0.relu2,33518,False,78548,13514,3092,2987,14315
19,layer1.0.conv3,858285,False,1809482,135185,65965,63595,24752
19,layer1.0.bn3,318177,False,677961,102710,101283,99690,106517
19,layer1.0.downsample.0,862851,False,1818921,134681,69429,67221,26249
19,layer1.0.downsample.1,321561,False,684988,102934,102139,99964,106354
19,layer1.0.add,314918,False,670726,101606,103152,101657,104383
19,layer1.0.relu3,174139,False,375019,51296,52097,50736,51473
19,layer1.1.conv1,810436,False,1709115,550817,62256,60246,56607
19,layer1.1.bn1,94585,False,207360,27050,26353,25439,27268
19,layer1.1.relu1,31134,False,73350,13509,2277,2215,13416
19,layer1.1.conv2,1972018,False,4143402,167032,59622,57086,144615
19,layer1.1.bn2,74029,False,170680,27321,11700,11100,23564
19,layer1.1.relu2,33234,False,77805,13496,3173,2993,14713
19,layer1.1.conv3,849973,False,1791876,134751,64720,62699,24679
19,layer1.1.bn3,320885,False,683904,102929,102025,99971,106323
19,layer1.1.add,314071,False,669143,101608,103023,101555,104621
19,layer1.1.relu3,173055,False,373208,51286,52041,50735,50472
19,layer1.2.conv1,819183,False,1727567,551593,63439,61096,54820
19,layer1.2.bn1,94306,False,206470,27005,26108,25220,27318
19,layer1.2.relu1,31606,False,74258,13495,2320,2267,14083
19,layer1.2.conv2,1964967,False,4128509,167247,54800,52444,141167
19,layer1.2.bn2,74598,False,165009,27324,9936,9301,23803
19,layer1.2.relu2,31633,False,74483,13503,1763,1688,11954
19,layer1.2.conv3,847698,False,1787491,134968,64490,62555,24691
19,layer1.2.bn3,318924,False,679243,102676,101588,99548,106383
19,layer1.2.add,313007,False,666697,101588,103087,101614,104742
19,layer1.2.relu3,174073,False,374892,51290,52245,50886,51273
19,layer2.0.conv1,1596598,False,3356818,1093378,127389,125002,107867
19,layer2.0.bn1,174525,False,376143,52272,53923,52416,53090
19,layer2.0.relu1,78460,False,173286,26058,20142,19563,29691
19,layer2.0.conv2,2126487,False,4467597,355268,151193,148140,382533
19,layer2.0.bn2,44153,False,101168,14563,2186,2114,5932
19,layer2.0.relu2,18876,False,47509,7244,583,578,4127
19,layer2.0.conv3,849313,False,1790496,126714,41767,39967,35666
19,layer2.0.bn3,168498,False,363770,52432,51895,49979,53710
19,layer2.0.downsample.0,2305110,False,4842891,1121510,258779,255860,859120
19,layer2.0.downsample.1,177480,False,382193,52641,53114,51550,53927
19,layer2.0.add,163863,False,353724,51521,52928,51190,52419
19,layer2.0.relu3,80210,False,176965,26113,20172,19404,29781
19,layer2.1.conv1,832841,False,1754987,552054,38518,37067,279305
19,layer2.1.bn1,49668,False,112556,14506,10352,9535,13804
19,layer2.1.relu1,17680,False,45040,7247,810,783,5361
19,layer2.1.conv2,1920216,False,4034379,160139,41665,39740,115747
19,layer2.1.bn2,45483,False,103973,14513,4021,3748,9035
19,layer2.1.relu2,18281,False,46537,7216,555,534,3228
19,layer2.1.conv3,848910,False,1789523,126680,45078,43046,36904
19,layer2.1.bn3,170319,False,367287,52408,52159,50336,53471
19,layer2.1.add,157337,False,340362,51229,51090,49689,52688
19,layer2.1.relu3,78044,False,172499,26055,19172,18664,30658
19,layer2.2.conv1,816484,False,1720704,552922,37124,35361,277714
19,layer2.2.bn1,47916,False,109038,14418,10344,9935,13823
19,layer2.2.relu1,17775,False,45446,7200,747,739,4219
19,layer2.2.conv2,1912100,False,4017377,160398,41885,40079,117499
19,layer2.2.bn2,44258,False,101352,14539,3930,3671,8037
19,layer2.2.relu2,17739,False,45288,7217,718,691,3572
19,layer2.2.conv3,849127,False,1789784,126789,47396,45085,34685
19,layer2.2.bn3,169800,False,365962,52398,52232,50672,53808
19,layer2.2.add,158104,False,341782,51239,51863,50502,52401
19,layer2.2.relu3,78635,False,173556,26056,19839,18903,29773
19,layer2.3.conv1,815403,False,1718578,550793,34591,33184,275098
19,layer2.3.bn1,51758,False,116980,14730,10313,9727,13674
19,layer2.3.relu1,17763,False,45273,7240,631,610,3881
19,layer2.3.conv2,1912732,False,4018824,160165,41312,39409,118367
19,layer2.3.bn2,43208,False,99354,14527,3909,3674,9066
19,layer2.3.relu2,17771,False,45621,7210,660,630,3733
19,layer2.3.conv3,846378,False,1783766,126569,47473,45480,33836
19,layer2.3.bn3,171895,False,370280,52413,52614,50646,54175
19,layer2.3.add,157146,False,339236,51217,51535,50163,52163
19,layer2.3.relu3,78407,False,172992,26064,19336,18827,29899
19,layer3.0.conv1,1754624,False,3687252,999963,68072,65849,772614
19,layer3.0.bn1,85077,False,187059,27112,22212,21180,27316
19,layer3.0.relu1,32409,False,76162,13478,3362,3264,13640
19,layer3.0.conv2,2196657,False,4614488,403967,157107,154045,429497
19,layer3.0.bn2,34392,False,80411,8373,1841,1816,2503
19,layer3.0.relu2,11276,False,31989,4083,561,556,1743
19,layer3.0.conv3,972063,False,2047331,525946,45943,43849,427063
19,layer3.0.bn3,96217,False,210626,27734,24666,23541,27782
19,layer3.0.downsample.0,2212395,False,4647634,1241777,221524,218247,993725
19,layer3.0.downsample.1,81913,False,180738,27671,13100,12489,26364
19,layer3.0.add,65956,False,147464,26057,18176,17477,25823
19,layer3.0.relu3,34455,False,80473,13510,3878,3781,14255
19,layer3.1.conv1,1023933,False,2155935,558272,53360,51399,474799
19,layer3.1.bn1,34656,False,80640,8231,5362,5152,5028
19,layer3.1.relu1,11664,False,32394,4069,479,463,1801
19,layer3.1.conv2,2027654,False,4259957,207134,131078,128109,219324
19,layer3.1.bn2,33798,False,79284,8351,1488,1466,1285
19,layer3.1.relu2,11618,False,32681,4084,500,497,1641
19,layer3.1.conv3,968347,False,2039401,525937,45900,43691,426052
19,layer3.1.bn3,94530,False,207114,27776,24525,23298,27767
19,layer3.1.add,67567,False,150185,26055,19001,18120,26341
19,layer3.1.relu3,31947,False,75208,13503,2616,2528,12040
19,layer3.2.conv1,1006886,False,2120071,558677,51942,50120,471463
19,layer3.2.bn1,33761,False,78923,8194,5337,5096,4904
19,layer3.2.relu1,11274,False,31720,4062,504,493,1551
19,layer3.2.conv2,2027523,False,4259786,207000,130406,127737,216843
19,layer3.2.bn2,33116,False,77388,8302,1474,1451,1290
19,layer3.2.relu2,11540,False,32424,4066,488,479,1174
19,layer3.2.conv3,966869,False,2036299,525880,46457,44351,426766
19,layer3.2.bn3,92893,False,203608,27499,23519,22535,28087
19,layer3.2.add,65961,False,147180,26036,18360,17672,26650
19,layer3.2.relu3,30473,False,71956,13486,1922,1880,11657
19,layer3.3.conv1,1005735,False,2117873,558635,52386,50399,474257
19,layer3.3.bn1,33465,False,78137,8221,5217,5037,5163
19,layer3.3.relu1,11128,False,31419,4054,500,497,1531
19,layer3.3.conv2,2021175,False,4246347,207176,130614,127570,217002
19,layer3.3.bn2,35002,False,81592,8342,1532,1496,1434
19,layer3.3.relu2,12085,False,33359,4091,549,540,1275
19,layer3.3.conv3,972709,False,2048524,525880,46067,44214,427221
19,layer3.3.bn3,91370,False,200939,27498,24025,22619,27825
19,layer3.3.add,67592,False,150692,26055,19217,18527,26227
19,layer3.3.relu3,30775,False,72723,13504,2373,2301,10414
19,layer3.4.conv1,1006761,False,2120037,558574,52288,50524,472761
19,layer3.4.bn1,33241,False,77692,8192,5259,5026,5283
19,layer3.4.relu1,11639,False,32637,4051,485,476,1758
19,layer3.4.conv2,2053610,False,4315409,207322,130352,127517,217616
19,layer3.4.bn2,33756,False,79116,8344,1631,1605,1384
19,layer3.4.relu2,12044,False,33584,4092,552,543,1662
19,layer3.4.conv3,974728,False,2053324,526217,46708,44373,429059
19,layer3.4.bn3,91921,False,201804,27524,23580,22610,27891
19,layer3.4.add,71072,False,157720,26281,20049,19074,26609
19,layer3.4.relu3,31449,False,74253,13496,2713,2627,11837
19,layer3.5.conv1,1005747,False,2117426,558613,52838,51123,474211
19,layer3.5.bn1,33535,False,78341,8200,5353,5055,5315
19,layer3.5.relu1,11361,False,31818,4064,456,440,1721
19,layer3.5.conv2,2024296,False,4252824,207496,130700,127897,217251
19,layer3.5.bn2,33865,False,78977,8349,1560,1527,1243
19,layer3.5.relu2,11358,False,31818,4095,497,485,1611
19,layer3.5.conv3,969994,False,2042984,525892,46232,44178,426804
19,layer3.5.bn3,89874,False,197400,27533,23575,22407,27933
19,layer3.5.add,66664,False,148529,26068,18985,18318,26448
19,layer3.5.relu3,31452,False,74186,13494,2678,2591,10556
19,layer4.0.conv1,1976531,False,4152673,1085816,114226,111709,934005
19,layer4.0.bn1,51497,False,116199,14728,9886,9458,13668
19,layer4.0.relu1,17386,False,44617,7241,649,634,4813
19,layer4.0.conv2,3412979,False,7163440,696384,471513,467722,843337
19,layer4.0.bn2,30359,False,71920,5351,3209,3164,2785
19,layer4.0.relu2,8359,False,25546,2517,463,459,595
19,layer4.0.conv3,1258837,False,2648947,721841,112862,110602,519424
19,layer4.0.bn3,61420,False,137064,15489,12199,11887,16853
19,layer4.0.downsample.0,2881538,False,6049881,1159997,492891,489317,959284
19,layer4.0.downsample.1,60451,False,134987,15603,2926,2871,8668
19,layer4.0.add,32664,False,76909,13469,7069,6947,10512
19,layer4.0.relu3,17936,False,45848,7252,513,502,4920
19,layer4.1.conv1,1231443,False,2591918,758875,141704,139374,519288
19,layer4.1.bn1,30922,False,72864,5283,3925,3798,3308
19,layer4.1.relu1,9036,False,26830,2496,477,460,500
19,layer4.1.conv2,3154596,False,6621799,526376,464594,460924,602313
19,layer4.1.bn2,32387,False,76080,5296,1554,1548,1443
19,layer4.1.relu2,8268,False,25608,2520,488,486,499
19,layer4.1.conv3,1255015,False,2641538,722381,114168,111868,524900
19,layer4.1.bn3,65817,False,146039,15693,12796,12438,16069
19,layer4.1.add,32350,False,76213,13475,7087,6812,11259
19,layer4.1.relu3,17475,False,44757,7227,362,340,2972
19,layer4.2.conv1,1224129,False,2576053,758990,140557,138303,522681
19,layer4.2.bn1,29183,False,69297,5237,3917,3786,3608
19,layer4.2.relu1,7949,False,24518,2495,481,471,550
19,layer4.2.conv2,3166824,False,6648205,526511,465096,461209,599988
19,layer4.2.bn2,32302,False,76202,5312,1570,1561,1478
19,layer4.2.relu2,9376,False,27928,2497,552,551,596
19,layer4.2.conv3,1261788,False,2654678,722991,115953,113602,517308
19,layer4.2.bn3,61120,False,136403,15465,12064,11575,16845
19,layer4.2.add,31053,False,73303,13457,7071,6843,10714
19,layer4.2.relu3,16572,False,42824,7204,382,371,2959
19,avgpool,83772,False,183858,8739,3120,3072,6414
19,flatten,7830,False,24652,583,392,386,83
19,fc,498555,False,1056146,132757,132100,130386,165673
20,conv1,2171607,False,4563107,214360,178182,174696,264388
20,bn1,335835,False,715501,102984,104473,102864,106242
20,relu,175661,False,378732,51334,52270,50874,51225
20,maxpool,10201316,False,21386232,91982,92677,90394,131017
20,layer1.0.conv1,250215,False,489959,42664,26844,25908,5429
20,layer1.0.bn1,87727,False,192814,27004,20922,20177,26757
20,layer1.0.relu1,33288,False,78113,13568,2344,2271,13867
20,layer1.0.conv2,1983527,False,4167614,167368,59837,57494,144043
20,layer1.0.bn2,75876,False,167910,27125,11492,10932,24181
20,layer1.0.relu2,33375,False,78208,13518,3119,3024,14448
20,layer1.0.conv3,860063,False,1813316,135230,65929,63620,24869
20,layer1.0.bn3,321753,False,685214,102898,102288,100526,106040
20,layer1.0.downsample.0,862527,False,1818907,134632,69400,67500,26394
20,layer1.0.downsample.1,322270,False,686462,102906,102042,99963,106440
20,layer1.0.add,314192,False,669047,101600,103083,101584,104307
20,layer1.0.relu3,173097,False,373021,51269,51997,50672,50574
20,layer1.1.conv1,805789,False,1699189,550172,62388,60421,56848
20,layer1.1.bn1,94090,False,206630,26995,26132,25236,27134
20,layer1.1.relu1,31054,False,73448,13503,2258,2192,13541
20,layer1.1.conv2,1969626,False,4138403,167192,59106,56675,145323
20,layer1.1.bn2,78242,False,172879,27336,12384,11645,24059
20,layer1.1.relu2,33160,False,78066,13507,3054,2924,14186
20,layer1.1.conv3,850118,False,1792080,135154,64601,62605,24893
20,layer1.1.bn3,318227,False,677833,102655,101328,99282,106418
20,layer1.1.add,312285,False,664979,101596,103018,101529,104913
20,layer1.1.relu3,172565,False,371644,51252,52021,50703,51370
20,layer1.2.conv1,807077,False,1701717,551034,62752,60745,54157
20,layer1.2.bn1,93967,False,205666,27022,26066,25196,27269
20,layer1.2.relu1,31943,False,75210,13511,2381,2332,13589
20,layer1.2.conv2,1966681,False,4132394,167211,54521,52157,140161
20,layer1.2.bn2,72305,False,160241,27290,9431,8811,22903
20,layer1.2.relu2,31101,False,73372,13504,1729,1657,9609
20,layer1.2.conv3,847445,False,1794570,135150,65199,63338,24534
20,layer1.2.bn3,318214,False,677404,102629,101368,99312,106773
20,layer1.2.add,313442,False,667515,101615,103045,101591,104527
20,layer1.2.relu3,173006,False,372960,51282,52167,50799,51133
20,layer2.0.conv1,1592640,False,3348600,1092373,127227,124870,107337
20,layer2.0.bn1,173056,False,373006,52278,53897,52381,52805
20,layer2.0.relu1,78656,False,173609,26083,20118,19530,29597
20,layer2.0.conv2,2133997,False,4483017,355823,152168,148953,386568
20,layer2.0.bn2,43432,False,99065,14558,2102,2023,5935
20,layer2.0.relu2,18251,False,46592,7228,554,544,3833
20,layer2.0.conv3,847920,False,1786887,126691,41982,40070,34925
20,layer2.0.bn3,168307,False,362923,52420,51891,49987,53565
20,layer2.0.downsample.0,2308804,False,4849989,1118250,258687,255719,856155
20,layer2.0.downsample.1,176910,False,381657,52648,53056,51477,53787
20,layer2.0.add,163287,False,352364,51493,52899,51133,52490
20,layer2.0.relu3,80713,False,178262,26123,20148,19361,29788
20,layer2.1.conv1,825496,False,1739825,551270,38283,36853,278551
20,layer2.1.bn1,50903,False,115339,14479,10480,9849,13844
20,layer2.1.relu1,18535,False,46869,7247,811,781,4619
20,layer2.1.conv2,1919910,False,4033768,160238,41327,39522,116499
20,layer2.1.bn2,43076,False,98555,14530,3883,3638,8253
20,layer2.1.relu2,18197,False,46248,7262,608,588,4460
20,layer2.1.conv3,848074,False,1787883,126470,45115,43196,35770
20,layer2.1.bn3,170805,False,368062,52372,52085,50274,53430
20,layer2.1.add,157768,False,340846,51226,51088,49709,52441
20,layer2.1.relu3,78432,False,173304,26102,19394,18857,30462
20,layer2.2.conv1,817926,False,1724080,552454,37134,35346,276010
20,layer2.2.bn1,47450,False,107908,14384,10129,9746,13701
20,layer2.2.relu1,18135,False,46036,7203,714,701,5021
20,layer2.2.conv2,1915879,False,4025162,160266,41888,40147,117299
20,layer2.2.bn2,43011,False,98511,14512,3962,3714,8604
20,layer2.2.relu2,17905,False,45772,7206,697,680,4191
20,layer2.2.conv3,848145,False,1787568,126581,47285,45003,34041
20,layer2.2.bn3,168875,False,363764,52348,52159,50633,53417
20,layer2.2.add,157967,False,341011,51231,51763,50421,52255
20,layer2.2.relu3,77879,False,171832,26060,19699,18796,29961
20,layer2.3.conv1,812868,False,1713416,550029,34207,32854,273257
20,layer2.3.bn1,58734,False,131497,14795,10394,9743,13864
20,layer2.3.relu1,18004,False,45852,7206,651,630,4824
20,layer2.3.conv2,1914490,False,4021920,160250,41145,39284,119994
20,layer2.3.bn2,42715,False,97739,14525,3952,3710,9217
20,layer2.3.relu2,17915,False,45785,7213,682,661,4703
20,layer2.3.conv3,846501,False,1784063,126415,47457,45566,34543
20,layer2.3.bn3,171364,False,369260,52396,52516,50648,53639
20,layer2.3.add,156364,False,337951,51237,51509,50126,52209
20,layer2.3.relu3,77939,False,172134,26058,19227,18688,30339
20,layer3.0.conv1,1730996,False,3637397,999691,67943,65825,772435
20,layer3.0.bn1,84513,False,185755,27065,22103,21136,27394
20,layer3.0.relu1,32526,False,76305,13493,3413,3319,12629
20,layer3.0.conv2,2204814,False,4631310,404490,161071,158249,424605
20,layer3.0.bn2,32934,False,76997,8336,1592,1575,2268
20,layer3.0.relu2,11483,False,32627,4077,493,489,1227
20,layer3.0.conv3,970837,False,2045119,525999,44972,42836,427236
20,layer3.0.bn3,95803,False,209872,27765,24722,23711,27752
20,layer3.0.downsample.0,2213603,False,4650747,1241065,221823,218441,993949
20,layer3.0.downsample.1,81560,False,179723,27685,13223,12622,26792
20,layer3.0.add,66103,False,147339,26054,18021,17348,25753
20,layer3.0.relu3,33887,False,79255,13484,3774,3685,14886
20,layer3.1.conv1,1016767,False,2141341,558679,53613,51575,474677
20,layer3.1.bn1,34739,False,80744,8259,5369,5180,4913
20,layer3.1.relu1,11247,False,31672,4074,481,472,1341
20,layer3.1.conv2,2033112,False,4272301,206861,131192,128267,218424
20,layer3.1.bn2,33248,False,78031,8339,1485,1471,1224
20,layer3.1.relu2,12201,False,33756,4105,547,545,1649
20,layer3.1.conv3,971723,False,2046857,525996,46055,43782,426486
20,layer3.1.bn3,94257,False,206914,27771,24448,23362,27848
20,layer3.1.add,66967,False,149450,26049,18951,18036,26847
20,layer3.1.relu3,31631,False,74567,13501,2598,2524,9669
20,layer3.2.conv1,1022840,False,2153574,558468,52284,50448,472883
20,layer3.2.bn1,33889,False,79291,8200,5414,5170,4936
20,layer3.2.relu1,10624,False,30251,4064,456,443,1565
20,layer3.2.conv2,2024721,False,4254295,207254,130352,127711,216512
20,layer3.2.bn2,32604,False,76564,8329,1482,1457,1210
20,layer3.2.relu2,11173,False,31638,4104,500,491,1625
20,layer3.2.conv3,964985,False,2032553,525948,46482,44418,426278
20,layer3.2.bn3,92204,False,202035,27488,23634,22616,27980
20,layer3.2.add,66139,False,147596,26031,18490,17806,26749
20,layer3.2.relu3,30784,False,72651,13511,1939,1897,11237
20,layer3.3.conv1,1013462,False,2133748,558779,52320,50372,473862
20,layer3.3.bn1,33643,False,78627,8206,5222,5058,5230
20,layer3.3.relu1,11532,False,32319,4062,501,497,1721
20,layer3.3.conv2,2032484,False,4269871,207364,131026,128105,217163
20,layer3.3.bn2,33521,False,78585,8352,1494,1442,1296
20,layer3.3.relu2,12276,False,33939,4092,489,469,1155
20,layer3.3.conv3,967164,False,2036914,525970,46116,44126,427639
20,layer3.3.bn3,91133,False,200127,27476,24034,22676,27924
20,layer3.3.add,66890,False,149215,26046,19207,18485,26045
20,layer3.3.relu3,31196,False,73636,13501,2474,2409,12964
20,layer3.4.conv1,1005919,False,2118088,558508,52441,50671,472134
20,layer3.4.bn1,32445,False,76092,8190,5335,5132,5258
20,layer3.4.relu1,11100,False,31245,4058,492,480,1853
20,layer3.4.conv2,2038912,False,4283778,207023,129869,127348,216293
20,layer3.4.bn2,33959,False,79508,8360,1562,1541,1335
20,layer3.4.relu2,11032,False,31456,4074,474,464,1183
20,layer3.4.conv3,966840,False,2036145,525840,45962,43958,427387
20,layer3.4.bn3,92241,False,202526,27489,23565,22598,27817
20,layer3.4.add,70021,False,155379,26276,19840,19032,26168
20,layer3.4.relu3,31977,False,75113,13497,2813,2710,12303
20,layer3.5.conv1,1004373,False,2115193,558587,52706,50888,472685
20,layer3.5.bn1,32619,False,76481,8157,5324,5029,5434
20,layer3.5.relu1,11236,False,32160,4076,500,477,1256
20,layer3.5.conv2,2023792,False,4252008,207258,130660,127892,215503
20,layer3.5.bn2,32240,False,75872,8311,1499,1467,1279
20,layer3.5.relu2,12396,False,34558,4078,539,531,1747
20,layer3.5.conv3,966926,False,2036256,525841,46130,44066,426254
20,layer3.5.bn3,88496,False,194381,27469,23493,22351,27657
20,layer3.5.add,66892,False,149362,26059,18958,18280,26735
20,layer3.5.relu3,31496,False,74074,13489,2652,2570,12813
20,layer4.0.conv1,1961022,False,4120146,1085729,114487,112025,934338
20,layer4.0.bn1,52203,False,117994,14691,9786,9413,13485
20,layer4.0.relu1,17214,False,44329,7239,681,666,4830
20,layer4.0.conv2,3403308,False,7142893,696263,471540,467806,841217
20,layer4.0.bn2,30263,False,71502,5353,3167,3116,2701
20,layer4.0.relu2,8991,False,27260,2514,534,529,572
20,layer4.0.conv3,1248822,False,2628199,722157,113336,111092,520680
20,layer4.0.bn3,60402,False,134773,15473,12250,11918,17036
20,layer4.0.downsample.0,2878377,False,6043146,1160143,493112,489513,958941
20,layer4.0.downsample.1,58083,False,130004,15591,2849,2803,8282
20,layer4.0.add,32254,False,75932,13482,7049,6919,9897
20,layer4.0.relu3,17761,False,45362,7205,503,492,4840
20,layer4.1.conv1,1224275,False,2576687,759334,140888,138598,521850
20,layer4.1.bn1,30837,False,72678,5251,3813,3688,3167
20,layer4.1.relu1,8621,False,26197,2503,466,447,683
20,layer4.1.conv2,3146575,False,6604998,526442,464499,460956,599402
20,layer4.1.bn2,31498,False,74255,5332,1542,1535,1470
20,layer4.1.relu2,9017,False,26940,2528,505,504,514
20,layer4.1.conv3,1249374,False,2629872,722612,114844,112571,518607
20,layer4.1.bn3,61717,False,137476,15479,12224,11918,16935
20,layer4.1.add,32631,False,76511,13494,7101,6953,11307
20,layer4.1.relu3,17612,False,45187,7241,391,388,4048
20,layer4.2.conv1,1221105,False,2569689,758956,140503,138190,523212
20,layer4.2.bn1,29245,False,69658,5214,3870,3751,3521
20,layer4.2.relu1,8422,False,25721,2508,519,515,876
20,layer4.2.conv2,3177944,False,6618010,526603,466224,460998,601669
20,layer4.2.bn2,32217,False,75900,5315,1581,1576,1475
20,layer4.2.relu2,8853,False,27056,2502,503,499,661
20,layer4.2.conv3,1243843,False,2617459,722412,114777,112459,513544
20,layer4.2.bn3,60114,False,134400,15459,12089,11580,16895
20,layer4.2.add,31508,False,74164,13456,7081,6807,10672
20,layer4.2.relu3,16934,False,43798,7215,390,376,3974
20,avgpool,81450,False,179016,8700,3131,3086,6520
20,flatten,7410,False,23901,596,404,393,106
20,fc,497035,False,1053618,132743,132153,130408,164752
21,conv1,2174998,False,4570132,214344,178980,175455,264767
21,bn1,335887,False,715683,102970,104381,102750,105778
21,relu,174592,False,376605,51322,52151,50770,51351
21,maxpool,10133024,False,21242294,91657,92758,90370,131608
21,layer1.0.conv1,273056,False,496232,43124,27420,26377,5339
21,layer1.0.bn1,88813,False,195678,27021,20991,20170,26526
21,layer1.0.relu1,33247,False,77643,13552,2361,2292,14266
21,layer1.0.conv2,1978695,False,4157792,167280,59203,56898,145816
21,layer1.0.bn2,76055,False,168313,27085,11524,10918,24184
21,layer1.0.relu2,32739,False,77220,13487,3033,2932,14537
21,layer1.0.conv3,860189,False,1813283,135048,66155,63847,25270
21,layer1.0.bn3,316633,False,674559,102644,101257,99637,105899
21,layer1.0.downsample.0,867948,False,1830149,135110,70208,68186,26519
21,layer1.0.downsample.1,322227,False,686125,102938,102137,99990,105632
21,layer1.0.add,313906,False,668151,101640,103146,101639,104509
21,layer1.0.relu3,173925,False,374709,51304,52047,50699,51326
21,layer1.1.conv1,810281,False,1709100,550689,62410,60377,56864
21,layer1.1.bn1,94111,False,206172,27018,26104,25200,26918
21,layer1.1.relu1,30950,False,73137,13490,2319,2261,13348
21,layer1.1.conv2,1968266,False,4136224,167335,59229,57060,146633
21,layer1.1.bn2,73011,False,162226,27079,11371,10823,23950
21,layer1.1.relu2,32285,False,76091,13507,3070,2963,12380
21,layer1.1.conv3,854518,False,1801397,135123,65256,63132,25084
21,layer1.1.bn3,322616,False,686914,102922,102245,100116,106632
21,layer1.1.add,313184,False,667251,101604,103006,101569,104832
21,layer1.1.relu3,173309,False,373401,51252,52086,50804,50624
21,layer1.2.conv1,809305,False,1706411,551031,62797,60793,53878
21,layer1.2.bn1,93988,False,205739,27000,25980,25082,26965
21,layer1.2.relu1,31517,False,74363,13508,2358,2292,14043
21,layer1.2.conv2,1962380,False,4122854,167088,54939,52676,141722
21,layer1.2.bn2,69153,False,153955,27071,8631,8190,23080
21,layer1.2.relu2,31748,False,74523,13515,1713,1660,11844
21,layer1.2.conv3,847361,False,1816394,135327,65698,63225,24941
21,layer1.2.bn3,323503,False,689184,102951,102583,100322,106535
21,layer1.2.add,313500,False,668056,101599,102995,101546,104948
21,layer1.2.relu3,173532,False,373879,51266,52199,50866,51355
21,layer2.0.conv1,1594185,False,3351666,1092931,127418,124994,106135
21,layer2.0.bn1,173122,False,373410,52251,53774,52277,52997
21,layer2.0.relu1,78353,False,173030,26066,20102,19485,29803
21,layer2.0.conv2,2118532,False,4450821,355340,150890,147865,384233
21,layer2.0.bn2,43411,False,99451,14556,2128,2068,6157
21,layer2.0.relu2,18218,False,46318,7221,521,518,4170
21,layer2.0.conv3,842471,False,1775529,126271,41047,39030,35306
21,layer2.0.bn3,172542,False,371529,52641,52648,50647,53600
21,layer2.0.downsample.0,2304254,False,4839930,1120321,258870,255968,858755
21,layer2.0.downsample.1,177881,False,383416,52664,53235,51725,54190
21,layer2.0.add,158476,False,342623,51240,51807,50397,52346
21,layer2.0.relu3,83740,False,184440,26322,20590,19959,29250
21,layer2.1.conv1,817994,False,1724134,551231,37048,35254,276384
21,layer2.1.bn1,48654,False,110440,14465,10115,9709,13321
21,layer2.1.relu1,17662,False,52586,7436,1672,1643,5854
21,layer2.1.conv2,1913102,False,4019691,159997,41058,38729,116660
21,layer2.1.bn2,48007,False,108766,14767,4249,3914,8968
21,layer2.1.relu2,18210,False,46334,7210,548,520,4094
21,layer2.1.conv3,843325,False,1777418,126147,44269,42260,35829
21,layer2.1.bn3,175028,False,377135,52679,52765,50872,53807
21,layer2.1.add,156035,False,337209,51203,51038,49644,52444
21,layer2.1.relu3,78071,False,172732,26070,19351,18822,30341
21,layer2.2.conv1,828381,False,1746113,552104,37340,35679,272712
21,layer2.2.bn1,47606,False,108142,14412,10246,9630,13423
21,layer2.2.relu1,17903,False,45707,7210,748,727,5580
21,layer2.2.conv2,1915181,False,4023475,160362,42093,40236,118986
21,layer2.2.bn2,44952,False,102669,14559,4070,3823,8245
21,layer2.2.relu2,17930,False,45796,7210,648,627,3362
21,layer2.2.conv3,848752,False,1789063,126632,47549,45311,35106
21,layer2.2.bn3,169563,False,365412,52400,52099,50551,53485
21,layer2.2.add,157786,False,340791,51222,51803,50454,51978
21,layer2.2.relu3,78181,False,172440,26055,19498,18917,30063
21,layer2.3.conv1,819693,False,1728219,550397,35313,33583,271656
21,layer2.3.bn1,46442,False,105738,14430,9326,8941,13392
21,layer2.3.relu1,17850,False,45435,7216,662,653,4157
21,layer2.3.conv2,1913391,False,4020186,160189,41639,39598,120388
21,layer2.3.bn2,43318,False,99233,14511,3788,3598,9267
21,layer2.3.relu2,20601,False,51758,7441,1053,1017,4579
21,layer2.3.conv3,842918,False,1777210,126376,46698,44644,33970
21,layer2.3.bn3,173858,False,374530,52621,53279,51246,53727
21,layer2.3.add,157309,False,339813,51229,51644,50259,52316
21,layer2.3.relu3,78127,False,173109,26082,19263,18721,30044
21,layer3.0.conv1,1741460,False,3659740,999687,68208,66089,772243
21,layer3.0.bn1,85414,False,188201,27113,22227,21179,27452
21,layer3.0.relu1,33308,False,78240,13512,3407,3322,14530
21,layer3.0.conv2,2196429,False,4615047,403248,156848,153862,427847
21,layer3.0.bn2,34210,False,80059,8389,1794,1770,2688
21,layer3.0.relu2,11929,False,33099,4102,511,505,1722
21,layer3.0.conv3,970762,False,2045335,525972,46255,44070,427876
21,layer3.0.bn3,93556,False,205105,27508,23977,23024,28252
21,layer3.0.downsample.0,2222388,False,4668510,1242102,222474,218863,994917
21,layer3.0.downsample.1,81551,False,180415,27691,13109,12487,26579
21,layer3.0.add,65753,False,147067,26055,17988,17305,25781
21,layer3.0.relu3,34950,False,81443,13541,3910,3804,14926
21,layer3.1.conv1,1023174,False,2155232,558512,53470,51688,471909
21,layer3.1.bn1,34553,False,80590,8239,5348,5117,4981
21,layer3.1.relu1,11518,False,32702,4055,467,458,1665
21,layer3.1.conv2,2027494,False,4260586,207839,130376,127766,218777
21,layer3.1.bn2,34253,False,79909,8382,1562,1540,1300
21,layer3.1.relu2,12065,False,33286,4105,531,523,1682
21,layer3.1.conv3,965822,False,2034584,525966,45941,43778,426950
21,layer3.1.bn3,90669,False,199098,27517,23404,22478,27677
21,layer3.1.add,66812,False,148777,26062,18915,18246,26437
21,layer3.1.relu3,32179,False,75778,13516,2833,2709,13377
21,layer3.2.conv1,1010671,False,2128396,558558,51553,49651,471714
21,layer3.2.bn1,33565,False,78586,8219,5279,5005,4763
21,layer3.2.relu1,11298,False,31713,4067,491,467,1694
21,layer3.2.conv2,2035277,False,4276434,207526,131273,128334,215665
21,layer3.2.bn2,33178,False,77908,8342,1484,1431,1212
21,layer3.2.relu2,12411,False,34085,4090,483,470,1183
21,layer3.2.conv3,969858,False,2042933,526053,46975,44745,426343
21,layer3.2.bn3,93992,False,205695,27507,23760,22686,27848
21,layer3.2.add,66356,False,148092,26057,18424,17752,26602
21,layer3.2.relu3,31660,False,74692,13494,1923,1880,11059
21,layer3.3.conv1,1014740,False,2136895,558695,52063,50121,473986
21,layer3.3.bn1,33301,False,77879,8208,5203,5020,5241
21,layer3.3.relu1,11628,False,32614,4066,502,494,1387
21,layer3.3.conv2,2037490,False,4280761,207394,131640,128480,218784
21,layer3.3.bn2,34790,False,81228,8355,1554,1525,1374
21,layer3.3.relu2,12382,False,34117,4080,476,466,1136
21,layer3.3.conv3,972148,False,2047549,525924,45919,43816,426707
21,layer3.3.bn3,92399,False,202879,27510,24035,22717,28063
21,layer3.3.add,67894,False,151283,26025,19156,18430,26415
21,layer3.3.relu3,31461,False,74126,13497,2445,2375,10819
21,layer3.4.conv1,1006341,False,2119016,558461,51608,49873,470403
21,layer3.4.bn1,33133,False,77730,8200,5296,5057,5292
21,layer3.4.relu1,11099,False,31409,4069,472,463,1625
21,layer3.4.conv2,2049527,False,4306120,207161,130288,127564,217831
21,layer3.4.bn2,33769,False,78909,8358,1528,1503,1355
21,layer3.4.relu2,11619,False,32721,4087,563,555,1725
21,layer3.4.conv3,971753,False,2046935,525950,46071,44076,427906
21,layer3.4.bn3,91670,False,201599,27494,23504,22520,28057
21,layer3.4.add,66576,False,148484,26051,18799,18153,26382
21,layer3.4.relu3,31441,False,73978,13497,2711,2637,10839
21,layer3.5.conv1,1005007,False,2123405,558675,51455,49509,473290
21,layer3.5.bn1,33567,False,78485,8196,5387,5114,5894
21,layer3.5.relu1,11612,False,32279,4078,477,456,1671
21,layer3.5.conv2,2023110,False,4250784,207140,130710,127892,216334
21,layer3.5.bn2,33517,False,78373,8357,1511,1477,1333
21,layer3.5.relu2,12387,False,34415,4075,506,501,1707
21,layer3.5.conv3,970871,False,2045207,525916,46153,44064,425837
21,layer3.5.bn3,90806,False,199469,27536,23617,22505,27870
21,layer3.5.add,66544,False,148389,26036,18837,18133,26577
21,layer3.5.relu3,32205,False,75590,13503,2750,2673,13070
21,layer4.0.conv1,1963743,False,4125839,1085854,112244,109839,932479
21,layer4.0.bn1,51259,False,115581,14716,9746,9342,13571
21,layer4.0.relu1,18285,False,46655,7206,722,691,5082
21,layer4.0.conv2,3456671,False,7255124,696268,471640,468139,843032
21,layer4.0.bn2,31467,False,74098,5349,3229,3177,2676
21,layer4.0.relu2,9101,False,27269,2513,481,475,634
21,layer4.0.conv3,1269571,False,2671479,721831,112725,110504,522275
21,layer4.0.bn3,61615,False,137323,15482,12199,11857,16885
21,layer4.0.downsample.0,2900432,False,6089137,1166725,493860,490340,972447
21,layer4.0.downsample.1,59063,False,131765,15610,2905,2863,9037
21,layer4.0.add,32268,False,75855,13479,7064,6966,9903
21,layer4.0.relu3,18452,False,46771,7226,524,513,4857
21,layer4.1.conv1,1235821,False,2600738,759332,141629,139301,521371
21,layer4.1.bn1,30883,False,72672,5248,3906,3788,3487
21,layer4.1.relu1,8872,False,26775,2511,480,458,678
21,layer4.1.conv2,3199154,False,6715026,526397,464459,460984,601937
21,layer4.1.bn2,32340,False,76094,5326,1622,1616,1482
21,layer4.1.relu2,9323,False,27982,2512,536,534,672
21,layer4.1.conv3,1274092,False,2680654,722849,114808,112502,525823
21,layer4.1.bn3,66616,False,147915,15722,12745,12374,16352
21,layer4.1.add,32351,False,76067,13476,7196,6876,11012
21,layer4.1.relu3,17337,False,44535,7202,400,381,4032
21,layer4.2.conv1,1231786,False,2592100,758807,139788,137534,524362
21,layer4.2.bn1,30276,False,71528,5208,3788,3667,3363
21,layer4.2.relu1,8054,False,24894,2478,473,467,651
21,layer4.2.conv2,3194088,False,6704780,526320,464540,461088,601951
21,layer4.2.bn2,31794,False,75076,5302,1647,1639,1518
21,layer4.2.relu2,8631,False,26618,2517,501,499,646
21,layer4.2.conv3,1276034,False,2684592,722535,115836,113425,521363
21,layer4.2.bn3,60274,False,134484,15492,12021,11543,16920
21,layer4.2.add,31830,False,75013,13485,7096,6900,10850
21,layer4.2.relu3,16849,False,43890,7206,361,352,3823
21,avgpool,85249,False,187290,8768,3099,3062,6534
21,flatten,8139,False,25179,582,405,400,90
21,fc,505485,False,1071130,133080,133279,131438,166090
22,conv1,2171681,False,4563377,213557,178126,174757,261313
22,bn1,337462,False,719123,102991,104384,102738,105597
22,relu,174744,False,377006,51336,52142,50780,51438
22,maxpool,10238191,False,21462512,91961,92898,90417,131435
22,layer1.0.conv1,247392,False,489681,42542,26877,25988,5498
22,layer1.0.bn1,87490,False,192466,27019,20790,20086,26303
22,layer1.0.relu1,32966,False,77044,13540,2300,2234,14057
22,layer1.0.conv2,1986786,False,4175377,167311,59929,57667,145640
22,layer1.0.bn2,75623,False,168001,27104,11730,11152,24515
22,layer1.0.relu2,33319,False,78147,13554,3173,3065,12448
22,layer1.0.conv3,859710,False,1812626,135249,65857,63636,25412
22,layer1.0.bn3,320938,False,683666,102897,102299,100175,106412
22,layer1.0.downsample.0,870259,False,1834999,135066,70218,68617,26308
22,layer1.0.downsample.1,320580,False,682758,102689,101236,99243,107622
22,layer1.0.add,314915,False,670747,101643,103248,101782,104849
22,layer1.0.relu3,174001,False,374763,51296,52093,50751,51449
22,layer1.1.conv1,804598,False,1705020,550159,62445,59623,56206
22,layer1.1.bn1,94104,False,206084,27014,26159,25231,27007
22,layer1.1.relu1,36023,False,83577,13751,3287,3187,12438
22,layer1.1.conv2,1980162,False,4160323,167360,59968,57090,143956
22,layer1.1.bn2,75764,False,167684,27116,11725,11057,24439
22,layer1.1.relu2,32877,False,77274,13505,2956,2852,14263
22,layer1.1.conv3,858024,False,1808501,135261,65686,63672,25199
22,layer1.1.bn3,320011,False,682021,102672,101302,99327,107083
22,layer1.1.add,314457,False,670451,101611,103047,101598,104625
22,layer1.1.relu3,177408,False,381811,51530,53044,51628,50886
22,layer1.2.conv1,803556,False,1694144,550708,62090,60119,54358
22,layer1.2.bn1,96712,False,211790,27254,26572,25659,27033
22,layer1.2.relu1,31255,False,73585,13500,2404,2286,14101
22,layer1.2.conv2,1961823,False,4121465,167173,54823,52303,139862
22,layer1.2.bn2,70463,False,156738,27104,8728,8258,23742
22,layer1.2.relu2,31412,False,73986,13510,1777,1711,10318
22,layer1.2.conv3,850215,False,1792222,135068,65314,63425,25078
22,layer1.2.bn3,319153,False,679696,102684,101446,99542,106427
22,layer1.2.add,313320,False,667362,101629,103014,101561,105150
22,layer1.2.relu3,177231,False,381519,51527,53090,51589,51392
22,layer2.0.conv1,1588746,False,3340364,1092438,126635,124278,110661
22,layer2.0.bn1,172815,False,372382,52271,53852,52346,52706
22,layer2.0.relu1,81411,False,179442,26304,20426,19800,28175
22,layer2.0.conv2,2118631,False,4450983,355346,150677,147694,389460
22,layer2.0.bn2,44384,False,101081,14571,2103,2051,6256
22,layer2.0.relu2,17954,False,45747,7210,495,488,3824
22,layer2.0.conv3,848373,False,1788381,126648,41969,40221,35187
22,layer2.0.bn3,170377,False,367111,52408,51916,50138,53537
22,layer2.0.downsample.0,2300506,False,4832359,1121633,258718,255840,858990
22,layer2.0.downsample.1,176108,False,380001,52623,53071,51522,53978
22,layer2.0.add,162174,False,350449,51488,52778,50824,52423
22,layer2.0.relu3,79514,False,175429,26108,19915,19297,28645
22,layer2.1.conv1,823696,False,1736138,551379,37830,36457,277801
22,layer2.1.bn1,48190,False,109537,14477,10240,9607,13702
22,layer2.1.relu1,17883,False,45391,7232,767,743,5566
22,layer2.1.conv2,1916127,False,4025741,160164,40984,39207,117340
22,layer2.1.bn2,43836,False,100356,14516,3920,3671,8876
22,layer2.1.relu2,18541,False,46945,7224,576,549,4391
22,layer2.1.conv3,846558,False,1784350,126303,45295,43270,36448
22,layer2.1.bn3,170417,False,367526,52370,52180,50445,53649
22,layer2.1.add,156147,False,337508,51213,51028,49625,52563
22,layer2.1.relu3,77523,False,171177,26062,19309,18764,29128
22,layer2.2.conv1,818302,False,1724672,552533,37135,35357,277642
22,layer2.2.bn1,48275,False,109400,14414,10085,9699,13565
22,layer2.2.relu1,17362,False,44307,7216,762,750,4282
22,layer2.2.conv2,1909229,False,4011346,160331,42133,40402,115912
22,layer2.2.bn2,44001,False,100869,14503,3826,3572,8562
22,layer2.2.relu2,18488,False,46727,7223,699,681,4237
22,layer2.2.conv3,848065,False,1787221,126549,47394,45162,34590
22,layer2.2.bn3,169860,False,366125,52380,52077,50600,53875
22,layer2.2.add,160027,False,345699,51468,52517,50727,52401
22,layer2.2.relu3,78094,False,172369,26069,19483,18817,29846
22,layer2.3.conv1,818418,False,1724754,549884,35280,33946,274901
22,layer2.3.bn1,47383,False,107815,14412,9562,8937,13462
22,layer2.3.relu1,17820,False,45503,7215,620,601,3848
22,layer2.3.conv2,1912300,False,4018088,160093,41534,39759,119093
22,layer2.3.bn2,43996,False,100712,14529,3896,3649,9757
22,layer2.3.relu2,18103,False,45969,7240,733,704,4779
22,layer2.3.conv3,850578,False,1792623,126931,47707,45796,34876
22,layer2.3.bn3,172458,False,371793,52396,52525,50618,53829
22,layer2.3.add,157413,False,339984,51198,51530,50179,52495
22,layer2.3.relu3,78709,False,173905,26073,19369,18855,29681
22,layer3.0.conv1,1748425,False,3673820,999748,68464,66148,773044
22,layer3.0.bn1,84878,False,186680,27107,21952,20874,27413
22,layer3.0.relu1,32459,False,76148,13512,3110,3026,12339
22,layer3.0.conv2,2187342,False,4595753,403572,162188,159098,426175
22,layer3.0.bn2,34105,False,79537,8335,1771,1760,2953
22,layer3.0.relu2,11670,False,32540,4090,546,542,1732
22,layer3.0.conv3,967152,False,2037016,525840,45710,43647,425915
22,layer3.0.bn3,95529,False,209220,27771,24519,23176,28121
22,layer3.0.downsample.0,2214398,False,4651818,1242569,221661,218698,995009
22,layer3.0.downsample.1,82685,False,182136,27696,13228,12626,26652
22,layer3.0.add,65956,False,146966,26055,17988,17319,25819
22,layer3.0.relu3,33941,False,79307,13511,3852,3759,13022
22,layer3.1.conv1,1022140,False,2151908,558615,53457,51549,473374
22,layer3.1.bn1,34388,False,80179,8249,5359,5179,5177
22,layer3.1.relu1,10765,False,30700,4072,461,453,1293
22,layer3.1.conv2,2035801,False,4277915,207345,131942,128774,216762
22,layer3.1.bn2,33894,False,79123,8362,1496,1477,1318
22,layer3.1.relu2,12077,False,33620,4089,527,521,1270
22,layer3.1.conv3,962675,False,2035304,525751,45114,43000,426801
22,layer3.1.bn3,89955,False,197641,27545,23561,22315,28087
22,layer3.1.add,67103,False,149449,26058,18905,18174,26648
22,layer3.1.relu3,32437,False,76245,13478,2564,2499,13027
22,layer3.2.conv1,1009948,False,2126603,558446,51969,50221,472683
22,layer3.2.bn1,34388,False,80011,8204,5355,5103,5026
22,layer3.2.relu1,10555,False,30271,4072,468,456,1282
22,layer3.2.conv2,2024644,False,4254756,207196,130533,127802,215455
22,layer3.2.bn2,33023,False,77567,8336,1519,1491,1287
22,layer3.2.relu2,11189,False,31586,4080,539,533,1737
22,layer3.2.conv3,968524,False,2039809,525848,46603,44370,425122
22,layer3.2.bn3,92923,False,203460,27498,23624,22698,28014
22,layer3.2.add,65486,False,146291,26042,18329,17640,26338
22,layer3.2.relu3,31506,False,74388,13489,1880,1845,11352
22,layer3.3.conv1,1005468,False,2117122,558433,52181,50299,473661
22,layer3.3.bn1,33049,False,83951,8403,5967,5767,5124
22,layer3.3.relu1,11493,False,32331,4052,489,487,1821
22,layer3.3.conv2,2032487,False,4270115,207518,131371,128376,216547
22,layer3.3.bn2,35267,False,82398,8361,1591,1537,1275
22,layer3.3.relu2,11778,False,32668,4089,563,544,1697
22,layer3.3.conv3,970534,False,2043900,525899,46324,44366,426884
22,layer3.3.bn3,91132,False,200187,27496,24110,22821,28074
22,layer3.3.add,67041,False,149283,26036,19151,18412,26037
22,layer3.3.relu3,30736,False,72337,13485,2389,2329,10511
22,layer3.4.conv1,1005246,False,2116674,558633,52511,50729,474259
22,layer3.4.bn1,32251,False,75891,8190,5295,5098,5005
22,layer3.4.relu1,11848,False,32931,4065,499,487,1891
22,layer3.4.conv2,2048197,False,4303364,207024,130683,127779,217585
22,layer3.4.bn2,33095,False,77711,8293,1503,1477,1425
22,layer3.4.relu2,11766,False,32878,4122,542,528,1668
22,layer3.4.conv3,973708,False,2050952,526074,46187,44156,428877
22,layer3.4.bn3,90546,False,198865,27488,23513,22573,27954
22,layer3.4.add,66396,False,147825,26026,18935,18004,26028
22,layer3.4.relu3,31368,False,73836,13498,2757,2677,10206
22,layer3.5.conv1,1011522,False,2129684,559013,53498,51710,473554
22,layer3.5.bn1,33113,False,77623,8188,5406,4991,5339
22,layer3.5.relu1,11124,False,31469,4053,490,461,1648
22,layer3.5.conv2,2020325,False,4244916,207269,130749,127731,217364
22,layer3.5.bn2,33122,False,77409,8297,1505,1480,1257
22,layer3.5.relu2,12260,False,33912,4082,550,546,1262
22,layer3.5.conv3,968389,False,2039551,525895,46191,44208,426647
22,layer3.5.bn3,89142,False,195695,27484,23619,22471,28083
22,layer3.5.add,66854,False,148743,26038,18892,18214,26361
22,layer3.5.relu3,31076,False,73220,13482,2529,2455,10117
22,layer4.0.conv1,1995909,False,4139603,1085914,116232,112370,934858
22,layer4.0.bn1,51490,False,116093,14701,9821,9459,13389
22,layer4.0.relu1,17359,False,44552,7229,685,667,5172
22,layer4.0.conv2,3406935,False,7150672,696807,471953,468211,843886
22,layer4.0.bn2,30922,False,73131,5357,3179,3150,2783
22,layer4.0.relu2,9014,False,27133,2515,557,552,713
22,layer4.0.conv3,1252947,False,2636213,722070,112855,110557,517761
22,layer4.0.bn3,60364,False,134686,15499,12295,12002,16869
22,layer4.0.downsample.0,2883831,False,6054533,1165393,493163,489651,961131
22,layer4.0.downsample.1,59862,False,133667,15643,2876,2823,9012
22,layer4.0.add,32064,False,75236,13486,7083,6970,10173
22,layer4.0.relu3,17477,False,44760,7224,565,553,4917
22,layer4.1.conv1,1223065,False,2574315,759117,141320,138927,521269
22,layer4.1.bn1,30385,False,71876,5243,3953,3828,3514
22,layer4.1.relu1,8470,False,25861,2508,492,475,547
22,layer4.1.conv2,3147216,False,6607249,526309,464388,460871,599234
22,layer4.1.bn2,32537,False,76286,5333,1555,1545,1509
22,layer4.1.relu2,8823,False,26456,2518,502,501,526
22,layer4.1.conv3,1251355,False,2633284,722499,114370,112066,520821
22,layer4.1.bn3,64836,False,144114,15714,12996,12570,16856
22,layer4.1.add,32074,False,75332,13465,7054,6738,10966
22,layer4.1.relu3,16706,False,43049,7204,349,337,3829
22,layer4.2.conv1,1220353,False,2568058,758379,140027,137894,521969
22,layer4.2.bn1,29380,False,69862,5240,3967,3850,3592
22,layer4.2.relu1,7807,False,24639,2496,474,469,573
22,layer4.2.conv2,3142823,False,6597332,526687,464385,460889,600389
22,layer4.2.bn2,32074,False,75278,5348,1513,1501,1440
22,layer4.2.relu2,8775,False,26647,2493,520,519,656
22,layer4.2.conv3,1247747,False,2625428,723022,115788,113502,519390
22,layer4.2.bn3,60175,False,134613,15480,12104,11612,16736
22,layer4.2.add,30975,False,72972,13483,7088,6845,10865
22,layer4.2.relu3,17362,False,44656,7198,384,373,3849
22,avgpool,81734,False,179700,8698,3054,3020,6557
22,flatten,7843,False,24854,592,385,379,83
22,fc,497941,False,1055050,132754,132287,130605,165836
23,conv1,2171700,False,4563167,212964,178223,174684,261506
23,bn1,336662,False,717667,103005,104564,102931,105654
23,relu,175435,False,378175,51335,52191,50829,51178
23,maxpool,10233292,False,21454143,91886,92699,90501,131578
23,layer1.0.conv1,260300,False,486178,42662,26841,25996,5186
23,layer1.0.bn1,88438,False,194170,27014,21036,20310,26672
23,layer1.0.relu1,33319,False,77998,13517,2255,2194,14007
23,layer1.0.conv2,1981032,False,4163228,167165,59975,57748,144221
23,layer1.0.bn2,75657,False,167519,27098,11871,11303,24534
23,layer1.0.relu2,33429,False,78298,13505,3110,3009,14130
23,layer1.0.conv3,860794,False,1814595,135456,65995,63724,25581
23,layer1.0.bn3,330596,False,703583,103073,102713,100716,106434
23,layer1.0.downsample.0,862072,False,1817629,134673,69350,67481,26386
23,layer1.0.downsample.1,319781,False,689982,103019,102000,99871,106772
23,layer1.0.add,313516,False,667798,101649,103154,101661,104836
23,layer1.0.relu3,174608,False,376297,51271,52017,50692,51196
23,layer1.1.conv1,810827,False,1709443,550653,62449,60358,56682
23,layer1.1.bn1,93388,False,204732,27004,26079,25229,27254
23,layer1.1.relu1,31083,False,73130,13504,2279,2221,13566
23,layer1.1.conv2,1970242,False,4139767,167207,59254,56797,145142
23,layer1.1.bn2,77063,False,170605,27381,12373,11637,24226
23,layer1.1.relu2,33003,False,77464,13518,3107,3007,14205
23,layer1.1.conv3,854259,False,1800760,135285,65482,63533,24918
23,layer1.1.bn3,317811,False,677517,102692,101417,99458,106567
23,layer1.1.add,313179,False,667237,101635,103081,101587,104764
23,layer1.1.relu3,173826,False,375611,51270,52066,50771,51134
23,layer1.2.conv1,809079,False,1706466,551224,62718,60706,53421
23,layer1.2.bn1,93425,False,205136,27038,26109,25284,27098
23,layer1.2.relu1,34842,False,81191,13744,3081,3004,14037
23,layer1.2.conv2,1961748,False,4127562,167141,54462,51959,138462
23,layer1.2.bn2,70544,False,156775,27105,8913,8311,23782
23,layer1.2.relu2,31498,False,74112,13473,1742,1683,12265
23,layer1.2.conv3,852456,False,1797072,135238,65302,63472,24549
23,layer1.2.bn3,317976,False,677630,102659,101491,99519,106417
23,layer1.2.add,312798,False,666123,101584,102939,101471,104906
23,layer1.2.relu3,174340,False,375795,51275,52226,50889,51315
23,layer2.0.conv1,1590243,False,3342937,1092575,126819,124266,108572
23,layer2.0.bn1,172887,False,372638,52257,53805,52288,53289
23,layer2.0.relu1,79287,False,175049,26081,20204,19596,29642
23,layer2.0.conv2,2124670,False,4463423,355804,150885,147956,385599
23,layer2.0.bn2,45054,False,102618,14546,2178,2116,5816
23,layer2.0.relu2,18061,False,46314,7205,515,509,4052
23,layer2.0.conv3,847965,False,1786998,126670,42139,40441,36271
23,layer2.0.bn3,168066,False,362251,52369,51807,49931,53648
23,layer2.0.downsample.0,2302868,False,4838081,1118658,258238,255310,857273
23,layer2.0.downsample.1,175037,False,377550,52648,53151,51603,53693
23,layer2.0.add,162992,False,351876,51502,52886,50926,52630
23,layer2.0.relu3,79711,False,175969,26113,20168,19526,28459
23,layer2.1.conv1,821661,False,1732159,551917,38012,36627,280086
23,layer2.1.bn1,48943,False,110979,14477,10322,9628,13571
23,layer2.1.relu1,17630,False,45081,7225,915,886,4698
23,layer2.1.conv2,1917859,False,4029673,160203,41259,39371,118143
23,layer2.1.bn2,43792,False,100196,14515,3880,3615,8687
23,layer2.1.relu2,17572,False,45094,7207,556,526,4265
23,layer2.1.conv3,845477,False,1782454,126572,45253,43241,36145
23,layer2.1.bn3,169948,False,367068,52416,52261,50394,53664
23,layer2.1.add,156408,False,337968,51239,51132,49701,52669
23,layer2.1.relu3,78074,False,172506,26066,19349,18833,30352
23,layer2.2.conv1,816436,False,1720839,552722,36713,34929,274568
23,layer2.2.bn1,48124,False,109505,14410,10165,9766,13719
23,layer2.2.relu1,17678,False,45128,7205,746,728,5116
23,layer2.2.conv2,1911090,False,4015433,160503,41959,40212,118040
23,layer2.2.bn2,43261,False,99439,14512,3880,3611,8112
23,layer2.2.relu2,18279,False,46365,7207,694,678,4427
23,layer2.2.conv3,848011,False,1787399,126658,47390,45132,35143
23,layer2.2.bn3,169451,False,365604,52383,52144,50634,53504
23,layer2.2.add,160277,False,346068,51434,52351,50960,52474
23,layer2.2.relu3,78528,False,173380,26070,19674,18668,30059
23,layer2.3.conv1,812296,False,1712453,550226,34462,33062,273577
23,layer2.3.bn1,47792,False,117981,14733,9557,8940,13555
23,layer2.3.relu1,18123,False,46241,7230,639,615,5167
23,layer2.3.conv2,1915539,False,4025197,160268,41050,39123,118693
23,layer2.3.bn2,43418,False,99438,14554,3991,3760,9823
23,layer2.3.relu2,17964,False,45589,7210,697,672,4443
23,layer2.3.conv3,848657,False,1788130,126722,47364,45470,34466
23,layer2.3.bn3,172836,False,372274,52379,52432,50543,53784
23,layer2.3.add,156375,False,337546,51217,51450,50079,52296
23,layer2.3.relu3,78457,False,173219,26069,19345,18818,30080
23,layer3.0.conv1,1751032,False,3679726,999712,68275,66117,772900
23,layer3.0.bn1,84194,False,185314,27086,22092,21108,27122
23,layer3.0.relu1,32459,False,76040,13506,3371,3277,14499
23,layer3.0.conv2,2202960,False,4627357,403531,160868,158108,418007
23,layer3.0.bn2,32745,False,76758,8358,1702,1690,2259
23,layer3.0.relu2,11527,False,32089,4093,582,578,1798
23,layer3.0.conv3,964367,False,2030850,525998,44530,42438,426327
23,layer3.0.bn3,100643,False,220235,28090,25261,23967,27821
23,layer3.0.downsample.0,2214048,False,4651112,1241753,221733,218294,993905
23,layer3.0.downsample.1,81252,False,179292,27710,12976,12368,26735
23,layer3.0.add,65462,False,146406,26052,17956,17283,25481
23,layer3.0.relu3,34415,False,80265,13497,3735,3659,14125
23,layer3.1.conv1,1027113,False,2162800,558537,53891,51876,475938
23,layer3.1.bn1,34928,False,81261,8241,5395,5211,5076
23,layer3.1.relu1,12154,False,33669,4062,510,501,1680
23,layer3.1.conv2,2029046,False,4263214,207037,131269,128251,216929
23,layer3.1.bn2,32778,False,76685,8341,1496,1475,1326
23,layer3.1.relu2,12017,False,33230,4079,526,520,1695
23,layer3.1.conv3,964499,False,2031853,525969,46173,43905,426808
23,layer3.1.bn3,94900,False,207929,27782,24441,23211,27881
23,layer3.1.add,66421,False,148073,26046,18912,18038,26375
23,layer3.1.relu3,32284,False,75840,13482,2598,2514,12117
23,layer3.2.conv1,1011822,False,2130517,558582,52337,50500,474740
23,layer3.2.bn1,34557,False,80759,8220,5339,5101,4914
23,layer3.2.relu1,11408,False,32157,4064,479,471,1264
23,layer3.2.conv2,2021726,False,4247789,207220,130533,127816,214308
23,layer3.2.bn2,31987,False,75332,8341,1519,1485,1214
23,layer3.2.relu2,11599,False,32769,4101,499,489,1185
23,layer3.2.conv3,968172,False,2039348,525898,46509,44352,426498
23,layer3.2.bn3,93908,False,205655,27513,23696,22732,27939
23,layer3.2.add,65739,False,146612,26030,18418,17702,26563
23,layer3.2.relu3,30270,False,71496,13488,1974,1939,11661
23,layer3.3.conv1,1006165,False,2118658,558484,52725,50786,473566
23,layer3.3.bn1,34022,False,79332,8252,5260,5083,5063
23,layer3.3.relu1,11935,False,33056,4067,509,504,1921
23,layer3.3.conv2,2029292,False,4263469,207257,130564,127748,216132
23,layer3.3.bn2,34585,False,80719,8389,1539,1504,1318
23,layer3.3.relu2,12070,False,33252,4080,490,483,1174
23,layer3.3.conv3,968414,False,2040160,525941,46121,44345,427566
23,layer3.3.bn3,92516,False,203296,27505,24097,22700,27758
23,layer3.3.add,67180,False,149524,26048,19161,18425,26005
23,layer3.3.relu3,31267,False,73310,13504,2497,2418,12524
23,layer3.4.conv1,1004613,False,2115259,558645,52408,50627,473103
23,layer3.4.bn1,33812,False,79141,8189,5272,5057,5099
23,layer3.4.relu1,11014,False,31250,4082,495,484,1702
23,layer3.4.conv2,2037937,False,4281711,207466,130079,127382,217091
23,layer3.4.bn2,33704,False,78787,8331,1556,1534,1328
23,layer3.4.relu2,11459,False,32207,4088,479,471,1199
23,layer3.4.conv3,968130,False,2038990,525967,45828,43804,426192
23,layer3.4.bn3,91019,False,199639,27469,23426,22430,28134
23,layer3.4.add,70629,False,157091,26278,19850,19012,26420
23,layer3.4.relu3,32487,False,76231,13485,2816,2710,12607
23,layer3.5.conv1,1024148,False,2156119,558634,52870,51080,474217
23,layer3.5.bn1,33546,False,78571,8191,5365,5068,5713
23,layer3.5.relu1,10677,False,30350,4068,480,462,1670
23,layer3.5.conv2,2023543,False,4251583,206824,130390,127657,216336
23,layer3.5.bn2,32927,False,76919,8342,1565,1534,1246
23,layer3.5.relu2,11684,False,32527,4081,468,458,1168
23,layer3.5.conv3,966928,False,2036418,526006,46193,44142,427330
23,layer3.5.bn3,90711,False,199329,27514,23595,22454,27923
23,layer3.5.add,66529,False,148238,26059,18948,18266,26666
23,layer3.5.relu3,31492,False,74332,13500,2573,2501,9784
23,layer4.0.conv1,1970234,False,4139496,1086085,114847,112217,933004
23,layer4.0.bn1,51352,False,115903,14685,9902,9542,13738
23,layer4.0.relu1,17395,False,44385,7225,689,669,5044
23,layer4.0.conv2,3399509,False,7134602,695782,471498,467928,842793
23,layer4.0.bn2,31395,False,73911,5357,3202,3158,2652
23,layer4.0.relu2,8393,False,25906,2521,531,524,691
23,layer4.0.conv3,1246681,False,2623504,722469,112547,110226,515949
23,layer4.0.bn3,61655,False,137802,15467,12287,11945,16719
23,layer4.0.downsample.0,2878836,False,6044274,1164653,493021,489356,959878
23,layer4.0.downsample.1,58810,False,131405,15600,2905,2853,9078
23,layer4.0.add,32249,False,76134,13479,7069,6949,10149
23,layer4.0.relu3,17505,False,44871,7229,516,507,4689
23,layer4.1.conv1,1224004,False,2575832,759432,141637,139231,522801
23,layer4.1.bn1,29739,False,70390,5232,3980,3840,3738
23,layer4.1.relu1,8303,False,25580,2499,461,448,472
23,layer4.1.conv2,3147018,False,6605703,525950,464546,461049,600574
23,layer4.1.bn2,31486,False,74119,5332,1503,1494,1513
23,layer4.1.relu2,9078,False,27042,2509,502,498,651
23,layer4.1.conv3,1245194,False,2620173,722898,114681,112338,521013
23,layer4.1.bn3,61221,False,136532,15457,12035,11720,16780
23,layer4.1.add,35583,False,82876,13696,7750,7569,10558
23,layer4.1.relu3,17468,False,44783,7218,401,384,3977
23,layer4.2.conv1,1219700,False,2566905,759186,140139,137787,518119
23,layer4.2.bn1,29354,False,69550,5239,3879,3765,3567
23,layer4.2.relu1,8537,False,26087,2482,509,499,515
23,layer4.2.conv2,3143327,False,6597970,526481,464456,460858,602671
23,layer4.2.bn2,30715,False,72415,5277,1456,1452,1421
23,layer4.2.relu2,8679,False,26297,2482,482,480,467
23,layer4.2.conv3,1246696,False,2623800,722932,114684,112360,516089
23,layer4.2.bn3,61946,False,138110,15531,12083,11567,16868
23,layer4.2.add,31193,False,73941,13477,7063,6779,10317
23,layer4.2.relu3,17538,False,45151,7205,416,406,2879
23,avgpool,80525,False,176959,8720,3046,2999,6517
23,flatten,7782,False,24581,585,408,399,90
23,fc,497432,False,1053560,132938,132171,130468,165503
24,conv1,2196524,False,4615618,214660,180789,176048,264864
24,bn1,337194,False,718468,102979,104510,102821,106236
24,relu,175438,False,377912,51350,52244,50867,51361
24,maxpool,10323689,False,21641308,92026,93608,90999,129445
24,layer1.0.conv1,254809,False,491569,42651,26856,25996,5310
24,layer1.0.bn1,89889,False,197430,27056,21013,20327,26823
24,layer1.0.relu1,33438,False,78079,13549,2339,2271,13871
24,layer1.0.conv2,1982321,False,4165310,167340,59729,57374,143174
24,layer1.0.bn2,75028,False,166306,27112,11590,11032,24521
24,layer1.0.relu2,33440,False,78147,13523,3087,2985,14111
24,layer1.0.conv3,858918,False,1810495,135045,65954,63662,25415
24,layer1.0.bn3,320861,False,683418,102921,102353,100353,106223
24,layer1.0.downsample.0,863866,False,1821526,134780,69390,67720,26235
24,layer1.0.downsample.1,319764,False,681285,102722,101390,99359,106649
24,layer1.0.add,314448,False,670532,101642,103279,101783,104690
24,layer1.0.relu3,172939,False,372401,51269,52049,50706,51302
24,layer1.1.conv1,811237,False,1710653,550933,62417,60385,57028
24,layer1.1.bn1,94525,False,207007,27014,26098,25218,26894
24,layer1.1.relu1,31399,False,73654,13514,2371,2316,14000
24,layer1.1.conv2,1970618,False,4140105,167096,59347,56942,142887
24,layer1.1.bn2,79442,False,175864,27337,12218,11532,24631
24,layer1.1.relu2,32288,False,75888,13495,2937,2837,14191
24,layer1.1.conv3,853968,False,1799908,135262,65529,63614,25405
24,layer1.1.bn3,318219,False,677542,102724,101384,99370,106389
24,layer1.1.add,312990,False,667043,101605,102961,101499,104990
24,layer1.1.relu3,173058,False,372562,51271,52075,50781,51151
24,layer1.2.conv1,806957,False,1701617,551308,62736,60754,54470
24,layer1.2.bn1,93027,False,203835,26993,25902,25007,27008
24,layer1.2.relu1,31764,False,74695,13495,2355,2297,13487
24,layer1.2.conv2,1960651,False,4119508,167063,54235,51811,138801
24,layer1.2.bn2,69040,False,153403,27082,8872,8306,22680
24,layer1.2.relu2,31448,False,74125,13508,1733,1665,11632
24,layer1.2.conv3,852031,False,1796048,135170,65287,63441,24798
24,layer1.2.bn3,317566,False,676240,102631,101456,99511,106974
24,layer1.2.add,314025,False,668853,101613,102994,101563,104723
24,layer1.2.relu3,172633,False,371979,51276,52100,50768,51216
24,layer2.0.conv1,1590900,False,3350822,1093218,126999,124416,108407
24,layer2.0.bn1,174442,False,375979,52286,53899,52351,52682
24,layer2.0.relu1,78357,False,172895,26092,20020,19432,28296
24,layer2.0.conv2,2127791,False,4469850,356057,151648,148605,383872
24,layer2.0.bn2,45356,False,103362,14579,2170,2104,6317
24,layer2.0.relu2,17488,False,44692,7224,498,495,3834
24,layer2.0.conv3,849623,False,1790452,126740,41825,40107,36720
24,layer2.0.bn3,168407,False,363134,52384,51792,49914,53389
24,layer2.0.downsample.0,2298518,False,4827992,1119323,258853,255756,857745
24,layer2.0.downsample.1,177892,False,383379,52610,53089,51533,53686
24,layer2.0.add,162526,False,351026,51496,52732,50862,52400
24,layer2.0.relu3,79482,False,175274,26087,19914,19230,29740
24,layer2.1.conv1,822038,False,1732512,551680,37888,36520,278449
24,layer2.1.bn1,48344,False,109693,14451,10286,9597,13668
24,layer2.1.relu1,18011,False,45866,7202,807,782,5594
24,layer2.1.conv2,1914220,False,4021719,160193,41481,39686,117297
24,layer2.1.bn2,44077,False,100519,14491,3851,3569,9253
24,layer2.1.relu2,18175,False,46518,7217,529,509,4204
24,layer2.1.conv3,847535,False,1786143,126533,45050,43089,36324
24,layer2.1.bn3,171962,False,370506,52427,52149,50322,53769
24,layer2.1.add,157110,False,339869,51221,51102,49708,52834
24,layer2.1.relu3,78351,False,172829,26065,19325,18791,30339
24,layer2.2.conv1,819551,False,1727314,552754,37150,35351,276903
24,layer2.2.bn1,48618,False,109991,14437,10132,9724,13485
24,layer2.2.relu1,16870,False,43239,7200,682,673,4200
24,layer2.2.conv2,1909141,False,4011035,160261,42112,40385,118403
24,layer2.2.bn2,43631,False,99871,14490,3804,3583,8306
24,layer2.2.relu2,17106,False,43901,7201,660,642,3010
24,layer2.2.conv3,847881,False,1786870,126522,47505,45305,34691
24,layer2.2.bn3,170709,False,368012,52373,52102,50588,54117
24,layer2.2.add,157082,False,339178,51214,51758,50394,52241
24,layer2.2.relu3,78191,False,172697,26066,19684,18822,28493
24,layer2.3.conv1,812956,False,1713298,550585,34699,33298,274014
24,layer2.3.bn1,50482,False,114250,14697,10115,9554,13797
24,layer2.3.relu1,17437,False,44481,7220,638,618,4070
24,layer2.3.conv2,1910719,False,4014805,160180,41380,39596,116836
24,layer2.3.bn2,43296,False,99201,14520,3867,3640,9324
24,layer2.3.relu2,17872,False,45703,7204,663,643,3779
24,layer2.3.conv3,846616,False,1784571,126616,47483,45513,33777
24,layer2.3.bn3,170518,False,367515,52371,52425,50527,53527
24,layer2.3.add,157351,False,340652,51226,51594,50240,52370
24,layer2.3.relu3,77516,False,171238,26064,19248,18702,30404
24,layer3.0.conv1,1759771,False,3698023,1000231,68900,66467,773241
24,layer3.0.bn1,85322,False,188118,27106,22098,21118,27278
24,layer3.0.relu1,32297,False,76078,13482,3392,3304,14402
24,layer3.0.conv2,2203729,False,4629055,404495,161311,158603,425592
24,layer3.0.bn2,33483,False,78655,8365,1698,1678,2461
24,layer3.0.relu2,12243,False,33823,4069,540,537,1648
24,layer3.0.conv3,969090,False,2040777,525899,44708,42537,426908
24,layer3.0.bn3,95166,False,208975,27755,24794,23709,27821
24,layer3.0.downsample.0,2213567,False,4649710,1241153,221821,218613,993032
24,layer3.0.downsample.1,81625,False,180479,27682,13479,12886,26918
24,layer3.0.add,66646,False,148548,26065,18182,17532,25639
24,layer3.0.relu3,34823,False,81111,13508,3811,3716,14469
24,layer3.1.conv1,1013578,False,2134625,558759,53762,51819,474010
24,layer3.1.bn1,34678,False,80811,8261,5277,5102,4832
24,layer3.1.relu1,11361,False,32051,4094,540,530,1761
24,layer3.1.conv2,2029762,False,4264526,207085,131270,128325,218050
24,layer3.1.bn2,33294,False,77771,8364,1520,1504,1230
24,layer3.1.relu2,11750,False,32670,4082,478,475,1672
24,layer3.1.conv3,968593,False,2040329,525877,45966,43793,426543
24,layer3.1.bn3,93221,False,204422,27743,24363,23252,28157
24,layer3.1.add,66995,False,149382,26055,18949,18094,26871
24,layer3.1.relu3,31549,False,74279,13509,2616,2528,12300
24,layer3.2.conv1,1005326,False,2116874,558418,52424,50625,472474
24,layer3.2.bn1,34365,False,80486,8201,5361,5125,5040
24,layer3.2.relu1,11535,False,32381,4064,469,452,1712
24,layer3.2.conv2,2024577,False,4253897,207100,130423,127865,217302
24,layer3.2.bn2,33411,False,78195,8326,1518,1495,1312
24,layer3.2.relu2,11460,False,32197,4078,469,461,1653
24,layer3.2.conv3,969786,False,2043083,526072,46591,44550,426587
24,layer3.2.bn3,92668,False,203008,27506,23753,22786,27974
24,layer3.2.add,65791,False,146765,26033,18327,17657,26456
24,layer3.2.relu3,30640,False,72401,13486,1912,1873,10996
24,layer3.3.conv1,1004305,False,2114781,558474,52298,50426,474491
24,layer3.3.bn1,33298,False,78018,8198,5265,5104,5254
24,layer3.3.relu1,10890,False,31146,4058,493,487,1258
24,layer3.3.conv2,2025661,False,4262998,207904,131405,127918,217210
24,layer3.3.bn2,34383,False,80282,8310,1518,1476,1468
24,layer3.3.relu2,12111,False,33839,4074,533,525,1626
24,layer3.3.conv3,968597,False,2040626,526019,46099,44187,427919
24,layer3.3.bn3,91999,False,201756,27471,24154,22724,27918
24,layer3.3.add,66925,False,148853,26033,19093,18402,26447
24,layer3.3.relu3,31031,False,73308,13497,2391,2315,12564
24,layer3.4.conv1,1010254,False,2127183,558498,52570,50847,472913
24,layer3.4.bn1,33191,False,77623,8191,5320,5098,5209
24,layer3.4.relu1,11742,False,32637,4059,499,490,1304
24,layer3.4.conv2,2037565,False,4281047,207290,130205,127424,218214
24,layer3.4.bn2,33771,False,79011,8320,1529,1508,1372
24,layer3.4.relu2,11890,False,33096,4077,491,485,1590
24,layer3.4.conv3,970296,False,2043309,525850,46102,44100,428640
24,layer3.4.bn3,91973,False,201599,27519,23580,22612,28050
24,layer3.4.add,71113,False,157637,26301,19960,19200,26072
24,layer3.4.relu3,31531,False,74152,13477,2849,2719,13530
24,layer3.5.conv1,1002734,False,2111581,558730,52879,51011,472693
24,layer3.5.bn1,33553,False,78506,8205,5334,5026,5215
24,layer3.5.relu1,11530,False,32221,4080,492,475,1254
24,layer3.5.conv2,2031307,False,4267674,206647,130747,127928,216247
24,layer3.5.bn2,33757,False,78866,8331,1522,1495,1210
24,layer3.5.relu2,12132,False,33575,4096,494,484,1616
24,layer3.5.conv3,967994,False,2039003,525752,46064,44063,426544
24,layer3.5.bn3,90924,False,199587,27506,23601,22494,27807
24,layer3.5.add,66415,False,147915,26069,18734,18049,26172
24,layer3.5.relu3,32346,False,76092,13488,2750,2683,12354
24,layer4.0.conv1,1970810,False,4140829,1085962,114360,111853,933459
24,layer4.0.bn1,51349,False,116049,14725,10052,9648,13732
24,layer4.0.relu1,17963,False,45751,7249,688,674,3768
24,layer4.0.conv2,3462213,False,7200819,696862,473536,467398,836492
24,layer4.0.bn2,32291,False,76274,5321,3287,3243,2810
24,layer4.0.relu2,9652,False,28295,2504,581,576,662
24,layer4.0.conv3,1245187,False,2620428,722157,113027,110637,519030
24,layer4.0.bn3,60609,False,135138,15463,12234,11933,16894
24,layer4.0.downsample.0,2886609,False,6060245,1162699,492961,489535,958562
24,layer4.0.downsample.1,59091,False,131993,15617,2997,2957,8648
24,layer4.0.add,31971,False,75082,13478,7051,6921,9956
24,layer4.0.relu3,17404,False,44809,7235,538,531,4616
24,layer4.1.conv1,1225370,False,2578842,759451,141749,139449,524329
24,layer4.1.bn1,30750,False,72792,5267,3995,3867,3616
24,layer4.1.relu1,8636,False,26070,2499,544,526,532
24,layer4.1.conv2,3138594,False,6587864,526584,464361,460863,601656
24,layer4.1.bn2,31328,False,73655,5318,1536,1524,1400
24,layer4.1.relu2,8592,False,26066,2522,504,501,521
24,layer4.1.conv3,1246374,False,2623084,722325,114314,112035,513998
24,layer4.1.bn3,61877,False,137957,15491,12109,11813,16685
24,layer4.1.add,32321,False,75881,13472,7078,6826,11128
24,layer4.1.relu3,17682,False,45220,7208,363,346,3958
24,layer4.2.conv1,1223745,False,2575560,758805,139831,137579,519422
24,layer4.2.bn1,29508,False,69914,5238,3875,3761,3534
24,layer4.2.relu1,8355,False,25728,2491,498,492,783
24,layer4.2.conv2,3145359,False,6602499,526304,464753,461166,603205
24,layer4.2.bn2,32197,False,75566,5331,1573,1568,1520
24,layer4.2.relu2,9297,False,27506,2527,547,544,668
24,layer4.2.conv3,1247795,False,2625673,723065,115659,113334,515749
24,layer4.2.bn3,61003,False,135999,15446,12061,11503,16745
24,layer4.2.add,30802,False,72892,13456,7042,6776,10644
24,layer4.2.relu3,16283,False,42332,7199,356,347,3785
24,avgpool,80181,False,176608,8710,3206,3154,6482
24,flatten,7975,False,24829,599,390,384,78
24,fc,498081,False,1056369,132908,132300,130607,166942
25,conv1,2169041,False,4565799,214379,178894,175366,263382
25,bn1,333978,False,711323,102956,104309,102707,105943
25,relu,174700,False,376419,51352,52240,50862,51512
25,maxpool,10157729,False,21293695,91814,93473,90843,131130
25,layer1.0.conv1,248014,False,490014,42713,26932,25877,5331
25,layer1.0.bn1,88821,False,195094,27023,20993,20189,26680
25,layer1.0.relu1,32754,False,77179,13548,2265,2219,14388
25,layer1.0.conv2,1983729,False,4167747,167353,59492,57272,144403
25,layer1.0.bn2,76540,False,169372,27097,11928,11349,24520
25,layer1.0.relu2,32893,False,77112,13505,3114,3016,13984
25,layer1.0.conv3,860725,False,1813915,135308,66012,63787,25296
25,layer1.0.bn3,319370,False,680266,102667,101367,99774,106406
25,layer1.0.downsample.0,866363,False,1826146,135363,70020,68015,26338
25,layer1.0.downsample.1,323475,False,689316,102942,102096,99928,106070
25,layer1.0.add,313870,False,668527,101611,103111,101629,104534
25,layer1.0.relu3,173734,False,374711,51291,52063,50754,51421
25,layer1.1.conv1,809578,False,1707378,550793,62421,60463,57244
25,layer1.1.bn1,92202,False,202120,27001,26082,25222,27064
25,layer1.1.relu1,31383,False,73981,13489,2294,2246,13457
25,layer1.1.conv2,1974066,False,4147646,167043,58870,56740,144999
25,layer1.1.bn2,74276,False,164671,27118,11339,10776,24560
25,layer1.1.relu2,32387,False,76128,13501,3039,2941,14219
25,layer1.1.conv3,851633,False,1795426,135088,64937,62751,25323
25,layer1.1.bn3,321315,False,684798,102889,102075,100003,106212
25,layer1.1.add,312588,False,666123,101586,103001,101552,105046
25,layer1.1.relu3,172455,False,371281,51249,52023,50700,51209
25,layer1.2.conv1,808769,False,1705483,551092,62799,60718,53875
25,layer1.2.bn1,93188,False,204238,27014,26080,25189,27276
25,layer1.2.relu1,30923,False,72963,13506,2263,2196,13853
25,layer1.2.conv2,1963845,False,4125891,167173,54923,52527,141307
25,layer1.2.bn2,70071,False,155682,27068,8518,8097,23255
25,layer1.2.relu2,34002,False,79363,13735,2275,2192,12391
25,layer1.2.conv3,848005,False,1788198,134966,64494,62345,25286
25,layer1.2.bn3,323731,False,689391,102903,102501,100404,106251
25,layer1.2.add,313549,False,667720,101594,102980,101505,104834
25,layer1.2.relu3,174085,False,375099,51268,52199,50813,51214
25,layer2.0.conv1,1592980,False,3348594,1092733,127202,124844,109398
25,layer2.0.bn1,172665,False,371991,52241,53861,52357,52817
25,layer2.0.relu1,79178,False,174747,26080,20104,19490,30006
25,layer2.0.conv2,2118794,False,4450838,355141,150561,147531,382998
25,layer2.0.bn2,47223,False,107403,14810,2873,2793,6690
25,layer2.0.relu2,17921,False,45922,7225,484,479,3729
25,layer2.0.conv3,842872,False,1776459,126270,41149,39195,36206
25,layer2.0.bn3,172019,False,370573,52694,52438,50541,53793
25,layer2.0.downsample.0,2302399,False,4835676,1118991,258951,255961,856894
25,layer2.0.downsample.1,176371,False,380726,52641,53087,51529,53766
25,layer2.0.add,157993,False,340985,51234,51738,50301,52377
25,layer2.0.relu3,83771,False,184500,26343,21364,20615,29185
25,layer2.1.conv1,816504,False,1721142,551299,37354,35639,279123
25,layer2.1.bn1,48048,False,109172,14447,10118,9711,13592
25,layer2.1.relu1,18527,False,54597,7514,1537,871,5703
25,layer2.1.conv2,1913789,False,4020753,159951,41120,38958,115766
25,layer2.1.bn2,43545,False,105338,14771,3934,3615,8806
25,layer2.1.relu2,17963,False,45549,7189,555,529,3468
25,layer2.1.conv3,842658,False,1776194,126064,44199,42254,35644
25,layer2.1.bn3,171616,False,370461,52454,52182,50210,53497
25,layer2.1.add,156088,False,337060,51203,50950,49579,52322
25,layer2.1.relu3,78326,False,172698,26085,19293,18798,30200
25,layer2.2.conv1,816660,False,1720810,552502,36888,35291,274421
25,layer2.2.bn1,47275,False,107512,14414,10163,9661,13444
25,layer2.2.relu1,17771,False,45468,7192,740,723,4169
25,layer2.2.conv2,1915247,False,4023616,160072,41981,40255,117112
25,layer2.2.bn2,42427,False,96981,14488,3700,3437,7701
25,layer2.2.relu2,17864,False,45573,7197,661,631,3457
25,layer2.2.conv3,848222,False,1788127,126628,47470,45254,34606
25,layer2.2.bn3,169202,False,364480,52371,52078,50536,53681
25,layer2.2.add,157744,False,340633,51222,51705,50337,52260
25,layer2.2.relu3,77989,False,171992,26063,19446,18834,29784
25,layer2.3.conv1,821266,False,1730832,550820,36179,34227,273304
25,layer2.3.bn1,47267,False,107467,14407,9484,9070,13497
25,layer2.3.relu1,17251,False,44228,7203,644,638,3933
25,layer2.3.conv2,1914492,False,4021930,160338,41856,39751,119248
25,layer2.3.bn2,43789,False,100104,14565,3883,3652,8799
25,layer2.3.relu2,21087,False,52333,7432,1058,1023,4685
25,layer2.3.conv3,843865,False,1778089,126342,46872,44896,34843
25,layer2.3.bn3,175320,False,377272,52682,53358,51371,53583
25,layer2.3.add,157717,False,340733,51244,51536,50139,52163
25,layer2.3.relu3,77106,False,170565,26061,19198,18703,28621
25,layer3.0.conv1,1743171,False,3662667,999761,68238,66062,772341
25,layer3.0.bn1,84418,False,185974,27113,22030,20856,27138
25,layer3.0.relu1,32324,False,75857,13525,3222,3146,14674
25,layer3.0.conv2,2187036,False,4593968,403078,162144,159287,421806
25,layer3.0.bn2,33758,False,78868,8377,1754,1731,2598
25,layer3.0.relu2,11778,False,32810,4071,561,554,1749
25,layer3.0.conv3,966902,False,2036567,525919,46036,43874,425921
25,layer3.0.bn3,92897,False,204081,27553,24067,23058,27987
25,layer3.0.downsample.0,2229082,False,4683423,1242299,223231,219374,996413
25,layer3.0.downsample.1,82668,False,182386,27693,13306,12732,26731
25,layer3.0.add,66231,False,147747,26054,18031,17357,25494
25,layer3.0.relu3,34973,False,81539,13511,3772,3675,14886
25,layer3.1.conv1,1021032,False,2150157,558341,54154,52361,474269
25,layer3.1.bn1,35089,False,81609,8230,5235,4991,4857
25,layer3.1.relu1,11006,False,31167,4072,481,469,1205
25,layer3.1.conv2,2025900,False,4256130,207344,130623,127931,216878
25,layer3.1.bn2,33511,False,78144,8336,1486,1467,1209
25,layer3.1.relu2,11560,False,32273,4094,518,511,1226
25,layer3.1.conv3,964816,False,2032109,526046,45996,43795,426625
25,layer3.1.bn3,90460,False,198547,27537,23415,22470,27878
25,layer3.1.add,66991,False,148948,26085,18944,18243,26759
25,layer3.1.relu3,35355,False,82216,13714,3306,3180,13189
25,layer3.2.conv1,1008632,False,2123880,558650,52598,50707,472766
25,layer3.2.bn1,33046,False,77218,8202,5341,5040,5009
25,layer3.2.relu1,10760,False,30667,4061,491,473,1581
25,layer3.2.conv2,2022935,False,4249902,206959,130558,127836,215917
25,layer3.2.bn2,32798,False,76706,8308,1467,1435,1228
25,layer3.2.relu2,12413,False,34272,4081,508,501,1159
25,layer3.2.conv3,968827,False,2040573,525979,46801,44759,426482
25,layer3.2.bn3,91971,False,201428,27478,23635,22602,27897
25,layer3.2.add,65893,False,146924,26030,18369,17684,26616
25,layer3.2.relu3,31077,False,73476,13468,1972,1929,11318
25,layer3.3.conv1,1009180,False,2124715,558552,52716,50820,474575
25,layer3.3.bn1,32990,False,77288,8176,5185,5003,5166
25,layer3.3.relu1,10386,False,30016,4060,481,478,1819
25,layer3.3.conv2,2028721,False,4262006,207518,131234,128379,218002
25,layer3.3.bn2,34065,False,79519,8337,1466,1443,1352
25,layer3.3.relu2,12211,False,33657,4105,529,525,1605
25,layer3.3.conv3,964769,False,2038943,525858,45750,43671,426684
25,layer3.3.bn3,90395,False,205195,27787,24758,22838,27999
25,layer3.3.add,67364,False,150022,26069,19145,18409,26455
25,layer3.3.relu3,31274,False,73926,13512,2399,2324,12700
25,layer3.4.conv1,1005947,False,2117766,558416,52386,50669,473012
25,layer3.4.bn1,33259,False,77919,8210,5361,5142,5263
25,layer3.4.relu1,11978,False,33454,4073,492,479,1454
25,layer3.4.conv2,2038479,False,4282559,206793,130424,127799,217900
25,layer3.4.bn2,33615,False,78486,8364,1581,1563,1333
25,layer3.4.relu2,11592,False,32457,4093,504,498,1171
25,layer3.4.conv3,971044,False,2045188,525836,46327,44273,427045
25,layer3.4.bn3,91783,False,201432,27489,23496,22520,27795
25,layer3.4.add,66349,False,147674,26041,18850,18183,26284
25,layer3.4.relu3,31149,False,73333,13491,2827,2759,10382
25,layer3.5.conv1,1007388,False,2121164,558607,53496,51514,475016
25,layer3.5.bn1,36523,False,84629,8443,5873,5701,5881
25,layer3.5.relu1,11339,False,31804,4060,471,456,1822
25,layer3.5.conv2,2028611,False,4262915,207486,130626,127775,217187
25,layer3.5.bn2,33293,False,77773,8340,1473,1449,1257
25,layer3.5.relu2,11353,False,31818,4085,530,517,1708
25,layer3.5.conv3,966373,False,2035481,525912,46297,44320,426451
25,layer3.5.bn3,88912,False,195102,27479,23583,22342,27756
25,layer3.5.add,66876,False,149028,26049,18886,18205,26737
25,layer3.5.relu3,31928,False,75378,13503,2705,2627,12429
25,layer4.0.conv1,1962114,False,4122229,1085756,115280,112780,933782
25,layer4.0.bn1,51011,False,115221,14728,9967,9497,13638
25,layer4.0.relu1,17624,False,44966,7211,661,642,4895
25,layer4.0.conv2,3402917,False,7141933,696272,471776,468109,841495
25,layer4.0.bn2,30662,False,72511,5319,3111,3031,2682
25,layer4.0.relu2,8312,False,25802,2544,586,575,751
25,layer4.0.conv3,1243366,False,2616924,721787,112680,110334,513540
25,layer4.0.bn3,60572,False,134927,15458,12087,11731,16783
25,layer4.0.downsample.0,2885562,False,6057879,1163878,494128,490217,962948
25,layer4.0.downsample.1,59675,False,133208,15607,2921,2888,9192
25,layer4.0.add,31512,False,74286,13476,7026,6916,9476
25,layer4.0.relu3,17435,False,44726,7263,610,602,5130
25,layer4.1.conv1,1219918,False,2567288,759035,140735,138467,518570
25,layer4.1.bn1,34545,False,80430,5525,4679,4553,3762
25,layer4.1.relu1,8827,False,26403,2522,485,468,525
25,layer4.1.conv2,3148348,False,6608493,526123,464242,460594,599599
25,layer4.1.bn2,32468,False,75934,5349,1639,1619,1445
25,layer4.1.relu2,8868,False,26595,2496,510,504,649
25,layer4.1.conv3,1248419,False,2627098,722470,115196,112775,518247
25,layer4.1.bn3,61868,False,137779,15503,12136,11797,16770
25,layer4.1.add,31675,False,74480,13485,7045,6898,10842
25,layer4.1.relu3,17438,False,44640,7212,379,371,4156
25,layer4.2.conv1,1223675,False,2575357,759733,140148,137878,517987
25,layer4.2.bn1,28936,False,69194,5230,3917,3744,3648
25,layer4.2.relu1,8595,False,26172,2497,485,476,541
25,layer4.2.conv2,3145503,False,6602773,526670,464586,460937,599591
25,layer4.2.bn2,31790,False,74691,5327,1515,1506,1470
25,layer4.2.relu2,8734,False,26304,2490,491,487,609
25,layer4.2.conv3,1243570,False,2616673,722792,114696,112379,514009
25,layer4.2.bn3,61036,False,136440,15467,12078,11737,16743
25,layer4.2.add,31046,False,73180,13466,7063,6913,10245
25,layer4.2.relu3,17167,False,44071,7200,374,370,3788
25,avgpool,79251,False,174765,8717,3098,3044,6766
25,flatten,8505,False,25962,589,416,402,106
25,fc,500651,False,1060948,132763,132189,130169,166618
26,conv1,2172047,False,4563776,213479,178032,175079,264270
26,bn1,348038,False,741143,103372,105667,103284,105178
26,relu,175244,False,377547,51309,52163,50782,51351
26,maxpool,10209511,False,21402711,91711,92572,90370,131470
26,layer1.0.conv1,255616,False,495826,43188,27443,26506,5525
26,layer1.0.bn1,88868,False,195267,27007,21172,20320,26919
26,layer1.0.relu1,33369,False,78112,13533,2423,2353,14443
26,layer1.0.conv2,1981056,False,4162745,167135,59253,57114,147555
26,layer1.0.bn2,78099,False,172360,27086,11699,11127,24820
26,layer1.0.relu2,33377,False,77963,13518,3172,3077,12046
26,layer1.0.conv3,858480,False,1809987,135174,65940,63716,25248
26,layer1.0.bn3,316532,False,674256,102658,101282,99645,105521
26,layer1.0.downsample.0,866807,False,1827531,134959,69998,68004,25933
26,layer1.0.downsample.1,323366,False,688423,102967,101844,100284,105991
26,layer1.0.add,314427,False,669777,101647,103227,101331,104659
26,layer1.0.relu3,174453,False,375411,51294,52042,50712,51440
26,layer1.1.conv1,809249,False,1706429,549959,62193,60153,55410
26,layer1.1.bn1,93485,False,204860,27013,26143,25259,27097
26,layer1.1.relu1,30760,False,72630,13490,2300,2239,11524
26,layer1.1.conv2,1968512,False,4135979,167046,59036,56900,143106
26,layer1.1.bn2,73980,False,164116,27075,11245,10686,23767
26,layer1.1.relu2,32897,False,76962,13490,2980,2875,14048
26,layer1.1.conv3,855403,False,1803123,135587,65494,63292,25120
26,layer1.1.bn3,322346,False,686157,102886,102158,100390,106648
26,layer1.1.add,312082,False,664821,101617,103037,101365,105044
26,layer1.1.relu3,173322,False,372970,51280,52031,50743,51154
26,layer1.2.conv1,808595,False,1704877,551159,62448,60487,53812
26,layer1.2.bn1,92552,False,202855,27001,26025,25142,26995
26,layer1.2.relu1,31525,False,74314,13489,2310,2257,14315
26,layer1.2.conv2,1963790,False,4126510,167192,54991,52850,140229
26,layer1.2.bn2,72013,False,160062,27122,8762,8337,23377
26,layer1.2.relu2,31574,False,74581,13499,1654,1603,12117
26,layer1.2.conv3,852568,False,1797647,135176,65306,63113,25005
26,layer1.2.bn3,321584,False,684559,102889,102328,100324,106370
26,layer1.2.add,312925,False,666994,101605,102968,101421,104697
26,layer1.2.relu3,173199,False,373118,51277,52178,50828,50501
26,layer2.0.conv1,1594970,False,3352461,1092818,127282,124902,107356
26,layer2.0.bn1,172445,False,372064,52296,53962,52403,52983
26,layer2.0.relu1,79610,False,175640,26115,20239,19595,28428
26,layer2.0.conv2,2117811,False,4449237,355322,150398,147605,383868
26,layer2.0.bn2,43354,False,99030,14594,2151,2087,6092
26,layer2.0.relu2,18338,False,46687,7229,492,482,3723
26,layer2.0.conv3,847267,False,1785767,126631,41914,39859,36125
26,layer2.0.bn3,168566,False,363815,52402,51731,50221,53186
26,layer2.0.downsample.0,2297451,False,4832526,1117458,259043,255072,856763
26,layer2.0.downsample.1,176686,False,380978,52605,53015,51484,53660
26,layer2.0.add,159232,False,344698,51235,51850,50435,52294
26,layer2.0.relu3,79300,False,175008,26089,19878,19302,29900
26,layer2.1.conv1,823987,False,1736809,551388,38588,36772,281049
26,layer2.1.bn1,48668,False,110231,14436,10247,9815,13485
26,layer2.1.relu1,18456,False,46727,7229,856,840,5581
26,layer2.1.conv2,1912537,False,4018182,160148,41839,39888,118892
26,layer2.1.bn2,43427,False,99359,14510,3783,3565,8507
26,layer2.1.relu2,17730,False,45233,7210,515,498,4168
26,layer2.1.conv3,847479,False,1786220,126448,44953,42811,36237
26,layer2.1.bn3,170363,False,367136,52395,51972,50455,53606
26,layer2.1.add,156816,False,338609,51232,51317,49263,52643
26,layer2.1.relu3,78683,False,173738,26061,19488,18974,30389
26,layer2.2.conv1,816272,False,1720549,552419,36554,35177,274040
26,layer2.2.bn1,47862,False,108774,14414,10336,9731,13578
26,layer2.2.relu1,17679,False,45136,7195,703,680,5179
26,layer2.2.conv2,1909501,False,4011733,160335,42044,40262,119011
26,layer2.2.bn2,43736,False,100269,14506,3902,3655,8165
26,layer2.2.relu2,17610,False,44995,7227,689,665,4212
26,layer2.2.conv3,847993,False,1787093,126663,47560,45438,34731
26,layer2.2.bn3,170558,False,367506,52384,52120,50400,53638
26,layer2.2.add,157133,False,339694,51208,51716,50357,52200
26,layer2.2.relu3,76685,False,169133,26065,19480,18877,28629
26,layer2.3.conv1,819375,False,1727144,550491,35632,33789,272608
26,layer2.3.bn1,46461,False,106232,14411,9317,8939,13432
26,layer2.3.relu1,17225,False,44294,7209,633,627,5069
26,layer2.3.conv2,1915396,False,4024443,160142,41369,39608,119174
26,layer2.3.bn2,42618,False,97803,14476,3789,3567,9395
26,layer2.3.relu2,18118,False,46419,7218,701,669,4715
26,layer2.3.conv3,847783,False,1786725,126625,47575,45356,33984
26,layer2.3.bn3,172602,False,371556,52388,52420,50872,53821
26,layer2.3.add,160520,False,346633,51495,52536,50683,52144
26,layer2.3.relu3,78176,False,172497,26050,19318,18788,28606
26,layer3.0.conv1,1753712,False,3684913,1000092,67680,65605,772941
26,layer3.0.bn1,84869,False,186599,27099,21954,20738,27455
26,layer3.0.relu1,33009,False,77501,13480,3083,3011,14368
26,layer3.0.conv2,2189104,False,4598815,403515,162024,159311,419607
26,layer3.0.bn2,33716,False,78603,8367,1769,1746,2894
26,layer3.0.relu2,11755,False,32832,4083,566,561,1336
26,layer3.0.conv3,968787,False,2040960,526014,46063,44156,426799
26,layer3.0.bn3,91120,False,199869,27480,23832,22704,27770
26,layer3.0.downsample.0,2213755,False,4650634,1242038,222188,218921,995309
26,layer3.0.downsample.1,84823,False,186739,27946,14338,13527,26523
26,layer3.0.add,64928,False,144955,26043,17919,16990,25974
26,layer3.0.relu3,34105,False,79430,13480,3744,3642,13141
26,layer3.1.conv1,1017044,False,2141422,558667,53386,51645,474434
26,layer3.1.bn1,34527,False,80312,8216,5471,5182,5286
26,layer3.1.relu1,11040,False,31151,4059,485,474,1754
26,layer3.1.conv2,2027436,False,4259428,207612,130837,128224,217549
26,layer3.1.bn2,32734,False,76638,8352,1539,1509,1282
26,layer3.1.relu2,12018,False,33007,4077,463,459,1637
26,layer3.1.conv3,968538,False,2039840,525900,46276,44096,426609
26,layer3.1.bn3,90868,False,199455,27512,23352,22358,27792
26,layer3.1.add,66577,False,148351,26041,18798,18104,26742
26,layer3.1.relu3,32366,False,76002,13485,2587,2504,12446
26,layer3.2.conv1,1011330,False,2129371,558500,52213,50222,472101
26,layer3.2.bn1,33106,False,77397,8182,5221,5033,4737
26,layer3.2.relu1,12046,False,39885,4265,1003,989,1803
26,layer3.2.conv2,2030873,False,4266673,206928,130331,127575,216774
26,layer3.2.bn2,33335,False,78081,8341,1477,1455,1357
26,layer3.2.relu2,11916,False,33039,4110,534,524,1663
26,layer3.2.conv3,966679,False,2035755,525891,46546,44666,427771
26,layer3.2.bn3,92495,False,202537,27485,23826,22546,27813
26,layer3.2.add,65916,False,147258,26035,18470,17784,26355
26,layer3.2.relu3,31246,False,73518,13479,1887,1848,11488
26,layer3.3.conv1,1006331,False,2118986,558612,52488,50699,473541
26,layer3.3.bn1,33279,False,78122,8210,5201,5010,5003
26,layer3.3.relu1,11185,False,31606,4069,518,513,1672
26,layer3.3.conv2,2030256,False,4265645,207316,130979,128174,220910
26,layer3.3.bn2,34094,False,80000,8349,1566,1528,1349
26,layer3.3.relu2,12292,False,34128,4089,488,484,1640
26,layer3.3.conv3,968555,False,2039604,525808,46035,43883,427121
26,layer3.3.bn3,90980,False,199930,27494,24021,23030,27916
26,layer3.3.add,71463,False,158899,26279,20226,19309,26490
26,layer3.3.relu3,31396,False,74017,13486,2523,2397,10929
26,layer3.4.conv1,1005284,False,2116913,558400,52004,50279,472603
26,layer3.4.bn1,32836,False,76955,8205,5370,5084,5362
26,layer3.4.relu1,11349,False,31912,4076,524,507,1837
26,layer3.4.conv2,2043691,False,4293493,207244,130333,127558,217981
26,layer3.4.bn2,33288,False,77860,8339,1571,1550,1380
26,layer3.4.relu2,11887,False,33104,4116,520,511,1687
26,layer3.4.conv3,970786,False,2044579,525853,46200,44300,428109
26,layer3.4.bn3,92085,False,201680,27516,23839,22744,27760
26,layer3.4.add,67445,False,150217,26013,18909,18248,26585
26,layer3.4.relu3,31642,False,74530,13475,2801,2733,12305
26,layer3.5.conv1,1015175,False,2137340,558379,52773,50817,472884
26,layer3.5.bn1,33194,False,77587,8194,5418,5246,5680
26,layer3.5.relu1,11877,False,33050,4071,492,483,1690
26,layer3.5.conv2,2023980,False,4252183,207033,130817,127852,216933
26,layer3.5.bn2,37141,False,85940,8564,2117,2086,1359
26,layer3.5.relu2,11997,False,33192,4074,549,543,1686
26,layer3.5.conv3,968852,False,2040683,525843,46197,44134,427271
26,layer3.5.bn3,89969,False,197705,27499,23776,22353,27859
26,layer3.5.add,66454,False,147869,26045,18909,18192,26548
26,layer3.5.relu3,31785,False,74880,13483,2697,2627,10887
26,layer4.0.conv1,1971542,False,4142001,1085865,114515,112217,934460
26,layer4.0.bn1,52728,False,118630,14706,9859,9390,13708
26,layer4.0.relu1,17254,False,44385,7213,675,652,4062
26,layer4.0.conv2,3419400,False,7176554,695900,470981,467594,845084
26,layer4.0.bn2,31708,False,81469,5651,3945,3890,2929
26,layer4.0.relu2,9065,False,26954,2518,522,517,658
26,layer4.0.conv3,1249948,False,2630189,722024,112829,110267,514731
26,layer4.0.bn3,60747,False,135499,15472,12324,11928,16971
26,layer4.0.downsample.0,2881049,False,6048831,1160568,493231,489636,956965
26,layer4.0.downsample.1,59234,False,132374,15626,2906,2870,8858
26,layer4.0.add,31356,False,74276,13487,7038,6927,9800
26,layer4.0.relu3,17947,False,45612,7236,507,500,4681
26,layer4.1.conv1,1224425,False,2576561,759220,141089,138808,520180
26,layer4.1.bn1,30943,False,73042,5267,4001,3917,3353
26,layer4.1.relu1,8936,False,26883,2507,481,473,607
26,layer4.1.conv2,3161016,False,6635543,526653,465246,461548,603184
26,layer4.1.bn2,33324,False,77935,5354,1616,1590,1463
26,layer4.1.relu2,8454,False,25850,2516,481,470,652
26,layer4.1.conv3,1251485,False,2633601,722773,114673,112315,517118
26,layer4.1.bn3,61932,False,138278,15460,12133,11756,16769
26,layer4.1.add,31691,False,75028,13470,7045,6889,10907
26,layer4.1.relu3,16724,False,43296,7215,356,350,2891
26,layer4.2.conv1,1224773,False,2577909,759430,139816,137685,519057
26,layer4.2.bn1,28988,False,68797,5233,4004,3857,3903
26,layer4.2.relu1,8687,False,26206,2503,516,510,738
26,layer4.2.conv2,3161830,False,6637076,526438,464975,461101,603896
26,layer4.2.bn2,31648,False,74456,5307,1535,1526,1503
26,layer4.2.relu2,8078,False,25133,2475,508,500,660
26,layer4.2.conv3,1251512,False,2633665,722654,114627,112365,521146
26,layer4.2.bn3,60453,False,135047,15448,12049,11711,16653
26,layer4.2.add,31269,False,73518,13485,7047,6886,10841
26,layer4.2.relu3,16691,False,42955,7200,367,363,3850
26,avgpool,83969,False,184483,8979,3707,3680,6564
26,flatten,8027,False,25102,574,384,376,75
26,fc,498590,False,1056324,132936,132225,130149,166275
27,conv1,2170043,False,4560290,213926,178021,175152,263335
27,bn1,338584,False,721514,103231,105311,103176,105867
27,relu,174583,False,376523,51321,52090,50719,50542
27,maxpool,10296517,False,21584739,91648,92303,90270,130466
27,layer1.0.conv1,259324,False,499014,43249,27537,26599,5514
27,layer1.0.bn1,88578,False,195480,27043,21232,20356,26686
27,layer1.0.relu1,33542,False,78426,13554,2558,2492,14322
27,layer1.0.conv2,1987325,False,4175837,167309,59527,57208,146926
27,layer1.0.bn2,76218,False,168744,27093,11808,11219,24590
27,layer1.0.relu2,33445,False,78492,13497,3118,3010,13999
27,layer1.0.conv3,859444,False,1812290,135056,66072,63747,25289
27,layer1.0.bn3,316448,False,673866,102644,101259,99682,106069
27,layer1.0.downsample.0,867333,False,1827924,134977,70128,68076,26889
27,layer1.0.downsample.1,323593,False,689086,102922,101995,100429,106794
27,layer1.0.add,314169,False,669069,101626,103165,101170,104756
27,layer1.0.relu3,172349,False,371405,51272,52008,50642,50665
27,layer1.1.conv1,808001,False,1703868,550384,62291,60284,56526
27,layer1.1.bn1,94329,False,206276,27022,26150,25263,26774
27,layer1.1.relu1,31565,False,74317,13499,2355,2297,13926
27,layer1.1.conv2,1972261,False,4143791,167338,59253,57085,144546
27,layer1.1.bn2,74843,False,165730,27083,11392,10838,24065
27,layer1.1.relu2,32796,False,76860,13512,2920,2810,11594
27,layer1.1.conv3,856933,False,1806676,135355,65574,63302,24778
27,layer1.1.bn3,322895,False,687364,102884,102197,100279,106966
27,layer1.1.add,313185,False,666947,101598,103018,101367,104631
27,layer1.1.relu3,173393,False,373623,51273,52040,50757,50324
27,layer1.2.conv1,807699,False,1703147,551170,62682,60684,54476
27,layer1.2.bn1,95837,False,209594,26998,26043,25208,27292
27,layer1.2.relu1,31738,False,74536,13512,2328,2262,13602
27,layer1.2.conv2,1965022,False,4128653,167457,55092,52828,140726
27,layer1.2.bn2,68835,False,153079,27064,8566,8116,23635
27,layer1.2.relu2,31601,False,74367,13503,1732,1672,12064
27,layer1.2.conv3,849522,False,1790612,135200,65356,63063,24658
27,layer1.2.bn3,321867,False,685393,102879,102263,100256,106877
27,layer1.2.add,313047,False,666976,101595,102974,101384,104499
27,layer1.2.relu3,173795,False,374393,51257,52201,50823,51258
27,layer2.0.conv1,1595683,False,3353966,1092327,127474,125064,105885
27,layer2.0.bn1,173277,False,373484,52229,53838,52314,52845
27,layer2.0.relu1,79811,False,176241,26072,20246,19617,29687
27,layer2.0.conv2,2116606,False,4447165,355372,150227,147457,384039
27,layer2.0.bn2,44333,False,101098,14582,2129,2098,6074
27,layer2.0.relu2,17947,False,45691,7229,497,492,2906
27,layer2.0.conv3,848833,False,1788833,126630,41866,39862,36068
27,layer2.0.bn3,170081,False,366936,52416,51726,50200,53799
27,layer2.0.downsample.0,2307280,False,4846760,1120653,259517,256029,860132
27,layer2.0.downsample.1,177574,False,382719,52683,53279,51724,53498
27,layer2.0.add,159225,False,344136,51240,51895,50405,52452
27,layer2.0.relu3,78873,False,174093,26093,19844,19276,28644
27,layer2.1.conv1,824399,False,1737363,551985,38760,36931,280106
27,layer2.1.bn1,49087,False,111050,14486,10230,9828,13646
27,layer2.1.relu1,18160,False,46128,7198,854,838,5649
27,layer2.1.conv2,1919048,False,4031708,160110,41894,39823,118386
27,layer2.1.bn2,44029,False,100549,14516,3782,3563,8433
27,layer2.1.relu2,17922,False,45911,7205,540,524,3209
27,layer2.1.conv3,846318,False,1783975,126452,45031,42812,34660
27,layer2.1.bn3,173382,False,373331,52624,52978,51388,53174
27,layer2.1.add,156399,False,337849,51227,51106,49376,52709
27,layer2.1.relu3,77577,False,171399,26072,19399,18843,28914
27,layer2.2.conv1,817906,False,1723660,552682,36804,35379,276056
27,layer2.2.bn1,47713,False,108377,14448,10287,9681,13691
27,layer2.2.relu1,17909,False,45649,7210,752,734,5242
27,layer2.2.conv2,1913366,False,4019425,160287,41560,39801,117443
27,layer2.2.bn2,43674,False,100213,14501,3817,3575,8102
27,layer2.2.relu2,17487,False,44980,7242,712,697,4402
27,layer2.2.conv3,849290,False,1789978,126635,47608,45433,34641
27,layer2.2.bn3,171333,False,369330,52377,52197,50502,53614
27,layer2.2.add,157578,False,340216,51234,51771,50391,52479
27,layer2.2.relu3,77340,False,170961,26055,19245,18645,28655
27,layer2.3.conv1,817952,False,1724182,549698,36142,34360,275474
27,layer2.3.bn1,47771,False,108835,14437,9419,8986,13594
27,layer2.3.relu1,18478,False,46981,7201,618,610,4620
27,layer2.3.conv2,1915753,False,4024839,160193,41674,39886,119999
27,layer2.3.bn2,42262,False,97078,14498,3819,3577,9294
27,layer2.3.relu2,18125,False,46225,7200,662,634,4467
27,layer2.3.conv3,848266,False,1787750,126633,47471,45297,34532
27,layer2.3.bn3,172141,False,371036,52384,52343,50777,53955
27,layer2.3.add,160328,False,345881,51463,52468,50583,52531
27,layer2.3.relu3,78662,False,173898,26063,19378,18856,29889
27,layer3.0.conv1,1740776,False,3658158,999778,68822,66597,772074
27,layer3.0.bn1,84263,False,185494,27105,22407,21176,27255
27,layer3.0.relu1,32987,False,77206,13498,3288,3193,14338
27,layer3.0.conv2,2205584,False,4634237,403945,161524,158610,420553
27,layer3.0.bn2,33737,False,79006,8349,1676,1646,2444
27,layer3.0.relu2,12706,False,35074,4091,531,526,1697
27,layer3.0.conv3,969526,False,2042495,526031,45185,42955,426505
27,layer3.0.bn3,92481,False,202926,27481,23678,22663,27882
27,layer3.0.downsample.0,2214765,False,4652600,1241802,222120,218786,997740
27,layer3.0.downsample.1,82479,False,189980,28044,14425,13519,26797
27,layer3.0.add,65209,False,145707,26052,18022,17150,26262
27,layer3.0.relu3,33856,False,79005,13523,3815,3719,12616
27,layer3.1.conv1,1023090,False,2154044,558403,53661,51914,474908
27,layer3.1.bn1,34227,False,79887,8198,5342,5059,5071
27,layer3.1.relu1,11270,False,31706,4068,465,450,1289
27,layer3.1.conv2,2031192,False,4267509,207304,130502,127857,216316
27,layer3.1.bn2,33796,False,79347,8373,1569,1542,1201
27,layer3.1.relu2,12002,False,33357,4077,479,471,1678
27,layer3.1.conv3,968233,False,2039248,525916,46203,43930,425463
27,layer3.1.bn3,90054,False,197825,27495,23333,22388,27951
27,layer3.1.add,67652,False,150668,26062,18795,18111,26503
27,layer3.1.relu3,32237,False,75830,13491,2507,2431,11934
27,layer3.2.conv1,1008295,False,2122895,558598,52164,50118,471395
27,layer3.2.bn1,37439,False,86514,8445,5891,5679,5065
27,layer3.2.relu1,11296,False,31845,4051,477,466,1584
27,layer3.2.conv2,2028404,False,4261744,207105,130531,127590,218227
27,layer3.2.bn2,32685,False,76428,8344,1502,1459,1324
27,layer3.2.relu2,11769,False,32681,4095,519,512,1676
27,layer3.2.conv3,966419,False,2035859,525964,46735,44808,427075
27,layer3.2.bn3,91845,False,201388,27488,23834,22666,27899
27,layer3.2.add,66343,False,148155,26031,18505,17804,26623
27,layer3.2.relu3,30439,False,71708,13470,1905,1859,9096
27,layer3.3.conv1,1006826,False,2119855,558665,52438,50624,473437
27,layer3.3.bn1,33353,False,77940,8180,5212,4992,5110
27,layer3.3.relu1,11409,False,31984,4050,482,460,1821
27,layer3.3.conv2,2031902,False,4268877,207290,131021,128052,218060
27,layer3.3.bn2,34389,False,80145,8346,1509,1486,1361
27,layer3.3.relu2,12156,False,33685,4088,537,530,1605
27,layer3.3.conv3,974807,False,2053812,525936,46173,44029,427298
27,layer3.3.bn3,91196,False,200391,27518,23952,22948,27832
27,layer3.3.add,67374,False,158431,26304,19428,18361,26570
27,layer3.3.relu3,31430,False,74013,13484,2425,2345,12856
27,layer3.4.conv1,1008306,False,2123182,558516,51920,50340,472846
27,layer3.4.bn1,32482,False,76342,8191,5300,4997,5296
27,layer3.4.relu1,11416,False,31910,4048,487,458,1425
27,layer3.4.conv2,2041515,False,4289026,207335,130205,127441,216722
27,layer3.4.bn2,33547,False,78392,8344,1491,1455,1235
27,layer3.4.relu2,12220,False,33786,4076,498,491,1577
27,layer3.4.conv3,970588,False,2044370,525728,46308,44378,429247
27,layer3.4.bn3,91411,False,200621,27521,23731,22642,27733
27,layer3.4.add,67104,False,149397,26057,18955,18292,26254
27,layer3.4.relu3,32252,False,75586,13468,2750,2682,12388
27,layer3.5.conv1,1007078,False,2120390,558745,52382,50337,472838
27,layer3.5.bn1,33166,False,77526,8195,5371,5176,5463
27,layer3.5.relu1,11412,False,32072,4060,492,481,1180
27,layer3.5.conv2,2043951,False,4294641,207702,131669,128611,217285
27,layer3.5.bn2,33729,False,79140,8327,1571,1528,1282
27,layer3.5.relu2,12293,False,33728,4090,506,494,1693
27,layer3.5.conv3,970613,False,2043986,525974,46245,44194,427131
27,layer3.5.bn3,91233,False,200150,27513,23621,22249,27936
27,layer3.5.add,67526,False,150235,26037,18909,18201,26668
27,layer3.5.relu3,31960,False,75026,13505,2612,2539,10580
27,layer4.0.conv1,1968460,False,4135321,1085925,112310,109891,932972
27,layer4.0.bn1,51173,False,115580,14696,9892,9395,13889
27,layer4.0.relu1,16988,False,43588,7237,641,631,4830
27,layer4.0.conv2,3566399,False,7484665,695802,471413,467670,840061
27,layer4.0.bn2,31034,False,73081,5334,3189,3114,2619
27,layer4.0.relu2,8369,False,25729,2506,520,516,665
27,layer4.0.conv3,1292574,False,2718684,721798,112276,109958,521010
27,layer4.0.bn3,60179,False,134310,15476,12088,11749,16913
27,layer4.0.downsample.0,2944050,False,6180680,1162515,493460,489729,976710
27,layer4.0.downsample.1,58355,False,130457,15606,2914,2862,9022
27,layer4.0.add,32056,False,75518,13474,7042,6904,9987
27,layer4.0.relu3,17976,False,45625,7236,492,485,4888
27,layer4.1.conv1,1256267,False,2643311,759206,141974,139587,523690
27,layer4.1.bn1,30216,False,71397,5225,3923,3813,3351
27,layer4.1.relu1,9593,False,28171,2516,482,466,573
27,layer4.1.conv2,3264982,False,6853193,526264,464456,460763,605854
27,layer4.1.bn2,32885,False,76938,5345,1601,1596,1591
27,layer4.1.relu2,8430,False,25755,2533,494,491,599
27,layer4.1.conv3,1310898,False,2757816,722694,116085,113533,528883
27,layer4.1.bn3,61736,False,137515,15454,12134,11580,16825
27,layer4.1.add,32193,False,75794,13485,7072,6835,10543
27,layer4.1.relu3,17202,False,44409,7220,400,390,4157
27,layer4.2.conv1,1245213,False,2619947,758507,139696,137623,522971
27,layer4.2.bn1,30084,False,71133,5242,3790,3673,3442
27,layer4.2.relu1,8260,False,25603,2489,484,480,632
27,layer4.2.conv2,3241373,False,6804119,526180,464528,460987,605472
27,layer4.2.bn2,31797,False,74757,5305,1578,1571,1461
27,layer4.2.relu2,13125,False,35884,2744,1223,1214,635
27,layer4.2.conv3,1290551,False,2715211,722061,114323,111769,524846
27,layer4.2.bn3,59634,False,133203,15437,12078,11663,16876
27,layer4.2.add,32166,False,75809,13488,7077,6909,10917
27,layer4.2.relu3,17297,False,44322,7205,361,356,2726
27,avgpool,88716,False,194617,8669,2979,2952,6466
27,flatten,9348,False,27570,596,431,424,88
27,fc,506546,False,1073322,133287,133388,130980,165706
28,conv1,2179476,False,4579088,214516,178283,175346,261953
28,bn1,337694,False,719157,102994,104349,102761,106196
28,relu,181431,False,390900,51607,53228,51265,51629
28,maxpool,10258872,False,21506026,91697,92318,90157,131273
28,layer1.0.conv1,263595,False,492476,42402,26929,26050,5835
28,layer1.0.bn1,88398,False,194617,27045,21086,20398,26940
28,layer1.0.relu1,33334,False,77969,13534,2317,2255,14341
28,layer1.0.conv2,1986106,False,4173534,167282,59611,57082,145729
28,layer1.0.bn2,78632,False,173809,27346,12414,11705,24610
28,layer1.0.relu2,32733,False,76771,13493,3007,2909,11444
28,layer1.0.conv3,860828,False,1814740,135181,65994,64102,25345
28,layer1.0.bn3,318093,False,678071,102645,101330,99306,106206
28,layer1.0.downsample.0,873508,False,1841276,134830,70146,68207,27258
28,layer1.0.downsample.1,322772,False,687615,102647,101162,99477,109010
28,layer1.0.add,320839,False,683310,101877,103928,102456,105093
28,layer1.0.relu3,172410,False,371470,51292,52018,50152,50482
28,layer1.1.conv1,808356,False,1704523,550245,62371,60772,58364
28,layer1.1.bn1,94125,False,206237,26993,26196,24963,27386
28,layer1.1.relu1,31002,False,73126,13506,2275,2221,11809
28,layer1.1.conv2,1974847,False,4149329,167089,59348,57159,144707
28,layer1.1.bn2,75138,False,166573,27091,11660,11057,24515
28,layer1.1.relu2,32435,False,76652,13504,3033,2939,11905
28,layer1.1.conv3,857782,False,1808283,135453,65635,63351,25427
28,layer1.1.bn3,320693,False,683258,102625,101330,99676,107703
28,layer1.1.add,318401,False,677769,101861,104045,102142,105105
28,layer1.1.relu3,173559,False,373947,51289,52084,50637,51265
28,layer1.2.conv1,810102,False,1708027,551100,62640,60973,55362
28,layer1.2.bn1,93103,False,204184,26988,26016,24883,27161
28,layer1.2.relu1,31760,False,74842,13501,2477,2421,14297
28,layer1.2.conv2,1966836,False,4132544,167237,55273,53042,143430
28,layer1.2.bn2,70140,False,156090,27066,8556,8099,23297
28,layer1.2.relu2,31105,False,73525,13487,1731,1674,13158
28,layer1.2.conv3,852494,False,1797397,135143,65368,63074,24963
28,layer1.2.bn3,321744,False,685543,102655,101341,99727,106805
28,layer1.2.add,318485,False,678491,101845,104014,102004,105112
28,layer1.2.relu3,174193,False,375803,51257,52189,50805,51371
28,layer2.0.conv1,1590477,False,3343941,1092309,126520,124478,110234
28,layer2.0.bn1,181797,False,391608,52940,55087,52874,53567
28,layer2.0.relu1,78543,False,173480,26087,20136,19522,29860
28,layer2.0.conv2,2132001,False,4479907,355324,151498,148610,386863
28,layer2.0.bn2,44493,False,101581,14569,2199,2143,6272
28,layer2.0.relu2,18004,False,45831,7223,505,501,2852
28,layer2.0.conv3,850053,False,1791965,126697,42017,40034,36193
28,layer2.0.bn3,169424,False,365615,52403,51717,50189,53820
28,layer2.0.downsample.0,2315575,False,4863278,1120661,260033,256675,860625
28,layer2.0.downsample.1,176901,False,381695,52618,53019,51125,53899
28,layer2.0.add,158927,False,343241,51250,51721,50313,52597
28,layer2.0.relu3,79934,False,176732,26112,19787,19215,30086
28,layer2.1.conv1,828270,False,1745981,551946,38759,36926,279147
28,layer2.1.bn1,48913,False,110816,14465,10138,9689,13600
28,layer2.1.relu1,18254,False,46296,7212,854,835,5351
28,layer2.1.conv2,1921724,False,4037475,160153,41324,39560,116405
28,layer2.1.bn2,44394,False,101845,14527,3894,3655,8964
28,layer2.1.relu2,18705,False,47502,7213,557,540,4525
28,layer2.1.conv3,848870,False,1788854,126502,45191,42950,37033
28,layer2.1.bn3,171137,False,368878,52359,51953,50460,53674
28,layer2.1.add,156446,False,337750,51208,51066,49716,52528
28,layer2.1.relu3,82038,False,181175,26281,20386,19669,30454
28,layer2.2.conv1,814141,False,1716256,552526,35771,34216,277872
28,layer2.2.bn1,48570,False,110285,14395,10142,9787,13565
28,layer2.2.relu1,17881,False,53035,7500,1423,742,5483
28,layer2.2.conv2,1913748,False,4020432,159783,41361,39275,119404
28,layer2.2.bn2,43226,False,105586,14804,3926,3652,8474
28,layer2.2.relu2,17954,False,45774,7200,664,641,3318
28,layer2.2.conv3,843043,False,1776990,126248,46560,44564,34172
28,layer2.2.bn3,169099,False,364685,52400,52199,50328,53743
28,layer2.2.add,157660,False,340802,51225,51647,50302,52354
28,layer2.2.relu3,78589,False,173388,26063,19457,18867,30070
28,layer2.3.conv1,818923,False,1726016,551273,35589,34010,275630
28,layer2.3.bn1,47472,False,108026,14411,9420,8937,13423
28,layer2.3.relu1,17568,False,44788,7191,658,650,3923
28,layer2.3.conv2,1919094,False,4032455,160331,41396,39689,119754
28,layer2.3.bn2,42909,False,98263,14498,3787,3552,9041
28,layer2.3.relu2,18277,False,46724,7201,687,658,3703
28,layer2.3.conv3,847771,False,1786735,126631,47645,45522,34050
28,layer2.3.bn3,172754,False,372300,52388,52407,50816,53977
28,layer2.3.add,157346,False,339862,51219,51449,50100,52257
28,layer2.3.relu3,78762,False,174014,26085,19298,18755,30298
28,layer3.0.conv1,1746679,False,3677425,1000088,67862,64866,773178
28,layer3.0.bn1,84324,False,185736,27071,22064,21199,27167
28,layer3.0.relu1,33687,False,78743,13499,3326,3247,14252
28,layer3.0.conv2,2191069,False,4603182,404138,157042,154076,432046
28,layer3.0.bn2,34499,False,80503,8333,1702,1676,2414
28,layer3.0.relu2,12440,False,34269,4097,506,493,1626
28,layer3.0.conv3,972018,False,2047158,525947,46144,44230,426174
28,layer3.0.bn3,92559,False,203111,27464,24068,22904,27818
28,layer3.0.downsample.0,2216588,False,4656119,1242084,221499,218562,997835
28,layer3.0.downsample.1,82429,False,181811,27706,12892,12305,26526
28,layer3.0.add,65635,False,146705,26037,17967,17324,25788
28,layer3.0.relu3,33874,False,79246,13512,3930,3833,12946
28,layer3.1.conv1,1015910,False,2139136,558817,52550,50681,473541
28,layer3.1.bn1,33839,False,78868,8205,5419,5158,5613
28,layer3.1.relu1,11430,False,32115,4050,471,454,1634
28,layer3.1.conv2,2026620,False,4258198,207058,130591,127868,216010
28,layer3.1.bn2,32653,False,76445,8341,1475,1451,1273
28,layer3.1.relu2,11636,False,32602,4079,473,466,1627
28,layer3.1.conv3,968983,False,2040619,525823,46022,43979,425730
28,layer3.1.bn3,90043,False,197773,27481,23434,22336,28219
28,layer3.1.add,66184,False,147593,26051,18626,17952,26694
28,layer3.1.relu3,32601,False,76401,13493,2596,2519,12427
28,layer3.2.conv1,1006846,False,2119870,558597,51078,49135,472291
28,layer3.2.bn1,34101,False,79746,8202,5279,5089,4867
28,layer3.2.relu1,11375,False,32032,4080,502,496,1664
28,layer3.2.conv2,2028126,False,4261607,207049,130922,127953,220020
28,layer3.2.bn2,32632,False,77218,8326,1458,1444,1289
28,layer3.2.relu2,12069,False,33655,4090,490,487,1683
28,layer3.2.conv3,971735,False,2047433,525916,46581,44371,427354
28,layer3.2.bn3,96552,False,211391,27751,24702,23643,28152
28,layer3.2.add,65698,False,146634,26049,18500,17563,26604
28,layer3.2.relu3,30676,False,72525,13482,1912,1876,11764
28,layer3.3.conv1,1025145,False,2158495,558553,51015,49228,471635
28,layer3.3.bn1,33856,False,79076,8210,5211,4946,5220
28,layer3.3.relu1,11351,False,31833,4072,503,490,1362
28,layer3.3.conv2,2024714,False,4254471,206970,130721,127959,216427
28,layer3.3.bn2,34351,False,80519,8326,1493,1467,1266
28,layer3.3.relu2,12203,False,34057,4104,547,542,1696
28,layer3.3.conv3,967367,False,2037785,525893,46126,44057,425934
28,layer3.3.bn3,92035,False,201792,27508,24026,22954,27872
28,layer3.3.add,67151,False,149690,26043,19040,18338,26243
28,layer3.3.relu3,31583,False,74258,13502,2371,2303,12679
28,layer3.4.conv1,1015541,False,2138153,558578,51416,49496,474198
28,layer3.4.bn1,32957,False,77306,8208,5375,5214,5431
28,layer3.4.relu1,14757,False,38742,4361,1077,1062,1586
28,layer3.4.conv2,2048203,False,4303353,207165,130267,127435,219365
28,layer3.4.bn2,33284,False,77791,8365,1511,1476,1321
28,layer3.4.relu2,11650,False,32583,4096,553,534,1286
28,layer3.4.conv3,968229,False,2039446,525948,46194,44479,427538
28,layer3.4.bn3,91339,False,200218,27478,23677,22398,27868
28,layer3.4.add,67060,False,149165,26058,18954,18291,25929
28,layer3.4.relu3,32230,False,75718,13493,2740,2670,12376
28,layer3.5.conv1,1006413,False,2119168,558850,52281,50458,473195
28,layer3.5.bn1,32596,False,76596,8194,5350,5133,5385
28,layer3.5.relu1,11604,False,32735,4062,498,489,1822
28,layer3.5.conv2,2027717,False,4260203,207126,131005,128009,219233
28,layer3.5.bn2,33670,False,78841,8320,1537,1508,1206
28,layer3.5.relu2,12504,False,34610,4088,490,486,1683
28,layer3.5.conv3,970283,False,2043715,525976,46116,43896,426389
28,layer3.5.bn3,89230,False,196057,27485,23344,22362,27856
28,layer3.5.add,70726,False,157412,26322,20045,19092,26764
28,layer3.5.relu3,32079,False,75373,13497,2571,2456,10223
28,layer4.0.conv1,1961544,False,4121082,1085945,112126,109776,931941
28,layer4.0.bn1,51527,False,116528,14707,9888,9355,13697
28,layer4.0.relu1,17550,False,44954,7243,681,660,5106
28,layer4.0.conv2,3401888,False,7140787,695943,470528,467120,840289
28,layer4.0.bn2,31252,False,73813,5349,3120,3094,2734
28,layer4.0.relu2,8384,False,25635,2525,526,522,580
28,layer4.0.conv3,1273668,False,2679692,722182,113301,110896,521211
28,layer4.0.bn3,60823,False,135667,15461,12231,11768,16841
28,layer4.0.downsample.0,2886511,False,6059820,1162308,493239,489581,959165
28,layer4.0.downsample.1,59599,False,133118,15630,2934,2870,8612
28,layer4.0.add,31897,False,75226,13512,7080,6898,10038
28,layer4.0.relu3,18339,False,46667,7238,553,538,4947
28,layer4.1.conv1,1228030,False,2584588,759040,140694,138627,522564
28,layer4.1.bn1,30780,False,72692,5261,4032,3911,3531
28,layer4.1.relu1,8843,False,26643,2549,496,483,528
28,layer4.1.conv2,3160069,False,6633385,526542,464866,460969,601147
28,layer4.1.bn2,32069,False,75163,5327,1530,1521,1461
28,layer4.1.relu2,12747,False,35017,2727,1073,1070,720
28,layer4.1.conv3,1268737,False,2669686,722655,114671,112211,519096
28,layer4.1.bn3,61759,False,137614,15453,12051,11660,16534
28,layer4.1.add,32965,False,77365,13495,7108,6927,11051
28,layer4.1.relu3,17202,False,44027,7241,446,438,2982
28,layer4.2.conv1,1229306,False,2586884,759110,140315,138223,523253
28,layer4.2.bn1,30041,False,70889,5222,4015,3919,3692
28,layer4.2.relu1,8116,False,25216,2487,475,472,646
28,layer4.2.conv2,3155212,False,6623613,526512,464758,461351,601987
28,layer4.2.bn2,32847,False,77047,5335,1545,1522,1472
28,layer4.2.relu2,8994,False,26819,2502,554,546,710
28,layer4.2.conv3,1259653,False,2651116,722314,114358,112050,515183
28,layer4.2.bn3,60355,False,135016,15424,12007,11614,16585
28,layer4.2.add,31940,False,75328,13471,7095,6926,10679
28,layer4.2.relu3,16651,False,43162,7204,377,370,2831
28,avgpool,83268,False,183402,8751,3047,3029,6437
28,flatten,8355,False,25505,580,422,419,101
28,fc,504247,False,1068396,133191,133209,130937,164950
29,conv1,2173032,False,4566014,213970,178228,175283,262351
29,bn1,339993,False,724142,103206,105133,103517,105937
29,relu,174129,False,375829,51315,52138,50285,50603
29,maxpool,10258173,False,21504981,91702,92657,90412,130788
29,layer1.0.conv1,259537,False,489303,42640,26979,26063,5354
29,layer1.0.bn1,86296,False,189829,26989,20922,20218,26361
29,layer1.0.relu1,33930,False,87176,13856,3222,3113,14551
29,layer1.0.conv2,1981235,False,4163165,167323,59266,56639,146511
29,layer1.0.bn2,74972,False,166054,27124,11579,11046,24030
29,layer1.0.relu2,33222,False,77905,13522,3085,2979,14188
29,layer1.0.conv3,860682,False,1814385,135263,65992,64028,25317
29,layer1.0.bn3,317918,False,677458,102662,101358,99456,105969
29,layer1.0.downsample.0,867760,False,1829159,134837,70067,68075,27180
29,layer1.0.downsample.1,318741,False,679572,102667,101103,99472,105848
29,layer1.0.add,318319,False,678335,101912,104239,102181,104599
29,layer1.0.relu3,173421,False,373795,51306,52020,50677,51380
29,layer1.1.conv1,810773,False,1709732,550379,62301,60433,57406
29,layer1.1.bn1,93487,False,204790,27011,26145,25014,27060
29,layer1.1.relu1,31371,False,74061,13509,2331,2259,14157
29,layer1.1.conv2,1975333,False,4150295,167103,59445,57158,144627
29,layer1.1.bn2,77981,False,172333,27121,11586,11013,24243
29,layer1.1.relu2,32664,False,76893,13518,3008,2884,14244
29,layer1.1.conv3,857281,False,1807362,135220,65555,63294,25308
29,layer1.1.bn3,319510,False,680759,102684,101355,99755,107048
29,layer1.1.add,317385,False,676130,101843,104112,102048,104722
29,layer1.1.relu3,173656,False,374153,51285,52158,50884,51293
29,layer1.2.conv1,810394,False,1708790,551638,62599,60683,55713
29,layer1.2.bn1,93618,False,204989,27022,25974,24999,27023
29,layer1.2.relu1,30813,False,72828,13494,2254,2193,13464
29,layer1.2.conv2,1968004,False,4135273,168052,55622,53115,143887
29,layer1.2.bn2,69730,False,154785,27099,8669,8205,23097
29,layer1.2.relu2,31591,False,74436,13482,1659,1598,11730
29,layer1.2.conv3,852373,False,1797177,135263,65385,63076,25094
29,layer1.2.bn3,318825,False,679668,102669,101370,99754,105978
29,layer1.2.add,316907,False,675582,101845,104061,102009,104890
29,layer1.2.relu3,173758,False,374246,51302,52190,50816,51254
29,layer2.0.conv1,1593529,False,3350256,1092952,127013,124939,106835
29,layer2.0.bn1,172224,False,371503,52264,53882,52125,53116
29,layer2.0.relu1,79154,False,174603,26078,20059,19455,29663
29,layer2.0.conv2,2118832,False,4451701,355445,150760,148007,388894
29,layer2.0.bn2,43791,False,100016,14574,2088,2034,6213
29,layer2.0.relu2,17526,False,44939,7230,510,504,2777
29,layer2.0.conv3,848308,False,1788563,126751,41734,39734,34807
29,layer2.0.bn3,169292,False,365335,52381,51602,50067,53293
29,layer2.0.downsample.0,2314588,False,4861823,1122716,260284,256205,860088
29,layer2.0.downsample.1,176653,False,380558,52625,53183,51592,53860
29,layer2.0.add,159040,False,343604,51242,51896,50459,52255
29,layer2.0.relu3,78808,False,174060,26088,19742,19148,29819
29,layer2.1.conv1,824323,False,1737237,551663,38539,36752,280896
29,layer2.1.bn1,47460,False,107562,14427,10158,9717,13541
29,layer2.1.relu1,18517,False,47008,7195,808,788,5509
29,layer2.1.conv2,1919243,False,4032429,160268,41591,39812,114294
29,layer2.1.bn2,45183,False,103053,14511,3798,3559,8987
29,layer2.1.relu2,18584,False,47723,7231,564,546,3272
29,layer2.1.conv3,848920,False,1789695,126445,45098,42892,36520
29,layer2.1.bn3,170816,False,368567,52363,51961,50467,53629
29,layer2.1.add,156534,False,338161,51216,51082,49708,52202
29,layer2.1.relu3,77955,False,172358,26078,19645,18822,28752
29,layer2.2.conv1,812550,False,1712711,552479,35772,34436,278341
29,layer2.2.bn1,51083,False,115585,14654,10832,10317,13808
29,layer2.2.relu1,17533,False,44722,7205,724,702,3980
29,layer2.2.conv2,1912961,False,4019428,160184,41579,39758,117919
29,layer2.2.bn2,43785,False,100174,14529,3929,3689,7903
29,layer2.2.relu2,18653,False,47015,7221,689,669,4354
29,layer2.2.conv3,847100,False,1785665,126690,47463,45467,34347
29,layer2.2.bn3,169718,False,366053,52412,52230,50356,53706
29,layer2.2.add,157155,False,339712,51223,51762,50414,52521
29,layer2.2.relu3,77936,False,172086,26076,19404,18804,29927
29,layer2.3.conv1,819752,False,1727382,550691,36029,34268,277321
29,layer2.3.bn1,47443,False,108041,14423,9382,8956,13395
29,layer2.3.relu1,17226,False,44198,7206,613,606,4864
29,layer2.3.conv2,1915260,False,4024316,160113,41337,39657,117990
29,layer2.3.bn2,42008,False,96674,14503,3905,3638,9430
29,layer2.3.relu2,17772,False,45635,7222,767,739,4818
29,layer2.3.conv3,848331,False,1787776,126469,47589,45406,33972
29,layer2.3.bn3,172101,False,370705,52399,52369,50781,53884
29,layer2.3.add,157612,False,340459,51253,51633,50255,52436
29,layer2.3.relu3,81261,False,179212,26312,20308,19665,28383
29,layer3.0.conv1,1747231,False,3671674,999564,67693,65213,772729
29,layer3.0.bn1,84184,False,185648,27094,22006,21170,27117
29,layer3.0.relu1,32551,False,76443,13496,3355,3261,12872
29,layer3.0.conv2,2186800,False,4594271,403751,156723,153647,432419
29,layer3.0.bn2,33200,False,77580,8332,1671,1637,2393
29,layer3.0.relu2,12536,False,34593,4059,584,576,1775
29,layer3.0.conv3,969506,False,2042067,525959,46211,44288,427038
29,layer3.0.bn3,92363,False,202636,27471,23831,22682,27896
29,layer3.0.downsample.0,2213402,False,4649879,1241866,221368,218347,996182
29,layer3.0.downsample.1,83777,False,184467,27745,13193,12581,26651
29,layer3.0.add,66860,False,149108,26048,18162,17492,25990
29,layer3.0.relu3,37912,False,87586,13797,4867,4732,14172
29,layer3.1.conv1,1025551,False,2159578,558552,53156,51227,474515
29,layer3.1.bn1,36090,False,83865,8229,5346,5077,4895
29,layer3.1.relu1,12039,False,33338,4062,496,472,1188
29,layer3.1.conv2,2029702,False,4264658,207432,130895,128106,215797
29,layer3.1.bn2,33999,False,79634,8348,1485,1459,1199
29,layer3.1.relu2,12542,False,34506,4097,513,504,1593
29,layer3.1.conv3,968287,False,2039444,525718,46232,44070,426046
29,layer3.1.bn3,92065,False,202318,27561,23445,22377,27978
29,layer3.1.add,67405,False,150026,26074,18857,18169,26321
29,layer3.1.relu3,32361,False,76195,13493,2673,2586,12424
29,layer3.2.conv1,1012409,False,2131942,558724,51928,49962,470686
29,layer3.2.bn1,34581,False,80572,8238,5409,5231,5077
29,layer3.2.relu1,11468,False,32155,4075,484,472,1733
29,layer3.2.conv2,2026602,False,4258227,206958,130826,127859,217253
29,layer3.2.bn2,32685,False,76701,8337,1472,1458,1231
29,layer3.2.relu2,11564,False,32559,4077,502,497,1592
29,layer3.2.conv3,963545,False,2030089,525663,45635,43469,426850
29,layer3.2.bn3,93532,False,204694,27510,23731,22527,28286
29,layer3.2.add,66228,False,147782,26028,18358,17652,26592
29,layer3.2.relu3,31229,False,73831,13479,1954,1914,11445
29,layer3.3.conv1,1020704,False,2148862,558524,51718,49962,472954
29,layer3.3.bn1,33803,False,78907,8195,5216,4956,5012
29,layer3.3.relu1,11027,False,31431,4058,482,470,1849
29,layer3.3.conv2,2032184,False,4270193,207156,130928,128183,217359
29,layer3.3.bn2,33332,False,78243,8336,1516,1489,1346
29,layer3.3.relu2,12218,False,33607,4097,537,530,1201
29,layer3.3.conv3,965792,False,2034683,525953,45915,43774,425887
29,layer3.3.bn3,91959,False,202221,27529,24031,23041,28024
29,layer3.3.add,67678,False,150806,26048,19192,18524,26306
29,layer3.3.relu3,30784,False,72607,13509,2427,2355,9811
29,layer3.4.conv1,1010457,False,2127344,558508,51493,49615,471760
29,layer3.4.bn1,33963,False,79379,8271,5432,5245,5441
29,layer3.4.relu1,11588,False,32390,4066,494,474,1774
29,layer3.4.conv2,2049688,False,4305980,207229,130114,127408,216533
29,layer3.4.bn2,33793,False,79005,8336,1497,1460,1320
29,layer3.4.relu2,12056,False,33650,4110,494,482,1629
29,layer3.4.conv3,967419,False,2037289,525844,46298,44394,427936
29,layer3.4.bn3,90759,False,198985,27490,23761,22638,28009
29,layer3.4.add,67811,False,150970,26043,19033,18379,26257
29,layer3.4.relu3,31979,False,75132,13492,2703,2633,11909
29,layer3.5.conv1,1020420,False,2148690,558514,52914,51026,474015
29,layer3.5.bn1,33651,False,78529,8207,5338,5153,5247
29,layer3.5.relu1,10697,False,30567,4069,473,467,1686
29,layer3.5.conv2,2029397,False,4263835,207029,130950,127975,218313
29,layer3.5.bn2,32469,False,76516,8319,1469,1444,1252
29,layer3.5.relu2,12438,False,34177,4097,515,508,1627
29,layer3.5.conv3,966353,False,2035649,525775,45919,43765,426960
29,layer3.5.bn3,93968,False,206035,27765,24389,23214,27964
29,layer3.5.add,67439,False,149928,26076,18935,18052,26865
29,layer3.5.relu3,32508,False,76173,13488,2640,2554,12694
29,layer4.0.conv1,1968716,False,4136307,1086063,114324,111999,933130
29,layer4.0.bn1,51545,False,116412,14731,9974,9453,13585
29,layer4.0.relu1,17148,False,44088,7224,664,642,5021
29,layer4.0.conv2,3410612,False,7159011,695577,471289,467516,840931
29,layer4.0.bn2,31261,False,73737,5352,3163,3128,2691
29,layer4.0.relu2,8520,False,26043,2506,552,550,703
29,layer4.0.conv3,1255382,False,2641165,722219,113536,111034,515726
29,layer4.0.bn3,59995,False,133761,15471,12090,11724,16918
29,layer4.0.downsample.0,2882576,False,6051584,1164244,493038,489445,958179
29,layer4.0.downsample.1,58930,False,131845,15556,2859,2799,9759
29,layer4.0.add,31856,False,74963,13465,7047,6909,9764
29,layer4.0.relu3,17922,False,45647,7233,519,509,4568
29,layer4.1.conv1,1225226,False,2578551,759001,140783,138706,519449
29,layer4.1.bn1,30707,False,72631,5272,3891,3779,3313
29,layer4.1.relu1,8805,False,26493,2531,608,602,826
29,layer4.1.conv2,3147163,False,6607095,526372,464353,460880,602524
29,layer4.1.bn2,33187,False,78067,5403,1619,1608,1524
29,layer4.1.relu2,8816,False,26814,2517,492,482,629
29,layer4.1.conv3,1251826,False,2634172,722794,114477,111950,515688
29,layer4.1.bn3,61489,False,137329,15493,12185,11773,16942
29,layer4.1.add,32473,False,76310,13471,7052,6880,10996
29,layer4.1.relu3,17108,False,43972,7213,414,400,3970
29,layer4.2.conv1,1225309,False,2578434,759132,139948,137810,520520
29,layer4.2.bn1,30102,False,71118,5284,3925,3835,3526
29,layer4.2.relu1,7676,False,24267,2488,477,473,790
29,layer4.2.conv2,3146023,False,6603751,526587,465008,461399,601783
29,layer4.2.bn2,31715,False,74885,5321,1598,1572,1511
29,layer4.2.relu2,8824,False,26553,2487,489,483,640
29,layer4.2.conv3,1245038,False,2620156,722830,114762,112487,514585
29,layer4.2.bn3,60370,False,134810,15482,12013,11633,16799
29,layer4.2.add,31793,False,74844,13467,7082,6908,10773
29,layer4.2.relu3,17092,False,43864,7190,378,374,3871
29,avgpool,79911,False,176558,8719,3016,2994,6452
29,flatten,8296,False,25483,606,386,381,80
29,fc,503071,False,1066144,133181,133157,130886,165646
