iter,layer,ns,multiplexed,cycles,tdg_br_mispredict,tdg_heavy_ops,tdg_fe_0uops_cycles,tdg_uop_dropping
0,conv1,2176272,False,4572749,135914,72389,123322,2070
0,bn1,335471,False,715036,41858,109786,37783,955
0,relu,176729,False,380949,10720,103548,13933,119
0,maxpool,10113431,False,21201403,46394411,1486497,1890835,731923
0,layer1.0.conv1,265323,False,487385,36949,5966,38967,481
0,layer1.0.bn1,90135,False,195136,53222,31726,26369,779
0,layer1.0.relu1,33559,False,78900,11921,28176,9034,160
0,layer1.0.conv2,1995284,False,4192318,198638,5287501,123020,2807
0,layer1.0.bn2,82359,False,181886,34917,31921,24543,556
0,layer1.0.relu2,31895,False,75009,6319,28149,7628,84
0,layer1.0.conv3,858173,False,1809181,26145,14401,42793,430
0,layer1.0.bn3,325565,False,693451,45182,108246,25597,1225
0,layer1.0.downsample.0,867266,False,1827939,18365,14344,30852,315
0,layer1.0.downsample.1,324318,False,690950,40151,108427,22921,1228
0,layer1.0.add,316101,False,673627,13759,5081,19082,171
0,layer1.0.relu3,173571,False,373720,6669,103535,9745,84
0,layer1.1.conv1,809252,False,1706441,21822,7672,30497,285
0,layer1.1.bn1,94021,False,206128,17368,31616,18878,400
0,layer1.1.relu1,31749,False,75029,3974,28096,5736,60
0,layer1.1.conv2,1991159,False,4185017,158915,5287441,112637,2237
0,layer1.1.bn2,83152,False,183677,37874,32037,24452,622
0,layer1.1.relu2,31731,False,74761,4752,28140,7915,78
0,layer1.1.conv3,852720,False,1797977,22114,14499,36540,374
0,layer1.1.bn3,321683,False,685700,42565,108242,24864,1147
0,layer1.1.add,316860,False,675101,10864,5092,16888,139
0,layer1.1.relu3,173766,False,374570,5325,103531,9401,62
0,layer1.2.conv1,810103,False,1708434,23305,7723,33095,271
0,layer1.2.bn1,94498,False,206980,18019,31679,19644,425
0,layer1.2.relu1,31978,False,75121,4751,28130,7258,71
0,layer1.2.conv2,1965308,False,4129362,130060,5287582,100613,1915
0,layer1.2.bn2,72374,False,160718,24720,31792,22605,490
0,layer1.2.relu2,31424,False,74235,4577,28108,7024,74
0,layer1.2.conv3,853772,False,1799518,16700,14398,35910,315
0,layer1.2.bn3,324298,False,690699,40015,108359,25151,1275
0,layer1.2.add,312481,False,665624,6699,5076,16081,94
0,layer1.2.relu3,173879,False,374887,6368,103530,9221,85
0,layer2.0.conv1,1597245,False,3358023,38326,10694,37881,469
0,layer2.0.bn1,175015,False,377753,25223,57173,22542,659
0,layer2.0.relu1,78076,False,173552,5133,53283,7524,57
0,layer2.0.conv2,2138036,False,4491397,158148,4297107,110206,2383
0,layer2.0.bn2,48443,False,110163,21895,19163,20831,320
0,layer2.0.relu2,18172,False,46420,4893,15535,6966,59
0,layer2.0.conv3,849023,False,1789698,25224,14082,33048,417
0,layer2.0.bn3,170465,False,367801,14981,57623,20907,408
0,layer2.0.downsample.0,2285355,False,4800178,151468,76598,125221,2191
0,layer2.0.downsample.1,174627,False,376573,17941,57797,23053,435
0,layer2.0.add,158231,False,342191,8410,3151,15221,81
0,layer2.0.relu3,78956,False,174221,5662,53251,9199,79
0,layer2.1.conv1,822566,False,1734228,36518,7726,41284,519
0,layer2.1.bn1,47908,False,108903,12286,18882,18077,217
0,layer2.1.relu1,17431,False,45009,4929,15545,6781,70
0,layer2.1.conv2,1919364,False,4032820,139794,5168565,95927,2003
0,layer2.1.bn2,44343,False,101381,16252,19271,19349,306
0,layer2.1.relu2,17095,False,43948,4437,15593,6515,69
0,layer2.1.conv3,848877,False,1789666,18344,14150,31667,297
0,layer2.1.bn3,171344,False,369626,10442,57592,18730,384
0,layer2.1.add,160977,False,347441,7528,5045,14797,86
0,layer2.1.relu3,77640,False,171302,5094,53227,7472,64
0,layer2.2.conv1,810216,False,1707800,21962,5867,30059,274
0,layer2.2.bn1,46738,False,114738,7763,18881,16518,135
0,layer2.2.relu1,16803,False,43512,3981,15560,6017,66
0,layer2.2.conv2,1916634,False,4026856,122841,5168556,89823,1698
0,layer2.2.bn2,44379,False,101468,12339,19240,18136,231
0,layer2.2.relu2,16947,False,43868,4315,15551,5705,64
0,layer2.2.conv3,846197,False,1783657,13574,14029,29898,251
0,layer2.2.bn3,169842,False,366643,13436,57573,19340,390
0,layer2.2.add,156145,False,337626,7048,3184,12055,70
0,layer2.2.relu3,78932,False,174135,4901,53221,6811,62
0,layer2.3.conv1,816228,False,1719932,22125,7715,32030,287
0,layer2.3.bn1,46151,False,105181,8893,18899,15168,148
0,layer2.3.relu1,16985,False,43886,3370,15533,5339,57
0,layer2.3.conv2,1921192,False,4036252,131356,5168280,90150,1867
0,layer2.3.bn2,44660,False,102034,13965,19219,17665,247
0,layer2.3.relu2,17071,False,44020,3818,15547,5648,55
0,layer2.3.conv3,846752,False,1784647,12432,14019,30067,239
0,layer2.3.bn3,171258,False,369243,10359,57610,18762,367
0,layer2.3.add,155927,False,336735,4433,3138,12070,51
0,layer2.3.relu3,81544,False,179783,4497,55108,9205,59
0,layer3.0.conv1,1750037,False,3677496,24359,20886,36844,494
0,layer3.0.bn1,85573,False,188240,9536,31809,19073,274
0,layer3.0.relu1,35036,False,81733,4590,29990,7718,68
0,layer3.0.conv2,2189022,False,4598563,150836,5534002,101764,2179
0,layer3.0.bn2,35481,False,82531,13540,13693,19745,205
0,layer3.0.relu2,10653,False,30352,2982,9259,5958,41
0,layer3.0.conv3,967954,False,2038689,13630,14280,31919,244
0,layer3.0.bn3,90683,False,199297,12448,35861,17385,267
0,layer3.0.downsample.0,2202202,False,4626022,126568,74155,112830,1871
0,layer3.0.downsample.1,88824,False,194929,15968,36104,19374,305
0,layer3.0.add,66153,False,147339,5786,3141,10373,62
0,layer3.0.relu3,36079,False,83700,6795,29968,9089,84
0,layer3.1.conv1,1024498,False,2157135,19420,14549,36653,385
0,layer3.1.bn1,35947,False,83403,10326,13525,16810,207
0,layer3.1.relu1,10657,False,30793,4642,9266,5946,68
0,layer3.1.conv2,2046144,False,4299474,154773,3448412,103231,2166
0,layer3.1.bn2,35503,False,82772,11520,13712,17850,209
0,layer3.1.relu2,11337,False,31869,6906,9276,6982,74
0,layer3.1.conv3,968332,False,2039438,12983,14177,33076,235
0,layer3.1.bn3,92566,False,202978,11795,35947,16182,306
0,layer3.1.add,65180,False,145615,4670,3105,10784,71
0,layer3.1.relu3,30577,False,72438,4469,28163,5164,58
0,layer3.2.conv1,1012833,False,2132809,13645,14497,30654,255
0,layer3.2.bn1,35189,False,81874,7514,13481,15675,179
0,layer3.2.relu1,10854,False,30750,3818,9247,6031,45
0,layer3.2.conv2,2041653,False,4289240,137387,3448697,96757,1967
0,layer3.2.bn2,37928,False,88029,17751,15491,20899,252
0,layer3.2.relu2,11128,False,31322,4743,9260,6221,62
0,layer3.2.conv3,967393,False,2037718,14903,14291,27873,231
0,layer3.2.bn3,90123,False,198219,12966,35960,17719,249
0,layer3.2.add,65713,False,146738,4633,3138,10507,58
0,layer3.2.relu3,30618,False,72298,5384,28110,6676,74
0,layer3.3.conv1,1006296,False,2119131,14115,14536,32278,238
0,layer3.3.bn1,34989,False,81572,7222,13551,16063,184
0,layer3.3.relu1,10322,False,29794,3431,9239,5038,50
0,layer3.3.conv2,2040738,False,4287590,104884,3448688,94852,1421
0,layer3.3.bn2,36032,False,83819,15472,13719,18909,235
0,layer3.3.relu2,11223,False,31632,3558,9288,5917,53
0,layer3.3.conv3,968982,False,2040626,13007,14286,31815,219
0,layer3.3.bn3,90539,False,198766,9314,35978,14891,264
0,layer3.3.add,64950,False,144893,4182,3122,10445,52
0,layer3.3.relu3,30614,False,72532,4596,28161,5868,71
0,layer3.4.conv1,1003896,False,2123160,16952,16105,33852,215
0,layer3.4.bn1,34358,False,80120,6268,13493,15007,173
0,layer3.4.relu1,10604,False,30325,3535,9282,5389,69
0,layer3.4.conv2,2043790,False,4293701,134989,3448194,97984,1862
0,layer3.4.bn2,34228,False,79842,10073,13674,17520,171
0,layer3.4.relu2,11516,False,32557,6514,9273,6380,74
0,layer3.4.conv3,966709,False,2035966,13113,14221,29615,208
0,layer3.4.bn3,89487,False,196488,10026,35936,16103,219
0,layer3.4.add,65880,False,146935,4802,3116,11090,76
0,layer3.4.relu3,30862,False,73344,3729,28105,5575,61
0,layer3.5.conv1,1025653,False,2159929,13227,14634,30352,230
0,layer3.5.bn1,35016,False,81494,8657,13560,14840,193
0,layer3.5.relu1,10670,False,30523,3030,9241,5333,46
0,layer3.5.conv2,2095496,False,4321879,164880,3450895,115808,2249
0,layer3.5.bn2,36960,False,85694,15995,13694,21139,233
0,layer3.5.relu2,12589,False,34776,9233,9284,9410,101
0,layer3.5.conv3,969975,False,2043228,14194,14167,36093,214
0,layer3.5.bn3,91848,False,201374,12528,35944,17370,273
0,layer3.5.add,66246,False,147804,6237,3125,12342,73
0,layer3.5.relu3,30878,False,72767,4732,28103,6342,65
0,layer4.0.conv1,1972649,False,4144725,20971,23490,36764,384
0,layer4.0.bn1,50695,False,114511,11712,20900,18179,181
0,layer4.0.relu1,17659,False,45343,4910,15578,6038,74
0,layer4.0.conv2,3408553,False,7155016,119888,5072141,105182,1701
0,layer4.0.bn2,32480,False,76542,20776,11995,19767,287
0,layer4.0.relu2,8642,False,26299,6191,6138,7069,75
0,layer4.0.conv3,1253619,False,2637709,43276,10870,43401,710
0,layer4.0.bn3,59955,False,133955,18637,28747,19172,275
0,layer4.0.downsample.0,2895281,False,6078594,150591,94218,115102,2455
0,layer4.0.downsample.1,61376,False,136815,19718,28991,20628,334
0,layer4.0.add,32447,False,76225,7677,3124,11215,110
0,layer4.0.relu3,17503,False,44644,5838,15551,6726,81
0,layer4.1.conv1,1218137,False,2563869,45101,10301,48448,641
0,layer4.1.bn1,30391,False,71817,11403,11688,17534,165
0,layer4.1.relu1,8102,False,25030,4776,6153,6577,64
0,layer4.1.conv2,3157994,False,6629226,131746,2454501,104874,1922
0,layer4.1.bn2,31566,False,74208,16556,12041,17976,230
0,layer4.1.relu2,9069,False,27147,4364,6120,7097,64
0,layer4.1.conv3,1245437,False,2621121,26611,10633,39437,389
0,layer4.1.bn3,61402,False,137259,10294,28661,16915,232
0,layer4.1.add,31849,False,74919,7041,3103,9885,86
0,layer4.1.relu3,16942,False,43672,4191,15527,5455,61
0,layer4.2.conv1,1219450,False,2567108,28479,10287,35848,327
0,layer4.2.bn1,30746,False,80879,14906,13377,19441,191
0,layer4.2.relu1,7157,False,23264,2344,6116,4510,44
0,layer4.2.conv2,3155902,False,6624475,110411,2452685,95129,1621
0,layer4.2.bn2,31645,False,74601,14527,11963,19964,214
0,layer4.2.relu2,8276,False,25562,2601,6112,5462,40
0,layer4.2.conv3,1240289,False,2609784,22204,10711,37583,316
0,layer4.2.bn3,58244,False,130464,8944,28644,17794,146
0,layer4.2.add,31013,False,73220,5692,3086,9289,73
0,layer4.2.relu3,16641,False,43096,4308,15557,4485,60
0,avgpool,81924,False,180382,83281,9614,89163,1270
0,flatten,11965,False,33060,15440,4698,13075,201
0,fc,499714,False,1059254,27785,134387,52333,369
1,conv1,2174526,False,4569205,128052,72285,119316,1781
1,bn1,334953,False,713369,42330,109851,37222,926
1,relu,175939,False,378888,9337,103558,13061,112
1,maxpool,10281760,False,21554141,47283299,1486556,2081511,749719
1,layer1.0.conv1,264710,False,524131,49546,10324,50962,650
1,layer1.0.bn1,88948,False,195685,51852,31690,27976,832
1,layer1.0.relu1,33219,False,77726,9319,28147,8983,126
1,layer1.0.conv2,2000458,False,4203083,206062,5287694,125981,2967
1,layer1.0.bn2,82362,False,182349,32699,31859,24534,515
1,layer1.0.relu2,36273,False,84243,8716,29873,10008,111
1,layer1.0.conv3,858430,False,1809750,32823,14540,44104,518
1,layer1.0.bn3,323421,False,689085,43325,108341,25258,1186
1,layer1.0.downsample.0,870854,False,1836462,19784,14406,33219,365
1,layer1.0.downsample.1,323054,False,688565,37647,108449,24076,1216
1,layer1.0.add,310191,False,661431,12362,3266,16748,164
1,layer1.0.relu3,173787,False,374676,8288,103515,10213,106
1,layer1.1.conv1,810252,False,1709052,35339,7753,33461,428
1,layer1.1.bn1,95176,False,208707,24237,31659,22123,504
1,layer1.1.relu1,31491,False,74177,4541,28136,6312,74
1,layer1.1.conv2,1994248,False,4190461,155815,5287408,110365,2330
1,layer1.1.bn2,80051,False,176857,24315,31882,23460,452
1,layer1.1.relu2,32052,False,75461,5266,28145,7699,71
1,layer1.1.conv3,852422,False,1797903,18866,14444,35340,336
1,layer1.1.bn3,327475,False,697090,42243,110251,29207,1169
1,layer1.1.add,313066,False,667220,6873,3274,14633,87
1,layer1.1.relu3,173392,False,373464,5844,103528,8826,63
1,layer1.2.conv1,813713,False,1716002,26010,8465,35543,329
1,layer1.2.bn1,94605,False,207564,19369,31610,20365,441
1,layer1.2.relu1,31526,False,74315,3939,28115,6065,58
1,layer1.2.conv2,1970085,False,4139377,143821,5287811,104841,2072
1,layer1.2.bn2,74044,False,164375,30273,31906,23093,524
1,layer1.2.relu2,30764,False,72856,6058,28170,7569,80
1,layer1.2.conv3,860793,False,1815081,23444,16911,37668,397
1,layer1.2.bn3,330318,False,703206,40884,110270,27134,1332
1,layer1.2.add,308542,False,658091,6795,3269,14619,78
1,layer1.2.relu3,173732,False,373950,5424,103548,9406,65
1,layer2.0.conv1,1593805,False,3350597,37977,10220,33887,462
1,layer2.0.bn1,173668,False,374924,25121,57133,22490,583
1,layer2.0.relu1,77988,False,172572,4175,53256,8568,58
1,layer2.0.conv2,2142093,False,4500613,164208,4297156,116817,2325
1,layer2.0.bn2,48985,False,111169,24858,19077,20992,320
1,layer2.0.relu2,18321,False,46707,7046,15565,7014,86
1,layer2.0.conv3,849138,False,1790183,26235,14211,33703,430
1,layer2.0.bn3,175281,False,377901,20594,59536,21611,447
1,layer2.0.downsample.0,2289166,False,4808808,169936,74691,126875,2556
1,layer2.0.downsample.1,175405,False,377981,21572,57859,24032,493
1,layer2.0.add,158459,False,342430,9056,3186,15586,120
1,layer2.0.relu3,79015,False,174503,6690,53258,8996,87
1,layer2.1.conv1,822594,False,1734307,31942,7830,42926,495
1,layer2.1.bn1,48205,False,109420,13620,18912,18017,245
1,layer2.1.relu1,17028,False,43714,5490,15570,5940,71
1,layer2.1.conv2,1920689,False,4035780,152462,5168204,98799,2145
1,layer2.1.bn2,44606,False,101928,15065,19218,18950,284
1,layer2.1.relu2,20300,False,50621,6495,17353,9127,71
1,layer2.1.conv3,844018,False,1779504,18619,12208,30336,337
1,layer2.1.bn3,176386,False,380228,12155,59335,21858,395
1,layer2.1.add,156945,False,338931,6692,3171,13766,81
1,layer2.1.relu3,77405,False,170879,4574,53240,7515,58
1,layer2.2.conv1,815961,False,1719641,29912,7708,32986,441
1,layer2.2.bn1,46542,False,106104,11809,18857,17041,176
1,layer2.2.relu1,17102,False,43900,4416,15554,5321,53
1,layer2.2.conv2,1921466,False,4036809,144403,5168602,93927,1968
1,layer2.2.bn2,44242,False,101445,15728,19166,17644,288
1,layer2.2.relu2,17921,False,46036,7327,15592,7060,100
1,layer2.2.conv3,847132,False,1786408,13775,14017,31086,255
1,layer2.2.bn3,169934,False,366605,12520,57522,20057,355
1,layer2.2.add,156858,False,339178,6760,3183,13498,73
1,layer2.2.relu3,78361,False,172799,5794,53279,7137,74
1,layer2.3.conv1,816653,False,1720974,30527,7818,32185,425
1,layer2.3.bn1,47581,False,108225,10938,18833,16594,219
1,layer2.3.relu1,16441,False,42491,3796,15587,5395,50
1,layer2.3.conv2,1918784,False,4031242,122343,5168219,90080,1704
1,layer2.3.bn2,45400,False,103520,15206,19227,18640,272
1,layer2.3.relu2,17447,False,44895,5878,15570,7520,73
1,layer2.3.conv3,847386,False,1786563,17841,14140,32036,263
1,layer2.3.bn3,175597,False,378197,13741,59336,21141,441
1,layer2.3.add,155751,False,336533,6083,3136,12782,70
1,layer2.3.relu3,78373,False,172950,4257,53255,7649,68
1,layer3.0.conv1,1740977,False,3658584,26792,23146,39388,456
1,layer3.0.bn1,85317,False,187754,10450,31803,19213,269
1,layer3.0.relu1,32110,False,75798,5155,28134,5703,56
1,layer3.0.conv2,2186374,False,4592848,115603,5533748,102080,1712
1,layer3.0.bn2,35799,False,83383,15432,13670,19355,208
1,layer3.0.relu2,11054,False,31274,3624,9257,5878,47
1,layer3.0.conv3,969183,False,2041322,15652,14305,32816,301
1,layer3.0.bn3,90621,False,199278,12773,35906,15678,254
1,layer3.0.downsample.0,2202318,False,4633067,121609,76017,110042,1871
1,layer3.0.downsample.1,89719,False,197229,15616,36094,20013,317
1,layer3.0.add,66008,False,147474,5037,3116,11587,71
1,layer3.0.relu3,32030,False,75269,5081,28133,6733,60
1,layer3.1.conv1,1019557,False,2147215,23821,14502,37781,455
1,layer3.1.bn1,35530,False,82722,10066,13564,17120,207
1,layer3.1.relu1,11471,False,32289,4628,9254,6160,67
1,layer3.1.conv2,2090239,False,4312739,135072,3449814,112953,1979
1,layer3.1.bn2,37243,False,86565,14185,13695,21475,223
1,layer3.1.relu2,12703,False,34869,6835,9280,8548,88
1,layer3.1.conv3,968497,False,2040187,14654,14284,34668,243
1,layer3.1.bn3,92920,False,203889,10960,36059,17607,269
1,layer3.1.add,65655,False,146757,5347,3113,11768,67
1,layer3.1.relu3,33724,False,78625,6698,29990,7985,92
1,layer3.2.conv1,1004058,False,2114529,16701,14582,31496,297
1,layer3.2.bn1,35419,False,82562,8459,13513,15103,210
1,layer3.2.relu1,11400,False,32285,3466,9260,5615,68
1,layer3.2.conv2,2041780,False,4290686,107134,3448683,96213,1515
1,layer3.2.bn2,34851,False,81402,15663,13691,18440,215
1,layer3.2.relu2,11441,False,32347,5985,9262,6960,83
1,layer3.2.conv3,968190,False,2039101,15375,14267,31395,232
1,layer3.2.bn3,91032,False,199530,11982,35941,18131,248
1,layer3.2.add,66164,False,147980,5239,3114,10625,68
1,layer3.2.relu3,31284,False,73913,5438,28152,5657,66
1,layer3.3.conv1,1006867,False,2120570,14275,14611,30447,266
1,layer3.3.bn1,35532,False,82578,9203,13562,15417,195
1,layer3.3.relu1,10771,False,30671,4832,9257,5716,58
1,layer3.3.conv2,2043294,False,4293409,126727,3448615,96840,1804
1,layer3.3.bn2,37847,False,87788,18208,13751,20513,291
1,layer3.3.relu2,11894,False,33229,4324,9311,6569,68
1,layer3.3.conv3,962720,False,2027685,11416,12518,27954,186
1,layer3.3.bn3,92282,False,202514,12789,35997,17592,302
1,layer3.3.add,65183,False,145663,5042,3115,10869,66
1,layer3.3.relu3,30699,False,72294,6016,28122,6153,70
1,layer3.4.conv1,1022389,False,2153059,13021,14525,30788,250
1,layer3.4.bn1,34722,False,81026,7045,13510,14907,185
1,layer3.4.relu1,10509,False,30088,3753,9253,5240,48
1,layer3.4.conv2,2040769,False,4288343,105579,3448289,95550,1482
1,layer3.4.bn2,35090,False,81933,14404,13770,19185,265
1,layer3.4.relu2,10951,False,31176,5367,9311,6515,85
1,layer3.4.conv3,966504,False,2036505,12425,14206,28832,191
1,layer3.4.bn3,90741,False,199039,13296,35860,17884,279
1,layer3.4.add,65821,False,147028,4597,3113,10783,49
1,layer3.4.relu3,30460,False,72139,4163,28119,5962,64
1,layer3.5.conv1,1011071,False,2129378,14165,14541,28873,218
1,layer3.5.bn1,34645,False,80997,10366,13594,15506,213
1,layer3.5.relu1,10419,False,30129,5027,9272,5588,57
1,layer3.5.conv2,2040348,False,4287200,131981,3448641,95539,1828
1,layer3.5.bn2,35894,False,83312,14523,13780,18308,219
1,layer3.5.relu2,10860,False,30859,4658,9302,6219,57
1,layer3.5.conv3,970432,False,2044286,13515,14366,31295,210
1,layer3.5.bn3,92418,False,202931,10997,35971,17203,272
1,layer3.5.add,65387,False,146171,4696,3130,11082,61
1,layer3.5.relu3,29978,False,71206,4945,28122,5716,80
1,layer4.0.conv1,1967498,False,4134074,21290,23444,34267,388
1,layer4.0.bn1,50907,False,115291,11588,20959,17927,187
1,layer4.0.relu1,17187,False,44459,5008,15569,6140,67
1,layer4.0.conv2,3440300,False,7220929,126340,5073734,99998,1910
1,layer4.0.bn2,32802,False,77059,16121,11997,19271,254
1,layer4.0.relu2,8415,False,25947,5330,6139,6547,70
1,layer4.0.conv3,1254804,False,2640281,42822,10680,42851,696
1,layer4.0.bn3,59337,False,132946,11158,28631,16304,198
1,layer4.0.downsample.0,2889199,False,6065489,144899,94570,112325,2407
1,layer4.0.downsample.1,60041,False,134640,14030,28946,17498,249
1,layer4.0.add,31510,False,74435,5563,3127,10155,69
1,layer4.0.relu3,17408,False,44820,7150,15542,6059,74
1,layer4.1.conv1,1223817,False,2576102,45842,12203,48481,685
1,layer4.1.bn1,30987,False,73062,12308,11676,18451,180
1,layer4.1.relu1,8495,False,26140,3145,6151,6414,61
1,layer4.1.conv2,3150404,False,6613409,119454,2452403,93768,1831
1,layer4.1.bn2,31650,False,74605,14154,11983,18716,229
1,layer4.1.relu2,8431,False,26145,3871,6138,6704,57
1,layer4.1.conv3,1255368,False,2641883,30071,10796,38842,466
1,layer4.1.bn3,61788,False,137776,9377,28689,16275,191
1,layer4.1.add,31768,False,75065,4777,3125,10091,66
1,layer4.1.relu3,17191,False,44248,4113,15543,5747,54
1,layer4.2.conv1,1217144,False,2561971,36711,10310,35507,476
1,layer4.2.bn1,30886,False,73270,12306,11763,17872,193
1,layer4.2.relu1,7228,False,23353,2770,6136,5145,50
1,layer4.2.conv2,3154529,False,6621926,112140,2452676,96328,1744
1,layer4.2.bn2,30446,False,72440,13467,12030,18095,213
1,layer4.2.relu2,7777,False,24454,3183,6089,5557,54
1,layer4.2.conv3,1247334,False,2625212,29275,10694,39833,435
1,layer4.2.bn3,61274,False,136486,11232,30498,18649,171
1,layer4.2.add,31040,False,73347,4029,3079,9045,51
1,layer4.2.relu3,16433,False,42518,4262,15539,4404,57
1,avgpool,81782,False,179679,84452,9628,88561,1309
1,flatten,8760,False,26353,13800,2878,10961,176
1,fc,501051,False,1061500,30082,134480,50196,394
2,conv1,2176785,False,4573334,129431,73859,122102,1841
2,bn1,333535,False,710575,38695,108132,33079,993
2,relu,175510,False,378508,11190,103614,13143,118
2,maxpool,10161027,False,21301123,46730787,1486530,1855695,734745
2,layer1.0.conv1,272936,False,497981,44552,7835,41258,581
2,layer1.0.bn1,87896,False,193362,53543,31763,27348,863
2,layer1.0.relu1,33460,False,78351,11063,28141,9287,144
2,layer1.0.conv2,1999560,False,4201568,200268,5287389,122482,2954
2,layer1.0.bn2,83120,False,183487,42887,31891,25614,585
2,layer1.0.relu2,32430,False,76442,6935,28148,8581,88
2,layer1.0.conv3,854588,False,1801554,26930,14413,41265,439
2,layer1.0.bn3,325319,False,693465,44980,108335,26363,1201
2,layer1.0.downsample.0,870330,False,1835415,22187,14328,29749,369
2,layer1.0.downsample.1,337720,False,719150,54214,113030,32279,1432
2,layer1.0.add,310754,False,662332,12344,3278,14709,168
2,layer1.0.relu3,173625,False,373802,5755,103517,9829,78
2,layer1.1.conv1,813763,False,1715919,40211,8224,35368,499
2,layer1.1.bn1,94615,False,207706,21335,31637,20710,443
2,layer1.1.relu1,31925,False,75028,5131,28107,7036,75
2,layer1.1.conv2,1987532,False,4176239,152327,5287224,112206,2171
2,layer1.1.bn2,80614,False,178319,26501,31924,23747,482
2,layer1.1.relu2,32487,False,76252,5383,28101,7159,70
2,layer1.1.conv3,847810,False,1795907,24023,14157,35237,340
2,layer1.1.bn3,326031,False,694706,49058,110064,29385,1210
2,layer1.1.add,312358,False,666216,8274,3269,14171,105
2,layer1.1.relu3,174687,False,376836,6489,103515,10105,67
2,layer1.2.conv1,810332,False,1708882,32700,7639,31602,413
2,layer1.2.bn1,94043,False,206288,19998,31530,19825,405
2,layer1.2.relu1,31825,False,74675,5135,28129,6343,64
2,layer1.2.conv2,1970510,False,4140207,143764,5287372,105047,2103
2,layer1.2.bn2,73383,False,162748,25659,31920,21553,509
2,layer1.2.relu2,33729,False,78746,5213,29951,9016,77
2,layer1.2.conv3,847818,False,1787103,15307,12554,31903,312
2,layer1.2.bn3,327709,False,697704,40312,110114,26399,1259
2,layer1.2.add,307366,False,655143,4437,3254,12684,73
2,layer1.2.relu3,173877,False,375026,5891,103536,8930,75
2,layer2.0.conv1,1602171,False,3368167,45400,12586,37377,581
2,layer2.0.bn1,173900,False,374515,25115,57207,21677,633
2,layer2.0.relu1,77821,False,172341,4190,53270,7671,59
2,layer2.0.conv2,2138179,False,4491824,153995,4296593,117932,2294
2,layer2.0.bn2,47759,False,115574,24216,20361,22499,299
2,layer2.0.relu2,17593,False,45063,6197,15541,7439,83
2,layer2.0.conv3,844379,False,1779682,19439,12327,30713,376
2,layer2.0.bn3,170619,False,367989,14055,57653,20278,377
2,layer2.0.downsample.0,2284292,False,4798312,155950,74559,122228,2238
2,layer2.0.downsample.1,173926,False,374335,17163,57879,24252,423
2,layer2.0.add,157432,False,340324,6791,3148,14487,87
2,layer2.0.relu3,83562,False,184106,7627,55087,10906,95
2,layer2.1.conv1,815056,False,1717640,29842,5926,35440,431
2,layer2.1.bn1,48989,False,111187,12743,18969,18471,247
2,layer2.1.relu1,16909,False,43409,4032,15519,5745,74
2,layer2.1.conv2,1921324,False,4036420,143033,5166325,91710,2049
2,layer2.1.bn2,44946,False,102632,14921,19166,18358,273
2,layer2.1.relu2,17035,False,43670,3829,15518,5983,52
2,layer2.1.conv3,842963,False,1783603,15750,14104,31735,273
2,layer2.1.bn3,171222,False,369156,11985,57641,19017,409
2,layer2.1.add,157011,False,339329,3834,3183,12129,45
2,layer2.1.relu3,77469,False,171162,4098,53253,7726,61
2,layer2.2.conv1,817613,False,1723166,29907,7672,32629,435
2,layer2.2.bn1,45611,False,103866,8292,18857,15851,155
2,layer2.2.relu1,17537,False,45087,3651,15587,5645,67
2,layer2.2.conv2,1921992,False,4038010,139279,5168327,94531,1977
2,layer2.2.bn2,45672,False,104241,16708,19182,19428,287
2,layer2.2.relu2,17284,False,44282,4844,15543,6783,68
2,layer2.2.conv3,846915,False,1785237,14658,14103,30984,281
2,layer2.2.bn3,169707,False,366028,13361,57625,20779,389
2,layer2.2.add,156528,False,338270,4822,3171,11648,53
2,layer2.2.relu3,78630,False,173300,4279,53247,7610,64
2,layer2.3.conv1,810830,False,1708684,21341,5873,29127,294
2,layer2.3.bn1,47178,False,107294,9006,18820,15981,164
2,layer2.3.relu1,17049,False,44075,3872,15539,5742,58
2,layer2.3.conv2,1918795,False,4031157,133463,5168309,93849,1911
2,layer2.3.bn2,44963,False,102531,12638,19160,18498,251
2,layer2.3.relu2,17224,False,43967,4534,15546,6628,72
2,layer2.3.conv3,842462,False,1776039,12936,12246,27646,248
2,layer2.3.bn3,175052,False,377156,13751,59535,21667,453
2,layer2.3.add,155875,False,337212,4900,3190,12373,57
2,layer2.3.relu3,77326,False,170708,3371,53233,7068,51
2,layer3.0.conv1,1726970,False,3628883,21726,22912,37009,483
2,layer3.0.bn1,85149,False,187186,10016,31803,17659,300
2,layer3.0.relu1,31107,False,73500,4102,28148,5697,62
2,layer3.0.conv2,2196853,False,4615177,163548,5534080,105435,2239
2,layer3.0.bn2,35251,False,82175,15422,13762,18443,210
2,layer3.0.relu2,11279,False,31798,5383,9276,6542,66
2,layer3.0.conv3,973333,False,2050266,14246,14227,31867,260
2,layer3.0.bn3,90742,False,199312,14448,35917,18021,290
2,layer3.0.downsample.0,2205108,False,4632718,124170,75756,114296,1872
2,layer3.0.downsample.1,89665,False,196929,17623,36138,20401,335
2,layer3.0.add,66298,False,147593,4210,3142,11594,62
2,layer3.0.relu3,31880,False,75024,6056,28132,6865,73
2,layer3.1.conv1,1016239,False,2139779,23423,14575,38663,458
2,layer3.1.bn1,34784,False,81003,11477,13538,16257,200
2,layer3.1.relu1,11414,False,31914,5485,9293,6630,77
2,layer3.1.conv2,2042094,False,4290367,153313,3448564,97791,2209
2,layer3.1.bn2,35998,False,83564,16003,13744,18790,250
2,layer3.1.relu2,11685,False,32739,6673,9281,7397,79
2,layer3.1.conv3,969259,False,2041360,13181,14325,31248,218
2,layer3.1.bn3,92748,False,203426,13337,36019,17287,310
2,layer3.1.add,65088,False,153770,6182,4986,12845,82
2,layer3.1.relu3,30844,False,72711,5357,28103,6927,82
2,layer3.2.conv1,1017960,False,2143694,16476,14581,30912,286
2,layer3.2.bn1,35971,False,83470,10456,13501,15359,220
2,layer3.2.relu1,10578,False,30165,4249,9255,4950,64
2,layer3.2.conv2,2040601,False,4287680,139892,3448285,97073,2069
2,layer3.2.bn2,34072,False,79478,13682,13722,17969,217
2,layer3.2.relu2,11179,False,31409,5628,9272,6378,74
2,layer3.2.conv3,966284,False,2035106,10138,14200,31264,179
2,layer3.2.bn3,90033,False,197383,11147,35921,17706,261
2,layer3.2.add,65647,False,146219,4457,3118,10372,58
2,layer3.2.relu3,30615,False,72702,6003,28159,6101,80
2,layer3.3.conv1,1012748,False,2132359,12120,14544,29947,205
2,layer3.3.bn1,36227,False,83951,9633,13547,16787,219
2,layer3.3.relu1,10768,False,30811,3812,9278,4907,62
2,layer3.3.conv2,2046721,False,4300508,147442,3448697,98676,2055
2,layer3.3.bn2,39811,False,91687,16451,15614,19598,237
2,layer3.3.relu2,11041,False,31325,4727,9293,6600,61
2,layer3.3.conv3,968451,False,2040009,11751,14287,31055,203
2,layer3.3.bn3,91351,False,200189,11203,35958,16270,263
2,layer3.3.add,65380,False,145742,4251,3089,10660,44
2,layer3.3.relu3,30132,False,71237,4425,28125,5655,69
2,layer3.4.conv1,1003687,False,2113653,12179,14535,29377,200
2,layer3.4.bn1,34425,False,80142,7998,13464,14006,159
2,layer3.4.relu1,10417,False,30068,3297,9279,4941,56
2,layer3.4.conv2,2042082,False,4291002,140292,3448610,98598,2055
2,layer3.4.bn2,34055,False,79438,10253,13719,17379,196
2,layer3.4.relu2,11428,False,32119,4035,9280,6011,57
2,layer3.4.conv3,967895,False,2039281,12428,13956,30193,219
2,layer3.4.bn3,89565,False,196577,10427,35905,15894,239
2,layer3.4.add,64837,False,145059,4074,3152,9538,58
2,layer3.4.relu3,30169,False,71360,3245,28133,5055,58
2,layer3.5.conv1,1003377,False,2120158,14582,14506,29938,215
2,layer3.5.bn1,35617,False,82935,8960,13500,14638,169
2,layer3.5.relu1,10454,False,29924,3260,9265,5250,52
2,layer3.5.conv2,2043490,False,4293289,142610,3448696,96240,2015
2,layer3.5.bn2,36340,False,84276,10739,13746,17758,186
2,layer3.5.relu2,11849,False,32960,4427,9266,6489,54
2,layer3.5.conv3,966573,False,2035878,9789,14186,29461,165
2,layer3.5.bn3,91489,False,200817,10378,35960,16156,268
2,layer3.5.add,65007,False,145129,5088,3157,10215,56
2,layer3.5.relu3,30969,False,73019,4564,28095,5934,60
2,layer4.0.conv1,2001163,False,4150876,38264,24468,45028,658
2,layer4.0.bn1,50621,False,114798,11167,20951,18911,182
2,layer4.0.relu1,17560,False,44853,5317,15546,6757,65
2,layer4.0.conv2,3421141,False,7180332,127591,5073963,109713,1864
2,layer4.0.bn2,31711,False,74786,15215,12057,19667,246
2,layer4.0.relu2,8595,False,26105,5215,6124,6817,63
2,layer4.0.conv3,1248722,False,2628300,53239,10750,47484,843
2,layer4.0.bn3,60057,False,134173,15887,28657,19510,280
2,layer4.0.downsample.0,2887829,False,6062920,141446,94463,113035,2351
2,layer4.0.downsample.1,60786,False,135531,19310,28921,19147,322
2,layer4.0.add,31848,False,75009,5671,3085,10931,75
2,layer4.0.relu3,17399,False,44722,6240,15549,6781,78
2,layer4.1.conv1,1221966,False,2571520,50046,12175,49912,668
2,layer4.1.bn1,31485,False,74232,16660,11690,20016,230
2,layer4.1.relu1,7605,False,24201,4016,6122,5782,53
2,layer4.1.conv2,3151662,False,6615558,130208,2452606,99445,1987
2,layer4.1.bn2,32641,False,76758,17499,12025,19909,268
2,layer4.1.relu2,8944,False,26729,5879,6125,8220,70
2,layer4.1.conv3,1239582,False,2608253,30452,10476,38464,472
2,layer4.1.bn3,62442,False,139323,14349,28762,17560,275
2,layer4.1.add,31700,False,74718,5100,3129,9425,66
2,layer4.1.relu3,21522,False,53399,7425,17381,7669,89
2,layer4.2.conv1,1215623,False,2558770,32445,10222,35917,446
2,layer4.2.bn1,30188,False,71609,9330,11665,16694,169
2,layer4.2.relu1,7270,False,23487,2540,6120,4413,45
2,layer4.2.conv2,3149515,False,6611934,112567,2452587,96558,1699
2,layer4.2.bn2,30747,False,72441,13004,11969,19035,187
2,layer4.2.relu2,8011,False,24941,3145,6121,6043,48
2,layer4.2.conv3,1238188,False,2605869,21742,10645,39120,291
2,layer4.2.bn3,60738,False,135524,10003,30364,17737,162
2,layer4.2.add,30877,False,72919,4670,3104,8279,65
2,layer4.2.relu3,16452,False,42617,3999,15565,4298,60
2,avgpool,82039,False,180005,87613,9649,89841,1338
2,flatten,8231,False,25467,13404,2881,9641,171
2,fc,497073,False,1053404,27934,134513,47879,361
3,conv1,2178797,False,4577222,131573,73914,124182,1901
3,bn1,332466,False,708247,36137,108131,32276,920
3,relu,175492,False,377436,8515,103546,12730,105
3,maxpool,10339809,False,21675300,47963764,1488503,2092664,757870
3,layer1.0.conv1,267553,False,487776,36890,6284,40006,469
3,layer1.0.bn1,87663,False,192944,53048,31702,27182,835
3,layer1.0.relu1,32970,False,77530,10367,28136,8536,135
3,layer1.0.conv2,1999671,False,4201266,198538,5288158,124310,2883
3,layer1.0.bn2,83640,False,184596,41507,31873,27002,581
3,layer1.0.relu2,31974,False,75546,5444,28164,8549,73
3,layer1.0.conv3,856807,False,1806737,35212,14426,44489,554
3,layer1.0.bn3,330222,False,703705,54089,110262,29863,1326
3,layer1.0.downsample.0,864627,False,1822729,20147,12444,30168,329
3,layer1.0.downsample.1,326770,False,696417,42627,110315,26678,1263
3,layer1.0.add,311112,False,663761,13139,3283,17222,183
3,layer1.0.relu3,174417,False,375756,7439,103519,9329,90
3,layer1.1.conv1,808359,False,1704855,24506,7652,31208,331
3,layer1.1.bn1,93466,False,205052,19151,31463,17954,422
3,layer1.1.relu1,31386,False,74209,3454,28108,5937,50
3,layer1.1.conv2,1984093,False,4168986,154959,5287199,110911,2159
3,layer1.1.bn2,84773,False,186729,28124,33643,23658,470
3,layer1.1.relu2,32495,False,76274,8313,28173,8183,113
3,layer1.1.conv3,852650,False,1798284,20417,14372,35911,361
3,layer1.1.bn3,322514,False,687125,41917,108250,25994,1108
3,layer1.1.add,312642,False,666183,7669,3266,14315,118
3,layer1.1.relu3,173078,False,372948,7035,103533,10004,74
3,layer1.2.conv1,806905,False,1701555,19007,7661,31737,263
3,layer1.2.bn1,94289,False,206724,16844,31521,18590,400
3,layer1.2.relu1,36177,False,84200,7433,30011,9625,83
3,layer1.2.conv2,1961681,False,4127691,134613,5287502,98753,1911
3,layer1.2.bn2,73002,False,161891,22982,31965,20481,485
3,layer1.2.relu2,30391,False,72117,5063,28118,7278,69
3,layer1.2.conv3,853106,False,1798662,19998,14325,34363,369
3,layer1.2.bn3,324741,False,691667,36552,108308,23525,1271
3,layer1.2.add,307264,False,655144,6703,3265,13207,71
3,layer1.2.relu3,173994,False,374875,5788,103539,9030,62
3,layer2.0.conv1,1586151,False,3334777,29730,8403,30877,395
3,layer2.0.bn1,173758,False,374662,22837,57039,21178,605
3,layer2.0.relu1,77465,False,171474,3611,53221,7882,46
3,layer2.0.conv2,2140262,False,4497074,154060,4299162,116867,2176
3,layer2.0.bn2,49592,False,112439,26682,19190,21908,390
3,layer2.0.relu2,17736,False,45384,7720,15552,7381,97
3,layer2.0.conv3,850743,False,1793425,31369,13881,36262,521
3,layer2.0.bn3,170670,False,367978,18537,57613,20116,432
3,layer2.0.downsample.0,2278022,False,4785258,145445,74444,121602,2204
3,layer2.0.downsample.1,173435,False,373873,19194,57822,21831,465
3,layer2.0.add,162235,False,350329,10369,4989,16695,127
3,layer2.0.relu3,79854,False,175988,7893,53298,9862,99
3,layer2.1.conv1,819537,False,1727409,38674,7699,39712,535
3,layer2.1.bn1,48104,False,109343,12060,19012,17696,244
3,layer2.1.relu1,17495,False,44908,5942,15574,6419,85
3,layer2.1.conv2,1924573,False,4044219,150124,5168494,96609,2126
3,layer2.1.bn2,44372,False,101310,16130,19270,17461,294
3,layer2.1.relu2,17567,False,44815,4925,15578,6627,61
3,layer2.1.conv3,848012,False,1787310,16344,13961,30077,272
3,layer2.1.bn3,172461,False,372175,13100,57592,18802,394
3,layer2.1.add,155732,False,336409,4289,3158,11283,53
3,layer2.1.relu3,77250,False,170732,3637,53225,8019,47
3,layer2.2.conv1,825115,False,1739416,33317,10297,37084,474
3,layer2.2.bn1,47499,False,107940,11190,18917,18287,174
3,layer2.2.relu1,17410,False,44875,4228,15552,6176,62
3,layer2.2.conv2,1921992,False,4038354,139416,5168518,97882,1920
3,layer2.2.bn2,45570,False,104082,16759,19253,19098,300
3,layer2.2.relu2,17349,False,44769,5359,15563,6611,74
3,layer2.2.conv3,848225,False,1787833,17084,14165,31685,284
3,layer2.2.bn3,168972,False,364780,13225,57550,19648,377
3,layer2.2.add,160578,False,346690,9138,4984,15542,97
3,layer2.2.relu3,79195,False,174592,5388,53268,8136,61
3,layer2.3.conv1,815324,False,1718642,25995,7707,32385,352
3,layer2.3.bn1,47136,False,107106,12309,18859,17340,187
3,layer2.3.relu1,17626,False,45310,4029,15530,5546,51
3,layer2.3.conv2,1920784,False,4035520,130361,5168443,91332,1872
3,layer2.3.bn2,44498,False,101321,13821,19240,17533,248
3,layer2.3.relu2,17910,False,45790,6542,15598,6953,81
3,layer2.3.conv3,846536,False,1784881,13453,14065,32042,244
3,layer2.3.bn3,171762,False,370399,9675,57561,18275,375
3,layer2.3.add,155816,False,336860,4213,3172,12943,64
3,layer2.3.relu3,78005,False,172379,5218,53237,8393,66
3,layer3.0.conv1,1756391,False,3690782,25111,22914,38379,510
3,layer3.0.bn1,85665,False,188269,9084,31790,18249,289
3,layer3.0.relu1,32728,False,76968,3616,28150,6583,53
3,layer3.0.conv2,2194232,False,4609983,172940,5534102,109188,2428
3,layer3.0.bn2,35086,False,82120,14329,13746,18303,219
3,layer3.0.relu2,11093,False,31415,3767,9272,6726,47
3,layer3.0.conv3,970252,False,2043584,17353,14387,29569,285
3,layer3.0.bn3,94371,False,207246,14811,37398,17613,257
3,layer3.0.downsample.0,2202121,False,4626347,125047,73840,110126,1871
3,layer3.0.downsample.1,88959,False,195644,14974,36093,20466,293
3,layer3.0.add,66263,False,147838,5466,3128,11946,69
3,layer3.0.relu3,32259,False,75795,5365,28110,8208,67
3,layer3.1.conv1,1014711,False,2136959,23741,14643,37188,443
3,layer3.1.bn1,36029,False,83828,11386,13532,17571,220
3,layer3.1.relu1,11124,False,31413,3311,9298,6581,59
3,layer3.1.conv2,2046915,False,4300883,162209,3448661,106349,2320
3,layer3.1.bn2,36205,False,84323,12612,13707,18954,210
3,layer3.1.relu2,11727,False,32807,4913,9274,6685,72
3,layer3.1.conv3,963374,False,2029143,11534,12407,28656,202
3,layer3.1.bn3,92847,False,203612,11318,36068,16845,294
3,layer3.1.add,65322,False,145989,4726,3135,10816,48
3,layer3.1.relu3,30724,False,72529,5811,28101,6510,78
3,layer3.2.conv1,1016311,False,2140062,14078,14537,29750,267
3,layer3.2.bn1,35371,False,82127,8628,13472,16506,179
3,layer3.2.relu1,10989,False,31433,3609,9260,5729,41
3,layer3.2.conv2,2044224,False,4295578,155684,3448838,100870,2173
3,layer3.2.bn2,33876,False,79440,13109,13827,18610,214
3,layer3.2.relu2,11574,False,32365,5443,9268,6776,66
3,layer3.2.conv3,966485,False,2035479,11134,14228,29924,189
3,layer3.2.bn3,88996,False,195501,10306,35872,16978,203
3,layer3.2.add,66089,False,147452,3425,3131,9911,44
3,layer3.2.relu3,30842,False,72920,3475,28100,5688,52
3,layer3.3.conv1,1008077,False,2122999,13370,14663,29184,235
3,layer3.3.bn1,36281,False,92146,14893,15301,19657,219
3,layer3.3.relu1,11113,False,31672,3425,9259,5121,49
3,layer3.3.conv2,2041441,False,4289377,145680,3448517,100809,2058
3,layer3.3.bn2,36272,False,84464,12831,13730,18931,205
3,layer3.3.relu2,11231,False,31574,4327,9271,7170,57
3,layer3.3.conv3,969089,False,2040934,13649,14275,29272,212
3,layer3.3.bn3,91344,False,200507,9688,35984,18404,263
3,layer3.3.add,64906,False,145072,3132,3099,10446,44
3,layer3.3.relu3,30486,False,72258,4606,28129,5050,68
3,layer3.4.conv1,1005259,False,2117180,12499,14596,31577,208
3,layer3.4.bn1,35098,False,81543,8570,13451,15780,192
3,layer3.4.relu1,10630,False,30260,3667,9274,4910,41
3,layer3.4.conv2,2042608,False,4291828,142331,3448588,102094,1998
3,layer3.4.bn2,34918,False,81112,14554,13707,17682,209
3,layer3.4.relu2,11841,False,32872,6375,9342,6436,74
3,layer3.4.conv3,965894,False,2034436,11537,14229,30301,189
3,layer3.4.bn3,93452,False,205729,14367,37502,19085,267
3,layer3.4.add,65736,False,146750,3519,3116,10350,52
3,layer3.4.relu3,30433,False,72791,5838,28140,6076,77
3,layer3.5.conv1,1005074,False,2117091,11973,14511,31076,218
3,layer3.5.bn1,35644,False,83152,14047,13577,17564,258
3,layer3.5.relu1,11623,False,32339,6471,9283,6537,71
3,layer3.5.conv2,2045203,False,4297367,149491,3448415,101918,2138
3,layer3.5.bn2,36833,False,85432,15999,13740,19546,254
3,layer3.5.relu2,11363,False,31927,4394,9292,6882,71
3,layer3.5.conv3,969185,False,2041557,13103,14253,29260,210
3,layer3.5.bn3,90779,False,199110,9923,35905,16782,254
3,layer3.5.add,65024,False,145369,4488,3137,10007,57
3,layer3.5.relu3,30861,False,73297,5039,28134,5933,78
3,layer4.0.conv1,1955605,False,4108785,20433,23460,35293,389
3,layer4.0.bn1,50241,False,113785,12371,20898,18078,202
3,layer4.0.relu1,16712,False,43395,3370,15541,5905,52
3,layer4.0.conv2,3415597,False,7168823,120424,5071841,100805,1746
3,layer4.0.bn2,31469,False,74478,17693,11969,19050,279
3,layer4.0.relu2,8552,False,26019,4057,6156,6738,56
3,layer4.0.conv3,1243940,False,2617764,39141,10808,41651,661
3,layer4.0.bn3,58375,False,130754,10002,28607,16931,160
3,layer4.0.downsample.0,2888173,False,6063702,150567,93994,113559,2472
3,layer4.0.downsample.1,60986,False,135871,16154,28993,18720,275
3,layer4.0.add,35762,False,83037,8478,4939,13309,128
3,layer4.0.relu3,17617,False,45095,7203,15584,6756,91
3,layer4.1.conv1,1217030,False,2561257,42271,10311,44351,622
3,layer4.1.bn1,30213,False,71361,12126,11672,18013,179
3,layer4.1.relu1,7722,False,24305,4795,6085,5897,71
3,layer4.1.conv2,3153465,False,6619528,125908,2452478,99886,1893
3,layer4.1.bn2,31348,False,73936,16606,12021,18343,272
3,layer4.1.relu2,8317,False,25357,4875,6133,6526,58
3,layer4.1.conv3,1240626,False,2610975,30653,10700,40523,426
3,layer4.1.bn3,61811,False,137721,10877,28701,16536,207
3,layer4.1.add,31596,False,74700,6756,3108,9785,96
3,layer4.1.relu3,17301,False,44177,5224,15530,5180,61
3,layer4.2.conv1,1216966,False,2561134,33089,9962,37887,437
3,layer4.2.bn1,30349,False,72050,10720,11689,17778,157
3,layer4.2.relu1,7650,False,24120,3216,6137,5198,53
3,layer4.2.conv2,3152923,False,6618308,116718,2452876,98496,1735
3,layer4.2.bn2,31386,False,73815,16746,12019,18472,275
3,layer4.2.relu2,8622,False,26589,5802,6142,7481,80
3,layer4.2.conv3,1240059,False,2609574,25257,12591,37731,350
3,layer4.2.bn3,58249,False,130333,9133,28596,17062,132
3,layer4.2.add,31012,False,73180,4792,3125,8979,65
3,layer4.2.relu3,16102,False,41898,4047,15561,5254,65
3,avgpool,78756,False,173159,86266,9577,82801,1305
3,flatten,8415,False,25864,15038,2891,10401,201
3,fc,503348,False,1065891,29472,136327,52820,398
4,conv1,2177082,False,4573756,135503,72274,120981,1890
4,bn1,334881,False,713415,35625,108127,32988,928
4,relu,176003,False,379550,13997,103625,15066,147
4,maxpool,10186507,False,21354575,46883560,1489499,1953630,734540
4,layer1.0.conv1,266463,False,487634,36111,5881,40466,427
4,layer1.0.bn1,88027,False,193900,50810,31751,27761,806
4,layer1.0.relu1,33420,False,78378,13360,28155,9097,140
4,layer1.0.conv2,1996716,False,4195455,200364,5287272,124485,2985
4,layer1.0.bn2,83971,False,185037,41709,32034,26951,673
4,layer1.0.relu2,32182,False,75793,6750,28135,8180,111
4,layer1.0.conv3,855236,False,1803077,32491,14399,42371,517
4,layer1.0.bn3,327428,False,696886,50078,110055,27782,1241
4,layer1.0.downsample.0,864429,False,1822834,17649,12559,26673,306
4,layer1.0.downsample.1,323002,False,687966,41928,108419,26244,1263
4,layer1.0.add,310819,False,662795,11474,3286,18151,129
4,layer1.0.relu3,173097,False,372508,7510,103526,9931,84
4,layer1.1.conv1,807497,False,1702602,34082,7664,33581,440
4,layer1.1.bn1,93675,False,205465,17821,31599,18557,404
4,layer1.1.relu1,31679,False,74893,3960,28140,6957,48
4,layer1.1.conv2,1984990,False,4177513,148739,5287243,111675,2082
4,layer1.1.bn2,81580,False,180126,26148,31898,23478,450
4,layer1.1.relu2,32020,False,75495,5001,28145,7808,78
4,layer1.1.conv3,852945,False,1798457,19411,14318,35991,344
4,layer1.1.bn3,321216,False,683911,36440,108290,24361,1079
4,layer1.1.add,313853,False,668837,7245,3235,14087,81
4,layer1.1.relu3,173679,False,374340,5578,103532,8656,60
4,layer1.2.conv1,804175,False,1695895,19093,5834,30889,250
4,layer1.2.bn1,95041,False,208214,17421,31641,19604,422
4,layer1.2.relu1,32360,False,84421,4671,28128,6648,65
4,layer1.2.conv2,1969548,False,4138043,131805,5287548,103907,1900
4,layer1.2.bn2,74656,False,165530,26581,31959,23795,530
4,layer1.2.relu2,31155,False,73711,5881,28147,6763,94
4,layer1.2.conv3,853366,False,1798894,18214,14305,34046,312
4,layer1.2.bn3,325539,False,693743,39225,108391,25230,1337
4,layer1.2.add,308598,False,657610,7185,3257,13540,90
4,layer1.2.relu3,177714,False,382312,7186,105295,13365,77
4,layer2.0.conv1,1588502,False,3339496,36411,8419,32641,377
4,layer2.0.bn1,174368,False,375958,25201,57135,21905,623
4,layer2.0.relu1,82089,False,180672,7709,55110,8954,78
4,layer2.0.conv2,2139120,False,4493716,150926,4296968,109651,2195
4,layer2.0.bn2,48583,False,110272,17083,19108,20748,257
4,layer2.0.relu2,17693,False,45343,5034,15547,6882,71
4,layer2.0.conv3,850172,False,1792085,22390,14144,32924,421
4,layer2.0.bn3,169202,False,365344,13668,57601,19972,397
4,layer2.0.downsample.0,2277927,False,4784735,143290,74557,123535,2128
4,layer2.0.downsample.1,174171,False,375826,19228,57885,23255,457
4,layer2.0.add,161865,False,349212,9504,5054,17889,93
4,layer2.0.relu3,79369,False,175351,7226,53290,9019,76
4,layer2.1.conv1,820628,False,1729374,32242,7790,39198,450
4,layer2.1.bn1,48319,False,109686,11684,18883,16672,223
4,layer2.1.relu1,17433,False,44457,5528,15555,6089,74
4,layer2.1.conv2,1923863,False,4042031,140460,5168648,94807,2045
4,layer2.1.bn2,44621,False,101765,16225,19200,19536,283
4,layer2.1.relu2,17618,False,44930,4958,15525,7270,72
4,layer2.1.conv3,848469,False,1788894,20553,14066,31931,340
4,layer2.1.bn3,172994,False,373029,12957,57645,20070,418
4,layer2.1.add,155817,False,337096,5401,3135,11971,72
4,layer2.1.relu3,77692,False,171588,4917,53261,7780,61
4,layer2.2.conv1,816795,False,1721682,25252,7721,33149,344
4,layer2.2.bn1,46252,False,105035,8943,18791,16187,161
4,layer2.2.relu1,17661,False,45187,4001,15543,5743,65
4,layer2.2.conv2,1919632,False,4033277,138720,5168250,89898,1893
4,layer2.2.bn2,44719,False,101941,15640,19142,19136,261
4,layer2.2.relu2,16918,False,43658,4854,15559,5879,62
4,layer2.2.conv3,848292,False,1788522,15903,14083,32883,287
4,layer2.2.bn3,170292,False,367408,14279,57614,21200,378
4,layer2.2.add,159332,False,344018,8119,4995,15233,92
4,layer2.2.relu3,78608,False,173301,5760,53228,7887,64
4,layer2.3.conv1,813063,False,1713287,22864,7739,31905,314
4,layer2.3.bn1,46636,False,106496,10616,18842,16065,160
4,layer2.3.relu1,17311,False,44301,5617,15583,5881,70
4,layer2.3.conv2,1918914,False,4031814,137503,5168251,94504,1903
4,layer2.3.bn2,46607,False,106015,18853,19338,18527,325
4,layer2.3.relu2,17157,False,44062,5254,15556,6673,71
4,layer2.3.conv3,846025,False,1783558,18046,14018,32410,315
4,layer2.3.bn3,171712,False,371000,14993,57642,19687,396
4,layer2.3.add,155978,False,336993,4961,3173,11305,60
4,layer2.3.relu3,77196,False,170836,4966,53240,7804,57
4,layer3.0.conv1,1723684,False,3622673,22321,22914,39055,485
4,layer3.0.bn1,85174,False,187659,11242,31835,18579,297
4,layer3.0.relu1,31705,False,74877,4975,28109,6050,60
4,layer3.0.conv2,2189974,False,4600810,124464,5534215,106309,1776
4,layer3.0.bn2,34594,False,80674,14654,13702,18487,182
4,layer3.0.relu2,11325,False,31798,4930,9275,6849,57
4,layer3.0.conv3,980210,False,2064442,23154,16785,35390,355
4,layer3.0.bn3,91367,False,207757,15877,37644,17765,254
4,layer3.0.downsample.0,2205094,False,4632312,136066,73844,114487,2025
4,layer3.0.downsample.1,89437,False,196721,18392,36109,19233,315
4,layer3.0.add,67002,False,149626,6879,3146,12981,76
4,layer3.0.relu3,32268,False,75990,5389,28114,6909,71
4,layer3.1.conv1,1017457,False,2142550,23550,14529,38639,447
4,layer3.1.bn1,35904,False,83306,12230,13567,17750,241
4,layer3.1.relu1,10545,False,30224,2763,9250,5750,41
4,layer3.1.conv2,2043410,False,4293159,134852,3448518,101805,1940
4,layer3.1.bn2,35968,False,83663,14236,13703,18319,224
4,layer3.1.relu2,15316,False,40315,5907,11073,8582,70
4,layer3.1.conv3,968500,False,2039850,13335,14249,31061,225
4,layer3.1.bn3,92455,False,202900,12812,36031,15597,276
4,layer3.1.add,65067,False,145380,5111,3142,10433,63
4,layer3.1.relu3,31108,False,73464,4491,28115,5985,56
4,layer3.2.conv1,1017456,False,2142738,15522,14587,30736,274
4,layer3.2.bn1,35422,False,82781,9617,13586,15534,217
4,layer3.2.relu1,10492,False,30317,3442,9285,5335,46
4,layer3.2.conv2,2084285,False,4320532,169932,3449883,111167,2322
4,layer3.2.bn2,35149,False,81937,17724,13688,20252,253
4,layer3.2.relu2,11844,False,32881,5709,9276,7622,75
4,layer3.2.conv3,968140,False,2039023,15007,14363,34359,214
4,layer3.2.bn3,89539,False,196571,12167,35802,16947,248
4,layer3.2.add,66649,False,148554,6046,3122,11326,73
4,layer3.2.relu3,30571,False,78741,4639,29941,8241,68
4,layer3.3.conv1,1011428,False,2129697,14949,14516,30650,252
4,layer3.3.bn1,35491,False,82632,8801,13607,16467,184
4,layer3.3.relu1,10980,False,31108,4630,9311,5686,72
4,layer3.3.conv2,2044019,False,4294502,140022,3448447,102280,1969
4,layer3.3.bn2,35606,False,82854,14352,13738,18185,219
4,layer3.3.relu2,10672,False,30550,3274,9299,6102,46
4,layer3.3.conv3,969006,False,2041061,12884,14213,32843,190
4,layer3.3.bn3,91179,False,200011,11433,36030,16122,280
4,layer3.3.add,66210,False,147782,4379,3106,10560,58
4,layer3.3.relu3,30310,False,71734,4276,28118,5562,64
4,layer3.4.conv1,1004771,False,2116302,14799,14614,31891,233
4,layer3.4.bn1,35518,False,82847,10898,13559,16255,210
4,layer3.4.relu1,11359,False,32187,4133,9240,5548,46
4,layer3.4.conv2,2047499,False,4301552,149575,3448678,102414,2104
4,layer3.4.bn2,34241,False,80086,14425,13745,17434,191
4,layer3.4.relu2,11221,False,31604,5192,9280,6319,69
4,layer3.4.conv3,961736,False,2025252,11572,12382,27503,155
4,layer3.4.bn3,90115,False,197880,13520,35898,17654,262
4,layer3.4.add,66190,False,147872,4306,3106,11019,61
4,layer3.4.relu3,30299,False,71757,4191,28144,5004,72
4,layer3.5.conv1,1005309,False,2116779,14052,14519,29601,209
4,layer3.5.bn1,35329,False,82479,11949,13589,16867,225
4,layer3.5.relu1,11049,False,31271,4977,9280,5110,67
4,layer3.5.conv2,2043964,False,4295161,120483,3448390,98693,1694
4,layer3.5.bn2,37135,False,85986,14798,13734,18833,228
4,layer3.5.relu2,11323,False,31859,5419,9284,6270,73
4,layer3.5.conv3,969913,False,2043605,16812,14505,31666,262
4,layer3.5.bn3,91692,False,201192,10856,35940,17558,281
4,layer3.5.add,65898,False,146987,5654,3148,10682,70
4,layer3.5.relu3,30686,False,72549,5000,28119,5229,54
4,layer4.0.conv1,1962531,False,4123412,24995,23515,35014,432
4,layer4.0.bn1,54773,False,123590,16281,22833,20040,232
4,layer4.0.relu1,16756,False,43302,3817,15543,5681,51
4,layer4.0.conv2,3434136,False,7207976,131856,5072366,99642,1948
4,layer4.0.bn2,32245,False,75863,15923,12040,18797,267
4,layer4.0.relu2,7926,False,24788,3657,6108,5695,58
4,layer4.0.conv3,1252966,False,2637160,43976,10860,43959,695
4,layer4.0.bn3,63615,False,141750,14383,30646,20211,239
4,layer4.0.downsample.0,2890378,False,6068488,145157,92666,110327,2387
4,layer4.0.downsample.1,64363,False,143275,21739,30820,21473,339
4,layer4.0.add,31568,False,74588,4975,3094,10558,62
4,layer4.0.relu3,16869,False,43547,4913,15564,5860,76
4,layer4.1.conv1,1219341,False,2566332,44099,10379,46740,658
4,layer4.1.bn1,30480,False,71823,14866,11815,17679,186
4,layer4.1.relu1,7614,False,24014,4360,6097,5548,55
4,layer4.1.conv2,3166248,False,6646013,126313,2452939,98510,1880
4,layer4.1.bn2,31166,False,73487,15800,11974,18395,223
4,layer4.1.relu2,8279,False,25508,4052,6128,6634,60
4,layer4.1.conv3,1254848,False,2640466,34156,12691,44915,523
4,layer4.1.bn3,62050,False,138528,13126,28695,17444,267
4,layer4.1.add,32324,False,76251,5361,3119,10008,55
4,layer4.1.relu3,16788,False,43394,3786,15530,5080,63
4,layer4.2.conv1,1219710,False,2566701,32632,9981,37767,457
4,layer4.2.bn1,30024,False,71127,11356,11704,17066,167
4,layer4.2.relu1,7390,False,23763,3020,6117,5373,36
4,layer4.2.conv2,3172756,False,6659882,108224,2452593,98811,1653
4,layer4.2.bn2,29551,False,70287,14342,11956,17622,199
4,layer4.2.relu2,11529,False,32448,5284,7751,8272,79
4,layer4.2.conv3,1244294,False,2618552,26300,10814,36718,436
4,layer4.2.bn3,58348,False,130832,10731,28650,16366,168
4,layer4.2.add,31033,False,73749,4199,3107,8935,51
4,layer4.2.relu3,16150,False,42111,4118,15522,4649,55
4,avgpool,83026,False,182679,86811,9589,90693,1269
4,flatten,8062,False,25086,14107,2873,9956,179
4,fc,505521,False,1070991,30801,136382,57334,423
5,conv1,2177149,False,4573628,135011,72220,124286,2012
5,bn1,330890,False,705263,35142,108072,32588,935
5,relu,179913,False,386935,9267,105443,16130,106
5,maxpool,10149654,False,21277090,46139932,1487433,1953244,728378
5,layer1.0.conv1,268574,False,489606,40190,5950,40620,506
5,layer1.0.bn1,89188,False,196340,55052,31804,27277,868
5,layer1.0.relu1,32292,False,76448,11678,28153,8522,141
5,layer1.0.conv2,2004214,False,4211428,216196,5287423,130215,3071
5,layer1.0.bn2,85245,False,187971,45097,31898,27274,651
5,layer1.0.relu2,32220,False,75829,8195,28113,8524,98
5,layer1.0.conv3,852717,False,1807649,32923,12539,40634,387
5,layer1.0.bn3,331244,False,705636,47708,110246,30695,1277
5,layer1.0.downsample.0,866372,False,1826336,17789,14491,32848,325
5,layer1.0.downsample.1,320872,False,684157,39857,108155,24704,1013
5,layer1.0.add,314977,False,671379,11037,3281,17105,120
5,layer1.0.relu3,177431,False,382433,10745,105453,13083,127
5,layer1.1.conv1,803810,False,1695251,23946,5823,28625,308
5,layer1.1.bn1,97285,False,213116,24422,33163,22371,454
5,layer1.1.relu1,30989,False,73575,3937,28141,6130,66
5,layer1.1.conv2,1989287,False,4179924,160467,5287395,110868,2271
5,layer1.1.bn2,81931,False,181278,28221,31764,23801,446
5,layer1.1.relu2,31604,False,74436,3888,28119,7546,57
5,layer1.1.conv3,852180,False,1796669,17597,14444,35118,300
5,layer1.1.bn3,327827,False,698423,40446,108436,24664,1293
5,layer1.1.add,312687,False,666411,6729,3243,12589,70
5,layer1.1.relu3,177203,False,381305,7917,105410,13201,80
5,layer1.2.conv1,805510,False,1707265,30959,7699,30854,405
5,layer1.2.bn1,93815,False,205684,17577,31659,19979,386
5,layer1.2.relu1,31311,False,73794,3677,28118,6024,47
5,layer1.2.conv2,1984094,False,4169336,132236,5287542,102186,1891
5,layer1.2.bn2,80889,False,178975,24674,31769,23236,402
5,layer1.2.relu2,30746,False,72880,4639,28105,6942,65
5,layer1.2.conv3,851085,False,1794473,17072,14384,33560,298
5,layer1.2.bn3,350891,False,746488,38974,108314,24791,1114
5,layer1.2.add,337772,False,718802,8144,5076,16076,84
5,layer1.2.relu3,173963,False,374640,8021,103580,9003,97
5,layer2.0.conv1,1586239,False,3335531,33634,8586,32757,429
5,layer2.0.bn1,176845,False,381682,27646,58896,25000,618
5,layer2.0.relu1,79566,False,175661,7232,53257,8038,78
5,layer2.0.conv2,2143983,False,4503972,155595,4297474,111681,2166
5,layer2.0.bn2,47914,False,108762,16031,19019,20066,229
5,layer2.0.relu2,17890,False,46027,5403,15556,6382,71
5,layer2.0.conv3,859185,False,1811394,26809,16632,35076,441
5,layer2.0.bn3,172011,False,371133,12866,57622,19783,389
5,layer2.0.downsample.0,2304313,False,4840289,136892,74609,125696,2034
5,layer2.0.downsample.1,177486,False,382752,20612,57992,22867,562
5,layer2.0.add,159016,False,343863,5935,3179,14068,79
5,layer2.0.relu3,79270,False,175033,7045,53270,9024,84
5,layer2.1.conv1,820331,False,1729694,31079,7762,39153,413
5,layer2.1.bn1,46993,False,106671,13876,18924,17875,190
5,layer2.1.relu1,17571,False,45148,6478,15559,6638,77
5,layer2.1.conv2,1927586,False,4050148,144180,5168531,95951,2025
5,layer2.1.bn2,44064,False,100598,12152,19157,18184,243
5,layer2.1.relu2,17594,False,45067,4330,15547,5946,41
5,layer2.1.conv3,848317,False,1787851,15563,14302,32848,271
5,layer2.1.bn3,172493,False,371808,13172,57690,19523,361
5,layer2.1.add,156684,False,339251,6190,3149,11603,56
5,layer2.1.relu3,82176,False,180892,5731,55068,9465,76
5,layer2.2.conv1,814477,False,1716887,23545,5864,29486,334
5,layer2.2.bn1,46387,False,105662,8758,18853,15866,149
5,layer2.2.relu1,16495,False,42900,3014,15544,4904,46
5,layer2.2.conv2,1913826,False,4021587,123699,5166301,88427,1810
5,layer2.2.bn2,49165,False,111557,17652,21115,21067,289
5,layer2.2.relu2,17338,False,44898,4690,15589,7083,73
5,layer2.2.conv3,843799,False,1779320,17279,12300,27696,256
5,layer2.2.bn3,178066,False,383722,16129,59453,22761,411
5,layer2.2.add,156963,False,339381,6518,3172,12982,73
5,layer2.2.relu3,78709,False,173948,5748,53261,8103,78
5,layer2.3.conv1,816197,False,1720056,27363,7778,32971,384
5,layer2.3.bn1,45904,False,104717,6607,18911,13730,125
5,layer2.3.relu1,16835,False,43256,4318,15547,5366,64
5,layer2.3.conv2,1928230,False,4051210,124834,5171097,93422,1774
5,layer2.3.bn2,46308,False,105416,15603,19264,18913,271
5,layer2.3.relu2,17238,False,44276,5639,15568,6643,69
5,layer2.3.conv3,847884,False,1787348,14001,14108,31169,252
5,layer2.3.bn3,170106,False,366831,11577,57593,18506,351
5,layer2.3.add,157217,False,339996,5548,3167,12791,59
5,layer2.3.relu3,78188,False,172363,5131,53281,6848,73
5,layer3.0.conv1,1760780,False,3700263,25144,22930,37234,500
5,layer3.0.bn1,85598,False,188706,9516,31738,17215,227
5,layer3.0.relu1,33083,False,77461,7377,28124,6490,83
5,layer3.0.conv2,2187235,False,4594863,157526,5536027,103472,2272
5,layer3.0.bn2,34545,False,80698,13963,13757,19061,200
5,layer3.0.relu2,11908,False,33180,6383,9267,7016,82
5,layer3.0.conv3,973804,False,2051328,15512,14243,32898,278
5,layer3.0.bn3,92814,False,203875,11290,35930,17997,273
5,layer3.0.downsample.0,2225640,False,4675707,134386,74394,114764,2081
5,layer3.0.downsample.1,93198,False,204697,18964,36255,21634,410
5,layer3.0.add,68647,False,152908,6391,3162,11993,85
5,layer3.0.relu3,32640,False,76573,7385,28103,7533,91
5,layer3.1.conv1,1014254,False,2135988,20680,14504,37367,403
5,layer3.1.bn1,36684,False,84950,13118,13556,17571,243
5,layer3.1.relu1,10752,False,30607,4731,9248,5600,47
5,layer3.1.conv2,2047265,False,4302705,160149,3448650,101365,2195
5,layer3.1.bn2,36270,False,84344,17686,13684,19140,261
5,layer3.1.relu2,11432,False,32193,6162,9258,6945,81
5,layer3.1.conv3,973985,False,2051907,13393,14157,31098,238
5,layer3.1.bn3,92802,False,203750,11684,35881,16932,279
5,layer3.1.add,65848,False,146952,4481,3154,10147,62
5,layer3.1.relu3,30740,False,72906,4695,28105,5913,63
5,layer3.2.conv1,1006657,False,2119641,14033,14539,30849,266
5,layer3.2.bn1,35419,False,82503,6694,13529,15007,183
5,layer3.2.relu1,10406,False,29999,3699,9267,5179,50
5,layer3.2.conv2,2050941,False,4309553,160656,3448738,104365,2180
5,layer3.2.bn2,37006,False,86021,17508,13751,19630,265
5,layer3.2.relu2,15777,False,41501,8721,11201,9183,99
5,layer3.2.conv3,970127,False,2043466,15762,14164,30053,248
5,layer3.2.bn3,92898,False,203969,16025,35907,21036,286
5,layer3.2.add,66069,False,147382,5484,3089,11217,66
5,layer3.2.relu3,30911,False,72822,4335,28137,5800,60
5,layer3.3.conv1,1006057,False,2118626,16903,14564,31231,292
5,layer3.3.bn1,35827,False,83297,10093,13549,16448,174
5,layer3.3.relu1,11020,False,31348,4521,9261,5250,53
5,layer3.3.conv2,2046752,False,4300025,122993,3448509,99897,1759
5,layer3.3.bn2,35557,False,83056,17696,13743,18690,273
5,layer3.3.relu2,11183,False,31758,5623,9267,5743,71
5,layer3.3.conv3,967667,False,2037939,13286,14209,30488,225
5,layer3.3.bn3,91104,False,200204,11284,35878,17081,273
5,layer3.3.add,65413,False,146265,5198,3151,10164,73
5,layer3.3.relu3,30217,False,71530,4795,28114,5401,62
5,layer3.4.conv1,1018067,False,2144037,15706,16339,32160,267
5,layer3.4.bn1,34637,False,80750,6493,13589,14108,170
5,layer3.4.relu1,10366,False,29951,4281,9309,5061,67
5,layer3.4.conv2,2056545,False,4321204,156085,3448568,95239,2181
5,layer3.4.bn2,34676,False,80803,13619,13766,18550,206
5,layer3.4.relu2,11617,False,32600,4095,9257,6572,54
5,layer3.4.conv3,970688,False,2044674,12942,14334,30422,211
5,layer3.4.bn3,90802,False,199546,11005,36050,17272,266
5,layer3.4.add,66858,False,149114,4365,3165,11109,74
5,layer3.4.relu3,30696,False,72819,3398,28108,5768,54
5,layer3.5.conv1,1008322,False,2123398,15036,14590,32656,237
5,layer3.5.bn1,35335,False,82581,10934,13556,16863,226
5,layer3.5.relu1,10654,False,30732,5341,9262,5920,65
5,layer3.5.conv2,2060762,False,4330154,153018,3448265,100474,2146
5,layer3.5.bn2,34706,False,80746,17534,13693,19463,217
5,layer3.5.relu2,12136,False,33669,4394,9269,6557,54
5,layer3.5.conv3,966981,False,2045530,12584,12432,28225,202
5,layer3.5.bn3,91752,False,201290,11723,35885,17060,276
5,layer3.5.add,65266,False,145871,4870,3125,11253,55
5,layer3.5.relu3,31022,False,72899,6994,28152,6223,80
5,layer4.0.conv1,1972214,False,4143389,23055,23530,36651,402
5,layer4.0.bn1,51615,False,116608,12405,20969,17086,230
5,layer4.0.relu1,17276,False,44263,5292,15516,5914,61
5,layer4.0.conv2,3453655,False,7248437,146227,5073000,124624,2034
5,layer4.0.bn2,32023,False,75286,16894,11966,19189,263
5,layer4.0.relu2,8542,False,25970,4932,6091,6488,55
5,layer4.0.conv3,1277718,False,2688670,43494,10830,48680,687
5,layer4.0.bn3,60350,False,134867,11541,28665,17294,224
5,layer4.0.downsample.0,2905230,False,6098899,153279,94424,119068,2475
5,layer4.0.downsample.1,61107,False,136147,19321,28894,19965,311
5,layer4.0.add,32786,False,77170,6443,3070,11318,77
5,layer4.0.relu3,17413,False,44732,6492,15580,6437,74
5,layer4.1.conv1,1221978,False,2571978,39953,10322,42316,549
5,layer4.1.bn1,30530,False,72056,11583,11810,17657,184
5,layer4.1.relu1,7380,False,23524,3001,6109,5422,34
5,layer4.1.conv2,3197948,False,6713069,130413,2457443,101342,1956
5,layer4.1.bn2,31031,False,73189,14071,11942,18211,188
5,layer4.1.relu2,8372,False,25436,4236,6079,6455,48
5,layer4.1.conv3,1267612,False,2667757,26188,10629,37424,369
5,layer4.1.bn3,59463,False,132886,11641,28713,15886,199
5,layer4.1.add,32173,False,75976,5357,3119,9535,63
5,layer4.1.relu3,17500,False,44658,4551,15545,5243,63
5,layer4.2.conv1,1230732,False,2590211,37971,12129,36339,494
5,layer4.2.bn1,29487,False,69894,10424,11763,16908,166
5,layer4.2.relu1,7618,False,23971,3540,6125,5623,45
5,layer4.2.conv2,3181280,False,6677393,113537,2452481,98510,1693
5,layer4.2.bn2,31585,False,74304,14521,11943,17896,221
5,layer4.2.relu2,8653,False,26518,3340,6182,5989,55
5,layer4.2.conv3,1274402,False,2681926,34032,11447,40608,463
5,layer4.2.bn3,60467,False,134912,11222,28700,17290,212
5,layer4.2.add,31903,False,74926,3922,3088,8696,46
5,layer4.2.relu3,17504,False,53457,7366,17230,8086,98
5,avgpool,85071,False,187338,86166,9745,96426,1284
5,flatten,8786,False,26584,13218,2882,11209,178
5,fc,501198,False,1061723,29378,134544,53730,392
6,conv1,2182164,False,4585663,144731,72566,126884,2125
6,bn1,333923,False,711337,46886,108156,35509,1037
6,relu,176101,False,379082,11700,103526,13703,125
6,maxpool,10197289,False,21379055,46986435,1486606,2013543,736881
6,layer1.0.conv1,263017,False,495728,45451,7784,44631,580
6,layer1.0.bn1,88384,False,194144,54894,31745,26511,911
6,layer1.0.relu1,33363,False,78268,11690,28156,9095,157
6,layer1.0.conv2,1998111,False,4198816,200413,5287503,124756,2882
6,layer1.0.bn2,81525,False,179883,37355,31873,24073,590
6,layer1.0.relu2,32091,False,75470,7177,28109,7924,88
6,layer1.0.conv3,860700,False,1814610,27015,14103,42555,444
6,layer1.0.bn3,330361,False,703369,42375,108279,25559,1182
6,layer1.0.downsample.0,867282,False,1828754,20088,14297,31727,337
6,layer1.0.downsample.1,330221,False,703230,41778,110363,26217,1242
6,layer1.0.add,311761,False,664571,10295,3280,15965,122
6,layer1.0.relu3,173643,False,373974,7652,103520,10008,89
6,layer1.1.conv1,810349,False,1708696,34486,7790,34031,436
6,layer1.1.bn1,93969,False,205789,18129,31631,18961,434
6,layer1.1.relu1,32424,False,76033,7320,28131,7031,84
6,layer1.1.conv2,1983990,False,4168855,142795,5287451,110592,2080
6,layer1.1.bn2,81022,False,179333,23637,31868,23348,433
6,layer1.1.relu2,31300,False,73623,4420,28133,6868,60
6,layer1.1.conv3,850372,False,1793008,17859,14341,33441,311
6,layer1.1.bn3,326666,False,695980,39397,110134,25721,1156
6,layer1.1.add,313540,False,668195,7409,3249,13789,93
6,layer1.1.relu3,173444,False,373771,5658,103550,9406,66
6,layer1.2.conv1,808719,False,1705347,19609,7694,31960,262
6,layer1.2.bn1,93643,False,205208,18353,31592,19491,419
6,layer1.2.relu1,31858,False,75274,3629,28120,5788,47
6,layer1.2.conv2,1968391,False,4135441,127431,5287212,99441,1834
6,layer1.2.bn2,72171,False,160435,25180,31817,21977,475
6,layer1.2.relu2,30657,False,72345,5504,28098,7573,68
6,layer1.2.conv3,853282,False,1799487,19502,14366,34672,303
6,layer1.2.bn3,329277,False,701901,40098,110081,27521,1242
6,layer1.2.add,307786,False,656104,5535,3268,14186,66
6,layer1.2.relu3,173414,False,373857,5915,103535,8470,66
6,layer2.0.conv1,1593871,False,3350715,35274,10312,35670,421
6,layer2.0.bn1,174527,False,376288,24124,57112,21977,634
6,layer2.0.relu1,77100,False,170392,4446,53278,7189,70
6,layer2.0.conv2,2135937,False,4487154,153103,4297006,110935,2195
6,layer2.0.bn2,48864,False,111069,18541,19153,20535,267
6,layer2.0.relu2,18070,False,46097,6333,15542,7107,73
6,layer2.0.conv3,843221,False,1777301,20281,12291,29421,416
6,layer2.0.bn3,174061,False,375003,16519,59512,22514,398
6,layer2.0.downsample.0,2282743,False,4795872,146344,74605,121433,2160
6,layer2.0.downsample.1,176217,False,380575,28448,57835,24860,544
6,layer2.0.add,157215,False,340169,8582,3183,15080,101
6,layer2.0.relu3,79835,False,176603,7227,53223,9796,84
6,layer2.1.conv1,816810,False,1722648,35324,5922,38450,478
6,layer2.1.bn1,48598,False,110336,12734,18965,18516,227
6,layer2.1.relu1,17311,False,44473,5483,15546,6510,80
6,layer2.1.conv2,1919486,False,4040776,154994,5166580,99857,2263
6,layer2.1.bn2,47997,False,109199,20442,21074,20999,345
6,layer2.1.relu2,17447,False,44781,5224,15543,6862,69
6,layer2.1.conv3,843268,False,1777781,18791,12333,30746,354
6,layer2.1.bn3,182408,False,392812,24284,61784,26622,555
6,layer2.1.add,156511,False,338753,5762,3136,11279,73
6,layer2.1.relu3,77466,False,171278,5486,53263,8011,68
6,layer2.2.conv1,818774,False,1726263,25005,7749,33387,345
6,layer2.2.bn1,45271,False,103917,7153,18801,15830,142
6,layer2.2.relu1,17140,False,44118,3984,15545,4971,49
6,layer2.2.conv2,1920236,False,4034538,142556,5168439,95176,1950
6,layer2.2.bn2,44639,False,101886,15903,19174,17878,261
6,layer2.2.relu2,17750,False,45417,3809,15561,6527,58
6,layer2.2.conv3,846926,False,1785716,15072,14103,30915,296
6,layer2.2.bn3,170215,False,367246,11633,57589,18881,376
6,layer2.2.add,156763,False,339165,4646,3167,10979,69
6,layer2.2.relu3,77522,False,171134,3929,53232,7623,47
6,layer2.3.conv1,834782,False,1740046,38380,8772,40465,545
6,layer2.3.bn1,47220,False,107481,9438,18826,15909,145
6,layer2.3.relu1,17459,False,44839,4158,15581,6421,78
6,layer2.3.conv2,1932733,False,4060863,136509,5170756,103003,1859
6,layer2.3.bn2,46032,False,104673,15212,19189,20258,289
6,layer2.3.relu2,17177,False,44025,4159,15572,6777,63
6,layer2.3.conv3,843360,False,1778101,15878,12354,30811,291
6,layer2.3.bn3,174344,False,375766,11560,59410,21462,353
6,layer2.3.add,156672,False,338243,3912,3133,11682,48
6,layer2.3.relu3,77116,False,170340,4224,53239,6523,47
6,layer3.0.conv1,1739030,False,3654475,21350,22901,37509,482
6,layer3.0.bn1,85323,False,187588,9427,31756,17544,265
6,layer3.0.relu1,31385,False,74058,3775,28134,6318,61
6,layer3.0.conv2,2191159,False,4603808,151989,5534097,106435,2151
6,layer3.0.bn2,35510,False,82908,14338,13677,18895,192
6,layer3.0.relu2,11768,False,32977,3796,9265,6626,47
6,layer3.0.conv3,969250,False,2041346,14062,14153,29846,251
6,layer3.0.bn3,91976,False,201807,11086,35872,17731,228
6,layer3.0.downsample.0,2207130,False,4636749,122900,75758,115028,1820
6,layer3.0.downsample.1,89557,False,196798,16909,36100,20317,294
6,layer3.0.add,66040,False,147440,5030,3103,11634,64
6,layer3.0.relu3,32283,False,75881,5746,28114,7493,66
6,layer3.1.conv1,1024814,False,2158104,23259,14368,37471,421
6,layer3.1.bn1,36040,False,83676,12462,13567,17620,226
6,layer3.1.relu1,10725,False,30882,4772,9271,6177,59
6,layer3.1.conv2,2044129,False,4295394,167964,3448640,100499,2272
6,layer3.1.bn2,36162,False,84130,14989,13788,18186,227
6,layer3.1.relu2,11536,False,32499,5337,9271,6792,66
6,layer3.1.conv3,967993,False,2038917,14312,14208,30135,249
6,layer3.1.bn3,92537,False,202750,13328,35988,17245,296
6,layer3.1.add,69490,False,154431,5471,4966,11810,72
6,layer3.1.relu3,30773,False,72900,5232,28114,6694,67
6,layer3.2.conv1,1010509,False,2127969,15713,14506,31349,285
6,layer3.2.bn1,35763,False,83245,12195,13518,14709,238
6,layer3.2.relu1,10598,False,30234,3863,9247,5302,50
6,layer3.2.conv2,2043602,False,4293774,139355,3448375,99227,1924
6,layer3.2.bn2,33697,False,78950,12713,13692,17646,214
6,layer3.2.relu2,11122,False,31830,3947,9293,5699,59
6,layer3.2.conv3,967760,False,2038657,14054,14184,30966,223
6,layer3.2.bn3,90119,False,198007,10367,35900,16799,228
6,layer3.2.add,65707,False,146560,4800,3116,10767,55
6,layer3.2.relu3,30626,False,72610,3585,28082,5902,57
6,layer3.3.conv1,1021407,False,2150757,14671,14533,30707,229
6,layer3.3.bn1,34520,False,80383,7247,13482,15335,189
6,layer3.3.relu1,10888,False,31065,5139,9263,5368,53
6,layer3.3.conv2,2041335,False,4289299,143049,3448230,93527,2042
6,layer3.3.bn2,36813,False,91941,17549,15430,20413,317
6,layer3.3.relu2,10724,False,30645,3494,9274,5992,48
6,layer3.3.conv3,969241,False,2041586,13514,14191,31572,230
6,layer3.3.bn3,90990,False,199841,12018,35987,16027,286
6,layer3.3.add,64820,False,145190,5636,3115,10269,68
6,layer3.3.relu3,30694,False,72485,4142,28134,5372,61
6,layer3.4.conv1,1011248,False,2129652,14592,14609,30155,225
6,layer3.4.bn1,34757,False,80892,9625,13482,14972,188
6,layer3.4.relu1,10474,False,30519,3797,9268,5768,55
6,layer3.4.conv2,2041468,False,4289238,138389,3448449,96896,1903
6,layer3.4.bn2,34094,False,79681,12262,13701,17252,182
6,layer3.4.relu2,11084,False,31406,4222,9264,5655,52
6,layer3.4.conv3,969037,False,2041431,12780,14350,30242,212
6,layer3.4.bn3,89416,False,196611,11250,35854,16829,244
6,layer3.4.add,66283,False,147953,4728,3102,10266,37
6,layer3.4.relu3,34735,False,80739,7439,30044,7632,81
6,layer3.5.conv1,1021827,False,2151147,13970,14539,30763,224
6,layer3.5.bn1,35190,False,81942,11302,13514,16817,196
6,layer3.5.relu1,10818,False,30724,4433,9267,5215,56
6,layer3.5.conv2,2041129,False,4288329,136164,3448414,99137,1898
6,layer3.5.bn2,36559,False,84828,15024,13705,18541,219
6,layer3.5.relu2,11060,False,31408,4002,9313,6500,71
6,layer3.5.conv3,967753,False,2038699,14988,14038,32789,236
6,layer3.5.bn3,91365,False,200438,12391,35925,16850,278
6,layer3.5.add,65271,False,145840,5405,3140,10648,67
6,layer3.5.relu3,30651,False,72211,5564,28101,6177,75
6,layer4.0.conv1,1960826,False,4119571,19905,23446,35913,360
6,layer4.0.bn1,50466,False,114463,12583,20927,18569,197
6,layer4.0.relu1,17754,False,45336,3808,15533,6215,59
6,layer4.0.conv2,3420215,False,7178346,133868,5074076,99339,1901
6,layer4.0.bn2,32044,False,75448,16604,11971,19534,261
6,layer4.0.relu2,8758,False,26715,4228,6155,6092,60
6,layer4.0.conv3,1260897,False,2653164,47111,10843,43460,750
6,layer4.0.bn3,58944,False,131991,10521,28587,17457,185
6,layer4.0.downsample.0,2892291,False,6072244,145120,94386,112533,2374
6,layer4.0.downsample.1,59621,False,133282,14520,28896,17725,245
6,layer4.0.add,31901,False,75478,5974,3133,10352,79
6,layer4.0.relu3,17409,False,44975,5673,15595,6686,83
6,layer4.1.conv1,1222864,False,2573063,46434,12242,45756,703
6,layer4.1.bn1,31156,False,73619,14303,11708,17449,216
6,layer4.1.relu1,7649,False,24417,3280,6128,5404,52
6,layer4.1.conv2,3162674,False,6638917,115035,2452954,97203,1683
6,layer4.1.bn2,31536,False,74356,15902,12006,18746,236
6,layer4.1.relu2,8874,False,26916,3712,6135,6915,55
6,layer4.1.conv3,1254742,False,2640410,35886,10681,41142,508
6,layer4.1.bn3,61468,False,137474,10265,28767,16813,218
6,layer4.1.add,40872,False,94209,10873,5674,13543,127
6,layer4.1.relu3,16545,False,42984,3874,15517,5246,57
6,layer4.2.conv1,1217575,False,2562811,35138,10330,35461,434
6,layer4.2.bn1,29829,False,70883,11059,11662,15846,164
6,layer4.2.relu1,7976,False,25036,3732,6130,5405,50
6,layer4.2.conv2,3159305,False,6631987,107993,2452839,97511,1615
6,layer4.2.bn2,31377,False,74177,12246,12036,17858,186
6,layer4.2.relu2,8303,False,25560,3598,6118,6090,44
6,layer4.2.conv3,1261375,False,2655039,38111,12651,43132,586
6,layer4.2.bn3,59748,False,133550,18120,28739,18346,213
6,layer4.2.add,31525,False,74566,4880,3119,9040,73
6,layer4.2.relu3,17013,False,43744,6082,15530,5274,67
6,avgpool,83255,False,183248,87665,9713,92902,1343
6,flatten,8956,False,26843,15476,2902,11089,198
6,fc,500628,False,1060839,31030,134509,51983,405
7,conv1,2181890,False,4584708,130318,74271,126600,1886
7,bn1,333536,False,710905,36596,108077,35008,955
7,relu,175116,False,377122,10322,103574,13054,97
7,maxpool,10195740,False,21379404,47307288,1488490,1902543,742838
7,layer1.0.conv1,254675,False,489439,40383,5929,39987,493
7,layer1.0.bn1,87729,False,193122,55903,31794,25509,871
7,layer1.0.relu1,33584,False,79027,12229,28171,9511,152
7,layer1.0.conv2,1996738,False,4196140,210304,5287595,125186,2969
7,layer1.0.bn2,84086,False,185278,38205,31868,25622,609
7,layer1.0.relu2,32106,False,75350,6458,28115,8047,88
7,layer1.0.conv3,854544,False,1801427,29117,14341,42523,468
7,layer1.0.bn3,322867,False,688441,45916,108355,27607,1212
7,layer1.0.downsample.0,867687,False,1829922,18240,12458,29235,318
7,layer1.0.downsample.1,327322,False,697347,43485,110031,26934,1273
7,layer1.0.add,310852,False,663406,12515,3282,17656,150
7,layer1.0.relu3,174061,False,375325,8141,103548,11283,102
7,layer1.1.conv1,811534,False,1711546,37636,7729,33300,497
7,layer1.1.bn1,94256,False,206967,16575,31509,20941,428
7,layer1.1.relu1,31433,False,74452,4670,28117,6760,68
7,layer1.1.conv2,1991032,False,4183849,158386,5287476,115229,2199
7,layer1.1.bn2,86104,False,189598,27905,33818,25987,487
7,layer1.1.relu2,32019,False,75470,4730,28120,7288,76
7,layer1.1.conv3,847596,False,1787394,20690,12529,34547,320
7,layer1.1.bn3,322507,False,687277,42810,108329,25914,1146
7,layer1.1.add,312759,False,666789,7572,3281,14271,83
7,layer1.1.relu3,173716,False,374644,6059,103517,9223,79
7,layer1.2.conv1,810018,False,1708190,27458,7772,33732,336
7,layer1.2.bn1,94133,False,206474,18082,31541,19578,404
7,layer1.2.relu1,32169,False,75688,5068,28113,7358,65
7,layer1.2.conv2,1968313,False,4135461,139562,5287180,102516,1964
7,layer1.2.bn2,74505,False,174584,29745,33698,25828,605
7,layer1.2.relu2,30726,False,72753,5334,28144,7033,68
7,layer1.2.conv3,853373,False,1799252,18630,14422,35283,322
7,layer1.2.bn3,324872,False,691989,39197,108280,25013,1304
7,layer1.2.add,307615,False,655706,6423,3289,13839,64
7,layer1.2.relu3,173376,False,373470,5618,103528,9989,72
7,layer2.0.conv1,1595762,False,3355189,45528,10382,35086,583
7,layer2.0.bn1,174237,False,375865,26462,57151,21967,662
7,layer2.0.relu1,78473,False,173324,4363,53224,8247,54
7,layer2.0.conv2,2137505,False,4490636,161126,4299089,112351,2284
7,layer2.0.bn2,48378,False,110405,22951,19116,21337,332
7,layer2.0.relu2,17248,False,44318,4678,15535,6738,65
7,layer2.0.conv3,847577,False,1786984,23784,13832,34052,411
7,layer2.0.bn3,170374,False,367781,15164,57639,20098,448
7,layer2.0.downsample.0,2288550,False,4807850,162906,74950,132609,2440
7,layer2.0.downsample.1,174543,False,376672,20633,57826,23625,493
7,layer2.0.add,161814,False,350197,11658,4964,16933,158
7,layer2.0.relu3,79683,False,176520,6730,53228,9323,82
7,layer2.1.conv1,822762,False,1734429,32974,7722,39992,516
7,layer2.1.bn1,49264,False,111460,15346,18940,19104,255
7,layer2.1.relu1,17609,False,45137,6370,15558,6173,88
7,layer2.1.conv2,1924484,False,4043579,142664,5168053,96123,2041
7,layer2.1.bn2,45844,False,104339,18850,19195,17112,302
7,layer2.1.relu2,17385,False,44654,4788,15581,6246,66
7,layer2.1.conv3,848418,False,1788701,20661,14002,31210,334
7,layer2.1.bn3,172005,False,370949,13992,57637,19196,386
7,layer2.1.add,157156,False,339823,7513,3159,13182,105
7,layer2.1.relu3,77292,False,170853,4840,53269,7809,67
7,layer2.2.conv1,817803,False,1724109,26728,7719,34186,413
7,layer2.2.bn1,46015,False,104885,7882,18836,15673,143
7,layer2.2.relu1,17185,False,44428,4827,15558,6128,69
7,layer2.2.conv2,1921249,False,4037148,137035,5168113,95927,1914
7,layer2.2.bn2,45756,False,104442,16702,19153,18917,277
7,layer2.2.relu2,17441,False,44698,5605,15555,6461,85
7,layer2.2.conv3,849804,False,1791757,18796,14138,30691,328
7,layer2.2.bn3,170473,False,368258,12113,57684,18997,397
7,layer2.2.add,160777,False,347416,8651,4986,15481,100
7,layer2.2.relu3,77608,False,171670,4446,53257,7136,71
7,layer2.3.conv1,811336,False,1709862,25492,5863,28376,330
7,layer2.3.bn1,46946,False,106921,10595,18952,15648,177
7,layer2.3.relu1,17399,False,44618,4666,15572,6219,78
7,layer2.3.conv2,1919931,False,4033881,128303,5168199,91509,1808
7,layer2.3.bn2,44295,False,101140,15062,19205,18535,252
7,layer2.3.relu2,17326,False,44990,4935,15575,6986,74
7,layer2.3.conv3,848878,False,1789466,14588,14078,29771,261
7,layer2.3.bn3,170432,False,367943,10378,57573,18078,360
7,layer2.3.add,155828,False,337145,6591,3163,12281,81
7,layer2.3.relu3,77055,False,170447,2922,53247,7350,47
7,layer3.0.conv1,1751146,False,3680149,25458,22945,39068,492
7,layer3.0.bn1,85370,False,187765,7576,31720,17543,263
7,layer3.0.relu1,31459,False,74138,4184,28139,6532,70
7,layer3.0.conv2,2197589,False,4616647,159557,5534181,105499,2168
7,layer3.0.bn2,36209,False,84216,15679,13716,19177,214
7,layer3.0.relu2,11512,False,32387,6793,9241,7103,89
7,layer3.0.conv3,969485,False,2042241,15849,14314,33408,272
7,layer3.0.bn3,95636,False,209630,14959,37807,18103,272
7,layer3.0.downsample.0,2205867,False,4633937,127123,74230,112293,1946
7,layer3.0.downsample.1,90236,False,198120,18564,36102,20306,323
7,layer3.0.add,66506,False,148561,5927,3109,12562,69
7,layer3.0.relu3,32289,False,76139,6299,28134,7745,81
7,layer3.1.conv1,1026429,False,2161709,23838,14622,40103,438
7,layer3.1.bn1,35705,False,83155,12154,13608,16877,199
7,layer3.1.relu1,11358,False,32296,3581,9254,6518,53
7,layer3.1.conv2,2044072,False,4294465,129761,3448108,103468,1823
7,layer3.1.bn2,36357,False,84467,12372,13690,18989,184
7,layer3.1.relu2,11796,False,32851,5389,9282,7796,76
7,layer3.1.conv3,964889,False,2032039,13382,12428,28209,225
7,layer3.1.bn3,92981,False,204104,13173,35941,18106,300
7,layer3.1.add,65497,False,146127,5115,3137,11471,67
7,layer3.1.relu3,30429,False,72000,4872,28107,6015,69
7,layer3.2.conv1,1011956,False,2131132,15851,14638,32618,284
7,layer3.2.bn1,34850,False,81143,10574,13526,15115,207
7,layer3.2.relu1,11071,False,31588,4882,9297,6006,64
7,layer3.2.conv2,2038675,False,4283587,102683,3448318,95681,1514
7,layer3.2.bn2,34997,False,82160,15547,13759,19281,233
7,layer3.2.relu2,11764,False,33623,8623,9323,8222,114
7,layer3.2.conv3,970741,False,2044839,12895,14241,32945,214
7,layer3.2.bn3,91921,False,202073,18365,35854,19857,340
7,layer3.2.add,66656,False,148907,6931,3142,11224,89
7,layer3.2.relu3,30523,False,72316,5713,28142,6264,76
7,layer3.3.conv1,1005369,False,2117335,15726,14566,31145,237
7,layer3.3.bn1,35734,False,83116,12616,13554,17467,222
7,layer3.3.relu1,10537,False,30673,5430,9291,5587,73
7,layer3.3.conv2,2046348,False,4299233,131747,3448626,99686,1837
7,layer3.3.bn2,37116,False,86051,19213,13810,20262,286
7,layer3.3.relu2,11851,False,32927,5953,9249,6985,63
7,layer3.3.conv3,970419,False,2044294,15037,14282,32951,241
7,layer3.3.bn3,91796,False,201546,12106,36046,16171,268
7,layer3.3.add,66099,False,147373,6080,3110,10289,72
7,layer3.3.relu3,30698,False,72645,6264,28127,6192,83
7,layer3.4.conv1,1005292,False,2117267,10986,14568,31690,212
7,layer3.4.bn1,35075,False,81577,10216,13550,15787,204
7,layer3.4.relu1,10657,False,30410,3763,9262,5045,46
7,layer3.4.conv2,2060504,False,4329017,149775,3451083,105650,2065
7,layer3.4.bn2,34140,False,79821,11656,13787,17635,188
7,layer3.4.relu2,11647,False,32411,5046,9256,6745,68
7,layer3.4.conv3,966619,False,2036118,11562,14212,30021,193
7,layer3.4.bn3,93569,False,205267,15333,37742,19821,281
7,layer3.4.add,65870,False,147210,5248,3145,11663,68
7,layer3.4.relu3,30751,False,72439,3707,28124,5900,48
7,layer3.5.conv1,1005783,False,2117974,11886,14545,29614,195
7,layer3.5.bn1,35153,False,82209,8600,13573,15816,182
7,layer3.5.relu1,10421,False,30095,3948,9269,5549,70
7,layer3.5.conv2,2044445,False,4295435,152271,3448664,96010,2059
7,layer3.5.bn2,36295,False,84598,13944,13663,18843,225
7,layer3.5.relu2,11793,False,32817,6291,9281,6902,66
7,layer3.5.conv3,968368,False,2039941,11210,14204,30632,188
7,layer3.5.bn3,91007,False,199504,11457,35986,16537,279
7,layer3.5.add,65188,False,145486,6044,3125,10434,65
7,layer3.5.relu3,30233,False,71565,5376,28098,5952,71
7,layer4.0.conv1,1960379,False,4118771,22909,23205,32359,404
7,layer4.0.bn1,49968,False,113183,10298,20916,16705,182
7,layer4.0.relu1,16846,False,50757,3834,15536,5425,62
7,layer4.0.conv2,3443544,False,7227279,120489,5071830,97126,1735
7,layer4.0.bn2,32621,False,76363,18450,11977,20240,279
7,layer4.0.relu2,8923,False,26957,4962,6113,6257,65
7,layer4.0.conv3,1267796,False,2667698,41138,10919,44189,707
7,layer4.0.bn3,62276,False,138796,13665,30535,19548,241
7,layer4.0.downsample.0,2893647,False,6075030,133025,92302,109356,2142
7,layer4.0.downsample.1,64551,False,143647,19615,30867,21505,318
7,layer4.0.add,32163,False,75763,6250,3096,10815,68
7,layer4.0.relu3,17249,False,44247,5096,15561,6165,72
7,layer4.1.conv1,1230407,False,2589599,44321,11111,46200,635
7,layer4.1.bn1,31694,False,74734,16234,11780,19276,226
7,layer4.1.relu1,8517,False,26096,3092,6118,5394,38
7,layer4.1.conv2,3188554,False,6692939,122960,2453077,96852,1817
7,layer4.1.bn2,31220,False,73501,14166,11914,17812,215
7,layer4.1.relu2,8202,False,25168,3244,6094,6203,43
7,layer4.1.conv3,1271579,False,2675943,27474,12621,40732,399
7,layer4.1.bn3,61619,False,137666,10944,28708,17855,235
7,layer4.1.add,30724,False,73011,5552,3107,9303,74
7,layer4.1.relu3,16433,False,42567,4458,15536,5005,61
7,layer4.2.conv1,1222048,False,2572287,30200,10225,36569,400
7,layer4.2.bn1,30458,False,71917,10341,11653,17276,169
7,layer4.2.relu1,8108,False,25218,2622,6121,4823,34
7,layer4.2.conv2,3177477,False,6669796,116432,2452969,92180,1704
7,layer4.2.bn2,32414,False,84357,25834,13863,21703,339
7,layer4.2.relu2,8353,False,25729,3179,6111,5943,43
7,layer4.2.conv3,1258346,False,2647904,27240,10440,38946,368
7,layer4.2.bn3,58195,False,130219,9343,28609,17204,137
7,layer4.2.add,31259,False,73973,5470,3113,9384,77
7,layer4.2.relu3,16536,False,42884,3118,15555,5186,59
7,avgpool,83402,False,183735,85320,9609,93877,1301
7,flatten,9074,False,27300,14342,2856,11594,213
7,fc,504628,False,1069485,32987,136359,58450,450
8,conv1,2187198,False,4596235,174593,72434,133316,2509
8,bn1,339008,False,722444,64674,108230,39874,1251
8,relu,179040,False,385703,13223,105386,15969,131
8,maxpool,10089504,False,21151370,46521817,1486750,1902677,728375
8,layer1.0.conv1,263900,False,491034,43690,5855,42834,546
8,layer1.0.bn1,88833,False,195512,59239,31769,27560,909
8,layer1.0.relu1,33181,False,78076,11599,28151,8884,126
8,layer1.0.conv2,1998966,False,4200503,197360,5287531,125729,2838
8,layer1.0.bn2,81982,False,180879,36753,31815,25995,560
8,layer1.0.relu2,35335,False,81968,8246,29912,9507,87
8,layer1.0.conv3,851831,False,1796191,24160,12525,40709,374
8,layer1.0.bn3,326875,False,696392,45120,110077,27427,1214
8,layer1.0.downsample.0,873958,False,1842426,17643,14279,30456,302
8,layer1.0.downsample.1,319695,False,681240,39321,108325,22444,1168
8,layer1.0.add,314345,False,669912,13620,3302,15933,191
8,layer1.0.relu3,177135,False,381079,10419,105091,12377,135
8,layer1.1.conv1,802760,False,1693137,22706,5831,29924,295
8,layer1.1.bn1,97010,False,212566,24468,33434,21222,476
8,layer1.1.relu1,31184,False,73372,3364,28102,5622,39
8,layer1.1.conv2,1986496,False,4173988,147464,5287229,111710,2103
8,layer1.1.bn2,80174,False,177154,25079,31810,22232,428
8,layer1.1.relu2,32253,False,75612,6322,28124,8254,73
8,layer1.1.conv3,850922,False,1794463,21935,14481,37411,371
8,layer1.1.bn3,323413,False,689073,41786,108260,27027,1192
8,layer1.1.add,312792,False,666548,7650,3277,13903,103
8,layer1.1.relu3,174220,False,384277,9245,105203,12802,110
8,layer1.2.conv1,809480,False,1707038,19915,7693,32377,255
8,layer1.2.bn1,95102,False,208474,15288,31557,18768,417
8,layer1.2.relu1,31784,False,75092,4123,28099,7211,50
8,layer1.2.conv2,1967668,False,4134354,120233,5287439,101824,1733
8,layer1.2.bn2,72477,False,160967,27060,31856,21139,512
8,layer1.2.relu2,31002,False,73317,6328,28128,7591,79
8,layer1.2.conv3,853061,False,1798935,18972,14337,35723,351
8,layer1.2.bn3,327718,False,697994,39031,108332,27490,1200
8,layer1.2.add,319257,False,680072,7185,5063,15401,95
8,layer1.2.relu3,175345,False,377505,6329,103508,9452,70
8,layer2.0.conv1,1589040,False,3341200,31375,8376,32012,404
8,layer2.0.bn1,176916,False,381369,24725,58894,23417,640
8,layer2.0.relu1,78280,False,172637,5782,53281,8528,79
8,layer2.0.conv2,2143022,False,4502104,141352,4296966,110448,2032
8,layer2.0.bn2,47292,False,107525,15240,19186,18913,264
8,layer2.0.relu2,17018,False,43778,4362,15565,6287,61
8,layer2.0.conv3,847658,False,1786721,19438,14071,31926,386
8,layer2.0.bn3,171758,False,370570,12189,57644,18678,419
8,layer2.0.downsample.0,2280958,False,4791618,143080,74839,124468,2008
8,layer2.0.downsample.1,179545,False,387182,19062,59675,24731,501
8,layer2.0.add,159466,False,345306,6168,3172,14033,80
8,layer2.0.relu3,79535,False,175678,6286,53228,9393,73
8,layer2.1.conv1,820294,False,1729412,27838,7708,35838,401
8,layer2.1.bn1,47299,False,107538,11304,18938,17120,208
8,layer2.1.relu1,17272,False,44392,5783,15535,7080,78
8,layer2.1.conv2,1926156,False,4047040,147348,5168457,95123,2118
8,layer2.1.bn2,44912,False,102630,15306,19244,19142,288
8,layer2.1.relu2,17248,False,44040,4468,15551,6100,60
8,layer2.1.conv3,849370,False,1790904,18376,13910,32298,316
8,layer2.1.bn3,168802,False,364440,11762,57454,18500,328
8,layer2.1.add,158690,False,343271,5417,3185,12543,61
8,layer2.1.relu3,78329,False,172855,4588,53235,7057,52
8,layer2.2.conv1,816471,False,1721514,27843,7788,31337,335
8,layer2.2.bn1,45994,False,105011,9875,18846,14808,166
8,layer2.2.relu1,17481,False,44955,4384,15570,5707,68
8,layer2.2.conv2,1918069,False,4030590,124776,5168198,91786,1762
8,layer2.2.bn2,44710,False,102131,15582,19180,18229,262
8,layer2.2.relu2,20186,False,50422,6311,17404,9201,104
8,layer2.2.conv3,842561,False,1776598,14565,12294,28875,274
8,layer2.2.bn3,175511,False,378327,13289,59543,23620,514
8,layer2.2.add,157816,False,341134,6497,3177,12309,78
8,layer2.2.relu3,78909,False,174571,5226,53240,7187,61
8,layer2.3.conv1,817087,False,1721997,23485,7653,31017,311
8,layer2.3.bn1,46799,False,106143,6777,18794,14888,139
8,layer2.3.relu1,17318,False,44504,5346,15548,5945,65
8,layer2.3.conv2,1919304,False,4032712,125925,5167902,92238,1819
8,layer2.3.bn2,44366,False,101365,13555,19164,17270,243
8,layer2.3.relu2,16754,False,43322,4193,15550,6045,63
8,layer2.3.conv3,846890,False,1785466,15852,14053,32061,276
8,layer2.3.bn3,170990,False,368994,12183,57665,19535,409
8,layer2.3.add,155839,False,337110,5920,3143,12785,69
8,layer2.3.relu3,77950,False,171799,3766,53242,7499,43
8,layer3.0.conv1,1737418,False,3651519,26204,22942,38158,545
8,layer3.0.bn1,87739,False,192953,11058,31772,17381,279
8,layer3.0.relu1,31895,False,74909,5228,28106,6646,59
8,layer3.0.conv2,2210890,False,4644234,185596,5537586,126669,2582
8,layer3.0.bn2,36583,False,84880,19658,13786,20653,240
8,layer3.0.relu2,11796,False,32921,4907,9251,6658,74
8,layer3.0.conv3,971432,False,2046057,21077,14366,34790,353
8,layer3.0.bn3,93808,False,205535,12107,35998,16965,338
8,layer3.0.downsample.0,2221018,False,4665901,137072,74532,115747,2176
8,layer3.0.downsample.1,92066,False,202224,17300,36127,21025,341
8,layer3.0.add,66972,False,149099,8397,3130,12036,115
8,layer3.0.relu3,31138,False,73524,5369,28114,7347,76
8,layer3.1.conv1,1017186,False,2142100,23697,14595,38093,468
8,layer3.1.bn1,40188,False,92433,13755,15332,18128,242
8,layer3.1.relu1,10605,False,30626,3269,9281,5504,54
8,layer3.1.conv2,2047975,False,4303076,163920,3448276,102431,2341
8,layer3.1.bn2,33692,False,78664,11519,13691,17192,162
8,layer3.1.relu2,11131,False,31648,4692,9263,6254,62
8,layer3.1.conv3,970768,False,2045003,13620,14229,30387,233
8,layer3.1.bn3,92291,False,202716,10716,35931,18389,257
8,layer3.1.add,66688,False,148920,7316,3156,11055,110
8,layer3.1.relu3,30512,False,72078,3829,28113,5042,55
8,layer3.2.conv1,1006889,False,2120468,15496,14544,30397,278
8,layer3.2.bn1,34682,False,80889,8782,13560,14989,205
8,layer3.2.relu1,10171,False,29469,3147,9247,4645,45
8,layer3.2.conv2,2061222,False,4330883,163231,3451050,107771,2271
8,layer3.2.bn2,33669,False,78726,12799,13737,18349,168
8,layer3.2.relu2,11511,False,32321,5609,9260,6874,69
8,layer3.2.conv3,971759,False,2046792,11972,14207,29305,192
8,layer3.2.bn3,96398,False,211170,11064,37699,17545,313
8,layer3.2.add,65409,False,145888,4358,3085,11232,54
8,layer3.2.relu3,30183,False,71557,4361,28083,5978,55
8,layer3.3.conv1,1006523,False,2119674,14074,14626,31074,215
8,layer3.3.bn1,35052,False,81594,8392,13589,13828,177
8,layer3.3.relu1,10454,False,30146,4166,9293,5709,64
8,layer3.3.conv2,2043109,False,4293476,140040,3448414,94280,1949
8,layer3.3.bn2,32453,False,76427,13824,13821,17569,172
8,layer3.3.relu2,11361,False,31917,4646,9272,6463,56
8,layer3.3.conv3,969515,False,2042086,16247,14301,31359,226
8,layer3.3.bn3,91847,False,201878,11357,35903,17598,272
8,layer3.3.add,65476,False,146117,4794,3124,10406,72
8,layer3.3.relu3,30343,False,71663,5153,28144,5647,79
8,layer3.4.conv1,1004579,False,2116230,14376,14484,30929,212
8,layer3.4.bn1,34866,False,81390,8889,13542,14713,182
8,layer3.4.relu1,13553,False,36698,3696,11076,6321,57
8,layer3.4.conv2,2044796,False,4296744,151149,3448604,97529,2162
8,layer3.4.bn2,33598,False,78772,12043,13636,18159,137
8,layer3.4.relu2,10911,False,31162,3965,9294,6542,62
8,layer3.4.conv3,971559,False,2046757,9808,14167,29509,176
8,layer3.4.bn3,92827,False,204072,10053,36031,16293,291
8,layer3.4.add,65395,False,146078,4214,3115,10562,55
8,layer3.4.relu3,30168,False,71408,4167,28096,5679,55
8,layer3.5.conv1,1004605,False,2115934,11800,14523,31879,191
8,layer3.5.bn1,34206,False,79900,6949,13545,14876,159
8,layer3.5.relu1,10464,False,29767,2851,9276,4505,40
8,layer3.5.conv2,2044128,False,4295239,144506,3448355,101181,2067
8,layer3.5.bn2,33284,False,78380,14610,13772,17952,212
8,layer3.5.relu2,11438,False,32261,4956,9297,6449,56
8,layer3.5.conv3,976114,False,2055964,16022,14352,30045,240
8,layer3.5.bn3,91537,False,200815,10911,35894,16416,243
8,layer3.5.add,67026,False,157499,8469,4740,10699,58
8,layer3.5.relu3,30146,False,71424,4743,28112,5483,62
8,layer4.0.conv1,1960014,False,4118143,25132,23293,35710,446
8,layer4.0.bn1,52074,False,117624,13893,21075,18005,265
8,layer4.0.relu1,16770,False,43415,5326,15580,5746,69
8,layer4.0.conv2,3409854,False,7156677,122148,5072002,100746,1765
8,layer4.0.bn2,32278,False,75977,17785,12031,19853,275
8,layer4.0.relu2,8174,False,25245,4055,6146,6005,64
8,layer4.0.conv3,1264714,False,2661729,41709,13440,47537,678
8,layer4.0.bn3,62553,False,139101,15380,28835,18265,280
8,layer4.0.downsample.0,2893364,False,6074832,141888,94282,113616,2310
8,layer4.0.downsample.1,61186,False,136445,21176,28945,20610,330
8,layer4.0.add,31630,False,75168,6035,3098,10297,92
8,layer4.0.relu3,18020,False,45913,7847,15551,6412,80
8,layer4.1.conv1,1217425,False,2562106,39871,10247,43193,595
8,layer4.1.bn1,31763,False,74462,16310,11759,18868,204
8,layer4.1.relu1,8747,False,26748,5620,6128,6038,76
8,layer4.1.conv2,3154170,False,6621055,125490,2452428,95699,1876
8,layer4.1.bn2,31887,False,75207,18986,12002,18640,276
8,layer4.1.relu2,8932,False,26848,4495,6137,5897,53
8,layer4.1.conv3,1248192,False,2626759,23607,10693,39650,366
8,layer4.1.bn3,59702,False,133354,10567,28629,16421,197
8,layer4.1.add,31175,False,73832,5360,3086,10031,75
8,layer4.1.relu3,16042,False,41789,4203,15559,4723,52
8,layer4.2.conv1,1218311,False,2564795,35542,10399,37567,436
8,layer4.2.bn1,32088,False,75681,17789,11776,17309,242
8,layer4.2.relu1,7891,False,24769,3914,6122,5510,50
8,layer4.2.conv2,3167264,False,6648736,121180,2456650,102121,1743
8,layer4.2.bn2,30673,False,72964,17912,11966,19591,264
8,layer4.2.relu2,8467,False,26082,4368,6123,6484,58
8,layer4.2.conv3,1240440,False,2610558,21252,10620,36754,284
8,layer4.2.bn3,58978,False,132048,12166,28675,17536,203
8,layer4.2.add,31587,False,74425,5061,3098,9397,65
8,layer4.2.relu3,16298,False,42376,3928,15552,5312,62
8,avgpool,82873,False,182317,86000,9696,91059,1287
8,flatten,8689,False,26293,13546,2886,11078,173
8,fc,503787,False,1067148,31230,136109,53207,438
9,conv1,2180016,False,4580270,146494,72463,121918,2131
9,bn1,340613,False,725537,39793,110045,36415,1008
9,relu,174266,False,375359,9070,103571,13268,108
9,maxpool,10277941,False,21545798,47943894,1486557,1856155,758391
9,layer1.0.conv1,258442,False,487793,37235,5901,41400,494
9,layer1.0.bn1,87927,False,193395,53915,31718,27804,848
9,layer1.0.relu1,33568,False,78543,10928,28128,8985,141
9,layer1.0.conv2,2003399,False,4210490,207224,5287459,129905,3009
9,layer1.0.bn2,84446,False,186370,44050,31985,27556,672
9,layer1.0.relu2,33486,False,78416,10675,28161,8845,128
9,layer1.0.conv3,855114,False,1802939,24632,14371,42638,395
9,layer1.0.bn3,324145,False,690410,46229,108405,27445,1264
9,layer1.0.downsample.0,872045,False,1838298,20190,14372,31678,300
9,layer1.0.downsample.1,322875,False,687340,41426,108525,24765,1320
9,layer1.0.add,314305,False,669624,15505,5124,18997,187
9,layer1.0.relu3,173389,False,373153,5299,103527,10180,70
9,layer1.1.conv1,808383,False,1704723,30367,7590,32952,403
9,layer1.1.bn1,95029,False,208145,19634,31617,20518,438
9,layer1.1.relu1,31266,False,73590,3745,28133,6495,62
9,layer1.1.conv2,1989007,False,4179639,151353,5287115,114555,2205
9,layer1.1.bn2,82568,False,182101,27931,31834,23787,492
9,layer1.1.relu2,31864,False,75161,6002,28115,7557,70
9,layer1.1.conv3,853890,False,1800564,23084,14415,36126,336
9,layer1.1.bn3,322290,False,686770,41489,108264,23574,1143
9,layer1.1.add,316509,False,674267,10862,5108,16041,134
9,layer1.1.relu3,173242,False,374021,5724,103517,8794,73
9,layer1.2.conv1,807332,False,1702999,22689,7654,33476,263
9,layer1.2.bn1,95352,False,209112,18385,31589,19578,411
9,layer1.2.relu1,31341,False,74233,3915,28120,6234,61
9,layer1.2.conv2,1981727,False,4164165,129977,5289883,106520,1843
9,layer1.2.bn2,74287,False,165147,25984,31943,20562,528
9,layer1.2.relu2,30812,False,72548,5024,28164,6701,69
9,layer1.2.conv3,852041,False,1796583,20599,14323,33869,332
9,layer1.2.bn3,327394,False,697663,42049,108380,25748,1313
9,layer1.2.add,311089,False,662915,7223,5072,15347,78
9,layer1.2.relu3,173491,False,373870,6411,103509,8848,55
9,layer2.0.conv1,1592940,False,3349022,31426,10243,31981,407
9,layer2.0.bn1,174375,False,376210,24985,57278,21858,649
9,layer2.0.relu1,78021,False,172421,4890,53263,8279,68
9,layer2.0.conv2,2135316,False,4485620,139298,4297054,110407,2063
9,layer2.0.bn2,46469,False,105533,12167,19129,17420,223
9,layer2.0.relu2,17779,False,45580,4061,15567,6536,60
9,layer2.0.conv3,846847,False,1785052,17659,14159,30495,371
9,layer2.0.bn3,170975,False,368860,12560,57628,17772,365
9,layer2.0.downsample.0,2286252,False,4802709,136379,76437,122866,2056
9,layer2.0.downsample.1,173852,False,374745,17830,57835,23209,431
9,layer2.0.add,158291,False,342364,6787,3174,15084,67
9,layer2.0.relu3,79859,False,176102,6209,53241,9291,71
9,layer2.1.conv1,820519,False,1729408,26206,7694,39456,368
9,layer2.1.bn1,48011,False,109140,11131,18927,16657,217
9,layer2.1.relu1,17701,False,45302,7115,15554,6915,97
9,layer2.1.conv2,1918659,False,4031439,130440,5168359,92858,1914
9,layer2.1.bn2,44846,False,102489,15039,19154,17773,259
9,layer2.1.relu2,17849,False,45744,4545,15538,6902,72
9,layer2.1.conv3,848147,False,1787558,16980,14014,31495,288
9,layer2.1.bn3,170820,False,368679,11670,57581,17902,377
9,layer2.1.add,160281,False,346517,8285,4747,15459,100
9,layer2.1.relu3,78131,False,172729,5483,53239,7462,61
9,layer2.2.conv1,817062,False,1722059,23108,7672,31620,297
9,layer2.2.bn1,47112,False,107059,8032,18850,16048,158
9,layer2.2.relu1,17207,False,44298,5481,15581,5617,71
9,layer2.2.conv2,1920828,False,4035744,128622,5168074,91237,1820
9,layer2.2.bn2,44055,False,100671,14155,19157,17375,275
9,layer2.2.relu2,17728,False,45173,6669,15601,7743,91
9,layer2.2.conv3,848318,False,1787847,15058,14037,29535,258
9,layer2.2.bn3,169819,False,366702,14586,57611,20842,369
9,layer2.2.add,157005,False,338976,6064,3183,12818,72
9,layer2.2.relu3,78940,False,174113,5875,53264,7741,70
9,layer2.3.conv1,815491,False,1719008,23495,7782,31926,343
9,layer2.3.bn1,47524,False,108349,8259,18962,14618,146
9,layer2.3.relu1,17122,False,44105,6076,15589,5499,78
9,layer2.3.conv2,1917677,False,4028856,121400,5168233,90277,1809
9,layer2.3.bn2,45089,False,102791,14399,19287,18354,261
9,layer2.3.relu2,17003,False,43717,4985,15564,6048,55
9,layer2.3.conv3,845801,False,1783346,14834,14082,29499,277
9,layer2.3.bn3,171327,False,369619,11566,57630,18099,407
9,layer2.3.add,160582,False,346625,5635,5087,14693,75
9,layer2.3.relu3,77265,False,170757,4894,53229,7535,59
9,layer3.0.conv1,1734787,False,3645858,24144,20925,36687,540
9,layer3.0.bn1,87842,False,193032,11162,33537,19845,275
9,layer3.0.relu1,31290,False,73951,5463,28115,5757,59
9,layer3.0.conv2,2192342,False,4605752,158052,5534177,102858,2266
9,layer3.0.bn2,34860,False,81489,13695,13669,18071,190
9,layer3.0.relu2,10908,False,31241,4868,9283,6564,65
9,layer3.0.conv3,971438,False,2046178,13443,14155,33362,251
9,layer3.0.bn3,90561,False,198710,12512,35813,17438,237
9,layer3.0.downsample.0,2207953,False,4639089,124847,73934,114830,1891
9,layer3.0.downsample.1,90063,False,197741,20168,36057,20210,330
9,layer3.0.add,70348,False,156325,6981,4916,13634,88
9,layer3.0.relu3,32259,False,75736,7900,28127,7227,98
9,layer3.1.conv1,1020339,False,2148430,30551,14544,41281,505
9,layer3.1.bn1,36919,False,85643,17194,13542,18049,263
9,layer3.1.relu1,11502,False,32330,4693,9258,5713,57
9,layer3.1.conv2,2057073,False,4322250,175363,3451176,112094,2414
9,layer3.1.bn2,36114,False,84026,18784,13696,20125,271
9,layer3.1.relu2,11239,False,31783,4913,9290,6658,59
9,layer3.1.conv3,969594,False,2042153,14733,14121,32072,256
9,layer3.1.bn3,93103,False,204121,12709,36040,17990,290
9,layer3.1.add,65365,False,145866,5528,3113,10850,72
9,layer3.1.relu3,30612,False,72326,6465,28091,6127,82
9,layer3.2.conv1,1005897,False,2118567,20225,14266,31203,350
9,layer3.2.bn1,35960,False,83465,10579,13493,16134,210
9,layer3.2.relu1,10743,False,30924,5181,9296,5019,59
9,layer3.2.conv2,2048015,False,4303083,160821,3450432,100293,2166
9,layer3.2.bn2,34870,False,81209,13263,13704,18176,202
9,layer3.2.relu2,11275,False,31680,4058,9261,5890,51
9,layer3.2.conv3,965872,False,2034728,11169,14199,30565,200
9,layer3.2.bn3,90893,False,199220,10246,35883,16940,228
9,layer3.2.add,65983,False,147298,5257,3105,10750,60
9,layer3.2.relu3,29997,False,71049,3864,28113,5028,54
9,layer3.3.conv1,1007509,False,2121563,14218,14453,31141,218
9,layer3.3.bn1,35388,False,82235,8153,13494,14110,177
9,layer3.3.relu1,10692,False,30380,4614,9283,5105,61
9,layer3.3.conv2,2039267,False,4284943,101210,3448481,93800,1506
9,layer3.3.bn2,35618,False,83158,13286,13710,16929,239
9,layer3.3.relu2,11677,False,32573,6861,9295,6932,93
9,layer3.3.conv3,968555,False,2040177,11348,14231,30995,177
9,layer3.3.bn3,90409,False,198610,10280,35949,15240,269
9,layer3.3.add,67941,False,151180,5110,4914,11754,61
9,layer3.3.relu3,30421,False,71740,5014,28135,5586,66
9,layer3.4.conv1,1005060,False,2116577,10266,14496,30767,176
9,layer3.4.bn1,34577,False,80428,7919,13567,15358,183
9,layer3.4.relu1,11049,False,31376,3550,9290,4658,67
9,layer3.4.conv2,2041044,False,4288483,130545,3448503,97269,1873
9,layer3.4.bn2,33628,False,78554,12540,13655,18181,198
9,layer3.4.relu2,11223,False,31643,4919,9282,6287,80
9,layer3.4.conv3,969470,False,2042168,13261,14170,30364,200
9,layer3.4.bn3,90163,False,197919,11723,35813,16833,223
9,layer3.4.add,65581,False,146179,4250,3118,10606,46
9,layer3.4.relu3,30820,False,72643,4343,28100,5318,62
9,layer3.5.conv1,1007470,False,2121636,12159,14608,32164,206
9,layer3.5.bn1,34595,False,80575,7686,13510,15239,186
9,layer3.5.relu1,10842,False,30765,3359,9285,4936,45
9,layer3.5.conv2,2043635,False,4293821,144534,3448637,99786,1963
9,layer3.5.bn2,40087,False,92138,15654,15612,19576,238
9,layer3.5.relu2,11353,False,31803,5589,9279,6512,66
9,layer3.5.conv3,966617,False,2035945,13167,14218,29973,190
9,layer3.5.bn3,90870,False,199484,9461,35986,15640,248
9,layer3.5.add,65311,False,145748,5785,3144,10209,80
9,layer3.5.relu3,30695,False,72497,4878,28146,5689,74
9,layer4.0.conv1,1973879,False,4147201,23084,24179,38160,399
9,layer4.0.bn1,50619,False,114652,11433,20879,18531,226
9,layer4.0.relu1,16610,False,42693,3625,15523,5284,46
9,layer4.0.conv2,3416137,False,7169920,127612,5071684,97520,1863
9,layer4.0.bn2,34964,False,81268,14905,13773,20867,215
9,layer4.0.relu2,9052,False,27184,4906,6119,6224,56
9,layer4.0.conv3,1252678,False,2635953,38460,10699,42990,673
9,layer4.0.bn3,58851,False,131534,11228,28601,16725,179
9,layer4.0.downsample.0,2893344,False,6074734,139586,94002,112431,2328
9,layer4.0.downsample.1,60867,False,135804,16226,28900,19218,249
9,layer4.0.add,31583,False,74706,5465,3123,10328,80
9,layer4.0.relu3,17276,False,44594,6291,15557,6494,85
9,layer4.1.conv1,1212921,False,2552596,38360,10264,42133,530
9,layer4.1.bn1,30542,False,72024,11449,11756,17459,180
9,layer4.1.relu1,8136,False,25261,3118,6125,5620,54
9,layer4.1.conv2,3158524,False,6629573,115975,2454633,96930,1747
9,layer4.1.bn2,31502,False,74381,13331,11947,17708,183
9,layer4.1.relu2,8476,False,25911,4153,6129,6832,48
9,layer4.1.conv3,1248573,False,2627358,34877,10714,36916,475
9,layer4.1.bn3,59168,False,132445,13206,28680,17257,209
9,layer4.1.add,31585,False,74723,6209,3115,9683,76
9,layer4.1.relu3,17401,False,44611,5234,15532,6115,68
9,layer4.2.conv1,1213899,False,2555079,30100,10236,35549,439
9,layer4.2.bn1,30067,False,71356,10491,11779,16530,151
9,layer4.2.relu1,8313,False,25603,4224,6130,5221,44
9,layer4.2.conv2,3156763,False,6626692,114090,2452646,93756,1709
9,layer4.2.bn2,29438,False,69754,13919,11981,17483,206
9,layer4.2.relu2,8671,False,26409,5618,6166,6197,85
9,layer4.2.conv3,1247866,False,2626502,22431,10613,36916,335
9,layer4.2.bn3,58497,False,130787,9593,28677,16314,182
9,layer4.2.add,31214,False,73800,4051,3081,8742,55
9,layer4.2.relu3,16368,False,42774,3978,15571,5044,49
9,avgpool,82498,False,181680,86014,9562,91074,1334
9,flatten,8856,False,26785,12413,2875,11594,163
9,fc,498140,False,1054978,28377,134451,50702,362
10,conv1,2176910,False,4574345,138282,72090,115951,2008
10,bn1,336237,False,716800,37514,109870,34840,879
10,relu,175542,False,378189,11841,103591,12449,126
10,maxpool,10356481,False,21710978,47742537,1486591,2048771,761539
10,layer1.0.conv1,271170,False,494276,37588,7772,41502,468
10,layer1.0.bn1,88477,False,194366,57184,31733,27951,853
10,layer1.0.relu1,32913,False,77413,10317,28101,8928,135
10,layer1.0.conv2,1995783,False,4194193,199122,5287678,124266,2912
10,layer1.0.bn2,83261,False,184248,39054,31898,27075,623
10,layer1.0.relu2,33594,False,78684,9037,28127,8665,97
10,layer1.0.conv3,855257,False,1803087,25067,14398,43104,397
10,layer1.0.bn3,324197,False,691179,46518,108281,25572,1246
10,layer1.0.downsample.0,870288,False,1834818,16492,14296,31101,278
10,layer1.0.downsample.1,328236,False,699036,42779,110288,28402,1292
10,layer1.0.add,311072,False,662998,12227,3267,16626,144
10,layer1.0.relu3,173263,False,373756,8062,103549,10377,91
10,layer1.1.conv1,807071,False,1702145,28198,7636,32275,362
10,layer1.1.bn1,93195,False,204378,21323,31461,18837,422
10,layer1.1.relu1,31933,False,75190,6664,28163,6820,74
10,layer1.1.conv2,1987285,False,4175986,157369,5287329,111499,2200
10,layer1.1.bn2,80930,False,179135,23750,31865,21037,441
10,layer1.1.relu2,31920,False,75012,7221,28121,7084,89
10,layer1.1.conv3,851225,False,1794762,23909,14291,34422,355
10,layer1.1.bn3,324076,False,690421,39248,110064,25231,1144
10,layer1.1.add,314078,False,669375,6302,3245,12937,63
10,layer1.1.relu3,173231,False,373135,6146,103516,8696,69
10,layer1.2.conv1,809763,False,1707564,29918,7601,31209,386
10,layer1.2.bn1,94667,False,207550,17300,31588,18433,423
10,layer1.2.relu1,31062,False,73433,3940,28097,5775,56
10,layer1.2.conv2,1968596,False,4135933,140685,5287321,102162,1984
10,layer1.2.bn2,73926,False,163872,25611,31903,21136,498
10,layer1.2.relu2,30764,False,72630,5606,28130,6991,57
10,layer1.2.conv3,894838,False,1820056,34315,16657,44745,549
10,layer1.2.bn3,330372,False,703556,45304,110220,30308,1360
10,layer1.2.add,308515,False,657423,6697,3272,15244,71
10,layer1.2.relu3,173187,False,372698,4872,103513,9670,54
10,layer2.0.conv1,1592859,False,3348685,39185,10336,35953,466
10,layer2.0.bn1,173022,False,373075,25289,57117,21128,616
10,layer2.0.relu1,78688,False,173577,4353,53253,8014,60
10,layer2.0.conv2,2140661,False,4496923,158085,4297204,120074,2325
10,layer2.0.bn2,52073,False,117595,25192,21055,22222,346
10,layer2.0.relu2,17450,False,45050,5841,15576,7401,82
10,layer2.0.conv3,843284,False,1778047,21596,12250,30824,432
10,layer2.0.bn3,169647,False,366067,14288,57676,20462,423
10,layer2.0.downsample.0,2285206,False,4800837,144087,74433,126484,2154
10,layer2.0.downsample.1,174539,False,376895,20926,57895,22816,451
10,layer2.0.add,157245,False,339957,7509,3211,14733,96
10,layer2.0.relu3,84191,False,185231,8756,55083,12517,112
10,layer2.1.conv1,815083,False,1718207,33142,5936,37462,436
10,layer2.1.bn1,48880,False,111130,14172,19050,17372,248
10,layer2.1.relu1,17468,False,44719,6037,15546,7071,76
10,layer2.1.conv2,1920853,False,4036834,139367,5166462,97727,2015
10,layer2.1.bn2,45215,False,103455,22036,19162,21145,323
10,layer2.1.relu2,18526,False,47464,7001,15547,7117,82
10,layer2.1.conv3,846816,False,1785003,23775,14039,31849,377
10,layer2.1.bn3,171881,False,370575,15657,57602,19778,381
10,layer2.1.add,156789,False,338731,7471,3176,13143,105
10,layer2.1.relu3,78057,False,172339,6159,53221,8014,65
10,layer2.2.conv1,819101,False,1726706,28451,7808,34876,380
10,layer2.2.bn1,45612,False,104158,8353,18865,15062,136
10,layer2.2.relu1,17330,False,44439,5628,15553,6296,58
10,layer2.2.conv2,1924455,False,4043332,150917,5167881,98355,2147
10,layer2.2.bn2,44250,False,100947,15209,19195,17564,262
10,layer2.2.relu2,17541,False,44922,5666,15546,6601,73
10,layer2.2.conv3,847562,False,1786643,17177,14076,30934,297
10,layer2.2.bn3,170677,False,368275,12616,57648,19904,389
10,layer2.2.add,157329,False,340528,6278,3169,12891,93
10,layer2.2.relu3,81375,False,179103,5115,55045,9223,69
10,layer2.3.conv1,811979,False,1711376,22585,5898,28782,336
10,layer2.3.bn1,46846,False,106364,8838,18924,14180,172
10,layer2.3.relu1,17608,False,45315,4659,15561,5944,71
10,layer2.3.conv2,1918916,False,4031736,137159,5166794,92719,2050
10,layer2.3.bn2,47469,False,107958,15469,20995,20519,270
10,layer2.3.relu2,17246,False,44511,4893,15551,6738,65
10,layer2.3.conv3,843566,False,1778629,15004,12310,29518,253
10,layer2.3.bn3,175403,False,378330,16279,59420,22105,417
10,layer2.3.add,155802,False,336856,4990,3150,12371,43
10,layer2.3.relu3,77501,False,170964,4705,53236,6893,49
10,layer3.0.conv1,1726229,False,3627808,21890,22911,37486,471
10,layer3.0.bn1,85517,False,188190,10509,31818,18263,285
10,layer3.0.relu1,31826,False,75256,5379,28108,5364,62
10,layer3.0.conv2,2196526,False,4615062,163533,5533997,107650,2373
10,layer3.0.bn2,35444,False,82928,19771,13611,19560,239
10,layer3.0.relu2,11477,False,32640,5954,9261,6631,73
10,layer3.0.conv3,969309,False,2041512,16937,14215,31832,270
10,layer3.0.bn3,91338,False,200458,15377,35850,18501,258
10,layer3.0.downsample.0,2211759,False,4646059,134591,76064,117213,2055
10,layer3.0.downsample.1,89498,False,196480,17786,36127,19980,306
10,layer3.0.add,66879,False,149215,5982,3137,12020,71
10,layer3.0.relu3,31890,False,75228,7052,28140,7215,88
10,layer3.1.conv1,1017976,False,2143354,23630,14558,41123,458
10,layer3.1.bn1,35777,False,83178,11097,13572,16491,233
10,layer3.1.relu1,11639,False,32629,4470,9245,5298,48
10,layer3.1.conv2,2048682,False,4304532,156165,3448616,107020,2240
10,layer3.1.bn2,36687,False,85301,14940,13708,18888,224
10,layer3.1.relu2,11572,False,32399,6070,9257,6920,73
10,layer3.1.conv3,966652,False,2035718,16002,14387,32592,244
10,layer3.1.bn3,92460,False,202743,11081,36016,15698,289
10,layer3.1.add,69778,False,155288,6469,4933,12948,84
10,layer3.1.relu3,30637,False,72252,4637,28105,6160,68
10,layer3.2.conv1,1005372,False,2117013,15855,14196,33930,265
10,layer3.2.bn1,35682,False,83111,8305,13541,15179,190
10,layer3.2.relu1,10927,False,31274,4439,9258,5574,50
10,layer3.2.conv2,2053235,False,4314170,144900,3451081,100886,2086
10,layer3.2.bn2,35827,False,83298,14663,13729,19661,242
10,layer3.2.relu2,11517,False,32486,6285,9268,7411,82
10,layer3.2.conv3,968261,False,2039552,12403,14179,30981,193
10,layer3.2.bn3,89948,False,197728,10456,35898,18010,251
10,layer3.2.add,66235,False,147684,4369,3149,11158,52
10,layer3.2.relu3,30775,False,72742,5298,28132,6133,68
10,layer3.3.conv1,1010294,False,2127316,17265,16365,33219,256
10,layer3.3.bn1,34994,False,81587,8892,13506,15244,194
10,layer3.3.relu1,11292,False,32012,4537,9276,5446,62
10,layer3.3.conv2,2037441,False,4280968,109757,3448829,95456,1546
10,layer3.3.bn2,36906,False,85978,14733,13731,20081,227
10,layer3.3.relu2,11268,False,31761,4935,9256,6434,56
10,layer3.3.conv3,970968,False,2045337,13280,14249,32505,206
10,layer3.3.bn3,92971,False,204081,12779,36019,17307,328
10,layer3.3.add,65467,False,146330,5050,3099,10988,50
10,layer3.3.relu3,30100,False,71278,4077,28107,5957,69
10,layer3.4.conv1,1023156,False,2154926,13964,14545,30959,234
10,layer3.4.bn1,35127,False,81698,8081,13585,14395,188
10,layer3.4.relu1,10684,False,30584,3151,9248,4842,47
10,layer3.4.conv2,2044217,False,4295087,145162,3448570,100002,2001
10,layer3.4.bn2,34156,False,80127,13893,13701,19366,186
10,layer3.4.relu2,10941,False,31028,4972,9277,6232,74
10,layer3.4.conv3,968312,False,2039319,13517,14284,29739,203
10,layer3.4.bn3,89572,False,196666,11387,35899,15820,211
10,layer3.4.add,66097,False,148123,7062,3137,12073,91
10,layer3.4.relu3,31148,False,73383,5008,28106,6345,63
10,layer3.5.conv1,1010710,False,2128029,14547,14602,31883,232
10,layer3.5.bn1,34868,False,81103,8038,13447,14946,188
10,layer3.5.relu1,10264,False,29748,4498,9276,5712,61
10,layer3.5.conv2,2054471,False,4316136,150836,3451092,101630,2183
10,layer3.5.bn2,35303,False,82336,12475,13658,17964,216
10,layer3.5.relu2,11354,False,31857,5350,9298,7571,66
10,layer3.5.conv3,968132,False,2038861,10428,14139,31228,160
10,layer3.5.bn3,91215,False,200056,9726,36044,15730,279
10,layer3.5.add,65183,False,145494,4825,3108,10657,52
10,layer3.5.relu3,30005,False,70983,3483,28109,5394,56
10,layer4.0.conv1,1957771,False,4113187,20280,23474,35302,378
10,layer4.0.bn1,50787,False,114672,10396,20921,16755,172
10,layer4.0.relu1,16912,False,43767,3990,15565,5790,48
10,layer4.0.conv2,3434702,False,7208559,128492,5073667,99015,1933
10,layer4.0.bn2,32169,False,75580,15401,11864,19365,241
10,layer4.0.relu2,8699,False,26331,4054,6103,6186,55
10,layer4.0.conv3,1251112,False,2632573,43259,10858,44493,694
10,layer4.0.bn3,58469,False,130815,10307,28643,16232,179
10,layer4.0.downsample.0,2893571,False,6075650,138434,94804,116218,2326
10,layer4.0.downsample.1,60617,False,135199,17051,28945,19486,264
10,layer4.0.add,31848,False,75240,6215,3082,10750,67
10,layer4.0.relu3,17410,False,44734,5622,15528,6416,69
10,layer4.1.conv1,1220453,False,2568120,44094,12100,44963,631
10,layer4.1.bn1,30634,False,72250,12413,11705,17228,167
10,layer4.1.relu1,8691,False,26587,4070,6174,5952,72
10,layer4.1.conv2,3155560,False,6623668,123408,2452608,98822,1884
10,layer4.1.bn2,32266,False,76168,20292,12053,18878,295
10,layer4.1.relu2,7866,False,24879,3000,6137,6045,49
10,layer4.1.conv3,1253594,False,2637749,31425,10773,39383,456
10,layer4.1.bn3,60864,False,136176,10893,28768,16591,249
10,layer4.1.add,31973,False,75470,5933,3120,10208,92
10,layer4.1.relu3,16685,False,43246,3754,15542,5240,61
10,layer4.2.conv1,1217830,False,2562917,34692,10281,37327,422
10,layer4.2.bn1,30102,False,71135,9624,11699,17265,156
10,layer4.2.relu1,7340,False,23521,2763,6126,4985,43
10,layer4.2.conv2,3152056,False,6616638,116629,2452865,96386,1674
10,layer4.2.bn2,31204,False,73609,11988,11946,18261,180
10,layer4.2.relu2,8045,False,25093,2407,6139,5916,47
10,layer4.2.conv3,1249419,False,2629380,30982,12571,40763,381
10,layer4.2.bn3,57860,False,129796,9983,28622,16408,156
10,layer4.2.add,31211,False,73693,4897,3113,9142,74
10,layer4.2.relu3,16658,False,43256,2896,15523,4465,41
10,avgpool,83280,False,182765,88678,9708,92325,1375
10,flatten,8196,False,25465,14181,2917,10200,192
10,fc,499420,False,1057619,30395,134487,51754,396
11,conv1,2186713,False,4602419,144171,74482,126254,2028
11,bn1,332747,False,708596,34602,108113,33154,937
11,relu,174480,False,375571,8042,103569,11921,76
11,maxpool,10242707,False,21471747,47116782,1487993,1948219,740732
11,layer1.0.conv1,265998,False,486783,35965,6138,39196,466
11,layer1.0.bn1,88811,False,192356,54988,31813,26463,864
11,layer1.0.relu1,34279,False,80262,11797,28120,9460,139
11,layer1.0.conv2,1999884,False,4201806,194609,5287772,124697,2870
11,layer1.0.bn2,82840,False,182701,35345,31953,26356,584
11,layer1.0.relu2,32917,False,77214,6342,28141,8113,75
11,layer1.0.conv3,854711,False,1802239,30496,14339,44226,486
11,layer1.0.bn3,326709,False,695581,47038,110080,29841,1194
11,layer1.0.downsample.0,867356,False,1828699,18032,12499,27313,310
11,layer1.0.downsample.1,323524,False,689102,42301,108263,25997,1226
11,layer1.0.add,310548,False,661955,13019,3285,17134,158
11,layer1.0.relu3,173551,False,374148,8246,103550,10627,104
11,layer1.1.conv1,809296,False,1706618,32738,7648,32936,430
11,layer1.1.bn1,94126,False,206210,20058,31498,20854,440
11,layer1.1.relu1,31506,False,74408,6002,28137,6895,72
11,layer1.1.conv2,1990801,False,4183743,158124,5287682,110064,2241
11,layer1.1.bn2,81753,False,180498,25337,31792,22073,413
11,layer1.1.relu2,31739,False,74873,5069,28126,7507,64
11,layer1.1.conv3,852215,False,1796385,20969,14132,36047,340
11,layer1.1.bn3,322505,False,686720,41496,108338,25836,1148
11,layer1.1.add,312613,False,666234,6251,3269,13086,72
11,layer1.1.relu3,174345,False,375535,9345,103594,9722,107
11,layer1.2.conv1,802985,False,1693425,16738,5854,28768,215
11,layer1.2.bn1,94304,False,206887,17209,31623,20120,435
11,layer1.2.relu1,32070,False,84895,9207,29783,9561,159
11,layer1.2.conv2,1966786,False,4131963,137188,5287436,102189,1933
11,layer1.2.bn2,72737,False,161215,25515,31981,20971,509
11,layer1.2.relu2,30962,False,73503,8046,28147,6991,90
11,layer1.2.conv3,852964,False,1798161,19969,14329,33840,301
11,layer1.2.bn3,323324,False,688665,38945,108349,24251,1284
11,layer1.2.add,308687,False,658499,5016,3244,12953,52
11,layer1.2.relu3,178812,False,384936,9988,105379,12296,110
11,layer2.0.conv1,1586660,False,3335468,35611,8466,32284,458
11,layer2.0.bn1,174533,False,376638,23578,57113,21731,620
11,layer2.0.relu1,77095,False,170157,4584,53272,6702,47
11,layer2.0.conv2,2130845,False,4475982,139797,4296936,107662,1983
11,layer2.0.bn2,48927,False,111009,24326,19203,22092,355
11,layer2.0.relu2,17173,False,44201,4330,15573,6938,46
11,layer2.0.conv3,847943,False,1787868,23553,14119,31776,416
11,layer2.0.bn3,169353,False,365316,15655,57567,20025,377
11,layer2.0.downsample.0,2287854,False,4805533,158150,75118,122756,2373
11,layer2.0.downsample.1,173691,False,374781,16406,57810,22253,404
11,layer2.0.add,161652,False,348832,9307,5009,17871,106
11,layer2.0.relu3,79958,False,176391,7500,53281,9535,76
11,layer2.1.conv1,821988,False,1732607,33671,7729,39666,478
11,layer2.1.bn1,47139,False,107349,13593,18967,18191,206
11,layer2.1.relu1,17084,False,43858,5413,15550,5984,71
11,layer2.1.conv2,1915730,False,4024724,133611,5168030,95574,1959
11,layer2.1.bn2,45379,False,103738,16074,19166,19124,283
11,layer2.1.relu2,16939,False,43599,4396,15568,5776,62
11,layer2.1.conv3,849567,False,1791221,15343,14095,29953,300
11,layer2.1.bn3,171725,False,370364,12098,57710,18515,372
11,layer2.1.add,157165,False,339677,6102,3199,14152,80
11,layer2.1.relu3,77477,False,171759,4635,53237,7444,77
11,layer2.2.conv1,816256,False,1720573,28085,7700,32966,369
11,layer2.2.bn1,45251,False,103191,8708,18904,15895,146
11,layer2.2.relu1,16789,False,43466,3686,15532,5856,49
11,layer2.2.conv2,1916281,False,4026176,118434,5168064,90611,1690
11,layer2.2.bn2,44344,False,101327,13550,19165,16950,263
11,layer2.2.relu2,17457,False,44671,5200,15548,6300,60
11,layer2.2.conv3,847124,False,1785891,15375,14077,29833,271
11,layer2.2.bn3,170158,False,366830,13632,57648,19859,372
11,layer2.2.add,160622,False,346943,6908,4936,14354,80
11,layer2.2.relu3,78695,False,173552,4983,53247,7392,56
11,layer2.3.conv1,816168,False,1720164,27261,7757,32297,360
11,layer2.3.bn1,46944,False,106584,7731,18876,14502,187
11,layer2.3.relu1,17879,False,45906,6652,15557,6694,76
11,layer2.3.conv2,1915058,False,4023582,121937,5168268,90095,1778
11,layer2.3.bn2,44687,False,101975,13947,19206,16928,268
11,layer2.3.relu2,17129,False,44121,4395,15580,6718,64
11,layer2.3.conv3,846309,False,1783986,15785,14030,29402,257
11,layer2.3.bn3,170521,False,367532,11489,57508,18644,373
11,layer2.3.add,155778,False,336676,5287,3169,12438,71
11,layer2.3.relu3,78111,False,172651,5729,53309,7819,73
11,layer3.0.conv1,1731245,False,3638306,24809,22893,37618,501
11,layer3.0.bn1,85315,False,187724,9787,31734,17822,286
11,layer3.0.relu1,32204,False,75804,4217,28148,6059,69
11,layer3.0.conv2,2189795,False,4600155,149767,5534202,104575,2169
11,layer3.0.bn2,34723,False,81009,13924,13736,18236,193
11,layer3.0.relu2,11298,False,31848,3810,9282,6791,55
11,layer3.0.conv3,970633,False,2044347,17693,14200,30555,289
11,layer3.0.bn3,95064,False,209011,13893,37668,19116,281
11,layer3.0.downsample.0,2205856,False,4634287,132560,74043,115868,2003
11,layer3.0.downsample.1,90537,False,198905,22539,36145,22391,373
11,layer3.0.add,67250,False,149835,6939,3134,12780,81
11,layer3.0.relu3,32661,False,76592,8371,28141,7136,112
11,layer3.1.conv1,1018588,False,2144972,24369,14575,40327,451
11,layer3.1.bn1,36397,False,84419,12409,13630,17542,224
11,layer3.1.relu1,10840,False,30984,4391,9286,5345,65
11,layer3.1.conv2,2040859,False,4287895,152813,3448473,101622,2091
11,layer3.1.bn2,35935,False,83516,11777,13734,18514,192
11,layer3.1.relu2,11400,False,32240,5211,9302,7111,81
11,layer3.1.conv3,964095,False,2030594,12735,12350,27965,186
11,layer3.1.bn3,93136,False,203954,11348,35968,17507,286
11,layer3.1.add,64783,False,144881,3294,3118,10545,52
11,layer3.1.relu3,30013,False,71191,4848,28145,6708,74
11,layer3.2.conv1,1023251,False,2154485,13258,14466,31482,260
11,layer3.2.bn1,36349,False,84429,13277,13515,16211,226
11,layer3.2.relu1,10519,False,30207,3872,9281,5232,51
11,layer3.2.conv2,2044039,False,4294933,150022,3448471,95920,2032
11,layer3.2.bn2,34552,False,80785,14561,13684,18907,204
11,layer3.2.relu2,11009,False,31233,3740,9243,6452,60
11,layer3.2.conv3,965702,False,2033928,12469,14228,30405,194
11,layer3.2.bn3,90642,False,199191,11699,35921,16980,257
11,layer3.2.add,65967,False,147249,4648,3129,10947,59
11,layer3.2.relu3,30546,False,72135,4823,28138,6003,70
11,layer3.3.conv1,1009865,False,2126532,14286,14542,31393,246
11,layer3.3.bn1,36592,False,84883,10191,13499,16279,207
11,layer3.3.relu1,11227,False,31708,4209,9263,5426,63
11,layer3.3.conv2,2039471,False,4284997,123539,3448414,94743,1733
11,layer3.3.bn2,36150,False,84109,15243,13718,18385,246
11,layer3.3.relu2,11397,False,32011,4244,9314,6058,62
11,layer3.3.conv3,972389,False,2047920,15021,15024,31445,239
11,layer3.3.bn3,92410,False,202717,10601,35971,15796,281
11,layer3.3.add,65012,False,145048,3742,3130,10421,57
11,layer3.3.relu3,30841,False,72759,3451,28155,5456,56
11,layer3.4.conv1,1022190,False,2152131,13879,14608,31508,223
11,layer3.4.bn1,34501,False,80340,8237,13499,13682,203
11,layer3.4.relu1,11072,False,31363,3055,9267,5050,56
11,layer3.4.conv2,2041161,False,4288943,145542,3448492,100721,1989
11,layer3.4.bn2,34889,False,81245,17161,13710,19570,223
11,layer3.4.relu2,11386,False,32152,5072,9247,6901,70
11,layer3.4.conv3,964155,False,2030989,12885,14206,29326,211
11,layer3.4.bn3,93949,False,205705,12504,37710,20039,258
11,layer3.4.add,66177,False,147845,4093,3130,10593,50
11,layer3.4.relu3,31294,False,73897,5434,28182,5969,77
11,layer3.5.conv1,1011029,False,2129074,12549,14528,31841,213
11,layer3.5.bn1,34686,False,80802,6995,13507,15630,181
11,layer3.5.relu1,10614,False,30619,2649,9264,4409,39
11,layer3.5.conv2,2040408,False,4286647,123207,3448793,95600,1721
11,layer3.5.bn2,35587,False,82553,9851,13701,18041,199
11,layer3.5.relu2,10693,False,30584,4105,9290,6280,62
11,layer3.5.conv3,967027,False,2036876,9654,14261,30043,186
11,layer3.5.bn3,92401,False,202821,10412,35997,17139,244
11,layer3.5.add,64594,False,144151,5102,3119,10065,65
11,layer3.5.relu3,30335,False,71790,4276,28142,5968,57
11,layer4.0.conv1,1965093,False,4128669,20864,23562,37882,370
11,layer4.0.bn1,50300,False,113749,11777,20907,18225,177
11,layer4.0.relu1,20639,False,51524,5921,17370,7119,70
11,layer4.0.conv2,3406586,False,7150267,124719,5071993,99066,1852
11,layer4.0.bn2,32382,False,76163,17829,12051,19051,267
11,layer4.0.relu2,9002,False,26816,4677,6117,6224,56
11,layer4.0.conv3,1241574,False,2613118,44194,10560,41723,661
11,layer4.0.bn3,58718,False,131491,12483,28664,17578,217
11,layer4.0.downsample.0,2892030,False,6072941,161707,94274,119816,2565
11,layer4.0.downsample.1,60554,False,135323,19027,28940,19459,316
11,layer4.0.add,36853,False,85855,13708,5013,14085,161
11,layer4.0.relu3,17513,False,44945,6039,15558,6886,74
11,layer4.1.conv1,1214156,False,2555505,46025,10351,45964,600
11,layer4.1.bn1,32754,False,76821,19460,11855,20159,290
11,layer4.1.relu1,8418,False,25754,3786,6093,5508,48
11,layer4.1.conv2,3153528,False,6620299,130180,2452414,102706,1947
11,layer4.1.bn2,31926,False,75055,15734,11891,18824,224
11,layer4.1.relu2,8024,False,25309,4568,6159,6600,60
11,layer4.1.conv3,1245069,False,2620413,30776,12521,40964,417
11,layer4.1.bn3,59880,False,133800,12511,28662,17646,178
11,layer4.1.add,31805,False,75228,6996,3123,10398,93
11,layer4.1.relu3,16741,False,43269,4396,15538,5184,62
11,layer4.2.conv1,1216334,False,2560190,31557,10268,35986,470
11,layer4.2.bn1,29731,False,70789,10654,11654,16069,156
11,layer4.2.relu1,7308,False,23605,3192,6125,4995,54
11,layer4.2.conv2,3168997,False,6652190,124031,2455142,100917,1877
11,layer4.2.bn2,29900,False,71204,12095,11928,18437,202
11,layer4.2.relu2,8058,False,24786,3260,6097,6155,37
11,layer4.2.conv3,1243306,False,2616278,25064,12531,40880,347
11,layer4.2.bn3,57977,False,129541,10322,28604,16528,162
11,layer4.2.add,31933,False,75380,4208,3127,9897,63
11,layer4.2.relu3,16827,False,43607,3560,15564,5143,55
11,avgpool,81519,False,179301,86473,9577,87002,1303
11,flatten,8389,False,25541,11972,2876,10859,162
11,fc,504591,False,1068417,31936,136351,53716,390
12,conv1,2176721,False,4573277,140764,72291,121261,2029
12,bn1,333856,False,711645,37079,108062,32956,912
12,relu,175308,False,377040,11985,103555,13417,125
12,maxpool,10236021,False,21458757,47437879,1488080,1901365,744654
12,layer1.0.conv1,256973,False,486804,36964,5891,39058,483
12,layer1.0.bn1,88433,False,194477,54409,31806,27039,841
12,layer1.0.relu1,33917,False,79803,12449,28216,9797,159
12,layer1.0.conv2,2006922,False,4217141,208262,5288044,123815,2969
12,layer1.0.bn2,82023,False,181096,38254,31841,24718,614
12,layer1.0.relu2,32606,False,76840,7955,28153,8286,97
12,layer1.0.conv3,854876,False,1801968,27686,14333,43252,445
12,layer1.0.bn3,329128,False,700866,48982,110118,29372,1221
12,layer1.0.downsample.0,873031,False,1840726,19646,14316,30867,326
12,layer1.0.downsample.1,324173,False,690725,41140,108501,25139,1258
12,layer1.0.add,311096,False,663657,13702,3262,16825,146
12,layer1.0.relu3,177770,False,382805,10133,105315,11887,100
12,layer1.1.conv1,803412,False,1694294,31422,5791,30362,410
12,layer1.1.bn1,98130,False,214818,20198,33464,21076,407
12,layer1.1.relu1,31440,False,74316,5874,28127,6641,70
12,layer1.1.conv2,1988182,False,4177891,159078,5287403,109266,2193
12,layer1.1.bn2,82970,False,183291,26707,31892,24437,484
12,layer1.1.relu2,31941,False,74875,5163,28117,7239,54
12,layer1.1.conv3,851059,False,1794891,20663,14395,36373,375
12,layer1.1.bn3,322548,False,686902,40468,108233,24943,1130
12,layer1.1.add,312883,False,666991,7170,3259,13953,94
12,layer1.1.relu3,177188,False,381604,9596,105117,11692,123
12,layer1.2.conv1,803363,False,1694638,18980,5847,29993,250
12,layer1.2.bn1,98517,False,215661,17783,33448,21077,429
12,layer1.2.relu1,31479,False,74462,4239,28128,6433,64
12,layer1.2.conv2,1969125,False,4137453,139559,5287817,102717,1885
12,layer1.2.bn2,73269,False,162487,30054,31850,22034,536
12,layer1.2.relu2,30684,False,72974,6524,28132,6773,71
12,layer1.2.conv3,853674,False,1799500,18726,14329,34202,322
12,layer1.2.bn3,326794,False,696286,38630,108307,26893,1298
12,layer1.2.add,308494,False,658055,5823,3266,12663,70
12,layer1.2.relu3,176558,False,380495,7745,105367,11627,80
12,layer2.0.conv1,1588386,False,3340144,32273,8374,31161,412
12,layer2.0.bn1,173772,False,374722,22928,57161,20225,612
12,layer2.0.relu1,77661,False,171586,3687,53256,6916,55
12,layer2.0.conv2,2129245,False,4473419,150877,4297105,107593,2166
12,layer2.0.bn2,48358,False,110104,22474,19253,21093,331
12,layer2.0.relu2,18461,False,46785,5612,15556,6804,59
12,layer2.0.conv3,848478,False,1788315,24255,14102,32829,439
12,layer2.0.bn3,170676,False,368179,11518,57633,18425,382
12,layer2.0.downsample.0,2278702,False,4786922,147192,74692,124256,2142
12,layer2.0.downsample.1,178827,False,385344,21372,59700,26709,487
12,layer2.0.add,157766,False,341435,8375,3167,13460,92
12,layer2.0.relu3,79513,False,175443,6089,53251,8934,79
12,layer2.1.conv1,820961,False,1730844,35930,7707,41639,483
12,layer2.1.bn1,47829,False,108451,11097,19000,16368,230
12,layer2.1.relu1,17104,False,43919,4973,15571,6046,70
12,layer2.1.conv2,1926460,False,4048731,144717,5168335,99932,2072
12,layer2.1.bn2,43773,False,100300,16343,19070,18194,282
12,layer2.1.relu2,17540,False,44750,5955,15572,7015,75
12,layer2.1.conv3,848937,False,1789597,18862,14053,33090,278
12,layer2.1.bn3,171013,False,369095,11784,57658,17427,388
12,layer2.1.add,157078,False,339351,7429,3169,12364,85
12,layer2.1.relu3,77421,False,171028,5528,53246,7307,62
12,layer2.2.conv1,817535,False,1723483,31046,7738,33577,426
12,layer2.2.bn1,46014,False,104860,8602,18905,15149,138
12,layer2.2.relu1,17848,False,45623,4985,15548,5959,66
12,layer2.2.conv2,1917537,False,4028730,130456,5168260,90952,1879
12,layer2.2.bn2,44644,False,101581,11870,19105,17535,237
12,layer2.2.relu2,17107,False,44096,5361,15570,6297,60
12,layer2.2.conv3,846931,False,1784914,13552,14089,29822,250
12,layer2.2.bn3,170729,False,368232,13268,57684,19444,412
12,layer2.2.add,156042,False,337236,4801,3168,12243,54
12,layer2.2.relu3,78092,False,172695,5562,53251,7035,54
12,layer2.3.conv1,814041,False,1715321,20666,7689,31981,254
12,layer2.3.bn1,46842,False,106332,8852,18962,14999,186
12,layer2.3.relu1,17556,False,45011,3725,15532,5701,53
12,layer2.3.conv2,1914925,False,4023109,114041,5168151,88164,1663
12,layer2.3.bn2,44947,False,102277,13351,19227,17944,240
12,layer2.3.relu2,16504,False,42780,3200,15530,5706,45
12,layer2.3.conv3,848417,False,1788763,16609,14125,31303,285
12,layer2.3.bn3,170055,False,366918,10669,57521,17782,339
12,layer2.3.add,155401,False,335927,5323,3165,12121,61
12,layer2.3.relu3,76363,False,168594,3619,53253,6784,59
12,layer3.0.conv1,1714374,False,3603025,25794,22959,38164,482
12,layer3.0.bn1,85204,False,187286,10257,31804,18089,278
12,layer3.0.relu1,32564,False,76766,4359,28127,6749,76
12,layer3.0.conv2,2197058,False,4615385,170252,5534475,105023,2367
12,layer3.0.bn2,36160,False,84247,15057,13736,19962,186
12,layer3.0.relu2,11218,False,31769,3660,9276,7038,49
12,layer3.0.conv3,974765,False,2052963,15999,14266,36488,281
12,layer3.0.bn3,92585,False,203116,12285,35898,18323,274
12,layer3.0.downsample.0,2202346,False,4626545,121306,73820,112161,1807
12,layer3.0.downsample.1,87845,False,193075,13561,36041,19182,250
12,layer3.0.add,67109,False,149649,6567,3170,12555,76
12,layer3.0.relu3,32318,False,76597,7729,28159,7093,99
12,layer3.1.conv1,1017401,False,2142598,22823,14486,39414,405
12,layer3.1.bn1,35188,False,81983,10994,13591,15182,239
12,layer3.1.relu1,11213,False,31682,6201,9289,6610,69
12,layer3.1.conv2,2042472,False,4291510,134162,3448744,99101,1895
12,layer3.1.bn2,36283,False,84330,13761,13718,18453,227
12,layer3.1.relu2,11240,False,31646,5091,9274,6789,67
12,layer3.1.conv3,966076,False,2034813,12853,13919,29956,213
12,layer3.1.bn3,93166,False,204480,13208,36002,16522,304
12,layer3.1.add,65672,False,146436,4999,3114,11220,52
12,layer3.1.relu3,29835,False,70804,4472,28114,5464,53
12,layer3.2.conv1,1022358,False,2153346,15103,14475,31391,256
12,layer3.2.bn1,34917,False,81153,7387,13522,15216,168
12,layer3.2.relu1,11126,False,31423,3391,9268,5317,51
12,layer3.2.conv2,2043104,False,4292669,129773,3448335,99268,1819
12,layer3.2.bn2,33727,False,78970,13580,13703,17427,223
12,layer3.2.relu2,11189,False,31579,5308,9245,6465,79
12,layer3.2.conv3,972268,False,2047829,17857,14762,32450,244
12,layer3.2.bn3,90140,False,197661,11212,35882,17151,242
12,layer3.2.add,66427,False,155379,6987,4963,12379,87
12,layer3.2.relu3,31044,False,73162,4039,28131,5792,52
12,layer3.3.conv1,1009789,False,2126116,15154,14539,32311,259
12,layer3.3.bn1,35599,False,82538,8381,13523,15230,197
12,layer3.3.relu1,11751,False,32867,3769,9263,5706,60
12,layer3.3.conv2,2045585,False,4297965,123613,3448573,99660,1773
12,layer3.3.bn2,35047,False,81955,13299,13691,17958,221
12,layer3.3.relu2,11189,False,31666,4028,9303,6158,57
12,layer3.3.conv3,966629,False,2036279,12098,14170,29097,219
12,layer3.3.bn3,90976,False,199848,9981,35943,15600,257
12,layer3.3.add,65564,False,146270,4457,3139,9940,39
12,layer3.3.relu3,30225,False,71424,4045,28111,5518,62
12,layer3.4.conv1,1020219,False,2148552,12643,14521,31930,212
12,layer3.4.bn1,35037,False,81479,8648,13534,14262,190
12,layer3.4.relu1,10384,False,30116,2539,9239,5147,47
12,layer3.4.conv2,2041094,False,4288439,128379,3448616,97946,1826
12,layer3.4.bn2,36550,False,84855,14974,15498,19405,220
12,layer3.4.relu2,11751,False,33085,5815,9284,6785,63
12,layer3.4.conv3,968024,False,2039172,12212,14251,30979,194
12,layer3.4.bn3,89872,False,197760,10254,35871,16853,240
12,layer3.4.add,65085,False,145366,4690,3100,10192,46
12,layer3.4.relu3,30397,False,71673,3418,28094,5684,43
12,layer3.5.conv1,1010419,False,2127655,9695,14486,30104,175
12,layer3.5.bn1,33671,False,78667,7600,13498,14121,179
12,layer3.5.relu1,10602,False,30228,3294,9253,5300,41
12,layer3.5.conv2,2036824,False,4280148,94363,3448612,91571,1303
12,layer3.5.bn2,36030,False,83783,12241,13691,18527,204
12,layer3.5.relu2,10874,False,30776,3773,9258,6162,58
12,layer3.5.conv3,966563,False,2035737,10043,14197,28577,169
12,layer3.5.bn3,92264,False,202547,10035,35978,16127,275
12,layer3.5.add,65189,False,145693,4536,3113,9942,50
12,layer3.5.relu3,30397,False,72074,4741,28123,5887,73
12,layer4.0.conv1,1970261,False,4147253,25168,23728,37133,417
12,layer4.0.bn1,49792,False,112911,9854,20896,17370,173
12,layer4.0.relu1,16747,False,43138,3663,15564,5828,52
12,layer4.0.conv2,3412376,False,7162233,124841,5072058,98444,1835
12,layer4.0.bn2,32562,False,76700,21001,12059,19694,297
12,layer4.0.relu2,8442,False,25871,4331,6122,6267,59
12,layer4.0.conv3,1245217,False,2620633,47081,10614,43367,813
12,layer4.0.bn3,59798,False,141867,15801,30283,17176,189
12,layer4.0.downsample.0,2889720,False,6067414,164520,92274,112234,2544
12,layer4.0.downsample.1,61955,False,138288,25008,29033,20359,380
12,layer4.0.add,32533,False,76626,7924,3100,10511,86
12,layer4.0.relu3,17140,False,44428,6034,15561,6266,91
12,layer4.1.conv1,1226266,False,2581110,49225,12940,50450,675
12,layer4.1.bn1,30717,False,72741,12954,11743,18255,196
12,layer4.1.relu1,8185,False,25570,4791,6169,6349,67
12,layer4.1.conv2,3150683,False,6614324,127752,2452977,103421,1907
12,layer4.1.bn2,31851,False,75069,16470,11996,19374,253
12,layer4.1.relu2,8591,False,26755,4843,6152,6999,53
12,layer4.1.conv3,1250429,False,2631467,30911,12659,42975,469
12,layer4.1.bn3,61832,False,138115,10551,28713,16514,255
12,layer4.1.add,31736,False,75385,6877,3148,10117,97
12,layer4.1.relu3,17204,False,44431,4173,15519,5539,62
12,layer4.2.conv1,1219011,False,2566481,35551,10397,36764,437
12,layer4.2.bn1,30605,False,72553,11455,11724,16679,178
12,layer4.2.relu1,7872,False,24808,4515,6127,5547,75
12,layer4.2.conv2,3154506,False,6621868,117209,2452857,99685,1827
12,layer4.2.bn2,31718,False,74955,15922,11940,19870,233
12,layer4.2.relu2,8599,False,26403,4631,6132,7100,54
12,layer4.2.conv3,1233455,False,2595475,25520,10823,37537,372
12,layer4.2.bn3,57722,False,129482,10496,28620,16415,170
12,layer4.2.add,31134,False,73691,4754,3084,9888,66
12,layer4.2.relu3,17212,False,44649,4010,15548,5594,54
12,avgpool,82088,False,181652,93777,9642,89647,1364
12,flatten,7835,False,24888,12468,2851,10081,159
12,fc,503267,False,1066411,32565,136234,55509,440
13,conv1,2176724,False,4573694,133137,72494,120931,1929
13,bn1,331559,False,706656,48346,108026,33711,1022
13,relu,180052,False,387523,9672,105444,17070,110
13,maxpool,10145131,False,21267907,47258183,1486431,1874133,734404
13,layer1.0.conv1,265808,False,488824,40440,5898,41358,475
13,layer1.0.bn1,88408,False,194822,54778,31723,28224,845
13,layer1.0.relu1,34178,False,80035,12712,28114,9712,160
13,layer1.0.conv2,1998513,False,4199673,207478,5287589,122006,2955
13,layer1.0.bn2,82789,False,182849,34653,31947,26355,547
13,layer1.0.relu2,32396,False,76001,7229,28117,7801,81
13,layer1.0.conv3,851358,False,1802993,28385,14159,39453,417
13,layer1.0.bn3,327919,False,698579,49034,110182,29573,1251
13,layer1.0.downsample.0,870634,False,1835542,17896,14229,32270,308
13,layer1.0.downsample.1,324573,False,691282,41941,108555,25651,1263
13,layer1.0.add,311013,False,663145,12158,3268,16945,153
13,layer1.0.relu3,177606,False,382610,9602,105382,11395,108
13,layer1.1.conv1,804167,False,1696215,29521,5797,31238,379
13,layer1.1.bn1,98848,False,216093,21622,33477,22267,461
13,layer1.1.relu1,31507,False,74428,4874,28142,6259,78
13,layer1.1.conv2,1987743,False,4176895,154485,5287223,112019,2142
13,layer1.1.bn2,82403,False,181731,27045,31786,23632,456
13,layer1.1.relu2,32226,False,75706,5330,28129,8147,82
13,layer1.1.conv3,852718,False,1798309,17115,14335,35470,276
13,layer1.1.bn3,322792,False,688054,39134,108316,23926,1133
13,layer1.1.add,312655,False,666727,7855,3283,14230,105
13,layer1.1.relu3,176633,False,380355,5265,105342,11172,76
13,layer1.2.conv1,803420,False,1695561,19417,5891,29801,252
13,layer1.2.bn1,94595,False,207456,17913,31550,19647,406
13,layer1.2.relu1,31330,False,73838,3535,28132,5414,49
13,layer1.2.conv2,1967153,False,4133552,131386,5287228,101825,1806
13,layer1.2.bn2,72805,False,161730,25626,31906,21227,490
13,layer1.2.relu2,30477,False,72103,4229,28121,5851,56
13,layer1.2.conv3,852100,False,1796575,16199,14296,35228,269
13,layer1.2.bn3,325814,False,694401,36556,108304,26101,1269
13,layer1.2.add,308746,False,658228,5721,3262,12844,64
13,layer1.2.relu3,172485,False,379471,8029,103531,8433,67
13,layer2.0.conv1,1587467,False,3337270,32446,8420,30932,408
13,layer2.0.bn1,177958,False,383500,25376,58917,24615,629
13,layer2.0.relu1,77910,False,172369,4518,53275,7929,57
13,layer2.0.conv2,2137988,False,4492171,155036,4297453,114005,2348
13,layer2.0.bn2,48110,False,109425,26535,19094,20532,354
13,layer2.0.relu2,17408,False,44831,6454,15567,7374,80
13,layer2.0.conv3,848426,False,1788389,21360,14097,34171,408
13,layer2.0.bn3,169656,False,366316,16099,57594,18745,414
13,layer2.0.downsample.0,2281590,False,4793099,150601,74703,126383,2200
13,layer2.0.downsample.1,178790,False,385615,20864,59711,26826,479
13,layer2.0.add,158018,False,341423,8230,3141,14205,105
13,layer2.0.relu3,78831,False,174617,7269,53277,9093,81
13,layer2.1.conv1,822045,False,1732648,36535,7730,41673,501
13,layer2.1.bn1,48846,False,110751,13712,18903,17447,236
13,layer2.1.relu1,17163,False,44264,6281,15549,6684,92
13,layer2.1.conv2,1923561,False,4041412,145435,5168375,95949,2020
13,layer2.1.bn2,43987,False,100453,14725,19236,17129,263
13,layer2.1.relu2,16841,False,43538,4001,15543,6143,54
13,layer2.1.conv3,847537,False,1786852,15729,14121,29053,266
13,layer2.1.bn3,170485,False,367758,13143,57624,19292,383
13,layer2.1.add,157253,False,339997,6966,3167,11698,66
13,layer2.1.relu3,77760,False,171909,5110,53228,6559,58
13,layer2.2.conv1,816351,False,1721140,25955,7758,32607,352
13,layer2.2.bn1,45884,False,104807,5969,18868,14880,123
13,layer2.2.relu1,17802,False,45444,4536,15570,5893,51
13,layer2.2.conv2,1917654,False,4029440,144488,5168318,92045,2044
13,layer2.2.bn2,45018,False,102588,15116,19201,17869,261
13,layer2.2.relu2,17443,False,44905,5141,15580,6756,75
13,layer2.2.conv3,845490,False,1782815,14527,14058,30927,290
13,layer2.2.bn3,173830,False,374757,9935,59455,20841,404
13,layer2.2.add,156527,False,338152,5150,3172,11933,67
13,layer2.2.relu3,78322,False,173353,4824,53240,6407,63
13,layer2.3.conv1,814426,False,1716524,20996,7487,31638,283
13,layer2.3.bn1,46482,False,105806,7236,18859,15638,142
13,layer2.3.relu1,17582,False,45202,5009,15572,5166,54
13,layer2.3.conv2,1917321,False,4029115,127731,5168398,90854,1783
13,layer2.3.bn2,43918,False,100323,13308,19170,17225,223
13,layer2.3.relu2,16933,False,43877,4719,15567,6984,61
13,layer2.3.conv3,848894,False,1789846,17414,14102,30787,303
13,layer2.3.bn3,171272,False,369618,11678,57636,19992,386
13,layer2.3.add,155835,False,337183,5147,3165,11989,66
13,layer2.3.relu3,77735,False,171511,5284,53262,7456,69
13,layer3.0.conv1,1759749,False,3697985,25897,22902,36838,475
13,layer3.0.bn1,85025,False,186918,11645,31782,17235,308
13,layer3.0.relu1,31393,False,74265,4123,28116,6210,59
13,layer3.0.conv2,2196004,False,4613639,154818,5535933,109230,2226
13,layer3.0.bn2,35757,False,83163,15542,13646,18606,205
13,layer3.0.relu2,11978,False,33586,5062,9255,7184,67
13,layer3.0.conv3,969410,False,2042353,15526,14224,33251,244
13,layer3.0.bn3,90945,False,199767,11349,35828,17774,239
13,layer3.0.downsample.0,2202428,False,4626547,125922,74301,113429,1897
13,layer3.0.downsample.1,89155,False,196064,17430,36116,19876,320
13,layer3.0.add,66676,False,148594,6389,3142,11827,76
13,layer3.0.relu3,32517,False,76337,6824,28132,8047,94
13,layer3.1.conv1,1016855,False,2141754,21461,14587,38901,419
13,layer3.1.bn1,35635,False,82704,11469,13571,15827,225
13,layer3.1.relu1,11673,False,32507,4255,9269,6396,55
13,layer3.1.conv2,2045304,False,4305173,136600,3449304,104526,1871
13,layer3.1.bn2,35749,False,83318,13010,13677,18565,208
13,layer3.1.relu2,11483,False,32578,4717,9305,6861,77
13,layer3.1.conv3,968289,False,2039764,12962,14190,29110,225
13,layer3.1.bn3,91584,False,200949,11569,35997,17091,283
13,layer3.1.add,65988,False,147298,5778,3122,11077,64
13,layer3.1.relu3,30845,False,72762,3859,28078,5846,53
13,layer3.2.conv1,1003521,False,2113457,15143,14573,30958,261
13,layer3.2.bn1,34831,False,81170,8661,13526,15031,197
13,layer3.2.relu1,10494,False,30318,3496,9247,5052,51
13,layer3.2.conv2,2041335,False,4289845,144566,3448450,98706,1932
13,layer3.2.bn2,35085,False,81964,16721,13677,20493,232
13,layer3.2.relu2,12159,False,33455,5158,9263,6540,76
13,layer3.2.conv3,967303,False,2037778,13292,14274,31743,197
13,layer3.2.bn3,90995,False,199444,11017,35916,17315,223
13,layer3.2.add,69195,False,154031,6012,4979,11438,78
13,layer3.2.relu3,30944,False,73103,3756,28098,6084,57
13,layer3.3.conv1,1005709,False,2118236,15711,14261,31245,263
13,layer3.3.bn1,35286,False,82226,7638,13523,15327,190
13,layer3.3.relu1,11094,False,31508,3495,9261,5361,41
13,layer3.3.conv2,2048800,False,4305334,155457,3448476,105467,2207
13,layer3.3.bn2,37011,False,86006,16309,13742,20481,264
13,layer3.3.relu2,11899,False,33134,6932,9269,6232,76
13,layer3.3.conv3,965392,False,2033547,13153,14144,31520,224
13,layer3.3.bn3,92439,False,203039,14599,35945,17579,298
13,layer3.3.add,65928,False,147286,4608,3108,9891,58
13,layer3.3.relu3,30270,False,71671,5088,28108,5954,65
13,layer3.4.conv1,1017464,False,2142335,12915,14570,30419,200
13,layer3.4.bn1,34191,False,80057,6245,13474,14948,168
13,layer3.4.relu1,10457,False,30200,3313,9271,5107,41
13,layer3.4.conv2,2044565,False,4296146,151697,3448482,102222,2093
13,layer3.4.bn2,34213,False,80197,11736,13732,18804,188
13,layer3.4.relu2,11468,False,32329,6614,9262,6983,87
13,layer3.4.conv3,968672,False,2040232,12976,14287,30896,199
13,layer3.4.bn3,90453,False,198599,9537,35814,17317,219
13,layer3.4.add,66212,False,147965,4381,3122,10268,62
13,layer3.4.relu3,30548,False,72055,3461,28092,5436,62
13,layer3.5.conv1,1053884,False,2151133,31446,15917,42082,493
13,layer3.5.bn1,35184,False,81869,7806,13477,16219,178
13,layer3.5.relu1,10625,False,30407,3057,9252,5445,38
13,layer3.5.conv2,2042569,False,4291833,132095,3448623,103908,1840
13,layer3.5.bn2,36600,False,85189,13411,13729,19146,197
13,layer3.5.relu2,11887,False,33197,5308,9277,6197,65
13,layer3.5.conv3,967937,False,2038904,9588,14224,31237,173
13,layer3.5.bn3,90784,False,199484,11171,35972,16380,263
13,layer3.5.add,69404,False,154555,7043,4914,12762,84
13,layer3.5.relu3,30146,False,71584,4352,28115,5390,61
13,layer4.0.conv1,1956978,False,4111728,19981,23545,36073,375
13,layer4.0.bn1,50251,False,113807,11845,20999,18207,210
13,layer4.0.relu1,16911,False,43432,4426,15577,5822,54
13,layer4.0.conv2,3419280,False,7176462,128649,5072233,103935,1909
13,layer4.0.bn2,33104,False,77453,19752,12108,19989,315
13,layer4.0.relu2,8978,False,27110,3787,6157,6497,55
13,layer4.0.conv3,1251824,False,2634828,49420,12712,47617,785
13,layer4.0.bn3,60327,False,134671,16827,28785,18122,245
13,layer4.0.downsample.0,2890981,False,6069490,149366,93976,114343,2443
13,layer4.0.downsample.1,61431,False,137663,19595,29039,20342,312
13,layer4.0.add,31846,False,75109,5650,3099,10838,91
13,layer4.0.relu3,17370,False,44244,5534,15547,6668,77
13,layer4.1.conv1,1215370,False,2558287,39231,10319,44653,569
13,layer4.1.bn1,30370,False,71841,12146,11766,18031,195
13,layer4.1.relu1,8025,False,24832,3559,6106,5608,54
13,layer4.1.conv2,3154140,False,6621083,116822,2452670,97730,1755
13,layer4.1.bn2,31630,False,74604,13704,11953,19148,201
13,layer4.1.relu2,8586,False,26291,4483,6150,7025,66
13,layer4.1.conv3,1236718,False,2610208,33803,12292,38312,477
13,layer4.1.bn3,61797,False,137777,11641,28820,17515,249
13,layer4.1.add,32041,False,75391,5049,3110,8820,63
13,layer4.1.relu3,16663,False,42899,4159,15546,5724,59
13,layer4.2.conv1,1218878,False,2565424,31899,10255,35885,446
13,layer4.2.bn1,30376,False,71850,9940,11696,16100,146
13,layer4.2.relu1,7790,False,24550,2698,6103,5212,40
13,layer4.2.conv2,3146682,False,6612045,101923,2454419,94062,1514
13,layer4.2.bn2,30930,False,73009,13167,11999,18594,215
13,layer4.2.relu2,8779,False,26624,3684,6132,6304,49
13,layer4.2.conv3,1230649,False,2589918,23463,10716,39004,369
13,layer4.2.bn3,58539,False,130812,10900,28584,15514,158
13,layer4.2.add,30361,False,71975,4248,3092,8133,57
13,layer4.2.relu3,16477,False,42539,3331,15525,4925,47
13,avgpool,79988,False,176040,82948,9592,87610,1226
13,flatten,8182,False,25202,12475,2833,9985,158
13,fc,503056,False,1066155,33621,136326,54359,448
14,conv1,2177740,False,4575459,123912,72283,119068,1774
14,bn1,333973,False,711934,36075,108226,32445,943
14,relu,178522,False,384499,8709,105372,16147,96
14,maxpool,10319915,False,21633923,48070966,1486304,1955895,756508
14,layer1.0.conv1,259142,False,485348,34178,5891,38740,403
14,layer1.0.bn1,88746,False,195353,56067,31676,27419,856
14,layer1.0.relu1,32758,False,76836,9699,28106,8997,131
14,layer1.0.conv2,1995084,False,4191660,197056,5287798,122621,2814
14,layer1.0.bn2,82739,False,182459,35718,31811,25333,571
14,layer1.0.relu2,32541,False,76660,6546,28145,8095,90
14,layer1.0.conv3,855907,False,1804687,25872,14364,41096,417
14,layer1.0.bn3,323828,False,690038,43132,108222,25715,1179
14,layer1.0.downsample.0,872091,False,1839037,17828,14371,31126,300
14,layer1.0.downsample.1,324486,False,692180,41195,108468,24724,1260
14,layer1.0.add,314632,False,670878,15990,5087,18763,171
14,layer1.0.relu3,173827,False,374380,6733,103527,9892,61
14,layer1.1.conv1,807331,False,1702728,32094,7679,33701,444
14,layer1.1.bn1,94536,False,207215,21513,31579,20241,447
14,layer1.1.relu1,31749,False,74950,4671,28112,6730,64
14,layer1.1.conv2,1986411,False,4173534,144891,5287306,107796,2086
14,layer1.1.bn2,82962,False,183148,30668,31938,25132,506
14,layer1.1.relu2,32049,False,75767,5976,28118,8228,76
14,layer1.1.conv3,850612,False,1793605,18036,14346,34184,335
14,layer1.1.bn3,323882,False,690220,39798,108439,25758,1199
14,layer1.1.add,315967,False,673341,8544,5074,15639,88
14,layer1.1.relu3,173639,False,374105,7355,103536,9909,86
14,layer1.2.conv1,809120,False,1706363,20226,7649,31504,252
14,layer1.2.bn1,93460,False,204907,16100,31507,18874,374
14,layer1.2.relu1,31253,False,74049,4660,28107,6388,47
14,layer1.2.conv2,1968194,False,4135249,128277,5287153,103016,1828
14,layer1.2.bn2,73025,False,162062,25194,31838,22288,481
14,layer1.2.relu2,30199,False,71454,5054,28125,6823,82
14,layer1.2.conv3,851969,False,1796167,19607,14318,32663,346
14,layer1.2.bn3,323915,False,690356,37810,108348,23602,1281
14,layer1.2.add,311122,False,663331,7228,5062,15419,70
14,layer1.2.relu3,174175,False,375496,6083,103517,9488,58
14,layer2.0.conv1,1594006,False,3351287,34313,10323,33444,424
14,layer2.0.bn1,175293,False,377914,25607,57276,22864,643
14,layer2.0.relu1,78250,False,172934,4585,53230,7368,70
14,layer2.0.conv2,2133738,False,4483159,145702,4297218,111302,2123
14,layer2.0.bn2,48989,False,110993,20943,19150,21022,298
14,layer2.0.relu2,17567,False,44888,4852,15553,6790,67
14,layer2.0.conv3,849066,False,1790096,20352,14105,31340,410
14,layer2.0.bn3,170290,False,367722,12893,57618,19185,379
14,layer2.0.downsample.0,2285028,False,4800046,141314,76525,122454,2094
14,layer2.0.downsample.1,174382,False,376207,18209,57824,22938,453
14,layer2.0.add,156893,False,339204,6863,3171,12925,92
14,layer2.0.relu3,79955,False,176096,6213,53251,7863,78
14,layer2.1.conv1,822061,False,1732998,34561,7743,39827,470
14,layer2.1.bn1,50151,False,114017,16765,18947,19036,247
14,layer2.1.relu1,17046,False,43983,4246,15519,6219,60
14,layer2.1.conv2,1921443,False,4037274,131847,5168352,92949,1980
14,layer2.1.bn2,44540,False,101722,17166,19129,17942,266
14,layer2.1.relu2,17860,False,45655,4519,15551,6532,61
14,layer2.1.conv3,846747,False,1785003,17844,14075,31114,331
14,layer2.1.bn3,172593,False,372231,11364,57672,19781,388
14,layer2.1.add,156297,False,337859,3524,3135,10642,45
14,layer2.1.relu3,77078,False,170634,6179,53238,8375,81
14,layer2.2.conv1,812225,False,1712252,29241,5865,29606,403
14,layer2.2.bn1,49988,False,113264,11820,20576,17520,185
14,layer2.2.relu1,17795,False,45461,5019,15544,5739,62
14,layer2.2.conv2,1917674,False,4029311,128219,5168106,93275,1853
14,layer2.2.bn2,44465,False,101485,13090,19069,17666,207
14,layer2.2.relu2,17123,False,44057,4740,15556,5990,74
14,layer2.2.conv3,846435,False,1784726,14026,14022,30325,229
14,layer2.2.bn3,169188,False,365307,14204,57657,17939,386
14,layer2.2.add,157079,False,339697,6155,3155,11922,60
14,layer2.2.relu3,78877,False,174091,4595,53239,7671,55
14,layer2.3.conv1,816250,False,1720373,27028,7822,31064,349
14,layer2.3.bn1,46387,False,105789,8689,18803,15755,159
14,layer2.3.relu1,16962,False,43746,3954,15527,5034,51
14,layer2.3.conv2,1919380,False,4032872,129513,5167955,92239,1880
14,layer2.3.bn2,45314,False,103224,17259,19154,18507,295
14,layer2.3.relu2,16918,False,43740,4449,15591,6188,62
14,layer2.3.conv3,848038,False,1787967,13520,14028,28838,237
14,layer2.3.bn3,172709,False,372337,11687,57651,18768,382
14,layer2.3.add,156741,False,339067,5377,3120,12346,43
14,layer2.3.relu3,80828,False,178254,5439,55039,9776,69
14,layer3.0.conv1,1748897,False,3675158,83259,21063,36207,2527
14,layer3.0.bn1,84322,False,185709,8475,31727,16395,257
14,layer3.0.relu1,34976,False,81537,6263,29942,6948,76
14,layer3.0.conv2,2185810,False,4591553,154136,5534282,100405,2200
14,layer3.0.bn2,34246,False,80069,14833,13638,17826,201
14,layer3.0.relu2,11090,False,31511,3653,9280,5514,48
14,layer3.0.conv3,974549,False,2052660,78917,14323,35403,2338
14,layer3.0.bn3,90840,False,199434,12664,35914,17224,252
14,layer3.0.downsample.0,2208706,False,4639991,140642,74747,117823,2071
14,layer3.0.downsample.1,90066,False,197713,19885,36117,20645,308
14,layer3.0.add,66804,False,148811,6918,3154,13257,92
14,layer3.0.relu3,37122,False,86150,10640,29987,11083,138
14,layer3.1.conv1,1012891,False,2132829,27340,14595,40807,484
14,layer3.1.bn1,34883,False,81109,12105,13508,17649,233
14,layer3.1.relu1,12060,False,33485,6117,9280,6700,73
14,layer3.1.conv2,2046071,False,4299198,166144,3448775,107684,2359
14,layer3.1.bn2,36504,False,84702,11361,13733,17902,201
14,layer3.1.relu2,11503,False,32142,5201,9255,7052,69
14,layer3.1.conv3,970984,False,2045225,17481,14258,32968,286
14,layer3.1.bn3,92437,False,202585,12089,35962,16173,274
14,layer3.1.add,65651,False,146595,4968,3163,11403,64
14,layer3.1.relu3,30112,False,71024,4085,28103,5353,50
14,layer3.2.conv1,1004274,False,2114831,15597,14566,31501,283
14,layer3.2.bn1,34257,False,80096,7457,13598,15299,185
14,layer3.2.relu1,10833,False,31226,5669,9342,6240,82
14,layer3.2.conv2,2042624,False,4291995,147211,3448987,99711,2065
14,layer3.2.bn2,33814,False,79180,12093,13673,17720,191
14,layer3.2.relu2,11520,False,32411,5029,9280,6820,70
14,layer3.2.conv3,965947,False,2034959,10726,14244,28070,195
14,layer3.2.bn3,90485,False,198495,9255,35878,15947,211
14,layer3.2.add,65644,False,146387,3994,3125,10017,58
14,layer3.2.relu3,31190,False,73533,4607,28124,5482,60
14,layer3.3.conv1,1004644,False,2115660,12419,14521,30318,237
14,layer3.3.bn1,34833,False,81025,7472,13354,15488,183
14,layer3.3.relu1,10426,False,30111,3218,9279,4825,45
14,layer3.3.conv2,2042803,False,4292346,150064,3448052,101908,2000
14,layer3.3.bn2,36598,False,84997,13423,13705,18980,233
14,layer3.3.relu2,11880,False,33084,5179,9258,6665,68
14,layer3.3.conv3,969663,False,2042575,11673,14333,30233,204
14,layer3.3.bn3,91346,False,200303,10327,35968,14947,298
14,layer3.3.add,65077,False,145388,3751,3126,10030,50
14,layer3.3.relu3,30680,False,72376,3901,28094,5627,51
14,layer3.4.conv1,1003622,False,2113725,11298,14588,29527,198
14,layer3.4.bn1,34959,False,81354,9972,13607,15390,199
14,layer3.4.relu1,10725,False,30724,4157,9248,5221,57
14,layer3.4.conv2,2040786,False,4288284,118652,3448367,100349,1670
14,layer3.4.bn2,34608,False,81034,18223,13881,18514,264
14,layer3.4.relu2,11608,False,32715,5357,9269,6549,82
14,layer3.4.conv3,967617,False,2037946,13394,14332,32407,217
14,layer3.4.bn3,89375,False,196171,10798,35888,16795,263
14,layer3.4.add,66553,False,148144,4505,3129,10920,51
14,layer3.4.relu3,30919,False,72902,5358,28147,5990,71
14,layer3.5.conv1,1022377,False,2153210,11814,14502,30798,187
14,layer3.5.bn1,34395,False,80261,7988,13533,14943,184
14,layer3.5.relu1,10159,False,29697,4176,9272,4695,53
14,layer3.5.conv2,2041834,False,4290070,129058,3448440,97641,1780
14,layer3.5.bn2,35700,False,83174,11286,13723,18124,192
14,layer3.5.relu2,11644,False,32782,6306,9258,6980,80
14,layer3.5.conv3,965642,False,2034397,10279,14220,29416,181
14,layer3.5.bn3,94492,False,207223,10832,37791,17817,269
14,layer3.5.add,65341,False,145987,6108,3153,10905,60
14,layer3.5.relu3,30433,False,72052,4516,28145,5730,87
14,layer4.0.conv1,1964425,False,4127161,21893,23490,36206,413
14,layer4.0.bn1,50222,False,113880,12171,20938,17262,195
14,layer4.0.relu1,17107,False,44348,4789,15597,6254,71
14,layer4.0.conv2,3404346,False,7145365,120505,5071970,97833,1774
14,layer4.0.bn2,33542,False,78290,23498,12129,20509,338
14,layer4.0.relu2,8730,False,26758,6182,6147,6139,73
14,layer4.0.conv3,1244712,False,2619687,44209,12745,45785,693
14,layer4.0.bn3,58142,False,129950,10354,28643,16578,159
14,layer4.0.downsample.0,2890400,False,6068090,158019,94076,113701,2513
14,layer4.0.downsample.1,60567,False,135308,18881,28922,20361,306
14,layer4.0.add,32366,False,76231,7604,3090,10975,104
14,layer4.0.relu3,17966,False,46026,5968,15547,6645,83
14,layer4.1.conv1,1215737,False,2558672,43084,10297,45244,638
14,layer4.1.bn1,30212,False,71500,12459,11760,16299,189
14,layer4.1.relu1,8756,False,26649,4412,6090,5734,50
14,layer4.1.conv2,3156188,False,6625470,127320,2452605,99091,1827
14,layer4.1.bn2,32100,False,75949,19658,11950,19371,271
14,layer4.1.relu2,8530,False,26181,6178,6138,6786,77
14,layer4.1.conv3,1235828,False,2600910,35760,10858,39692,507
14,layer4.1.bn3,61525,False,137345,14668,28651,17764,289
14,layer4.1.add,31953,False,75430,6377,3094,9911,78
14,layer4.1.relu3,17037,False,43685,5335,15546,5679,65
14,layer4.2.conv1,1212368,False,2552047,33143,10284,34782,425
14,layer4.2.bn1,29817,False,70761,10129,11681,15824,161
14,layer4.2.relu1,7865,False,24575,3635,6115,5834,57
14,layer4.2.conv2,3147125,False,6606020,115086,2454362,97197,1690
14,layer4.2.bn2,30172,False,71286,12506,11954,18455,222
14,layer4.2.relu2,8512,False,26183,3295,6125,5885,50
14,layer4.2.conv3,1228462,False,2585148,23429,10598,35600,365
14,layer4.2.bn3,57846,False,129827,9947,28579,16641,166
14,layer4.2.add,30839,False,72935,4442,3093,9413,67
14,layer4.2.relu3,16312,False,42434,2763,15535,5032,38
14,avgpool,79356,False,174965,86441,9713,85647,1313
14,flatten,8584,False,26153,13671,2909,10824,190
14,fc,502150,False,1063745,31316,136374,53305,410
15,conv1,2173453,False,4566461,131785,72405,117324,1858
15,bn1,332519,False,708444,37041,108178,34147,918
15,relu,175312,False,377967,9825,103589,12788,101
15,maxpool,10164764,False,21310502,47036082,1486322,1979458,736521
15,layer1.0.conv1,258401,False,489622,40220,5923,42571,515
15,layer1.0.bn1,87718,False,193188,55761,31732,28129,826
15,layer1.0.relu1,33239,False,78187,11403,28119,9685,143
15,layer1.0.conv2,1997166,False,4197248,200142,5287330,125176,2851
15,layer1.0.bn2,84533,False,186213,41700,31892,26988,629
15,layer1.0.relu2,32810,False,76901,6047,28112,8500,72
15,layer1.0.conv3,856917,False,1806867,31476,14425,44044,531
15,layer1.0.bn3,323197,False,688962,43149,108342,26291,1169
15,layer1.0.downsample.0,872255,False,1838880,19774,14375,32429,351
15,layer1.0.downsample.1,324009,False,690531,41373,108496,24647,1244
15,layer1.0.add,314904,False,671355,13661,5123,20218,209
15,layer1.0.relu3,172644,False,372290,6315,103531,9271,85
15,layer1.1.conv1,807456,False,1702645,29558,7647,33135,382
15,layer1.1.bn1,94503,False,207564,20640,31580,21236,418
15,layer1.1.relu1,32035,False,75412,5359,28114,6630,63
15,layer1.1.conv2,1997565,False,4197204,164438,5289400,114122,2344
15,layer1.1.bn2,81864,False,180918,27923,31891,24336,471
15,layer1.1.relu2,31566,False,74276,4789,28159,7677,72
15,layer1.1.conv3,851727,False,1796286,19193,14344,35116,345
15,layer1.1.bn3,322521,False,687396,42502,108243,27260,1132
15,layer1.1.add,317656,False,676815,9588,5054,16454,107
15,layer1.1.relu3,173110,False,373041,4924,103497,9008,53
15,layer1.2.conv1,811434,False,1711114,30407,7709,35134,389
15,layer1.2.bn1,94017,False,206083,16650,31519,18457,422
15,layer1.2.relu1,31635,False,74552,3923,28117,5853,54
15,layer1.2.conv2,1967381,False,4133567,125023,5287259,103317,1771
15,layer1.2.bn2,74334,False,164702,25072,32023,21746,488
15,layer1.2.relu2,31894,False,75161,6076,28084,7780,72
15,layer1.2.conv3,852119,False,1796629,18565,14354,33501,342
15,layer1.2.bn3,324526,False,691269,39489,108410,26291,1324
15,layer1.2.add,311906,False,665212,10085,4872,16024,108
15,layer1.2.relu3,174016,False,375007,6427,103499,9796,83
15,layer2.0.conv1,1593909,False,3351028,35918,10230,34810,450
15,layer2.0.bn1,174503,False,376874,28092,57183,23954,658
15,layer2.0.relu1,77274,False,170738,3567,53245,6761,58
15,layer2.0.conv2,2135008,False,4485523,132047,4297125,111839,1826
15,layer2.0.bn2,48541,False,110163,23002,19191,20855,329
15,layer2.0.relu2,17599,False,45153,3951,15539,7192,54
15,layer2.0.conv3,847896,False,1787656,24360,14063,32111,441
15,layer2.0.bn3,170321,False,367522,14690,57529,19362,382
15,layer2.0.downsample.0,2283850,False,4797521,147124,76187,125958,2184
15,layer2.0.downsample.1,175367,False,378162,21161,57779,23738,440
15,layer2.0.add,158401,False,342876,10031,3171,16010,137
15,layer2.0.relu3,79594,False,175944,6516,53227,8461,70
15,layer2.1.conv1,820836,False,1729863,32061,7723,39503,442
15,layer2.1.bn1,48539,False,110408,10492,18971,17997,201
15,layer2.1.relu1,17641,False,45398,5641,15536,7221,77
15,layer2.1.conv2,1923203,False,4041158,144919,5168168,95852,2122
15,layer2.1.bn2,44443,False,101586,15373,19087,19282,260
15,layer2.1.relu2,17909,False,45473,7127,15612,7283,93
15,layer2.1.conv3,848344,False,1788457,18265,14164,34732,311
15,layer2.1.bn3,172247,False,371809,13166,57605,18193,408
15,layer2.1.add,157352,False,340383,6888,3149,12867,85
15,layer2.1.relu3,77861,False,180565,10568,54924,9924,69
15,layer2.2.conv1,811503,False,1710888,28869,5893,29432,379
15,layer2.2.bn1,49802,False,112782,9260,20648,16941,169
15,layer2.2.relu1,17304,False,44625,5656,15556,6366,65
15,layer2.2.conv2,1919749,False,4033455,144975,5168588,93182,1997
15,layer2.2.bn2,44639,False,102040,15240,19164,17733,249
15,layer2.2.relu2,17363,False,44819,5503,15584,6989,71
15,layer2.2.conv3,846035,False,1783480,13081,14014,30065,245
15,layer2.2.bn3,171181,False,371249,18570,57652,23059,447
15,layer2.2.add,156500,False,338250,7206,3205,12101,85
15,layer2.2.relu3,78650,False,173662,6915,53265,8668,76
15,layer2.3.conv1,817675,False,1723140,28783,7793,32826,382
15,layer2.3.bn1,48198,False,109457,12375,18902,18179,215
15,layer2.3.relu1,16986,False,43764,4712,15519,5967,62
15,layer2.3.conv2,1918957,False,4032315,138854,5168117,94923,1954
15,layer2.3.bn2,44237,False,101231,17134,19292,17778,284
15,layer2.3.relu2,17649,False,45401,5287,15581,6463,66
15,layer2.3.conv3,847555,False,1787048,18002,13828,31209,304
15,layer2.3.bn3,173775,False,374753,16621,57650,21297,431
15,layer2.3.add,156155,False,338097,5890,3152,11850,63
15,layer2.3.relu3,82049,False,180806,5330,55056,8892,90
15,layer3.0.conv1,1753391,False,3684753,25770,21855,37201,526
15,layer3.0.bn1,85298,False,187610,8872,31813,18245,288
15,layer3.0.relu1,35391,False,82866,6042,29975,8456,81
15,layer3.0.conv2,2190309,False,4601090,159071,5534004,101272,2210
15,layer3.0.bn2,35635,False,82863,13383,13693,20310,175
15,layer3.0.relu2,11249,False,31832,4629,9252,6180,61
15,layer3.0.conv3,969843,False,2042894,15889,14320,32207,261
15,layer3.0.bn3,91243,False,200318,11771,35851,16212,236
15,layer3.0.downsample.0,2200606,False,4622811,116136,73792,115136,1771
15,layer3.0.downsample.1,89495,False,196792,15783,36172,21062,297
15,layer3.0.add,66598,False,148509,5568,3148,11208,70
15,layer3.0.relu3,33357,False,86989,11846,29836,9892,140
15,layer3.1.conv1,1013011,False,2133647,21230,14479,39743,405
15,layer3.1.bn1,34820,False,81229,10036,13542,15707,207
15,layer3.1.relu1,11730,False,32887,4721,9278,6223,69
15,layer3.1.conv2,2049275,False,4305650,154092,3448447,101316,2097
15,layer3.1.bn2,35848,False,83098,12060,13702,18368,204
15,layer3.1.relu2,11548,False,32484,5560,9261,6813,82
15,layer3.1.conv3,969005,False,2040868,13095,14119,31409,245
15,layer3.1.bn3,93060,False,204373,10865,36034,17700,280
15,layer3.1.add,65262,False,145579,4242,3128,10255,48
15,layer3.1.relu3,29940,False,71080,4692,28101,5781,68
15,layer3.2.conv1,1002529,False,2111618,15086,14521,30636,274
15,layer3.2.bn1,35689,False,82812,9412,13561,16368,184
15,layer3.2.relu1,10404,False,30337,4725,9292,5324,66
15,layer3.2.conv2,2036632,False,4279304,105893,3448637,94775,1507
15,layer3.2.bn2,34117,False,79783,15201,13752,18427,222
15,layer3.2.relu2,11974,False,33486,6732,9334,6426,90
15,layer3.2.conv3,966711,False,2035694,11610,14256,30488,194
15,layer3.2.bn3,89828,False,197354,10503,35875,17052,208
15,layer3.2.add,65571,False,146100,3074,3085,10461,42
15,layer3.2.relu3,30117,False,71378,3955,28117,5912,63
15,layer3.3.conv1,1024096,False,2156277,12290,14528,33484,220
15,layer3.3.bn1,34754,False,80989,7102,13551,14670,193
15,layer3.3.relu1,11138,False,31532,5924,9300,6181,83
15,layer3.3.conv2,2038565,False,4283022,112100,3448496,95481,1524
15,layer3.3.bn2,36283,False,84216,13291,13731,18280,236
15,layer3.3.relu2,11122,False,31515,4538,9275,6347,61
15,layer3.3.conv3,967276,False,2037493,13397,13928,31408,228
15,layer3.3.bn3,91129,False,199820,13574,35973,17305,319
15,layer3.3.add,65185,False,145819,3572,3123,10774,46
15,layer3.3.relu3,30787,False,72645,4344,28119,5803,69
15,layer3.4.conv1,1013048,False,2140710,17034,16223,31052,287
15,layer3.4.bn1,34494,False,80355,9489,13494,14129,188
15,layer3.4.relu1,11181,False,31517,4809,9264,6120,49
15,layer3.4.conv2,2037106,False,4280302,107265,3448675,91929,1482
15,layer3.4.bn2,33578,False,78492,12969,13750,19033,211
15,layer3.4.relu2,11319,False,32139,5391,9274,6274,76
15,layer3.4.conv3,967282,False,2037317,12508,14228,30048,193
15,layer3.4.bn3,89667,False,196754,11275,35949,16691,239
15,layer3.4.add,65837,False,147040,4604,3110,10409,59
15,layer3.4.relu3,30379,False,72119,4389,28119,5326,75
15,layer3.5.conv1,1005695,False,2117889,11376,14547,28458,218
15,layer3.5.bn1,34296,False,80009,8417,13477,14255,186
15,layer3.5.relu1,10475,False,30100,3958,9255,5235,39
15,layer3.5.conv2,2044349,False,4295401,129639,3448364,96730,1787
15,layer3.5.bn2,35448,False,82287,11055,13742,18201,196
15,layer3.5.relu2,11638,False,32613,4647,9288,6828,60
15,layer3.5.conv3,968149,False,2039548,11797,14317,29432,176
15,layer3.5.bn3,94523,False,207010,10698,37727,17688,269
15,layer3.5.add,65674,False,146399,6605,3141,10727,88
15,layer3.5.relu3,30373,False,72032,4614,28131,5844,66
15,layer4.0.conv1,1967236,False,4132980,25882,23647,36581,434
15,layer4.0.bn1,51720,False,116706,17933,21046,19425,251
15,layer4.0.relu1,17699,False,45279,4864,15548,6104,72
15,layer4.0.conv2,3415269,False,7167938,120302,5071966,99215,1760
15,layer4.0.bn2,32055,False,75503,15349,12030,19331,230
15,layer4.0.relu2,8407,False,26076,4181,6119,6508,63
15,layer4.0.conv3,1249515,False,2629214,55526,12758,49001,891
15,layer4.0.bn3,59123,False,132098,10482,28588,16267,169
15,layer4.0.downsample.0,2890739,False,6068893,154034,94299,116162,2428
15,layer4.0.downsample.1,61430,False,137185,17528,28931,19629,300
15,layer4.0.add,32969,False,77406,7452,3115,12371,82
15,layer4.0.relu3,18165,False,46307,6695,15572,6783,91
15,layer4.1.conv1,1216412,False,2560368,45447,10040,45642,679
15,layer4.1.bn1,30940,False,72957,14847,11783,18983,221
15,layer4.1.relu1,8335,False,25518,3982,6110,6629,66
15,layer4.1.conv2,3154479,False,6629010,129830,2454765,101291,1900
15,layer4.1.bn2,31499,False,74125,14460,12072,18289,220
15,layer4.1.relu2,8863,False,26948,6343,6198,6750,83
15,layer4.1.conv3,1240669,False,2610831,38646,10700,40733,573
15,layer4.1.bn3,61935,False,138372,13537,28720,17157,282
15,layer4.1.add,31728,False,74716,6090,3100,9537,96
15,layer4.1.relu3,17391,False,44288,5642,15546,6193,69
15,layer4.2.conv1,1227131,False,2582442,37070,12957,42706,465
15,layer4.2.bn1,30192,False,71266,9149,11719,17767,170
15,layer4.2.relu1,8437,False,26063,4334,6114,5604,61
15,layer4.2.conv2,3155254,False,6623006,119542,2454561,102721,1818
15,layer4.2.bn2,32288,False,75860,18234,12054,19824,289
15,layer4.2.relu2,8577,False,26485,4992,6142,6702,69
15,layer4.2.conv3,1236529,False,2602066,33481,10677,38034,500
15,layer4.2.bn3,58373,False,130789,12066,28625,17488,171
15,layer4.2.add,31063,False,73645,5225,3089,9503,68
15,layer4.2.relu3,16845,False,43351,5069,15580,5569,74
15,avgpool,81542,False,179790,88110,9609,89168,1335
15,flatten,8448,False,25904,12933,2890,10485,162
15,fc,505356,False,1070383,32148,136348,54400,419
16,conv1,2174950,False,4570426,144984,72347,120024,2111
16,bn1,338508,False,721062,36917,109951,34460,974
16,relu,175257,False,377661,10330,103568,14269,118
16,maxpool,10203472,False,21390068,47321687,1486594,1919062,739590
16,layer1.0.conv1,265606,False,487824,38707,5828,39595,499
16,layer1.0.bn1,88463,False,191403,52093,31772,25991,809
16,layer1.0.relu1,34104,False,80067,14233,28192,10341,167
16,layer1.0.conv2,1993387,False,4188584,199030,5287434,119925,2838
16,layer1.0.bn2,81541,False,179964,34908,31879,25881,576
16,layer1.0.relu2,32382,False,76357,6824,28143,8425,88
16,layer1.0.conv3,854353,False,1801014,26394,14412,40907,426
16,layer1.0.bn3,323010,False,688156,42111,108325,25136,1188
16,layer1.0.downsample.0,873039,False,1841145,17956,14273,29743,300
16,layer1.0.downsample.1,323050,False,688091,40874,108431,23756,1280
16,layer1.0.add,359721,False,686060,28625,6172,28105,405
16,layer1.0.relu3,174471,False,375661,8540,103555,11605,109
16,layer1.1.conv1,810242,False,1708513,32926,7635,32219,428
16,layer1.1.bn1,96058,False,210404,20814,31592,21453,452
16,layer1.1.relu1,31740,False,74746,5584,28152,7103,66
16,layer1.1.conv2,1990048,False,4181795,153875,5287457,118895,2229
16,layer1.1.bn2,81209,False,179033,28255,31883,23334,481
16,layer1.1.relu2,31511,False,74177,3011,28117,7959,36
16,layer1.1.conv3,852811,False,1797860,19572,14338,36692,347
16,layer1.1.bn3,322291,False,686984,39709,108255,26175,1141
16,layer1.1.add,317014,False,675785,9335,5107,15398,121
16,layer1.1.relu3,174745,False,376826,6512,103530,9394,73
16,layer1.2.conv1,809357,False,1706992,21144,7641,29611,275
16,layer1.2.bn1,94499,False,207247,16995,31688,19962,424
16,layer1.2.relu1,31907,False,75001,3123,28110,6213,52
16,layer1.2.conv2,1969565,False,4138599,134048,5287668,101432,1918
16,layer1.2.bn2,71641,False,159274,23420,31889,20823,471
16,layer1.2.relu2,31362,False,74179,6020,28121,7871,80
16,layer1.2.conv3,851575,False,1795513,14999,14359,32942,285
16,layer1.2.bn3,324976,False,692764,38558,108457,23679,1287
16,layer1.2.add,312205,False,665326,13318,5156,15728,142
16,layer1.2.relu3,173484,False,373762,6539,103543,8856,60
16,layer2.0.conv1,1592242,False,3347523,35692,9982,33404,456
16,layer2.0.bn1,174640,False,376791,27092,57187,24077,658
16,layer2.0.relu1,78194,False,172686,4711,53247,7014,67
16,layer2.0.conv2,2135767,False,4487443,165188,4297136,113935,2349
16,layer2.0.bn2,48782,False,110713,22150,19124,21368,319
16,layer2.0.relu2,17358,False,44654,5239,15543,7427,68
16,layer2.0.conv3,848779,False,1789170,25077,14102,32947,468
16,layer2.0.bn3,170172,False,367421,15760,57670,19968,414
16,layer2.0.downsample.0,2287185,False,4805017,156501,76424,130759,2265
16,layer2.0.downsample.1,176723,False,380843,27269,57881,25018,556
16,layer2.0.add,158008,False,341720,11761,3166,15811,147
16,layer2.0.relu3,79335,False,175216,6246,53242,8496,76
16,layer2.1.conv1,820136,False,1729003,39725,7705,40298,546
16,layer2.1.bn1,49013,False,111385,13066,18975,17555,223
16,layer2.1.relu1,17150,False,43986,4213,15591,5795,61
16,layer2.1.conv2,1922128,False,4038875,147443,5168505,98175,2085
16,layer2.1.bn2,45094,False,102829,14627,19202,18259,262
16,layer2.1.relu2,17450,False,44700,4329,15554,6222,57
16,layer2.1.conv3,849256,False,1790554,21751,14145,31235,330
16,layer2.1.bn3,171230,False,369658,14498,57612,19399,393
16,layer2.1.add,160796,False,347536,12400,5001,16375,145
16,layer2.1.relu3,78355,False,173163,5017,53270,7908,85
16,layer2.2.conv1,816556,False,1721208,27645,7745,33690,427
16,layer2.2.bn1,46051,False,104876,9135,18780,14985,164
16,layer2.2.relu1,16886,False,43561,4870,15553,5379,59
16,layer2.2.conv2,1919699,False,4033604,129942,5168107,93974,1878
16,layer2.2.bn2,45212,False,103331,15388,19168,17991,278
16,layer2.2.relu2,17286,False,44654,3507,15529,5971,51
16,layer2.2.conv3,847061,False,1785828,16273,14087,31805,265
16,layer2.2.bn3,169612,False,365933,8486,57550,17926,372
16,layer2.2.add,157749,False,340944,8741,3183,13648,95
16,layer2.2.relu3,78161,False,172559,5560,53255,7401,54
16,layer2.3.conv1,822002,False,1732619,29232,8509,34891,377
16,layer2.3.bn1,46435,False,105792,8424,18895,15346,163
16,layer2.3.relu1,16966,False,43819,3757,15552,5471,49
16,layer2.3.conv2,1921600,False,4037533,123132,5168579,90973,1729
16,layer2.3.bn2,45358,False,103374,14361,19274,18094,243
16,layer2.3.relu2,17490,False,44900,4557,15554,6461,51
16,layer2.3.conv3,848809,False,1789696,16155,14127,32336,284
16,layer2.3.bn3,172404,False,371947,9839,57589,19371,348
16,layer2.3.add,160872,False,347245,8134,5065,15503,92
16,layer2.3.relu3,76976,False,169917,4275,53214,7271,51
16,layer3.0.conv1,1746054,False,3669548,26767,20928,36636,496
16,layer3.0.bn1,88508,False,194312,14587,33561,19768,312
16,layer3.0.relu1,31832,False,74981,5056,28141,5878,65
16,layer3.0.conv2,2189458,False,4599733,156476,5534082,105792,2232
16,layer3.0.bn2,35910,False,83502,13664,13688,19539,180
16,layer3.0.relu2,11068,False,31396,5398,9260,6416,64
16,layer3.0.conv3,970662,False,2044485,16565,14097,32401,281
16,layer3.0.bn3,91181,False,200527,14155,35841,18033,285
16,layer3.0.downsample.0,2207542,False,4637790,130923,74169,114788,2054
16,layer3.0.downsample.1,94209,False,206349,17728,37949,20738,322
16,layer3.0.add,66569,False,148402,7324,3124,12279,78
16,layer3.0.relu3,32336,False,75822,6650,28120,7466,84
16,layer3.1.conv1,1020513,False,2148803,21489,14610,37063,419
16,layer3.1.bn1,35310,False,82179,11757,13527,18199,208
16,layer3.1.relu1,11218,False,31527,4391,9284,5945,53
16,layer3.1.conv2,2043710,False,4295037,158344,3448466,106427,2244
16,layer3.1.bn2,35654,False,82982,12675,13782,17953,219
16,layer3.1.relu2,11206,False,32106,5602,9290,6568,78
16,layer3.1.conv3,967182,False,2037188,15960,14146,33208,216
16,layer3.1.bn3,92939,False,203895,12455,35987,16091,296
16,layer3.1.add,65569,False,146607,6205,3135,10786,75
16,layer3.1.relu3,30208,False,71553,4529,28110,5739,65
16,layer3.2.conv1,1010880,False,2128763,13574,14556,30598,252
16,layer3.2.bn1,34580,False,80562,8178,13539,15665,186
16,layer3.2.relu1,10317,False,29978,3679,9285,5150,54
16,layer3.2.conv2,2038040,False,4282510,121973,3448294,95614,1764
16,layer3.2.bn2,33571,False,78982,14111,13743,19524,206
16,layer3.2.relu2,11461,False,32172,4891,9273,6842,59
16,layer3.2.conv3,968666,False,2040601,13160,14147,31854,209
16,layer3.2.bn3,89186,False,195685,9864,35907,15982,236
16,layer3.2.add,65538,False,146130,5207,3134,10340,57
16,layer3.2.relu3,30339,False,71835,4720,28126,5571,69
16,layer3.3.conv1,1005573,False,2117927,13299,14615,30696,224
16,layer3.3.bn1,34899,False,81596,7045,13489,13974,183
16,layer3.3.relu1,10410,False,30056,4041,9258,5019,55
16,layer3.3.conv2,2043548,False,4293946,144054,3448309,102049,2043
16,layer3.3.bn2,35919,False,83757,14319,13720,18534,219
16,layer3.3.relu2,11199,False,31807,4831,9309,6079,62
16,layer3.3.conv3,969270,False,2041627,12382,14242,31559,210
16,layer3.3.bn3,91812,False,201397,10810,35934,16444,289
16,layer3.3.add,69877,False,155468,8759,4782,12547,101
16,layer3.3.relu3,30674,False,72471,3853,28130,5550,60
16,layer3.4.conv1,1021264,False,2150294,14859,14666,31662,238
16,layer3.4.bn1,35532,False,82697,6711,13500,14827,182
16,layer3.4.relu1,11213,False,31549,5444,9274,5015,79
16,layer3.4.conv2,2038362,False,4282949,114083,3448415,96527,1661
16,layer3.4.bn2,34448,False,80211,13560,13721,18396,199
16,layer3.4.relu2,11484,False,32404,4075,9269,6634,69
16,layer3.4.conv3,967468,False,2038105,13205,14215,31097,203
16,layer3.4.bn3,89619,False,196780,9837,35884,16152,211
16,layer3.4.add,65950,False,147191,5021,3105,9924,62
16,layer3.4.relu3,30547,False,72419,4004,28100,5622,55
16,layer3.5.conv1,1013836,False,2135030,14110,14534,30725,220
16,layer3.5.bn1,34405,False,80372,8786,13499,14528,185
16,layer3.5.relu1,10969,False,31110,3503,9248,4717,47
16,layer3.5.conv2,2041321,False,4288868,111309,3448069,96241,1688
16,layer3.5.bn2,36487,False,84611,13249,13714,18228,226
16,layer3.5.relu2,11527,False,32388,4398,9319,6524,66
16,layer3.5.conv3,967320,False,2037992,18026,14357,31316,238
16,layer3.5.bn3,93255,False,204467,18012,36003,18675,335
16,layer3.5.add,65577,False,146640,6856,3187,10887,83
16,layer3.5.relu3,29971,False,71004,4023,28118,5665,66
16,layer4.0.conv1,1958835,False,4115403,20813,23631,34977,385
16,layer4.0.bn1,50965,False,115363,12251,20944,18685,213
16,layer4.0.relu1,17026,False,43928,4514,15561,6053,52
16,layer4.0.conv2,3461687,False,7265643,123432,5073976,101462,1851
16,layer4.0.bn2,32326,False,75856,14041,12051,18842,210
16,layer4.0.relu2,8466,False,25882,4087,6124,6211,54
16,layer4.0.conv3,1263522,False,2658655,40121,10888,43044,633
16,layer4.0.bn3,58806,False,131492,14708,28642,17525,239
16,layer4.0.downsample.0,2906811,False,6102874,156168,94564,115149,2531
16,layer4.0.downsample.1,61482,False,137529,19553,28956,18952,342
16,layer4.0.add,32196,False,75967,8618,3122,10958,107
16,layer4.0.relu3,18265,False,46573,7195,15547,7802,101
16,layer4.1.conv1,1220179,False,2568187,42317,10233,43183,601
16,layer4.1.bn1,46337,False,105161,18662,16097,24766,245
16,layer4.1.relu1,9018,False,27000,5390,6127,7010,76
16,layer4.1.conv2,3188861,False,6693600,135865,2452402,100436,2013
16,layer4.1.bn2,31850,False,75040,17398,11927,19814,260
16,layer4.1.relu2,8740,False,26743,3674,6129,6392,53
16,layer4.1.conv3,1259329,False,2650203,28315,10714,39843,406
16,layer4.1.bn3,61445,False,137149,10602,28765,16367,241
16,layer4.1.add,32189,False,76394,7077,3109,9197,84
16,layer4.1.relu3,17219,False,44348,4016,15566,5128,47
16,layer4.2.conv1,1242647,False,2594547,50792,13211,49469,665
16,layer4.2.bn1,30327,False,71802,10705,11667,18257,183
16,layer4.2.relu1,8462,False,25971,3408,6149,6081,51
16,layer4.2.conv2,3184777,False,6685250,122177,2453132,103367,1798
16,layer4.2.bn2,31641,False,74491,14737,11983,18976,244
16,layer4.2.relu2,8699,False,26512,3753,6106,6804,48
16,layer4.2.conv3,1260330,False,2652597,22557,10713,39188,345
16,layer4.2.bn3,58575,False,131217,11022,28624,16591,177
16,layer4.2.add,31495,False,74498,6984,3125,9405,86
16,layer4.2.relu3,17482,False,44873,5617,15516,6512,81
16,avgpool,84649,False,186259,87245,9653,96147,1370
16,flatten,8775,False,26295,13508,2864,10968,181
16,fc,500891,False,1060973,29395,134505,51713,382
17,conv1,2182108,False,4584520,149663,74371,125932,2207
17,bn1,332546,False,708463,35874,108070,33009,922
17,relu,175805,False,378519,7985,103536,13473,93
17,maxpool,10245466,False,21478036,47099636,1486593,1940991,741951
17,layer1.0.conv1,264318,False,498625,41706,7518,45041,502
17,layer1.0.bn1,87840,False,193323,52431,31709,27668,787
17,layer1.0.relu1,33039,False,77419,9345,28137,9397,103
17,layer1.0.conv2,2002903,False,4208747,194956,5287320,125532,2755
17,layer1.0.bn2,81714,False,180668,32202,31834,24638,540
17,layer1.0.relu2,32368,False,76253,7301,28170,8148,94
17,layer1.0.conv3,857562,False,1808099,25311,14402,42283,398
17,layer1.0.bn3,325165,False,693014,41796,108354,27008,1212
17,layer1.0.downsample.0,871590,False,1837830,16820,14278,29046,307
17,layer1.0.downsample.1,324065,False,690317,41434,110043,25940,1128
17,layer1.0.add,314134,False,669665,14866,3318,16312,192
17,layer1.0.relu3,174368,False,375993,9284,103583,10102,90
17,layer1.1.conv1,808745,False,1705772,23683,7648,32259,317
17,layer1.1.bn1,94040,False,206107,16029,31502,18770,394
17,layer1.1.relu1,31709,False,74905,4720,28091,5682,60
17,layer1.1.conv2,2001664,False,4206532,164881,5290292,117518,2321
17,layer1.1.bn2,80829,False,179136,26476,31824,23867,457
17,layer1.1.relu2,32380,False,76033,6567,28141,7819,88
17,layer1.1.conv3,846407,False,1784581,19005,12503,33290,304
17,layer1.1.bn3,326613,False,696050,45302,110226,27740,1186
17,layer1.1.add,313091,False,667601,8988,3250,13466,89
17,layer1.1.relu3,174136,False,375428,5926,103514,8362,67
17,layer1.2.conv1,809341,False,1707466,21947,7685,31216,273
17,layer1.2.bn1,94943,False,208143,18753,31679,19341,415
17,layer1.2.relu1,31704,False,75108,5141,28099,6493,69
17,layer1.2.conv2,1966403,False,4132273,128783,5287571,105569,1809
17,layer1.2.bn2,75726,False,168324,24370,33657,23204,458
17,layer1.2.relu2,31097,False,74116,5121,28120,7536,62
17,layer1.2.conv3,848281,False,1788965,21380,12455,32575,278
17,layer1.2.bn3,324772,False,691784,41513,108340,26152,1203
17,layer1.2.add,313936,False,668962,6222,3279,12950,73
17,layer1.2.relu3,173707,False,375011,6598,103517,8238,58
17,layer2.0.conv1,1595005,False,3353012,32770,10169,34864,428
17,layer2.0.bn1,174292,False,375696,26293,57098,22317,634
17,layer2.0.relu1,78204,False,172698,4225,53223,7219,41
17,layer2.0.conv2,2141670,False,4499901,162079,4298480,115195,2349
17,layer2.0.bn2,47350,False,107831,20020,19258,21600,355
17,layer2.0.relu2,17808,False,45699,4912,15526,7230,65
17,layer2.0.conv3,847810,False,1787180,22312,14170,34486,365
17,layer2.0.bn3,171212,False,369372,13022,57539,18815,368
17,layer2.0.downsample.0,2283223,False,4796314,140416,74793,127054,2190
17,layer2.0.downsample.1,176947,False,381786,24246,57890,24070,515
17,layer2.0.add,164811,False,355664,11299,5062,17407,124
17,layer2.0.relu3,79155,False,175614,9007,53265,9733,108
17,layer2.1.conv1,823863,False,1736860,39446,7704,41857,519
17,layer2.1.bn1,48125,False,109424,13732,18926,18774,236
17,layer2.1.relu1,17446,False,44650,5201,15567,6321,72
17,layer2.1.conv2,1922985,False,4040072,152280,5168339,101433,2187
17,layer2.1.bn2,44702,False,101947,17648,19121,18320,306
17,layer2.1.relu2,17203,False,44510,4032,15529,6854,59
17,layer2.1.conv3,855238,False,1803104,19929,14797,34662,328
17,layer2.1.bn3,169876,False,366689,13909,57522,20601,308
17,layer2.1.add,158653,False,342962,5099,3168,12561,58
17,layer2.1.relu3,78191,False,173232,4058,53249,8477,40
17,layer2.2.conv1,816660,False,1721342,23397,7712,32413,298
17,layer2.2.bn1,45609,False,103881,6977,18862,14617,134
17,layer2.2.relu1,17249,False,44470,4552,15582,5540,77
17,layer2.2.conv2,1919934,False,4034112,133522,5168310,92963,1910
17,layer2.2.bn2,44608,False,101938,15042,19148,18132,279
17,layer2.2.relu2,17477,False,44836,5541,15571,6962,82
17,layer2.2.conv3,847866,False,1787148,13519,14084,31255,239
17,layer2.2.bn3,170672,False,367912,9152,57603,17646,417
17,layer2.2.add,159011,False,343282,4802,3164,12013,56
17,layer2.2.relu3,79398,False,175137,6826,53310,7498,83
17,layer2.3.conv1,811024,False,1709451,20650,5876,29648,276
17,layer2.3.bn1,50801,False,115281,13602,20813,18623,218
17,layer2.3.relu1,17852,False,46056,6014,15566,5753,70
17,layer2.3.conv2,1917906,False,4029489,115977,5167952,92553,1581
17,layer2.3.bn2,45251,False,103431,18734,19340,18529,326
17,layer2.3.relu2,17576,False,45099,5146,15550,6348,63
17,layer2.3.conv3,847134,False,1785712,15194,14105,31317,266
17,layer2.3.bn3,171862,False,370823,14393,57684,19729,384
17,layer2.3.add,156854,False,339653,5524,3136,12617,50
17,layer2.3.relu3,77771,False,171919,4149,53243,7650,50
17,layer3.0.conv1,1730294,False,3636562,26605,22755,38134,531
17,layer3.0.bn1,86037,False,189280,10300,31787,16509,260
17,layer3.0.relu1,31852,False,74894,5872,28111,6876,69
17,layer3.0.conv2,2191980,False,4605049,123606,5534023,101852,1733
17,layer3.0.bn2,34866,False,81357,15228,13663,17808,205
17,layer3.0.relu2,11618,False,32510,4512,9278,6871,61
17,layer3.0.conv3,969286,False,2041623,14917,14254,31373,278
17,layer3.0.bn3,97447,False,213455,15864,37830,19264,372
17,layer3.0.downsample.0,2218615,False,4660775,120632,73954,111119,1813
17,layer3.0.downsample.1,92666,False,203134,15368,36219,20724,371
17,layer3.0.add,66308,False,147785,5329,3139,11947,62
17,layer3.0.relu3,30996,False,73156,6034,28126,7274,80
17,layer3.1.conv1,1014808,False,2137263,20413,14523,37189,409
17,layer3.1.bn1,35529,False,82919,10506,13550,18465,195
17,layer3.1.relu1,10677,False,30583,4289,9278,5767,61
17,layer3.1.conv2,2047492,False,4301833,159462,3448553,104480,2213
17,layer3.1.bn2,33289,False,77926,10110,13683,18066,163
17,layer3.1.relu2,11516,False,32568,5596,9306,6868,84
17,layer3.1.conv3,967582,False,2037886,14808,14331,31609,238
17,layer3.1.bn3,95767,False,209875,10877,37696,18795,246
17,layer3.1.add,66046,False,147703,4518,3117,10058,54
17,layer3.1.relu3,30237,False,71801,4621,28139,5363,76
17,layer3.2.conv1,1022395,False,2152818,16659,14546,31574,269
17,layer3.2.bn1,35621,False,83092,8947,13518,15875,208
17,layer3.2.relu1,10885,False,31401,3689,9276,5268,56
17,layer3.2.conv2,2048961,False,4304815,163777,3448360,102060,2300
17,layer3.2.bn2,33486,False,78527,14108,13653,17942,198
17,layer3.2.relu2,11299,False,31749,4975,9261,6812,59
17,layer3.2.conv3,968704,False,2040949,13849,14273,32017,222
17,layer3.2.bn3,93430,False,204981,10504,35984,15762,307
17,layer3.2.add,65350,False,146035,4509,3150,9479,57
17,layer3.2.relu3,30137,False,71392,4482,28086,6093,62
17,layer3.3.conv1,1010553,False,2128254,12259,14482,29922,226
17,layer3.3.bn1,34952,False,81454,7039,13462,14638,173
17,layer3.3.relu1,11190,False,31691,3571,9288,5536,55
17,layer3.3.conv2,2043259,False,4292672,146324,3448503,100196,2066
17,layer3.3.bn2,34636,False,80880,12254,13682,17554,178
17,layer3.3.relu2,11665,False,32560,5066,9248,7581,75
17,layer3.3.conv3,968190,False,2038865,11860,14218,31340,174
17,layer3.3.bn3,93229,False,204449,10163,35879,18038,248
17,layer3.3.add,65152,False,145472,4661,3173,9942,64
17,layer3.3.relu3,30681,False,72478,6702,28172,6036,93
17,layer3.4.conv1,1005102,False,2116595,13850,14509,29972,189
17,layer3.4.bn1,35523,False,82637,10121,13542,15234,202
17,layer3.4.relu1,11068,False,31248,3853,9287,5919,42
17,layer3.4.conv2,2046006,False,4298817,150100,3448238,100659,2082
17,layer3.4.bn2,33062,False,77728,15788,13683,19156,208
17,layer3.4.relu2,11102,False,31474,5195,9269,6741,71
17,layer3.4.conv3,972387,False,2048183,13264,14189,30925,207
17,layer3.4.bn3,91723,False,208358,11580,37687,18590,296
17,layer3.4.add,64799,False,144839,3917,3112,10015,48
17,layer3.4.relu3,29838,False,70673,4291,28116,5284,45
17,layer3.5.conv1,1004047,False,2114577,12150,14492,29783,187
17,layer3.5.bn1,34195,False,79765,7737,13540,14906,175
17,layer3.5.relu1,10347,False,29679,3863,9278,5331,55
17,layer3.5.conv2,2045774,False,4298369,146000,3448668,98254,2029
17,layer3.5.bn2,34118,False,80049,17421,13786,18677,213
17,layer3.5.relu2,11176,False,31798,4260,9287,6451,62
17,layer3.5.conv3,968807,False,2040564,11203,14104,29975,166
17,layer3.5.bn3,91376,False,200918,9069,35836,17748,221
17,layer3.5.add,65669,False,146760,4526,3127,9963,56
17,layer3.5.relu3,29993,False,70910,3704,28115,5351,55
17,layer4.0.conv1,1966679,False,4132414,19067,23465,35294,339
17,layer4.0.bn1,51683,False,116616,9504,20992,17900,199
17,layer4.0.relu1,16809,False,43445,3739,15531,5946,54
17,layer4.0.conv2,3398291,False,7132620,124154,5073624,99613,1876
17,layer4.0.bn2,31264,False,73719,16817,11976,19049,270
17,layer4.0.relu2,8198,False,25602,3815,6161,6592,66
17,layer4.0.conv3,1258059,False,2647417,40211,10732,43407,680
17,layer4.0.bn3,61084,False,136628,11341,28654,17440,209
17,layer4.0.downsample.0,2888218,False,6064124,141008,94654,110293,2353
17,layer4.0.downsample.1,60387,False,134980,20224,28891,19962,296
17,layer4.0.add,31968,False,75432,6818,3097,10956,79
17,layer4.0.relu3,20626,False,51484,6359,17365,9052,98
17,layer4.1.conv1,1219859,False,2567132,44920,10294,40428,672
17,layer4.1.bn1,30978,False,73109,14057,11756,18061,195
17,layer4.1.relu1,7751,False,24542,4034,6127,5946,75
17,layer4.1.conv2,3147686,False,6607149,120047,2452535,95708,1775
17,layer4.1.bn2,31143,False,73667,15324,12054,17789,228
17,layer4.1.relu2,8474,False,25836,4120,6114,6803,56
17,layer4.1.conv3,1250324,False,2631782,32997,10679,41462,541
17,layer4.1.bn3,64596,False,143719,14589,30542,19565,238
17,layer4.1.add,31529,False,74517,6401,3084,9770,73
17,layer4.1.relu3,16972,False,43823,4684,15551,5323,69
17,layer4.2.conv1,1218322,False,2564282,32841,10223,36900,480
17,layer4.2.bn1,29970,False,70926,11309,11777,17417,191
17,layer4.2.relu1,7580,False,24264,2826,6145,5413,45
17,layer4.2.conv2,3144333,False,6601385,120358,2452827,99549,1724
17,layer4.2.bn2,29992,False,71310,15747,12044,18908,221
17,layer4.2.relu2,8321,False,25533,4458,6136,6349,61
17,layer4.2.conv3,1247122,False,2624591,31457,12538,41275,512
17,layer4.2.bn3,59479,False,133190,12195,28670,17830,194
17,layer4.2.add,31062,False,73586,5493,3089,8928,78
17,layer4.2.relu3,16674,False,43136,5873,15586,5406,88
17,avgpool,82586,False,181760,84965,9667,92091,1268
17,flatten,9072,False,27064,14955,2880,11166,186
17,fc,499597,False,1058278,30882,134551,50098,383
18,conv1,2176336,False,4572607,131005,72549,119295,1925
18,bn1,334595,False,713511,39193,108138,32591,996
18,relu,175577,False,378475,10349,103571,13538,95
18,maxpool,10168015,False,21316673,47112976,1490786,1818914,737695
18,layer1.0.conv1,256315,False,487402,37351,5870,39751,489
18,layer1.0.bn1,87296,False,192486,51806,31745,26839,769
18,layer1.0.relu1,32704,False,76728,10318,28101,8799,130
18,layer1.0.conv2,1999425,False,4200886,197940,5287579,124500,2833
18,layer1.0.bn2,82334,False,181954,34093,31894,24102,572
18,layer1.0.relu2,32910,False,77323,7383,28127,7861,83
18,layer1.0.conv3,855221,False,1802958,27227,14409,40734,448
18,layer1.0.bn3,328625,False,699715,43933,110187,27704,1225
18,layer1.0.downsample.0,867390,False,1828731,16391,12466,27324,271
18,layer1.0.downsample.1,327228,False,697016,43199,110179,25289,1269
18,layer1.0.add,310682,False,662867,12810,3270,18386,152
18,layer1.0.relu3,173100,False,372840,5507,103556,9884,84
18,layer1.1.conv1,808051,False,1703815,27929,7682,32222,383
18,layer1.1.bn1,94102,False,206301,17500,31531,18704,412
18,layer1.1.relu1,31712,False,74681,4174,28084,5678,57
18,layer1.1.conv2,1984738,False,4170591,147729,5287305,107900,2122
18,layer1.1.bn2,84066,False,185487,27754,33716,24085,499
18,layer1.1.relu2,31991,False,75190,5625,28153,7108,70
18,layer1.1.conv3,845458,False,1790648,21327,14189,33639,337
18,layer1.1.bn3,322494,False,687286,39054,108246,24897,1101
18,layer1.1.add,312806,False,666621,7124,3269,13890,84
18,layer1.1.relu3,173141,False,373145,6652,103528,9170,75
18,layer1.2.conv1,809435,False,1707018,21141,7717,31047,254
18,layer1.2.bn1,93479,False,205252,15978,31587,18612,397
18,layer1.2.relu1,31157,False,73683,4177,28134,6087,55
18,layer1.2.conv2,1964868,False,4135560,122620,5287293,102984,1709
18,layer1.2.bn2,73402,False,163108,24537,32002,21351,493
18,layer1.2.relu2,30736,False,72639,4640,28113,5823,61
18,layer1.2.conv3,853501,False,1799099,19802,14344,33861,321
18,layer1.2.bn3,325062,False,692806,37112,108296,24424,1248
18,layer1.2.add,307953,False,655999,6361,3250,12589,82
18,layer1.2.relu3,174396,False,375740,6062,103508,9187,65
18,layer2.0.conv1,1586677,False,3343553,35010,10029,32543,431
18,layer2.0.bn1,174555,False,376404,26060,57206,22883,627
18,layer2.0.relu1,78260,False,173071,5779,53284,8094,83
18,layer2.0.conv2,2148550,False,4513508,143888,4298728,112738,2096
18,layer2.0.bn2,47819,False,108626,16625,19092,18828,257
18,layer2.0.relu2,17015,False,43881,3896,15571,6144,64
18,layer2.0.conv3,849885,False,1791515,20998,14074,34063,395
18,layer2.0.bn3,169245,False,365513,10180,57595,17717,342
18,layer2.0.downsample.0,2289831,False,4810517,149757,75133,129870,2125
18,layer2.0.downsample.1,175524,False,379058,25587,57850,26287,511
18,layer2.0.add,161821,False,349841,10888,4975,16939,112
18,layer2.0.relu3,79639,False,175540,8024,53268,9005,94
18,layer2.1.conv1,825587,False,1740005,38633,7752,43626,537
18,layer2.1.bn1,48267,False,109556,14463,18994,17049,228
18,layer2.1.relu1,17206,False,44217,4941,15532,5988,77
18,layer2.1.conv2,1926280,False,4047549,149022,5168120,101032,2124
18,layer2.1.bn2,44998,False,102678,14008,19152,17359,285
18,layer2.1.relu2,17586,False,45084,5822,15536,6242,79
18,layer2.1.conv3,849452,False,1791122,20531,14067,31822,390
18,layer2.1.bn3,172523,False,372002,12471,57566,19512,400
18,layer2.1.add,155656,False,336538,6464,3183,11828,81
18,layer2.1.relu3,77757,False,172020,4917,53241,7277,69
18,layer2.2.conv1,828433,False,1746244,26252,10308,35467,377
18,layer2.2.bn1,45904,False,104491,9041,18872,15740,146
18,layer2.2.relu1,17809,False,45812,4585,15551,6153,58
18,layer2.2.conv2,1922664,False,4039843,140676,5168345,93434,1968
18,layer2.2.bn2,44756,False,102277,14508,19207,17554,260
18,layer2.2.relu2,17334,False,44619,4783,15552,6624,66
18,layer2.2.conv3,850227,False,1792641,16924,14105,30525,293
18,layer2.2.bn3,170013,False,366553,11430,57585,18924,357
18,layer2.2.add,159960,False,345435,6195,4962,14005,64
18,layer2.2.relu3,78135,False,172436,5316,53255,7510,69
18,layer2.3.conv1,816881,False,1721831,23965,7740,32506,340
18,layer2.3.bn1,45824,False,104513,7589,18846,14674,170
18,layer2.3.relu1,17036,False,43715,3646,15534,5471,53
18,layer2.3.conv2,1916964,False,4027698,111755,5168050,88310,1617
18,layer2.3.bn2,45913,False,104690,14361,19267,17938,246
18,layer2.3.relu2,17545,False,44974,5331,15557,6405,62
18,layer2.3.conv3,847074,False,1785629,15776,14040,30106,293
18,layer2.3.bn3,171910,False,370522,13639,57528,18956,364
18,layer2.3.add,155741,False,336441,4892,3164,11813,54
18,layer2.3.relu3,77983,False,172250,4071,53223,6752,52
18,layer3.0.conv1,1731967,False,3639966,24133,22877,38600,489
18,layer3.0.bn1,85358,False,187835,11822,31712,17648,285
18,layer3.0.relu1,31675,False,74482,4087,28116,5845,57
18,layer3.0.conv2,2200604,False,4622248,168125,5533863,109914,2341
18,layer3.0.bn2,35507,False,82611,14963,13809,18504,204
18,layer3.0.relu2,11465,False,32215,4942,9277,6318,63
18,layer3.0.conv3,969003,False,2041311,14716,14240,33250,266
18,layer3.0.bn3,96142,False,210709,15335,37782,19834,292
18,layer3.0.downsample.0,2213539,False,4649865,135985,74306,114965,2066
18,layer3.0.downsample.1,89244,False,195941,17102,36124,20697,328
18,layer3.0.add,66326,False,147923,4998,3117,10871,59
18,layer3.0.relu3,32254,False,75452,5351,28137,6448,64
18,layer3.1.conv1,1018787,False,2145115,25032,14777,41031,493
18,layer3.1.bn1,35524,False,82648,10426,13561,16552,214
18,layer3.1.relu1,10880,False,30846,3525,9284,5642,63
18,layer3.1.conv2,2045901,False,4298524,138389,3448591,103450,2022
18,layer3.1.bn2,35913,False,83586,11061,13708,17445,175
18,layer3.1.relu2,11256,False,31813,4689,9262,6680,58
18,layer3.1.conv3,964382,False,2031370,12176,12498,28468,219
18,layer3.1.bn3,92945,False,203687,11952,35944,16794,327
18,layer3.1.add,64993,False,145176,3928,3156,9889,46
18,layer3.1.relu3,31685,False,74702,4930,28091,6596,75
18,layer3.2.conv1,1023694,False,2155581,18623,14583,32636,311
18,layer3.2.bn1,35352,False,82382,9121,13579,14899,219
18,layer3.2.relu1,10788,False,31090,4216,9271,5827,64
18,layer3.2.conv2,2041412,False,4288950,145480,3448276,95977,1982
18,layer3.2.bn2,34867,False,81143,15274,13696,19126,224
18,layer3.2.relu2,12323,False,34318,5617,9288,6908,66
18,layer3.2.conv3,965486,False,2033381,10150,14216,31028,191
18,layer3.2.bn3,91196,False,199812,10661,35928,15978,224
18,layer3.2.add,65612,False,146615,5042,3113,10369,65
18,layer3.2.relu3,30014,False,71055,2955,28111,5177,32
18,layer3.3.conv1,1010155,False,2127689,12991,14523,29928,241
18,layer3.3.bn1,35570,False,82555,9973,13551,15409,194
18,layer3.3.relu1,11400,False,32393,4350,9313,5165,72
18,layer3.3.conv2,2046358,False,4299191,146103,3448635,95593,1995
18,layer3.3.bn2,36678,False,85466,14468,13732,18329,216
18,layer3.3.relu2,11213,False,31669,3482,9278,6282,49
18,layer3.3.conv3,971617,False,2046620,13525,14332,30005,213
18,layer3.3.bn3,91484,False,200720,9027,35959,15603,246
18,layer3.3.add,64837,False,144652,3705,3127,10031,48
18,layer3.3.relu3,30255,False,71799,4401,28116,5601,67
18,layer3.4.conv1,1005689,False,2118264,13615,14556,29166,211
18,layer3.4.bn1,35100,False,81597,7870,13486,15242,182
18,layer3.4.relu1,10597,False,30479,2842,9258,5440,47
18,layer3.4.conv2,2047355,False,4301938,143622,3448186,95793,1948
18,layer3.4.bn2,35025,False,81655,16368,13782,19525,224
18,layer3.4.relu2,11314,False,31786,5564,9272,6653,67
18,layer3.4.conv3,966161,False,2035265,11024,14243,29348,184
18,layer3.4.bn3,93230,False,204319,11100,37661,17158,248
18,layer3.4.add,64953,False,145299,4090,3130,10260,47
18,layer3.4.relu3,30270,False,71794,4049,28132,6071,49
18,layer3.5.conv1,1007646,False,2121830,14298,14571,30969,223
18,layer3.5.bn1,36871,False,85369,15640,13620,16352,245
18,layer3.5.relu1,10537,False,30047,4839,9271,5037,62
18,layer3.5.conv2,2048608,False,4304054,149154,3448624,99194,2026
18,layer3.5.bn2,36753,False,85491,14562,13748,19031,215
18,layer3.5.relu2,11911,False,33260,4743,9252,6472,64
18,layer3.5.conv3,970027,False,2042942,10263,14209,29198,160
18,layer3.5.bn3,90822,False,199343,9952,35953,15583,284
18,layer3.5.add,65466,False,145995,5677,3113,10463,64
18,layer3.5.relu3,30209,False,71612,4242,28147,5370,73
18,layer4.0.conv1,1967698,False,4134542,22531,23515,36167,401
18,layer4.0.bn1,50879,False,115383,11539,20969,15961,192
18,layer4.0.relu1,17449,False,51312,7072,15546,6325,51
18,layer4.0.conv2,3464674,False,7271457,116628,5072004,97670,1709
18,layer4.0.bn2,32309,False,75824,11934,11948,19166,191
18,layer4.0.relu2,8059,False,25024,3910,6113,6505,58
18,layer4.0.conv3,1279103,False,2691732,40007,10668,43669,673
18,layer4.0.bn3,61286,False,136742,9904,30416,19332,169
18,layer4.0.downsample.0,2902013,False,6092962,133590,92176,111801,2237
18,layer4.0.downsample.1,61537,False,137418,15139,28925,19785,268
18,layer4.0.add,31607,False,74543,5444,3129,10038,80
18,layer4.0.relu3,18061,False,46235,6370,15528,6358,62
18,layer4.1.conv1,1226172,False,2581284,43000,10274,44103,612
18,layer4.1.bn1,30601,False,72299,12927,11762,17446,196
18,layer4.1.relu1,8319,False,25591,3635,6103,6438,55
18,layer4.1.conv2,3185491,False,6687393,111623,2452640,96106,1699
18,layer4.1.bn2,31523,False,74137,17322,12006,17864,253
18,layer4.1.relu2,8735,False,26890,4526,6105,6836,74
18,layer4.1.conv3,1273091,False,2678529,34362,12289,43396,501
18,layer4.1.bn3,61343,False,136872,12378,28743,16402,258
18,layer4.1.add,31863,False,75263,5323,3091,8958,72
18,layer4.1.relu3,17563,False,44831,4792,15568,5830,61
18,layer4.2.conv1,1226388,False,2580930,32668,10269,35678,457
18,layer4.2.bn1,29097,False,69266,10530,11731,15894,158
18,layer4.2.relu1,7957,False,24883,2878,6112,4915,42
18,layer4.2.conv2,3174544,False,6664069,123613,2452897,98165,1798
18,layer4.2.bn2,30918,False,72764,12632,12002,18526,204
18,layer4.2.relu2,8031,False,24865,2583,6120,5667,43
18,layer4.2.conv3,1262832,False,2657178,26175,10640,36409,363
18,layer4.2.bn3,57787,False,129503,10947,28655,16576,180
18,layer4.2.add,31457,False,74039,4990,3099,9032,62
18,layer4.2.relu3,16866,False,43478,5044,15523,4898,55
18,avgpool,83330,False,182996,87052,9637,93372,1308
18,flatten,8651,False,26250,12801,2883,11466,170
18,fc,505228,False,1070236,29487,136337,54820,355
19,conv1,2177284,False,4574356,143061,72531,123929,2037
19,bn1,332995,False,709621,36843,108071,32693,934
19,relu,178781,False,385057,10975,105338,16011,86
19,maxpool,10357162,False,21712530,48325197,1485987,2094901,759982
19,layer1.0.conv1,257682,False,486859,36322,5874,39992,490
19,layer1.0.bn1,86246,False,189819,50935,31667,25958,778
19,layer1.0.relu1,33248,False,78192,10053,28149,9280,150
19,layer1.0.conv2,1996510,False,4195465,199081,5287749,121996,2883
19,layer1.0.bn2,83878,False,185377,40523,31969,26862,647
19,layer1.0.relu2,32319,False,76046,5932,28135,8152,90
19,layer1.0.conv3,857504,False,1808123,29448,14355,43124,471
19,layer1.0.bn3,323912,False,690301,44279,108352,26624,1210
19,layer1.0.downsample.0,872791,False,1839716,16318,14271,31885,278
19,layer1.0.downsample.1,323677,False,689447,39053,108462,21591,1290
19,layer1.0.add,314295,False,669843,12893,5141,18987,156
19,layer1.0.relu3,173886,False,374761,5784,103516,10211,75
19,layer1.1.conv1,808896,False,1705916,29875,7620,33068,396
19,layer1.1.bn1,95455,False,208801,18488,31602,21168,437
19,layer1.1.relu1,31116,False,73475,4079,28082,5828,54
19,layer1.1.conv2,1987819,False,4177117,152403,5287168,109905,2209
19,layer1.1.bn2,81509,False,180029,24116,31794,21662,435
19,layer1.1.relu2,32016,False,75333,4327,28103,7871,57
19,layer1.1.conv3,851759,False,1796282,15340,14364,34434,290
19,layer1.1.bn3,322221,False,687108,39103,108277,24466,1128
19,layer1.1.add,316355,False,674351,8692,4885,16256,94
19,layer1.1.relu3,174076,False,375175,6207,103530,9045,67
19,layer1.2.conv1,810986,False,1710885,32871,7760,30194,414
19,layer1.2.bn1,94442,False,207241,16442,31588,19081,416
19,layer1.2.relu1,31245,False,73962,3367,28139,5622,60
19,layer1.2.conv2,1967765,False,4135084,141418,5287512,102902,1974
19,layer1.2.bn2,73133,False,162373,26608,31850,22521,514
19,layer1.2.relu2,30822,False,72739,3937,28129,6695,53
19,layer1.2.conv3,852112,False,1796537,16251,14348,32469,288
19,layer1.2.bn3,326158,False,695047,38420,108300,24684,1294
19,layer1.2.add,310340,False,661301,7185,5074,16461,82
19,layer1.2.relu3,173514,False,373991,5580,103542,8989,68
19,layer2.0.conv1,1598353,False,3360635,47329,11064,36657,564
19,layer2.0.bn1,174019,False,375654,24712,57123,22587,605
19,layer2.0.relu1,77720,False,171444,3860,53239,7203,59
19,layer2.0.conv2,2140058,False,4495840,169572,4297239,111713,2542
19,layer2.0.bn2,48457,False,109775,18753,19069,19067,288
19,layer2.0.relu2,17114,False,43817,4342,15527,6347,49
19,layer2.0.conv3,858113,False,1808661,26262,16358,37404,450
19,layer2.0.bn3,170324,False,367825,15818,57682,19865,399
19,layer2.0.downsample.0,2287958,False,4806472,165737,76415,133665,2383
19,layer2.0.downsample.1,175560,False,379073,25690,57834,24874,518
19,layer2.0.add,158330,False,342477,10447,3168,15661,145
19,layer2.0.relu3,79596,False,175760,6485,53263,9638,80
19,layer2.1.conv1,825090,False,1738783,38740,7728,42952,589
19,layer2.1.bn1,47779,False,108765,12757,18998,16443,231
19,layer2.1.relu1,17383,False,44846,5891,15575,6836,84
19,layer2.1.conv2,1922143,False,4038806,144834,5168141,97312,2092
19,layer2.1.bn2,44616,False,102020,16022,19250,17491,256
19,layer2.1.relu2,17738,False,45529,3874,15558,6689,52
19,layer2.1.conv3,850000,False,1791553,18274,14130,33747,317
19,layer2.1.bn3,172222,False,371441,12815,57704,20486,374
19,layer2.1.add,160395,False,346564,10065,4966,15866,133
19,layer2.1.relu3,77966,False,172041,5641,53250,8095,78
19,layer2.2.conv1,817719,False,1723494,30032,7793,35426,433
19,layer2.2.bn1,46817,False,106634,12428,18932,16588,176
19,layer2.2.relu1,17539,False,45051,5805,15557,5892,76
19,layer2.2.conv2,1920620,False,4035141,129831,5168231,91050,1861
19,layer2.2.bn2,43623,False,99975,14695,19151,17735,251
19,layer2.2.relu2,17768,False,45278,5783,15549,6461,74
19,layer2.2.conv3,848129,False,1788033,12978,13984,29832,221
19,layer2.2.bn3,170491,False,368079,14489,57677,20281,396
19,layer2.2.add,156879,False,339376,7235,3182,13474,85
19,layer2.2.relu3,78055,False,172376,5050,53244,7188,46
19,layer2.3.conv1,816740,False,1721286,25875,7750,34373,346
19,layer2.3.bn1,46596,False,106076,10002,18850,16405,171
19,layer2.3.relu1,17265,False,44432,4326,15541,4959,57
19,layer2.3.conv2,1920655,False,4035062,125191,5168230,90453,1835
19,layer2.3.bn2,45464,False,103615,16849,19162,18619,268
19,layer2.3.relu2,16935,False,43945,4245,15578,6139,52
19,layer2.3.conv3,848418,False,1788880,13674,14138,30114,229
19,layer2.3.bn3,172741,False,373182,16673,57683,20137,409
19,layer2.3.add,160708,False,347176,7409,4987,14290,97
19,layer2.3.relu3,77511,False,171249,3734,53261,7327,52
19,layer3.0.conv1,1751007,False,3679570,22547,21084,35695,466
19,layer3.0.bn1,85914,False,196597,14334,33557,19851,300
19,layer3.0.relu1,31943,False,75158,3064,28132,6061,50
19,layer3.0.conv2,2191598,False,4604064,157193,5534305,107881,2263
19,layer3.0.bn2,35598,False,83388,16826,13704,18701,268
19,layer3.0.relu2,11332,False,31736,5021,9258,6590,69
19,layer3.0.conv3,974810,False,2053396,18087,13842,33792,287
19,layer3.0.bn3,89649,False,197196,10223,35839,15322,234
19,layer3.0.downsample.0,2207131,False,4636332,117163,74035,115665,1824
19,layer3.0.downsample.1,92566,False,203020,16582,37877,22361,326
19,layer3.0.add,66463,False,148612,7046,3130,12591,83
19,layer3.0.relu3,32166,False,75661,5334,28122,7033,61
19,layer3.1.conv1,1024681,False,2157820,22167,14565,38746,450
19,layer3.1.bn1,34445,False,80376,9649,13596,15529,211
19,layer3.1.relu1,10912,False,31053,5097,9270,6517,62
19,layer3.1.conv2,2043712,False,4294296,151097,3448327,99544,2126
19,layer3.1.bn2,36352,False,84462,13783,13764,17710,242
19,layer3.1.relu2,11328,False,31811,5705,9239,6276,68
19,layer3.1.conv3,970056,False,2043243,13212,14198,32886,244
19,layer3.1.bn3,92387,False,202609,12387,35947,16905,283
19,layer3.1.add,65227,False,145513,3915,3127,9803,53
19,layer3.1.relu3,30125,False,71359,4728,28102,5586,65
19,layer3.2.conv1,1004365,False,2114868,16033,14532,29500,282
19,layer3.2.bn1,35761,False,83499,7569,13492,15292,177
19,layer3.2.relu1,10532,False,30177,2829,9256,5541,58
19,layer3.2.conv2,2043016,False,4292893,108314,3448683,96242,1581
19,layer3.2.bn2,33432,False,78243,15128,13748,17568,218
19,layer3.2.relu2,11735,False,32895,4376,9319,6181,50
19,layer3.2.conv3,967335,False,2037712,12671,14272,31151,221
19,layer3.2.bn3,90126,False,198160,10920,35887,15672,214
19,layer3.2.add,65516,False,146567,5463,3140,11312,76
19,layer3.2.relu3,31116,False,73743,4227,28119,5563,56
19,layer3.3.conv1,1022125,False,2152270,14602,14512,31274,235
19,layer3.3.bn1,34282,False,79934,7230,13515,14397,181
19,layer3.3.relu1,10772,False,30698,3368,9254,4985,50
19,layer3.3.conv2,2045074,False,4297193,134942,3448765,100051,1979
19,layer3.3.bn2,35529,False,82626,12240,13759,17148,219
19,layer3.3.relu2,11418,False,31947,3876,9276,6687,42
19,layer3.3.conv3,967451,False,2038016,11864,14261,29412,202
19,layer3.3.bn3,90772,False,199348,7751,35890,15776,244
19,layer3.3.add,69599,False,154745,6232,4966,11604,75
19,layer3.3.relu3,30827,False,72723,4990,28112,5890,65
19,layer3.4.conv1,1012745,False,2132325,12291,14495,30787,207
19,layer3.4.bn1,34168,False,79755,6946,13538,15259,185
19,layer3.4.relu1,10859,False,31272,4253,9282,5656,63
19,layer3.4.conv2,2042123,False,4290824,145538,3448398,99413,2021
19,layer3.4.bn2,34719,False,81175,14629,13764,19227,249
19,layer3.4.relu2,11206,False,31760,5908,9272,6690,68
19,layer3.4.conv3,969080,False,2041373,18403,14046,31215,241
19,layer3.4.bn3,92112,False,202336,22400,35999,18656,381
19,layer3.4.add,65543,False,146231,4340,3111,10373,63
19,layer3.4.relu3,30431,False,71793,3476,28106,5224,55
19,layer3.5.conv1,1003485,False,2113091,15783,14476,30806,252
19,layer3.5.bn1,34592,False,80483,7257,13539,13562,172
19,layer3.5.relu1,10770,False,30702,3401,9265,4354,49
19,layer3.5.conv2,2041342,False,4288870,119352,3448568,98548,1705
19,layer3.5.bn2,36655,False,84921,12665,13727,18115,212
19,layer3.5.relu2,11279,False,31733,4137,9270,6360,56
19,layer3.5.conv3,1010952,False,2063207,33375,16579,48729,517
19,layer3.5.bn3,92562,False,202951,11439,35979,17748,280
19,layer3.5.add,66072,False,147326,5290,3128,11385,71
19,layer3.5.relu3,30403,False,71985,4862,28166,5847,73
19,layer4.0.conv1,1965628,False,4130749,22239,23517,38787,416
19,layer4.0.bn1,49527,False,112256,9600,20928,16455,150
19,layer4.0.relu1,17151,False,43767,4532,15543,5809,60
19,layer4.0.conv2,3466067,False,7198526,149446,5074636,122099,2087
19,layer4.0.bn2,35166,False,82211,32669,12073,22519,472
19,layer4.0.relu2,8735,False,26460,5317,6123,7209,75
19,layer4.0.conv3,1253674,False,2638523,48782,10710,45120,757
19,layer4.0.bn3,60247,False,134566,20364,28662,18853,301
19,layer4.0.downsample.0,2894532,False,6076928,168044,94247,123928,2805
19,layer4.0.downsample.1,60590,False,135192,18578,28950,17620,318
19,layer4.0.add,33076,False,77741,10227,3114,12081,121
19,layer4.0.relu3,17658,False,45078,6195,15544,6677,77
19,layer4.1.conv1,1219408,False,2566764,41412,10274,44726,575
19,layer4.1.bn1,30738,False,72572,14817,11695,18092,201
19,layer4.1.relu1,8141,False,25271,5275,6157,6421,69
19,layer4.1.conv2,3160026,False,6633393,135963,2452868,98286,2019
19,layer4.1.bn2,32353,False,76021,18034,11946,19278,267
19,layer4.1.relu2,8256,False,25493,4158,6123,6662,66
19,layer4.1.conv3,1245584,False,2620925,26422,10663,38862,371
19,layer4.1.bn3,61011,False,136451,9690,28702,16568,218
19,layer4.1.add,32017,False,75444,4793,3099,8986,77
19,layer4.1.relu3,16585,False,42700,3422,15549,5580,50
19,layer4.2.conv1,1222128,False,2571958,35143,11786,37436,424
19,layer4.2.bn1,29420,False,69706,8727,11784,15002,143
19,layer4.2.relu1,8250,False,25496,4249,6124,5337,48
19,layer4.2.conv2,3165518,False,6644454,131783,2453151,100361,1879
19,layer4.2.bn2,31549,False,74411,17258,11991,19820,225
19,layer4.2.relu2,9142,False,27560,3539,6119,6601,46
19,layer4.2.conv3,1238850,False,2607293,24297,10679,36974,339
19,layer4.2.bn3,58988,False,131782,13729,28579,18286,179
19,layer4.2.add,31766,False,74917,5227,3105,10144,70
19,layer4.2.relu3,16381,False,42692,3458,15528,4957,50
19,avgpool,81776,False,179778,90525,9666,89502,1314
19,flatten,8615,False,25955,12242,2877,10503,154
19,fc,500493,False,1060952,32562,134503,52297,415
20,conv1,2178390,False,4577157,144933,72419,123200,2086
20,bn1,332419,False,708273,52607,108021,34450,1044
20,relu,174677,False,376248,8174,103577,12813,97
20,maxpool,10190634,False,21363692,47139071,1486748,1857689,739223
20,layer1.0.conv1,265384,False,499867,38773,7507,43385,509
20,layer1.0.bn1,86692,False,190616,49448,31713,25540,804
20,layer1.0.relu1,33621,False,78874,10694,28113,8975,120
20,layer1.0.conv2,2006720,False,4216661,207658,5290198,126916,3045
20,layer1.0.bn2,82809,False,182757,37658,31880,25057,580
20,layer1.0.relu2,32254,False,75838,5561,28143,7360,85
20,layer1.0.conv3,861056,False,1815280,34080,16224,47395,506
20,layer1.0.bn3,325808,False,694187,45724,108403,28111,1250
20,layer1.0.downsample.0,872059,False,1838766,18777,14268,30456,295
20,layer1.0.downsample.1,327881,False,698312,42702,110316,27032,1257
20,layer1.0.add,310132,False,661887,12512,3306,16453,141
20,layer1.0.relu3,173036,False,372433,6450,103538,9348,91
20,layer1.1.conv1,807679,False,1703615,24403,7637,30025,330
20,layer1.1.bn1,94934,False,208117,20524,31551,19332,439
20,layer1.1.relu1,31719,False,74901,3647,28121,6528,56
20,layer1.1.conv2,1985046,False,4171338,151594,5287426,110683,2052
20,layer1.1.bn2,81616,False,179856,28942,31890,23070,503
20,layer1.1.relu2,31889,False,74903,5308,28134,6971,57
20,layer1.1.conv3,850131,False,1792472,20194,14333,34429,337
20,layer1.1.bn3,326704,False,695511,40412,110103,27715,1169
20,layer1.1.add,312425,False,665629,5952,3253,13400,72
20,layer1.1.relu3,173682,False,374208,6777,103514,8885,84
20,layer1.2.conv1,809997,False,1708099,27761,7738,31703,351
20,layer1.2.bn1,94572,False,207413,18338,31594,19163,418
20,layer1.2.relu1,30985,False,73246,3777,28112,5735,60
20,layer1.2.conv2,1977418,False,4154335,128978,5290230,103139,1896
20,layer1.2.bn2,75002,False,166555,30502,31873,23529,557
20,layer1.2.relu2,31147,False,73469,5346,28091,7091,74
20,layer1.2.conv3,848562,False,1796119,25091,14193,34259,335
20,layer1.2.bn3,331076,False,704786,41422,110182,28862,1329
20,layer1.2.add,308880,False,658606,5835,3270,13180,64
20,layer1.2.relu3,172649,False,372352,5897,103501,8623,73
20,layer2.0.conv1,1595367,False,3354373,34890,10252,35772,391
20,layer2.0.bn1,174118,False,375661,23943,57152,22820,636
20,layer2.0.relu1,77535,False,171409,3902,53254,6735,52
20,layer2.0.conv2,2133764,False,4483326,161712,4297268,114190,2331
20,layer2.0.bn2,52008,False,117227,19961,20894,21759,309
20,layer2.0.relu2,17050,False,43933,4512,15540,6164,64
20,layer2.0.conv3,843644,False,1778595,17811,12290,26989,329
20,layer2.0.bn3,172863,False,373077,14208,59512,22373,438
20,layer2.0.downsample.0,2285437,False,4801017,159094,74399,124116,2217
20,layer2.0.downsample.1,174586,False,376446,19247,57777,21961,454
20,layer2.0.add,157322,False,340273,6196,3186,15007,59
20,layer2.0.relu3,82341,False,181820,8209,55120,10902,87
20,layer2.1.conv1,816213,False,1720250,32389,5909,35963,427
20,layer2.1.bn1,48175,False,109364,11680,18875,16359,214
20,layer2.1.relu1,20321,False,50599,7223,17335,7686,85
20,layer2.1.conv2,1919333,False,4032866,132957,5166823,96211,2007
20,layer2.1.bn2,48101,False,109240,14392,20955,18515,246
20,layer2.1.relu2,17396,False,44761,6057,15578,7132,82
20,layer2.1.conv3,843305,False,1777986,18216,12296,28758,299
20,layer2.1.bn3,170099,False,375062,15955,59185,20803,373
20,layer2.1.add,155711,False,336623,5963,3168,12089,76
20,layer2.1.relu3,77582,False,171592,4777,53224,8147,57
20,layer2.2.conv1,815910,False,1720261,27173,7668,32555,366
20,layer2.2.bn1,46005,False,104784,7256,18887,14346,136
20,layer2.2.relu1,17498,False,45052,5688,15572,6012,73
20,layer2.2.conv2,1932954,False,4061416,139340,5170564,109962,2008
20,layer2.2.bn2,45252,False,103236,17084,19224,18141,308
20,layer2.2.relu2,17366,False,44629,5363,15557,6660,81
20,layer2.2.conv3,847584,False,1786514,18330,14122,31329,297
20,layer2.2.bn3,169320,False,365785,12524,57532,18939,395
20,layer2.2.add,157004,False,339816,7645,3174,11860,74
20,layer2.2.relu3,78757,False,174159,4609,53243,8099,59
20,layer2.3.conv1,812878,False,1721205,22346,5855,30908,259
20,layer2.3.bn1,45908,False,104792,7560,18805,15111,135
20,layer2.3.relu1,17141,False,43979,4249,15560,5869,65
20,layer2.3.conv2,1920066,False,4034279,131314,5168494,93591,1883
20,layer2.3.bn2,45061,False,102510,14643,19172,17672,266
20,layer2.3.relu2,17339,False,44597,3166,15547,6437,41
20,layer2.3.conv3,842638,False,1776134,12303,12260,28129,230
20,layer2.3.bn3,173175,False,373544,12740,59374,19712,389
20,layer2.3.add,156194,False,337685,4635,3140,11105,38
20,layer2.3.relu3,77685,False,171607,3579,53248,6782,54
20,layer3.0.conv1,1746475,False,3670863,20823,22907,37642,446
20,layer3.0.bn1,84346,False,185634,9561,31814,17510,303
20,layer3.0.relu1,31915,False,75260,5584,28110,6531,63
20,layer3.0.conv2,2201770,False,4625644,153661,5536724,108580,2230
20,layer3.0.bn2,34968,False,81449,13486,13661,18499,186
20,layer3.0.relu2,10963,False,30835,3258,9227,6343,41
20,layer3.0.conv3,972465,False,2047662,17131,14289,32311,291
20,layer3.0.bn3,89389,False,196753,14069,35876,16975,247
20,layer3.0.downsample.0,2211488,False,4646278,128795,75515,116299,1854
20,layer3.0.downsample.1,88730,False,194858,16823,36105,20904,319
20,layer3.0.add,66577,False,148479,5398,3132,11007,59
20,layer3.0.relu3,32216,False,75584,6702,28155,6971,81
20,layer3.1.conv1,1011096,False,2129198,21220,14559,39117,422
20,layer3.1.bn1,35697,False,82854,9193,13607,16685,186
20,layer3.1.relu1,11586,False,32505,3450,9239,5359,52
20,layer3.1.conv2,2051001,False,4309673,160129,3448764,106249,2249
20,layer3.1.bn2,36164,False,84198,14310,13708,17975,228
20,layer3.1.relu2,11857,False,32973,5946,9248,6793,70
20,layer3.1.conv3,970962,False,2044731,14254,14270,31437,237
20,layer3.1.bn3,91675,False,201158,9337,36009,15303,256
20,layer3.1.add,68968,False,153584,5674,5049,13296,75
20,layer3.1.relu3,30199,False,71683,5369,28148,6035,80
20,layer3.2.conv1,1004890,False,2116384,16698,14548,31191,279
20,layer3.2.bn1,33808,False,79238,8636,13603,14577,193
20,layer3.2.relu1,11005,False,31213,3507,9262,5093,48
20,layer3.2.conv2,2045037,False,4296743,142596,3448335,100927,1961
20,layer3.2.bn2,33956,False,79418,13546,13772,18601,241
20,layer3.2.relu2,11589,False,32486,5808,9256,6222,67
20,layer3.2.conv3,967335,False,2037301,12778,14192,31662,196
20,layer3.2.bn3,90652,False,198880,11945,35867,16326,249
20,layer3.2.add,65866,False,147235,4612,3108,10170,62
20,layer3.2.relu3,31050,False,73483,3529,28086,4806,46
20,layer3.3.conv1,1022086,False,2152579,14441,14587,32603,257
20,layer3.3.bn1,34659,False,80697,6191,13499,13498,165
20,layer3.3.relu1,11097,False,31562,5558,9285,4964,62
20,layer3.3.conv2,2042456,False,4291084,138597,3448199,96626,1868
20,layer3.3.bn2,36748,False,85138,15638,13772,19107,242
20,layer3.3.relu2,11290,False,31805,3651,9300,5539,57
20,layer3.3.conv3,968281,False,2039294,9724,14175,30141,195
20,layer3.3.bn3,92609,False,203163,12096,36023,17030,303
20,layer3.3.add,65088,False,145419,4530,3140,10589,61
20,layer3.3.relu3,30424,False,72068,5162,28129,5411,73
20,layer3.4.conv1,1009834,False,2126730,10267,14507,30033,194
20,layer3.4.bn1,34319,False,80095,6373,13527,14102,163
20,layer3.4.relu1,10415,False,29750,2563,9265,4942,45
20,layer3.4.conv2,2044724,False,4296455,150585,3448568,94336,2034
20,layer3.4.bn2,36211,False,83988,22245,13879,20685,304
20,layer3.4.relu2,11261,False,31833,5420,9312,6388,89
20,layer3.4.conv3,965183,False,2033020,10832,14250,29794,200
20,layer3.4.bn3,90228,False,198142,9975,35850,16155,215
20,layer3.4.add,65802,False,147000,4273,3139,9841,60
20,layer3.4.relu3,31429,False,74205,3627,28119,5172,58
20,layer3.5.conv1,1022730,False,2153645,13551,14381,32165,218
20,layer3.5.bn1,34771,False,81229,7725,13547,14480,173
20,layer3.5.relu1,10677,False,30600,3786,9260,4943,51
20,layer3.5.conv2,2041518,False,4289394,144613,3448722,97488,1982
20,layer3.5.bn2,35417,False,82566,11258,13719,17227,189
20,layer3.5.relu2,11089,False,31265,5325,9303,6309,68
20,layer3.5.conv3,966579,False,2035805,10760,14204,30052,180
20,layer3.5.bn3,91599,False,201015,9047,35903,16283,261
20,layer3.5.add,65331,False,145775,4262,3123,10007,54
20,layer3.5.relu3,30329,False,72052,4961,28156,6239,83
20,layer4.0.conv1,1961901,False,4121608,17866,23444,35132,383
20,layer4.0.bn1,49811,False,113135,9328,20969,16658,162
20,layer4.0.relu1,16927,False,43842,4837,15552,6194,74
20,layer4.0.conv2,3425118,False,7188506,126642,5074068,100278,1976
20,layer4.0.bn2,31623,False,74540,13738,11946,18546,239
20,layer4.0.relu2,8237,False,25454,4373,6124,5918,69
20,layer4.0.conv3,1256105,False,2643249,45149,10622,43261,816
20,layer4.0.bn3,59421,False,132850,11787,28598,16969,185
20,layer4.0.downsample.0,2893518,False,6074733,149439,94178,108293,2402
20,layer4.0.downsample.1,62217,False,138939,27593,28946,21043,402
20,layer4.0.add,32049,False,75403,6446,3127,10807,87
20,layer4.0.relu3,17261,False,44382,6042,15553,6365,83
20,layer4.1.conv1,1225257,False,2578352,48129,12194,46764,690
20,layer4.1.bn1,32490,False,76022,17499,11747,18564,253
20,layer4.1.relu1,7557,False,24081,3584,6107,6030,47
20,layer4.1.conv2,3168952,False,6651780,135927,2453018,100922,1944
20,layer4.1.bn2,31400,False,74129,15847,11967,17846,252
20,layer4.1.relu2,8777,False,26593,3466,6099,6205,49
20,layer4.1.conv3,1245876,False,2621901,29285,10577,39145,394
20,layer4.1.bn3,60925,False,136094,8593,28786,16121,213
20,layer4.1.add,31503,False,74368,4220,3106,9208,78
20,layer4.1.relu3,16775,False,43199,3301,15563,5436,54
20,layer4.2.conv1,1219887,False,2567234,34901,10026,37870,453
20,layer4.2.bn1,30244,False,71685,8594,11665,15568,139
20,layer4.2.relu1,7805,False,24490,3260,6136,5000,43
20,layer4.2.conv2,3154480,False,6621551,119767,2452808,97014,1790
20,layer4.2.bn2,32019,False,75120,16996,12157,19038,236
20,layer4.2.relu2,8702,False,26597,4523,6126,6320,46
20,layer4.2.conv3,1249026,False,2628066,30365,12421,41063,405
20,layer4.2.bn3,58323,False,130357,10844,28716,16571,174
20,layer4.2.add,30572,False,72596,4233,3090,8831,52
20,layer4.2.relu3,16143,False,41913,3028,15544,4758,52
20,avgpool,81856,False,179687,86652,9625,91057,1299
20,flatten,7969,False,24725,12355,2849,9939,166
20,fc,500300,False,1059608,28899,134527,48345,366
21,conv1,2178092,False,4576525,137332,72458,119611,1977
21,bn1,332486,False,708278,38711,108169,32969,973
21,relu,174868,False,376440,9178,103561,12647,97
21,maxpool,10223394,False,21354662,46891585,1489491,1842865,742826
21,layer1.0.conv1,269558,False,492215,38519,5924,44730,481
21,layer1.0.bn1,88984,False,196156,53714,31778,28608,830
21,layer1.0.relu1,33873,False,79553,12367,28153,10461,163
21,layer1.0.conv2,1999981,False,4202581,200840,5287467,124423,2822
21,layer1.0.bn2,83112,False,183357,36658,31836,25992,564
21,layer1.0.relu2,32333,False,76257,7129,28154,8025,95
21,layer1.0.conv3,857354,False,1807618,26624,14399,45969,411
21,layer1.0.bn3,327571,False,697510,49978,110259,31948,1329
21,layer1.0.downsample.0,867604,False,1829302,18830,12483,30324,288
21,layer1.0.downsample.1,320008,False,682242,40239,108174,23808,1049
21,layer1.0.add,313958,False,669212,11612,3262,17460,162
21,layer1.0.relu3,173345,False,373571,7169,103526,9617,92
21,layer1.1.conv1,808563,False,1705871,25217,7620,32377,307
21,layer1.1.bn1,94920,False,207965,21083,31537,19538,442
21,layer1.1.relu1,31735,False,74851,5025,28120,6306,67
21,layer1.1.conv2,1992967,False,4187656,164520,5288270,116444,2297
21,layer1.1.bn2,80574,False,177732,24916,31815,23085,440
21,layer1.1.relu2,31584,False,74404,4233,28149,7205,61
21,layer1.1.conv3,851999,False,1796225,20992,14380,35092,313
21,layer1.1.bn3,322114,False,686188,42968,108246,25682,1185
21,layer1.1.add,313194,False,667424,7216,3274,14436,91
21,layer1.1.relu3,174653,False,376148,4513,103522,9707,50
21,layer1.2.conv1,805577,False,1699380,19816,5812,29201,248
21,layer1.2.bn1,94921,False,207837,18465,31587,18744,425
21,layer1.2.relu1,32102,False,83755,9590,29754,8911,70
21,layer1.2.conv2,1969560,False,4138140,131680,5287522,104925,1917
21,layer1.2.bn2,74354,False,164667,29389,31950,22186,560
21,layer1.2.relu2,31029,False,73421,6200,28167,7262,93
21,layer1.2.conv3,851654,False,1795481,18483,14308,34470,312
21,layer1.2.bn3,324890,False,692123,38519,108308,24713,1306
21,layer1.2.add,307759,False,656132,5835,3238,12906,81
21,layer1.2.relu3,178555,False,384218,7178,105359,12449,91
21,layer2.0.conv1,1589543,False,3342005,43548,8399,32937,551
21,layer2.0.bn1,173754,False,375086,26122,57107,22099,643
21,layer2.0.relu1,77976,False,172330,4933,53232,7843,68
21,layer2.0.conv2,2133964,False,4482785,151711,4297028,109011,2154
21,layer2.0.bn2,47480,False,108361,17231,19164,19143,253
21,layer2.0.relu2,17611,False,45307,4319,15545,6745,65
21,layer2.0.conv3,846946,False,1785554,17419,14019,31712,367
21,layer2.0.bn3,169063,False,364825,16243,57541,19228,391
21,layer2.0.downsample.0,2284712,False,4799875,154236,74581,123723,2290
21,layer2.0.downsample.1,175156,False,377961,24772,57726,25088,533
21,layer2.0.add,162080,False,349889,10988,4991,17296,114
21,layer2.0.relu3,80017,False,176488,6357,53248,9226,90
21,layer2.1.conv1,823614,False,1735640,39183,7850,42439,491
21,layer2.1.bn1,49214,False,111516,18543,18945,18198,269
21,layer2.1.relu1,17158,False,44045,4626,15531,6560,67
21,layer2.1.conv2,1922218,False,4038408,160210,5168150,97127,2263
21,layer2.1.bn2,44221,False,101137,17689,19172,19417,293
21,layer2.1.relu2,17019,False,43826,5008,15547,6631,70
21,layer2.1.conv3,847975,False,1787122,17294,13771,32132,297
21,layer2.1.bn3,171845,False,370689,16341,57569,19661,435
21,layer2.1.add,156480,False,338386,5730,3172,13175,65
21,layer2.1.relu3,77057,False,170450,5124,53274,7174,67
21,layer2.2.conv1,818116,False,1724655,27524,7721,33213,371
21,layer2.2.bn1,45398,False,103569,8021,18833,15255,132
21,layer2.2.relu1,17840,False,45725,6095,15570,5843,71
21,layer2.2.conv2,1919528,False,4033505,130572,5168240,92679,1920
21,layer2.2.bn2,44091,False,100787,16813,19246,17643,318
21,layer2.2.relu2,18035,False,45947,4049,15550,6345,41
21,layer2.2.conv3,847743,False,1787084,14367,14134,31123,269
21,layer2.2.bn3,170412,False,367543,14309,57539,20146,376
21,layer2.2.add,161356,False,348657,8544,5049,14938,88
21,layer2.2.relu3,78689,False,173827,6622,53269,7407,81
21,layer2.3.conv1,817051,False,1722285,26496,7755,31398,368
21,layer2.3.bn1,47128,False,107102,10078,18893,16058,203
21,layer2.3.relu1,17402,False,44693,4635,15535,5623,57
21,layer2.3.conv2,1932646,False,4060434,136130,5170921,96181,1935
21,layer2.3.bn2,45099,False,102994,14516,19260,18958,269
21,layer2.3.relu2,16834,False,43594,3978,15541,6168,52
21,layer2.3.conv3,848140,False,1787700,14509,13985,31118,265
21,layer2.3.bn3,174149,False,375318,13107,57687,18976,408
21,layer2.3.add,156668,False,338425,5605,3166,12252,58
21,layer2.3.relu3,77261,False,170524,4032,53255,6944,61
21,layer3.0.conv1,1743162,False,3662962,24017,22915,36310,502
21,layer3.0.bn1,84867,False,186535,10420,31753,18233,249
21,layer3.0.relu1,31401,False,73947,3602,28125,6474,58
21,layer3.0.conv2,2191366,False,4603592,160786,5533863,106107,2263
21,layer3.0.bn2,35691,False,83458,18566,13628,18118,219
21,layer3.0.relu2,11371,False,32240,4346,9231,7333,55
21,layer3.0.conv3,963800,False,2029766,15233,12392,30577,283
21,layer3.0.bn3,91222,False,200484,12863,35878,17893,264
21,layer3.0.downsample.0,2205740,False,4633916,128885,74011,113947,1952
21,layer3.0.downsample.1,88728,False,194894,14788,36090,19507,279
21,layer3.0.add,66301,False,147790,5814,3127,11715,65
21,layer3.0.relu3,32839,False,76987,7361,28142,7768,91
21,layer3.1.conv1,1021535,False,2151529,24973,14569,38602,465
21,layer3.1.bn1,36329,False,84156,12901,13640,17885,249
21,layer3.1.relu1,11149,False,31259,4149,9230,5281,47
21,layer3.1.conv2,2043978,False,4294700,138265,3448625,99777,1980
21,layer3.1.bn2,35745,False,83039,12625,13724,18068,202
21,layer3.1.relu2,11866,False,40010,7898,10963,6788,77
21,layer3.1.conv3,968382,False,2039912,13218,14191,31149,231
21,layer3.1.bn3,93952,False,205783,11238,35986,16115,288
21,layer3.1.add,66039,False,146993,4885,3141,10039,61
21,layer3.1.relu3,30813,False,72813,5128,28125,6491,64
21,layer3.2.conv1,1006517,False,2119763,15086,14578,31113,309
21,layer3.2.bn1,35289,False,82098,10482,13582,17111,199
21,layer3.2.relu1,10716,False,30594,4412,9251,4710,55
21,layer3.2.conv2,2045570,False,4297803,145799,3448838,100963,2086
21,layer3.2.bn2,35319,False,82314,15353,13774,18749,226
21,layer3.2.relu2,11489,False,32228,4589,9280,6061,65
21,layer3.2.conv3,968049,False,2038834,10573,14240,30852,187
21,layer3.2.bn3,89594,False,196600,11141,35835,16637,226
21,layer3.2.add,65697,False,146566,3483,3136,11063,48
21,layer3.2.relu3,29975,False,71200,4307,28123,5083,53
21,layer3.3.conv1,1006329,False,2119330,16202,14301,28632,254
21,layer3.3.bn1,34752,False,81344,8585,13517,15589,186
21,layer3.3.relu1,10496,False,29969,4657,9253,4921,51
21,layer3.3.conv2,2044294,False,4295700,141985,3448461,99610,2021
21,layer3.3.bn2,36886,False,85459,12547,13762,18254,198
21,layer3.3.relu2,11827,False,33043,6593,9277,6684,74
21,layer3.3.conv3,970378,False,2043564,11241,14241,30674,173
21,layer3.3.bn3,92320,False,202608,9458,36017,16578,240
21,layer3.3.add,65401,False,146073,4370,3142,10319,58
21,layer3.3.relu3,30025,False,71032,3698,28113,5567,54
21,layer3.4.conv1,1005459,False,2117996,17891,14625,30115,256
21,layer3.4.bn1,36988,False,85738,18500,13645,17300,300
21,layer3.4.relu1,10528,False,30149,3640,9278,5090,55
21,layer3.4.conv2,2044673,False,4296259,139157,3448417,99466,1938
21,layer3.4.bn2,34823,False,81232,15044,13754,19466,211
21,layer3.4.relu2,11927,False,33421,5797,9298,6451,74
21,layer3.4.conv3,966465,False,2035816,12650,14133,30055,203
21,layer3.4.bn3,93764,False,205924,15529,37627,18119,268
21,layer3.4.add,65736,False,146474,4412,3123,9922,58
21,layer3.4.relu3,30908,False,73178,4251,28127,5796,68
21,layer3.5.conv1,1005417,False,2117168,11443,14588,31125,191
21,layer3.5.bn1,33990,False,79567,7417,13475,14537,173
21,layer3.5.relu1,10285,False,29719,2977,9302,4730,55
21,layer3.5.conv2,2050588,False,4308043,122860,3451059,96414,1684
21,layer3.5.bn2,36953,False,85667,13329,13788,19309,208
21,layer3.5.relu2,10956,False,30863,3246,9264,5971,48
21,layer3.5.conv3,968054,False,2038808,13958,14269,31518,209
21,layer3.5.bn3,91648,False,200842,11638,35976,16194,267
21,layer3.5.add,65078,False,145219,4583,3126,10162,57
21,layer3.5.relu3,29958,False,70903,4698,28123,5633,61
21,layer4.0.conv1,1959111,False,4116165,24514,23601,38437,451
21,layer4.0.bn1,49700,False,112492,9039,20847,16453,163
21,layer4.0.relu1,21067,False,52348,5595,17370,7163,70
21,layer4.0.conv2,3417442,False,7172398,125226,5071927,98936,1867
21,layer4.0.bn2,33233,False,77805,16426,11980,20367,241
21,layer4.0.relu2,8701,False,26444,4089,6134,6912,51
21,layer4.0.conv3,1243842,False,2617941,37641,10746,41689,613
21,layer4.0.bn3,59763,False,133832,14085,28725,17932,244
21,layer4.0.downsample.0,2892400,False,6072751,146427,94326,108414,2413
21,layer4.0.downsample.1,60553,False,135094,18991,28879,18366,329
21,layer4.0.add,32580,False,76640,6599,3078,10535,71
21,layer4.0.relu3,17601,False,45120,6440,15539,7136,67
21,layer4.1.conv1,1215993,False,2559344,44333,10389,44077,709
21,layer4.1.bn1,30968,False,72918,14981,11801,17608,212
21,layer4.1.relu1,7543,False,24011,3020,6149,5593,51
21,layer4.1.conv2,3155957,False,6624235,119981,2452561,97855,1846
21,layer4.1.bn2,31597,False,74548,17503,11919,18051,252
21,layer4.1.relu2,8549,False,25991,3607,6121,6533,51
21,layer4.1.conv3,1242914,False,2615351,31785,12479,41791,475
21,layer4.1.bn3,61290,False,136566,12814,28814,17300,267
21,layer4.1.add,31598,False,74707,5642,3149,9718,91
21,layer4.1.relu3,16760,False,43186,5290,15562,5925,59
21,layer4.2.conv1,1216392,False,2560147,34809,10226,37763,464
21,layer4.2.bn1,29981,False,70669,9011,11730,15881,125
21,layer4.2.relu1,7944,False,25004,4035,6148,5472,63
21,layer4.2.conv2,3160105,False,6633926,116488,2452619,98148,1687
21,layer4.2.bn2,30694,False,72443,15468,11943,18019,237
21,layer4.2.relu2,8385,False,25733,4210,6132,6811,50
21,layer4.2.conv3,1242815,False,2615644,28675,12536,40202,422
21,layer4.2.bn3,58599,False,131088,12898,28673,17738,203
21,layer4.2.add,31391,False,74012,4677,3094,9233,63
21,layer4.2.relu3,16362,False,42861,5522,15562,5330,75
21,avgpool,79811,False,175796,83218,9634,85909,1289
21,flatten,8112,False,25139,13828,2861,10131,178
21,fc,504300,False,1067740,31538,136440,54223,401
22,conv1,2175510,False,4571093,141064,72431,119049,1974
22,bn1,333984,False,711778,34274,108133,33815,894
22,relu,175266,False,377661,11802,103566,14820,103
22,maxpool,10189761,False,21361195,47536046,1488216,1868534,742754
22,layer1.0.conv1,253658,False,487755,41240,5920,40680,525
22,layer1.0.bn1,87696,False,192780,53803,31805,26391,837
22,layer1.0.relu1,33490,False,78438,10301,28169,9237,122
22,layer1.0.conv2,1999078,False,4200892,193649,5288456,124266,2882
22,layer1.0.bn2,82417,False,181762,37900,31904,24959,551
22,layer1.0.relu2,32629,False,76823,7936,28129,8062,95
22,layer1.0.conv3,855479,False,1803452,28330,14105,43376,448
22,layer1.0.bn3,327596,False,697516,48761,110151,29516,1223
22,layer1.0.downsample.0,873999,False,1842574,20502,14430,32158,373
22,layer1.0.downsample.1,323301,False,688887,40506,108493,23698,1258
22,layer1.0.add,310767,False,662447,12095,3278,17163,162
22,layer1.0.relu3,173252,False,373044,7249,103523,10099,82
22,layer1.1.conv1,803643,False,1702732,30045,7225,30459,360
22,layer1.1.bn1,95576,False,209379,19395,31632,21878,420
22,layer1.1.relu1,35684,False,83384,6604,29917,9746,70
22,layer1.1.conv2,1983983,False,4169051,146213,5287046,111159,2023
22,layer1.1.bn2,81834,False,180875,28373,31969,23153,449
22,layer1.1.relu2,32153,False,75721,5192,28104,7185,65
22,layer1.1.conv3,851412,False,1795088,19377,14275,33553,324
22,layer1.1.bn3,322081,False,686630,42732,108339,25797,1154
22,layer1.1.add,313451,False,668247,10944,3293,13803,119
22,layer1.1.relu3,177148,False,381184,7827,105342,13174,84
22,layer1.2.conv1,805798,False,1699794,33704,5834,30807,449
22,layer1.2.bn1,97633,False,213454,18798,33430,22061,447
22,layer1.2.relu1,32259,False,76132,4197,28101,7015,71
22,layer1.2.conv2,1963231,False,4125093,123995,5287348,100595,1779
22,layer1.2.bn2,72342,False,160712,25674,31854,21442,523
22,layer1.2.relu2,30636,False,72467,5902,28107,7487,67
22,layer1.2.conv3,852431,False,1797571,18507,14327,31776,336
22,layer1.2.bn3,324886,False,692244,40098,108354,25161,1271
22,layer1.2.add,307993,False,657187,8371,3223,13709,91
22,layer1.2.relu3,177365,False,381895,7965,105376,10920,89
22,layer2.0.conv1,1590526,False,3344247,43418,8489,33764,536
22,layer2.0.bn1,174783,False,377006,28235,57246,24847,660
22,layer2.0.relu1,82426,False,181629,6931,55088,9738,99
22,layer2.0.conv2,2133245,False,4481726,141257,4296892,110836,1966
22,layer2.0.bn2,49096,False,111558,25738,19209,20539,348
22,layer2.0.relu2,17324,False,44684,5943,15585,7272,84
22,layer2.0.conv3,849811,False,1791224,22647,14102,35124,431
22,layer2.0.bn3,170613,False,367993,16851,57562,20535,440
22,layer2.0.downsample.0,2279051,False,4787373,149499,74353,122978,2186
22,layer2.0.downsample.1,175045,False,377753,21051,57938,23195,475
22,layer2.0.add,158626,False,350399,13429,4832,17445,113
22,layer2.0.relu3,80106,False,177021,8607,53240,10017,98
22,layer2.1.conv1,822536,False,1733739,37699,7433,37922,530
22,layer2.1.bn1,50109,False,113414,12527,18939,17200,212
22,layer2.1.relu1,17110,False,43864,6062,15549,6107,72
22,layer2.1.conv2,1932357,False,4060569,138752,5170759,98183,2056
22,layer2.1.bn2,45242,False,103134,16626,19202,18370,268
22,layer2.1.relu2,17020,False,43776,4663,15553,6655,63
22,layer2.1.conv3,847577,False,1786605,15131,14068,30918,281
22,layer2.1.bn3,171915,False,370842,12243,57609,19145,393
22,layer2.1.add,157064,False,339762,8125,3144,13920,94
22,layer2.1.relu3,78144,False,172633,3962,53232,7492,61
22,layer2.2.conv1,814845,False,1718119,24672,7768,32957,312
22,layer2.2.bn1,47043,False,107235,11000,18868,16899,195
22,layer2.2.relu1,17563,False,44860,4942,15565,6336,67
22,layer2.2.conv2,1921369,False,4037240,136781,5168307,93473,1910
22,layer2.2.bn2,45135,False,103327,17590,19190,17488,295
22,layer2.2.relu2,17418,False,44728,6746,15563,6894,76
22,layer2.2.conv3,848215,False,1788366,17655,14103,32418,307
22,layer2.2.bn3,170452,False,367580,9850,57611,19190,336
22,layer2.2.add,159593,False,344779,7172,5031,15078,101
22,layer2.2.relu3,78548,False,173418,4813,53260,7524,60
22,layer2.3.conv1,816406,False,1720635,23997,7715,32612,376
22,layer2.3.bn1,46018,False,104852,6768,18843,14302,127
22,layer2.3.relu1,17553,False,45094,4125,15510,5953,50
22,layer2.3.conv2,1916016,False,4025332,124675,5168023,91589,1741
22,layer2.3.bn2,43939,False,100229,13708,19154,16724,293
22,layer2.3.relu2,17202,False,44266,4599,15569,6426,73
22,layer2.3.conv3,846251,False,1783825,13192,13977,29109,250
22,layer2.3.bn3,171060,False,369140,11446,57632,17299,394
22,layer2.3.add,155886,False,337334,6043,3237,12859,77
22,layer2.3.relu3,78182,False,172453,3998,53237,7621,55
22,layer3.0.conv1,1752412,False,3682679,21438,22890,36899,483
22,layer3.0.bn1,85379,False,188041,10133,31798,18507,299
22,layer3.0.relu1,31847,False,75012,3756,28094,7063,46
22,layer3.0.conv2,2189013,False,4598692,153110,5533861,103844,2168
22,layer3.0.bn2,35026,False,81519,13594,13702,17447,183
22,layer3.0.relu2,11325,False,31982,5520,9278,6364,72
22,layer3.0.conv3,970212,False,2043964,14984,14289,30956,272
22,layer3.0.bn3,91278,False,200290,11608,35842,16614,254
22,layer3.0.downsample.0,2200738,False,4624116,116852,73902,112474,1787
22,layer3.0.downsample.1,89474,False,196660,15945,36133,20090,313
22,layer3.0.add,66656,False,148716,7221,3136,12597,78
22,layer3.0.relu3,32174,False,75723,6115,28130,7114,83
22,layer3.1.conv1,1027280,False,2163219,24909,14347,39089,494
22,layer3.1.bn1,36440,False,84369,13322,13634,17337,262
22,layer3.1.relu1,10845,False,30903,3084,9255,6168,49
22,layer3.1.conv2,2041966,False,4290417,146871,3448448,99926,2046
22,layer3.1.bn2,39109,False,90134,12292,15491,18166,213
22,layer3.1.relu2,11803,False,32939,5019,9296,6981,73
22,layer3.1.conv3,967344,False,2037784,11033,14251,31035,216
22,layer3.1.bn3,91715,False,201241,8322,35946,15033,250
22,layer3.1.add,65412,False,145811,4903,3111,10179,58
22,layer3.1.relu3,30576,False,72353,4925,28124,6554,75
22,layer3.2.conv1,1012249,False,2131615,13736,14512,32107,268
22,layer3.2.bn1,34305,False,79957,6876,13488,14908,169
22,layer3.2.relu1,11004,False,31250,3657,9276,4596,46
22,layer3.2.conv2,2040201,False,4287427,135029,3448323,100274,1856
22,layer3.2.bn2,34131,False,79996,13581,13711,17499,202
22,layer3.2.relu2,12043,False,33494,3866,9252,6787,55
22,layer3.2.conv3,966537,False,2035883,11134,14200,30546,211
22,layer3.2.bn3,89552,False,196733,9009,35808,16559,215
22,layer3.2.add,65653,False,146428,4428,3117,10555,71
22,layer3.2.relu3,30599,False,72522,3935,28127,6426,53
22,layer3.3.conv1,1008131,False,2122512,14910,14529,29981,205
22,layer3.3.bn1,35016,False,81427,9075,13599,15285,181
22,layer3.3.relu1,10633,False,30403,4175,9248,6072,42
22,layer3.3.conv2,2037035,False,4280279,110211,3448376,95445,1551
22,layer3.3.bn2,36651,False,85341,13524,13746,17299,221
22,layer3.3.relu2,11307,False,31991,4565,9288,6636,57
22,layer3.3.conv3,969703,False,2042566,16269,14293,31878,249
22,layer3.3.bn3,92762,False,203665,17643,36042,17103,326
22,layer3.3.add,65893,False,147071,5990,3111,10363,60
22,layer3.3.relu3,30529,False,72354,5255,28075,5917,70
22,layer3.4.conv1,1005282,False,2116737,12299,14510,30608,226
22,layer3.4.bn1,34743,False,81049,8216,13537,15221,179
22,layer3.4.relu1,11281,False,31869,3527,9284,5543,51
22,layer3.4.conv2,2041646,False,4289352,117116,3448305,95587,1636
22,layer3.4.bn2,34289,False,80212,11652,13705,17524,204
22,layer3.4.relu2,11430,False,32275,5330,9283,7071,74
22,layer3.4.conv3,962561,False,2034635,11500,14360,29820,184
22,layer3.4.bn3,89928,False,205447,13543,37507,19015,276
22,layer3.4.add,66113,False,147746,7011,3205,11665,81
22,layer3.4.relu3,30553,False,72340,4647,28101,6353,62
22,layer3.5.conv1,1021920,False,2151586,14125,14533,30589,216
22,layer3.5.bn1,35279,False,81955,9752,13489,15360,217
22,layer3.5.relu1,10760,False,30649,3807,9236,5732,52
22,layer3.5.conv2,2042312,False,4291160,113715,3448161,95141,1614
22,layer3.5.bn2,37048,False,86011,13118,13732,17435,209
22,layer3.5.relu2,11654,False,32595,4831,9256,6833,53
22,layer3.5.conv3,969464,False,2042252,14303,14051,29913,216
22,layer3.5.bn3,91188,False,200470,9835,35979,15402,294
22,layer3.5.add,65431,False,146043,5777,3137,10421,72
22,layer3.5.relu3,30761,False,72455,4367,28132,6143,56
22,layer4.0.conv1,1957187,False,4111830,19724,23450,34191,372
22,layer4.0.bn1,50717,False,114694,10181,20979,17526,184
22,layer4.0.relu1,17355,False,44634,4002,15560,6696,55
22,layer4.0.conv2,3485782,False,7315683,113051,5072025,94908,1631
22,layer4.0.bn2,32801,False,77127,16925,12078,18975,287
22,layer4.0.relu2,8672,False,26382,4076,6145,6235,53
22,layer4.0.conv3,1269099,False,2670435,37603,10757,44631,587
22,layer4.0.bn3,59552,False,133279,12621,28684,17643,187
22,layer4.0.downsample.0,2915607,False,6121378,134066,94327,114277,2341
22,layer4.0.downsample.1,60494,False,135123,15540,29003,19869,262
22,layer4.0.add,32077,False,75816,6984,3110,11129,101
22,layer4.0.relu3,17077,False,44076,5379,15608,6010,79
22,layer4.1.conv1,1222961,False,2574148,40124,10365,44558,639
22,layer4.1.bn1,30631,False,72433,14454,11785,18466,201
22,layer4.1.relu1,7924,False,25036,3527,6119,5798,57
22,layer4.1.conv2,3203616,False,6724755,125260,2452905,96426,1925
22,layer4.1.bn2,32215,False,75535,19964,12040,19806,294
22,layer4.1.relu2,8513,False,25952,4088,6123,6970,51
22,layer4.1.conv3,1275917,False,2684984,31053,12475,40003,506
22,layer4.1.bn3,62944,False,140175,13152,28750,17375,256
22,layer4.1.add,31470,False,74431,6197,3095,9347,90
22,layer4.1.relu3,16491,False,42487,3385,15561,4863,42
22,layer4.2.conv1,1227213,False,2583255,34971,10298,37376,457
22,layer4.2.bn1,30191,False,71751,11966,11732,17804,196
22,layer4.2.relu1,7406,False,23572,2952,6130,4860,55
22,layer4.2.conv2,3207072,False,6731797,122360,2454596,104038,1850
22,layer4.2.bn2,31339,False,74074,15143,12012,17935,224
22,layer4.2.relu2,8193,False,25354,3275,6094,6298,52
22,layer4.2.conv3,1289396,False,2712700,27412,10475,38325,409
22,layer4.2.bn3,58831,False,131299,11865,28621,16639,170
22,layer4.2.add,31054,False,73265,5319,3110,10052,55
22,layer4.2.relu3,16466,False,42604,4006,15550,4936,58
22,avgpool,89112,False,195009,85623,9655,104328,1327
22,flatten,9371,False,27698,12946,2867,12178,169
22,fc,509217,False,1078219,28635,136330,60794,357
23,conv1,2196613,False,4614921,144153,72497,122167,2073
23,bn1,340854,False,725941,38358,109785,35310,955
23,relu,174864,False,376511,8822,103543,12218,87
23,maxpool,10280102,False,21551467,47691040,1491663,2005765,742595
23,layer1.0.conv1,254645,False,497009,38112,5917,44945,479
23,layer1.0.bn1,93988,False,205983,53089,33610,29732,864
23,layer1.0.relu1,33306,False,78137,9400,28152,8978,120
23,layer1.0.conv2,2018761,False,4242119,212155,5288259,138967,3067
23,layer1.0.bn2,85984,False,189496,39278,31877,26355,619
23,layer1.0.relu2,33283,False,78158,8318,28128,8708,91
23,layer1.0.conv3,866502,False,1826887,28439,14396,50243,465
23,layer1.0.bn3,330198,False,703245,43197,108290,26513,1176
23,layer1.0.downsample.0,881531,False,1858512,22553,14074,35377,369
23,layer1.0.downsample.1,323788,False,689758,37443,108356,23436,1227
23,layer1.0.add,315578,False,672633,14525,5064,19839,156
23,layer1.0.relu3,174534,False,375902,8348,103525,12092,82
23,layer1.1.conv1,810639,False,1709185,28765,7655,34033,385
23,layer1.1.bn1,95838,False,209819,18983,31535,20218,422
23,layer1.1.relu1,32427,False,76521,5565,28126,7178,72
23,layer1.1.conv2,2004976,False,4212914,157184,5290080,114670,2248
23,layer1.1.bn2,81710,False,180366,29461,31847,24838,516
23,layer1.1.relu2,32023,False,75574,5313,28128,7547,69
23,layer1.1.conv3,851296,False,1795642,18110,14356,34577,296
23,layer1.1.bn3,330766,False,704743,43972,110114,29823,1182
23,layer1.1.add,314820,False,670884,6514,3269,14108,88
23,layer1.1.relu3,174110,False,375879,6418,103569,9748,78
23,layer1.2.conv1,808747,False,1705714,21696,7667,32045,264
23,layer1.2.bn1,96522,False,211960,25646,31559,22963,472
23,layer1.2.relu1,32027,False,75772,6950,28120,7608,79
23,layer1.2.conv2,1969198,False,4137803,140095,5287416,107214,1962
23,layer1.2.bn2,74070,False,164764,30669,31844,23832,563
23,layer1.2.relu2,30701,False,72923,6597,28146,7333,76
23,layer1.2.conv3,852670,False,1798287,18341,14415,33481,325
23,layer1.2.bn3,330916,False,704679,44395,110302,30372,1353
23,layer1.2.add,309232,False,659245,6763,3232,14431,71
23,layer1.2.relu3,173152,False,373350,6905,103524,10057,72
23,layer2.0.conv1,1594377,False,3352136,33260,10246,34455,424
23,layer2.0.bn1,175433,False,378767,27472,57180,23097,677
23,layer2.0.relu1,77223,False,170875,4255,53242,7293,53
23,layer2.0.conv2,2148043,False,4513024,168658,4297298,119851,2416
23,layer2.0.bn2,48299,False,109393,25761,19136,21810,357
23,layer2.0.relu2,18221,False,46758,5083,15558,7762,73
23,layer2.0.conv3,847056,False,1786046,26335,12386,31466,428
23,layer2.0.bn3,176041,False,379581,20073,59484,24585,462
23,layer2.0.downsample.0,2291436,False,4813451,165107,74845,132030,2351
23,layer2.0.downsample.1,175258,False,378861,18705,57770,24268,388
23,layer2.0.add,158840,False,343618,9738,3161,14119,96
23,layer2.0.relu3,80092,False,176849,6522,53294,8996,80
23,layer2.1.conv1,824486,False,1737673,36022,7790,42883,454
23,layer2.1.bn1,49645,False,112430,16081,18919,18921,262
23,layer2.1.relu1,17259,False,44583,4408,15531,6739,66
23,layer2.1.conv2,1933553,False,4063260,152512,5168351,105306,2196
23,layer2.1.bn2,44380,False,101397,16413,19197,18825,306
23,layer2.1.relu2,17814,False,45578,5920,15530,6536,81
23,layer2.1.conv3,845952,False,1783286,19745,12211,29540,336
23,layer2.1.bn3,174506,False,376203,13745,59478,21196,406
23,layer2.1.add,157260,False,340244,7753,3174,13570,78
23,layer2.1.relu3,78400,False,173006,7185,53297,8196,92
23,layer2.2.conv1,820763,False,1729984,35773,7772,33579,516
23,layer2.2.bn1,46937,False,106728,8227,18769,15298,121
23,layer2.2.relu1,17509,False,44963,6098,15576,6159,82
23,layer2.2.conv2,1925186,False,4045223,142098,5168196,96553,2017
23,layer2.2.bn2,45523,False,103684,15708,19196,18730,275
23,layer2.2.relu2,17404,False,44690,6201,15542,6421,76
23,layer2.2.conv3,848603,False,1789513,12459,14075,30202,249
23,layer2.2.bn3,170426,False,368091,9305,57643,17185,366
23,layer2.2.add,157029,False,339681,6046,3191,13275,84
23,layer2.2.relu3,78383,False,172967,4245,53240,6794,63
23,layer2.3.conv1,820959,False,1730414,25191,7699,32162,336
23,layer2.3.bn1,48663,False,110625,10435,18882,16786,210
23,layer2.3.relu1,17186,False,44116,5296,15600,5786,76
23,layer2.3.conv2,1921839,False,4037993,120306,5168432,89164,1805
23,layer2.3.bn2,44461,False,101447,11799,19156,17336,230
23,layer2.3.relu2,40553,False,67124,22542,18186,17808,359
23,layer2.3.conv3,844114,False,1779580,13530,12218,31359,257
23,layer2.3.bn3,174731,False,377340,12190,59111,20450,391
23,layer2.3.add,156735,False,339185,5506,3138,12977,70
23,layer2.3.relu3,77768,False,172103,3591,53232,6595,55
23,layer3.0.conv1,1745589,False,3668354,26438,23031,40909,520
23,layer3.0.bn1,85981,False,189298,9483,31781,18432,274
23,layer3.0.relu1,32066,False,75628,7102,28136,7099,79
23,layer3.0.conv2,2199547,False,4620722,175520,5534386,114773,2422
23,layer3.0.bn2,35623,False,83008,13905,13663,18469,191
23,layer3.0.relu2,11241,False,31839,5900,9291,7031,87
23,layer3.0.conv3,974247,False,2052086,15422,14246,32586,279
23,layer3.0.bn3,91447,False,201101,12776,35863,17354,235
23,layer3.0.downsample.0,2215652,False,4654408,136828,75987,123553,2074
23,layer3.0.downsample.1,91278,False,200667,18778,36113,21468,318
23,layer3.0.add,66125,False,147559,5341,3147,11339,77
23,layer3.0.relu3,32540,False,76539,6316,28162,7344,91
23,layer3.1.conv1,1023561,False,2155094,21188,14539,39116,416
23,layer3.1.bn1,35942,False,83445,13235,13601,17322,242
23,layer3.1.relu1,10966,False,31445,3928,9268,5745,66
23,layer3.1.conv2,2052979,False,4313582,156394,3448091,109347,2124
23,layer3.1.bn2,36495,False,84951,10836,13720,18152,199
23,layer3.1.relu2,11646,False,32560,5602,9295,7270,78
23,layer3.1.conv3,979461,False,2063236,16803,16799,34700,290
23,layer3.1.bn3,93101,False,204448,12881,35994,18002,300
23,layer3.1.add,65520,False,153782,8829,4756,13317,114
23,layer3.1.relu3,30643,False,72529,4627,28129,5996,71
23,layer3.2.conv1,1013573,False,2134166,14691,14446,31299,265
23,layer3.2.bn1,35666,False,83069,10551,13608,16162,211
23,layer3.2.relu1,10642,False,30577,3145,9279,5690,40
23,layer3.2.conv2,2048145,False,4303436,139981,3448731,101509,1915
23,layer3.2.bn2,34620,False,81032,14525,13711,19580,211
23,layer3.2.relu2,11538,False,32408,4271,9287,6291,68
23,layer3.2.conv3,972377,False,2048288,14526,14234,30216,230
23,layer3.2.bn3,89709,False,197039,9570,35891,17085,247
23,layer3.2.add,65312,False,146288,4836,3119,10482,68
23,layer3.2.relu3,30892,False,73143,4896,28176,6233,75
23,layer3.3.conv1,1009112,False,2124840,16404,14597,32048,247
23,layer3.3.bn1,35494,False,82716,7638,13473,16125,178
23,layer3.3.relu1,11414,False,32217,4725,9266,5470,63
23,layer3.3.conv2,2052942,False,4313433,159058,3450298,101010,2100
23,layer3.3.bn2,38854,False,89642,23311,13859,20120,322
23,layer3.3.relu2,11680,False,32814,4840,9304,6986,67
23,layer3.3.conv3,968716,False,2040343,14874,14239,31835,219
23,layer3.3.bn3,92309,False,202473,11184,35973,14964,288
23,layer3.3.add,65547,False,146299,3995,3116,11252,60
23,layer3.3.relu3,30964,False,73209,5497,28114,5902,65
23,layer3.4.conv1,1022635,False,2153187,13586,14591,30512,223
23,layer3.4.bn1,34675,False,80779,6543,13510,14923,143
23,layer3.4.relu1,11468,False,32235,4502,9234,5395,50
23,layer3.4.conv2,2044338,False,4295145,142824,3448476,98541,1937
23,layer3.4.bn2,33740,False,78787,11746,13732,17480,195
23,layer3.4.relu2,11877,False,33211,5427,9308,7088,92
23,layer3.4.conv3,967789,False,2038948,13561,14229,29566,192
23,layer3.4.bn3,90472,False,198777,10361,35918,17394,258
23,layer3.4.add,70239,False,156092,5999,4919,12333,83
23,layer3.4.relu3,30636,False,72292,3621,28108,6541,71
23,layer3.5.conv1,1017415,False,2142318,12048,14535,30453,200
23,layer3.5.bn1,34302,False,80060,8816,13564,14142,184
23,layer3.5.relu1,11389,False,32149,3771,9244,5635,55
23,layer3.5.conv2,2055923,False,4319945,146583,3451343,104442,2083
23,layer3.5.bn2,36153,False,84190,14404,13806,18068,258
23,layer3.5.relu2,11427,False,31996,5329,9278,6800,62
23,layer3.5.conv3,971422,False,2046448,13100,14150,31911,198
23,layer3.5.bn3,92748,False,203207,10407,36020,17115,297
23,layer3.5.add,65907,False,147163,5519,3142,10934,75
23,layer3.5.relu3,30752,False,72583,6370,28118,6283,88
23,layer4.0.conv1,1961547,False,4121766,25545,23251,35348,436
23,layer4.0.bn1,50040,False,113421,10667,20931,16330,174
23,layer4.0.relu1,17121,False,44120,4319,15548,5807,55
23,layer4.0.conv2,3487233,False,7319005,135463,5074002,108563,2019
23,layer4.0.bn2,32818,False,77032,18922,12072,20784,282
23,layer4.0.relu2,8936,False,27282,6121,6134,6575,74
23,layer4.0.conv3,1299452,False,2734608,45919,10872,46279,670
23,layer4.0.bn3,59220,False,132539,11551,28658,17287,200
23,layer4.0.downsample.0,2897037,False,6081925,152372,92381,112807,2486
23,layer4.0.downsample.1,66518,False,147829,21723,30831,22326,341
23,layer4.0.add,32203,False,75977,7063,3107,10518,94
23,layer4.0.relu3,17732,False,45394,6549,15564,6715,80
23,layer4.1.conv1,1236074,False,2602160,40213,10236,44146,604
23,layer4.1.bn1,31654,False,74681,13154,11644,17970,189
23,layer4.1.relu1,8908,False,27110,3728,6134,5524,57
23,layer4.1.conv2,3172600,False,6660105,126660,2452733,100200,1842
23,layer4.1.bn2,31812,False,74929,14295,11942,18587,220
23,layer4.1.relu2,8501,False,26103,5162,6106,6730,74
23,layer4.1.conv3,1292262,False,2719280,31155,12468,40880,419
23,layer4.1.bn3,62798,False,140247,11081,28795,17464,247
23,layer4.1.add,31954,False,75159,5187,3094,9681,70
23,layer4.1.relu3,17064,False,43825,5518,15583,5580,82
23,layer4.2.conv1,1233204,False,2595567,31720,10260,35988,384
23,layer4.2.bn1,31243,False,73875,11280,11695,19028,170
23,layer4.2.relu1,7278,False,23311,2530,6119,4923,45
23,layer4.2.conv2,3165648,False,6645102,118900,2452985,98122,1700
23,layer4.2.bn2,35246,False,81969,17119,13635,20895,232
23,layer4.2.relu2,8588,False,26259,5102,6142,5445,66
23,layer4.2.conv3,1285370,False,2704449,29449,10692,37870,459
23,layer4.2.bn3,57668,False,129640,7992,28596,16193,146
23,layer4.2.add,31519,False,74439,5141,3117,9096,64
23,layer4.2.relu3,16883,False,43581,4394,15544,4898,56
23,avgpool,89945,False,197300,88039,9654,104546,1301
23,flatten,9219,False,27189,13605,2872,10920,191
23,fc,506864,False,1073253,30493,136272,59905,406
24,conv1,2188165,False,4597078,136706,74686,128821,1926
24,bn1,333962,False,711195,34017,108073,34548,873
24,relu,178997,False,385301,11304,105373,15331,118
24,maxpool,10216015,False,21416887,47102242,1487406,1928375,733911
24,layer1.0.conv1,265098,False,488721,34791,5890,39693,425
24,layer1.0.bn1,87097,False,191360,50368,31745,27048,817
24,layer1.0.relu1,33662,False,78899,12114,28125,9204,133
24,layer1.0.conv2,2002230,False,4206789,206248,5287696,119994,2901
24,layer1.0.bn2,86758,False,190694,34369,33735,27402,559
24,layer1.0.relu2,33085,False,77775,10363,28159,9360,128
24,layer1.0.conv3,855416,False,1803321,27687,14460,41785,428
24,layer1.0.bn3,322827,False,687802,45127,108316,24619,1219
24,layer1.0.downsample.0,877118,False,1849040,17311,14417,31395,288
24,layer1.0.downsample.1,324617,False,691363,39679,108394,25167,1249
24,layer1.0.add,315490,False,671958,15242,4924,19202,183
24,layer1.0.relu3,173957,False,374803,8540,103566,11550,95
24,layer1.1.conv1,808103,False,1704560,30908,7640,33271,412
24,layer1.1.bn1,95827,False,209502,21675,31526,21013,449
24,layer1.1.relu1,31985,False,75355,4432,28118,6452,64
24,layer1.1.conv2,1988246,False,4177721,146491,5287482,108299,2060
24,layer1.1.bn2,81826,False,180409,24581,31839,23108,446
24,layer1.1.relu2,32453,False,76448,6306,28144,7362,71
24,layer1.1.conv3,852812,False,1798096,20041,14347,35413,318
24,layer1.1.bn3,322203,False,686105,38579,108231,25464,1082
24,layer1.1.add,317266,False,675708,9139,5059,16704,109
24,layer1.1.relu3,173632,False,374381,6720,103569,10953,82
24,layer1.2.conv1,812035,False,1712377,36620,7658,33309,494
24,layer1.2.bn1,94426,False,207025,16050,31625,19015,409
24,layer1.2.relu1,31396,False,73975,3768,28144,5634,55
24,layer1.2.conv2,1972117,False,4143471,132407,5287261,104242,1825
24,layer1.2.bn2,72696,False,161245,23147,31900,21218,467
24,layer1.2.relu2,31240,False,73757,4290,28114,6605,57
24,layer1.2.conv3,851200,False,1794262,16800,14316,31560,286
24,layer1.2.bn3,325489,False,693070,37248,108453,23987,1300
24,layer1.2.add,311038,False,662885,6241,5079,14544,77
24,layer1.2.relu3,173515,False,373719,6170,103522,9882,80
24,layer2.0.conv1,1595141,False,3353682,47386,10198,32691,615
24,layer2.0.bn1,175422,False,378725,25816,57238,22107,660
24,layer2.0.relu1,77940,False,172161,5299,53311,8041,63
24,layer2.0.conv2,2137470,False,4490274,137144,4297060,109923,2074
24,layer2.0.bn2,46721,False,106381,14835,19081,18118,246
24,layer2.0.relu2,17604,False,45271,6621,15546,7437,91
24,layer2.0.conv3,849314,False,1790906,20557,14118,33065,378
24,layer2.0.bn3,171444,False,369914,12227,57612,18989,361
24,layer2.0.downsample.0,2284080,False,4797879,139111,76441,120999,2168
24,layer2.0.downsample.1,174576,False,376434,15803,57811,23321,417
24,layer2.0.add,157071,False,339657,7198,3184,13069,83
24,layer2.0.relu3,80048,False,176637,5729,53248,8493,64
24,layer2.1.conv1,820501,False,1729812,33827,7779,40906,445
24,layer2.1.bn1,48024,False,108795,12934,18831,17155,226
24,layer2.1.relu1,17380,False,44656,5012,15550,6356,75
24,layer2.1.conv2,1923372,False,4041746,138728,5167949,95622,1956
24,layer2.1.bn2,46660,False,106058,26991,19191,21447,425
24,layer2.1.relu2,17705,False,45435,6804,15588,7699,95
24,layer2.1.conv3,850065,False,1792198,23339,14092,34045,373
24,layer2.1.bn3,171011,False,368898,12689,57537,17979,388
24,layer2.1.add,156808,False,339318,5474,3203,11524,82
24,layer2.1.relu3,78074,False,181301,10836,54950,11477,138
24,layer2.2.conv1,814847,False,1717882,27395,5955,29915,400
24,layer2.2.bn1,51571,False,116840,15938,20724,19658,228
24,layer2.2.relu1,17231,False,44500,5398,15554,6590,58
24,layer2.2.conv2,1923359,False,4040954,140067,5168057,95484,1965
24,layer2.2.bn2,45807,False,104195,17903,19138,19392,297
24,layer2.2.relu2,18304,False,46852,5700,15570,6880,67
24,layer2.2.conv3,848423,False,1788598,15075,14122,30338,264
24,layer2.2.bn3,169961,False,366953,11957,57560,18202,404
24,layer2.2.add,156472,False,338041,4780,3148,12026,56
24,layer2.2.relu3,78148,False,172546,4700,53232,8211,66
24,layer2.3.conv1,829634,False,1748363,34177,10419,36808,463
24,layer2.3.bn1,47209,False,107563,7246,18861,15047,157
24,layer2.3.relu1,17674,False,45150,4862,15529,5716,56
24,layer2.3.conv2,1921076,False,4036089,117647,5168089,89424,1660
24,layer2.3.bn2,45114,False,102797,14754,19115,16580,245
24,layer2.3.relu2,17556,False,45062,3974,15522,6950,45
24,layer2.3.conv3,848788,False,1789285,18268,14162,31595,299
24,layer2.3.bn3,171723,False,370187,12544,57646,19103,404
24,layer2.3.add,155743,False,337143,5233,3187,12498,67
24,layer2.3.relu3,81815,False,180368,6336,55034,10372,66
24,layer3.0.conv1,1754782,False,3687866,24350,21137,35299,491
24,layer3.0.bn1,85885,False,189215,10386,31657,17465,309
24,layer3.0.relu1,36725,False,85541,8242,30043,9587,107
24,layer3.0.conv2,2199223,False,4620430,129672,5534200,104296,1749
24,layer3.0.bn2,36599,False,85176,17745,13668,20727,217
24,layer3.0.relu2,11130,False,31501,4335,9268,6621,63
24,layer3.0.conv3,973964,False,2051467,16073,14227,33875,281
24,layer3.0.bn3,91065,False,200222,11261,35870,16640,245
24,layer3.0.downsample.0,2207306,False,4637526,127022,74204,115504,1940
24,layer3.0.downsample.1,88785,False,195185,13694,36146,19950,281
24,layer3.0.add,72179,False,160413,11497,5081,16146,135
24,layer3.0.relu3,32662,False,76825,8004,28109,7887,86
24,layer3.1.conv1,1014369,False,2136130,26800,14747,39237,494
24,layer3.1.bn1,36029,False,83765,13257,13499,19019,250
24,layer3.1.relu1,11056,False,31297,3794,9265,6179,47
24,layer3.1.conv2,2046677,False,4300565,114126,3448325,103709,1581
24,layer3.1.bn2,37248,False,86530,14251,13809,18481,228
24,layer3.1.relu2,11441,False,32424,5302,9284,6951,71
24,layer3.1.conv3,970475,False,2044087,12942,14288,33032,217
24,layer3.1.bn3,92052,False,202370,10126,35944,16149,270
24,layer3.1.add,65731,False,146527,3399,3135,10416,55
24,layer3.1.relu3,31011,False,73223,5215,28129,6065,76
24,layer3.2.conv1,1013734,False,2134636,16357,14616,31590,303
24,layer3.2.bn1,36761,False,85385,10609,13517,16837,191
24,layer3.2.relu1,10951,False,31125,4203,9231,5609,50
24,layer3.2.conv2,2051397,False,4310177,148591,3448961,96497,2013
24,layer3.2.bn2,35382,False,82398,14214,13723,20006,205
24,layer3.2.relu2,11289,False,31870,4515,9283,5918,50
24,layer3.2.conv3,971036,False,2045569,14906,14372,31164,245
24,layer3.2.bn3,90220,False,198150,10887,35868,17535,225
24,layer3.2.add,65880,False,147152,4853,3125,10198,63
24,layer3.2.relu3,30983,False,73186,4586,28129,5630,72
24,layer3.3.conv1,1009760,False,2126646,20942,14735,31101,298
24,layer3.3.bn1,35575,False,82727,12471,13623,15928,221
24,layer3.3.relu1,11074,False,31507,4395,9256,5122,60
24,layer3.3.conv2,2045047,False,4297505,127724,3448855,98195,1845
24,layer3.3.bn2,36761,False,85673,14362,13712,18330,246
24,layer3.3.relu2,11635,False,32598,5355,9288,6806,61
24,layer3.3.conv3,970971,False,2045435,13940,14214,30712,209
24,layer3.3.bn3,91927,False,201646,11407,35954,16162,272
24,layer3.3.add,64865,False,144713,3767,3109,10220,45
24,layer3.3.relu3,31801,False,82004,7625,28125,6121,87
24,layer3.4.conv1,1014438,False,2136412,14619,14846,31184,230
24,layer3.4.bn1,34874,False,81170,8709,13437,14899,208
24,layer3.4.relu1,10634,False,30722,4270,9288,5920,68
24,layer3.4.conv2,2059874,False,4328077,156214,3451055,106107,2143
24,layer3.4.bn2,35254,False,82381,16406,13684,19883,237
24,layer3.4.relu2,11912,False,33261,5452,9262,7151,70
24,layer3.4.conv3,969410,False,2041980,15751,13996,31271,248
24,layer3.4.bn3,90568,False,199140,11425,35870,18346,211
24,layer3.4.add,65345,False,145833,4208,3159,9959,54
24,layer3.4.relu3,30690,False,72424,4087,28128,6448,65
24,layer3.5.conv1,1008956,False,2124760,15539,14699,31532,247
24,layer3.5.bn1,34472,False,80502,8604,13527,15257,192
24,layer3.5.relu1,10734,False,30692,4450,9280,5152,57
24,layer3.5.conv2,2050742,False,4308949,150787,3448210,100321,2070
24,layer3.5.bn2,40224,False,92568,15066,15609,20752,253
24,layer3.5.relu2,12727,False,35114,4118,9311,7284,73
24,layer3.5.conv3,970323,False,2043904,12009,14202,29153,196
24,layer3.5.bn3,91813,False,201740,13167,35942,18258,296
24,layer3.5.add,65461,False,146088,5074,3146,10137,64
24,layer3.5.relu3,29967,False,71079,5044,28126,5405,76
24,layer4.0.conv1,1970705,False,4140147,23423,23273,34697,428
24,layer4.0.bn1,51174,False,115544,12232,20931,18178,173
24,layer4.0.relu1,17797,False,45698,6721,15590,6203,88
24,layer4.0.conv2,3616782,False,7590384,119421,5073722,102443,1748
24,layer4.0.bn2,33222,False,77872,18221,11994,20133,271
24,layer4.0.relu2,8513,False,26164,4442,6122,6307,60
24,layer4.0.conv3,1302227,False,2739915,43864,10904,50922,688
24,layer4.0.bn3,58802,False,131766,10638,28666,16583,174
24,layer4.0.downsample.0,2987668,False,6272391,142752,94368,117792,2346
24,layer4.0.downsample.1,60849,False,135644,15281,29000,19233,286
24,layer4.0.add,32124,False,75880,5666,3118,11068,79
24,layer4.0.relu3,17395,False,44497,5643,15530,6036,63
24,layer4.1.conv1,1242391,False,2614701,43754,12275,47499,686
24,layer4.1.bn1,31463,False,74115,12558,11731,18135,194
24,layer4.1.relu1,8137,False,25248,4115,6119,6327,50
24,layer4.1.conv2,3291832,False,6909810,117154,2452725,99481,1807
24,layer4.1.bn2,32226,False,75822,14104,11900,19252,208
24,layer4.1.relu2,8307,False,25582,3847,6107,5903,46
24,layer4.1.conv3,1305021,False,2746228,26962,12605,42466,392
24,layer4.1.bn3,61786,False,137862,10946,28685,16466,239
24,layer4.1.add,31318,False,74129,4646,3087,9347,63
24,layer4.1.relu3,16950,False,43970,5238,15581,5426,86
24,layer4.2.conv1,1240921,False,2611384,35993,10362,39104,506
24,layer4.2.bn1,30809,False,72829,10316,11690,16849,175
24,layer4.2.relu1,8071,False,25401,2678,6119,5051,48
24,layer4.2.conv2,3287532,False,6900616,115722,2455127,99840,1696
24,layer4.2.bn2,31437,False,74154,14950,11895,18998,209
24,layer4.2.relu2,8415,False,25815,4615,6142,7079,63
24,layer4.2.conv3,1302737,False,2741453,25928,10542,36557,338
24,layer4.2.bn3,58843,False,131641,10371,28691,16295,147
24,layer4.2.add,30796,False,73091,3861,3108,8521,49
24,layer4.2.relu3,16414,False,42702,3525,15544,4998,52
24,avgpool,93425,False,204588,85312,9625,111094,1254
24,flatten,9666,False,28785,13617,2882,13480,190
24,fc,510519,False,1081736,35055,136407,65287,421
25,conv1,2195307,False,4613273,163538,72221,135522,2358
25,bn1,344091,False,733422,51606,110080,42296,1139
25,relu,177127,False,381540,15563,103550,15324,129
25,maxpool,10243610,False,21474887,47266233,1486619,2036365,739687
25,layer1.0.conv1,269473,False,493711,41268,5909,44972,513
25,layer1.0.bn1,93181,False,200978,54947,33445,29974,793
25,layer1.0.relu1,33158,False,77842,9477,28119,9021,106
25,layer1.0.conv2,2006222,False,4215764,201365,5287530,131141,2891
25,layer1.0.bn2,83593,False,184910,34604,31946,26651,580
25,layer1.0.relu2,33112,False,77642,7606,28150,8818,94
25,layer1.0.conv3,861406,False,1816357,26614,14400,46923,410
25,layer1.0.bn3,331137,False,705323,47467,108331,28094,1204
25,layer1.0.downsample.0,879197,False,1853601,17005,14316,29865,290
25,layer1.0.downsample.1,325396,False,693019,37674,108334,23607,1098
25,layer1.0.add,320939,False,683912,15653,4860,20295,187
25,layer1.0.relu3,173478,False,373946,7407,103535,9382,75
25,layer1.1.conv1,808085,False,1703865,22690,7592,33444,315
25,layer1.1.bn1,95411,False,209078,20356,31677,20871,452
25,layer1.1.relu1,31873,False,75018,3309,28123,5983,57
25,layer1.1.conv2,1991537,False,4185346,153094,5287428,111548,2156
25,layer1.1.bn2,82734,False,182265,29828,31860,23445,488
25,layer1.1.relu2,32165,False,75916,5925,28121,7505,77
25,layer1.1.conv3,852579,False,1797465,20014,14370,35007,337
25,layer1.1.bn3,324763,False,691985,42905,108264,26849,1191
25,layer1.1.add,316136,False,673525,9571,5062,15464,120
25,layer1.1.relu3,172918,False,372385,5239,103513,9098,65
25,layer1.2.conv1,810691,False,1709294,22818,7675,29866,250
25,layer1.2.bn1,95064,False,208471,17842,31615,18786,423
25,layer1.2.relu1,31129,False,73966,3486,28127,6438,54
25,layer1.2.conv2,1970296,False,4139402,129104,5287287,98001,1858
25,layer1.2.bn2,73531,False,163063,27113,31872,22346,521
25,layer1.2.relu2,31184,False,73856,4512,28105,6703,55
25,layer1.2.conv3,852970,False,1798809,16223,14382,34081,274
25,layer1.2.bn3,332225,False,707146,42291,110285,27393,1270
25,layer1.2.add,316439,False,674086,6136,3247,12129,80
25,layer1.2.relu3,173568,False,374316,7107,103543,11434,77
25,layer2.0.conv1,1595090,False,3353463,34953,10243,33176,424
25,layer2.0.bn1,174972,False,377539,26078,57222,23334,635
25,layer2.0.relu1,78899,False,174334,5104,53248,7691,65
25,layer2.0.conv2,2149975,False,4517350,155558,4297373,120016,2254
25,layer2.0.bn2,47121,False,107331,19528,19169,20653,336
25,layer2.0.relu2,17915,False,45859,5535,15549,6971,78
25,layer2.0.conv3,850150,False,1791957,24414,14124,31658,417
25,layer2.0.bn3,172413,False,372257,12934,57652,18380,405
25,layer2.0.downsample.0,2282346,False,4802742,136808,76353,126281,2141
25,layer2.0.downsample.1,176883,False,381165,19751,57883,23508,485
25,layer2.0.add,160496,False,346924,6524,3203,14164,83
25,layer2.0.relu3,78442,False,173121,5757,53233,8802,62
25,layer2.1.conv1,824606,False,1738387,37268,7745,42274,593
25,layer2.1.bn1,49306,False,112224,12893,18970,16851,221
25,layer2.1.relu1,17736,False,45475,5624,15554,6329,86
25,layer2.1.conv2,1929215,False,4053154,133296,5168352,99648,1937
25,layer2.1.bn2,45023,False,102431,13066,19118,17117,246
25,layer2.1.relu2,17900,False,45884,4257,15551,6520,46
25,layer2.1.conv3,848707,False,1789858,19760,13821,31360,325
25,layer2.1.bn3,174831,False,377051,12539,59325,20633,325
25,layer2.1.add,158377,False,342455,6702,3172,12266,77
25,layer2.1.relu3,78397,False,173191,3753,53215,7345,47
25,layer2.2.conv1,821232,False,1730968,32437,7740,31871,442
25,layer2.2.bn1,46056,False,105488,7513,18921,16110,140
25,layer2.2.relu1,18040,False,46117,6006,15572,6116,77
25,layer2.2.conv2,1921033,False,4035608,130488,5167991,90538,1825
25,layer2.2.bn2,43931,False,100623,12521,19201,17455,219
25,layer2.2.relu2,17296,False,44241,4218,15549,5760,65
25,layer2.2.conv3,849003,False,1789255,14587,14128,30264,274
25,layer2.2.bn3,173175,False,373611,14065,57722,19657,487
25,layer2.2.add,157731,False,340730,4301,3136,11252,55
25,layer2.2.relu3,77631,False,171479,5208,53239,7568,62
25,layer2.3.conv1,819080,False,1726609,26339,7729,31091,376
25,layer2.3.bn1,47916,False,108724,8981,18934,16354,178
25,layer2.3.relu1,17996,False,45873,4233,15587,4955,56
25,layer2.3.conv2,1925880,False,4046217,127799,5168422,93132,1813
25,layer2.3.bn2,45957,False,104498,15757,19159,18382,277
25,layer2.3.relu2,17698,False,45391,4057,15526,6170,58
25,layer2.3.conv3,849036,False,1789616,12956,14059,29045,258
25,layer2.3.bn3,171920,False,370942,10984,57594,18520,385
25,layer2.3.add,157482,False,348161,6238,4760,13447,89
25,layer2.3.relu3,77209,False,171197,4135,53249,7526,64
25,layer3.0.conv1,1766632,False,3712888,26983,22947,39127,509
25,layer3.0.bn1,85550,False,188302,10458,31797,18186,235
25,layer3.0.relu1,31205,False,73523,4652,28103,7003,62
25,layer3.0.conv2,2199151,False,4620624,184858,5533717,113700,2491
25,layer3.0.bn2,36135,False,84118,18136,13701,19401,269
25,layer3.0.relu2,11292,False,31714,4560,9259,6856,47
25,layer3.0.conv3,974572,False,2052699,17837,14293,32159,304
25,layer3.0.bn3,90810,False,199480,17059,35982,18862,310
25,layer3.0.downsample.0,2231599,False,4687463,142512,75772,122296,2130
25,layer3.0.downsample.1,89586,False,196754,14305,36128,19048,297
25,layer3.0.add,66277,False,148244,6100,3148,12305,76
25,layer3.0.relu3,32899,False,77159,5880,28102,6831,70
25,layer3.1.conv1,1020424,False,2148574,25846,14594,38397,461
25,layer3.1.bn1,36676,False,84962,11505,13551,16908,231
25,layer3.1.relu1,11029,False,31156,3737,9255,5993,57
25,layer3.1.conv2,2054994,False,4317411,146749,3448607,108226,2132
25,layer3.1.bn2,36672,False,85232,15153,13713,18587,233
25,layer3.1.relu2,11786,False,32634,4061,9272,5932,59
25,layer3.1.conv3,971466,False,2046278,11989,14242,31964,199
25,layer3.1.bn3,93244,False,204373,11819,36056,17576,285
25,layer3.1.add,65931,False,147213,4691,3164,10103,66
25,layer3.1.relu3,33909,False,79549,7847,29947,8557,85
25,layer3.2.conv1,1008672,False,2123888,14404,14580,30571,267
25,layer3.2.bn1,35658,False,82981,8727,13530,15858,182
25,layer3.2.relu1,10479,False,30426,4118,9267,5234,54
25,layer3.2.conv2,2047820,False,4302599,143692,3448469,97209,1946
25,layer3.2.bn2,34748,False,80814,12246,13696,19923,184
25,layer3.2.relu2,12100,False,33613,5256,9265,6668,71
25,layer3.2.conv3,974739,False,2053225,18028,14329,31288,255
25,layer3.2.bn3,91156,False,199976,17205,35981,17827,285
25,layer3.2.add,65409,False,146074,4445,3106,10712,58
25,layer3.2.relu3,31569,False,74363,3561,28103,5723,62
25,layer3.3.conv1,1006960,False,2120563,14720,14561,29952,247
25,layer3.3.bn1,34347,False,80285,8089,13509,14318,157
25,layer3.3.relu1,10716,False,30640,3701,9281,4996,49
25,layer3.3.conv2,2052079,False,4311253,142391,3448753,100515,2012
25,layer3.3.bn2,37309,False,86501,16248,13818,19604,253
25,layer3.3.relu2,11854,False,40138,7103,11083,8276,78
25,layer3.3.conv3,970782,False,2044815,12346,14232,29700,191
25,layer3.3.bn3,91533,False,200943,10482,35932,17124,276
25,layer3.3.add,65158,False,145446,4156,3137,10800,50
25,layer3.3.relu3,30907,False,73145,5106,28104,5458,63
25,layer3.4.conv1,1008053,False,2122821,13483,14530,30186,216
25,layer3.4.bn1,35028,False,81459,8700,13467,15675,181
25,layer3.4.relu1,10515,False,30179,3182,9269,5411,55
25,layer3.4.conv2,2043978,False,4294751,143481,3448350,96866,1908
25,layer3.4.bn2,34519,False,80744,14802,13764,18392,217
25,layer3.4.relu2,11635,False,32573,5796,9256,6912,77
25,layer3.4.conv3,970826,False,2044678,13900,14284,31051,220
25,layer3.4.bn3,90053,False,197573,12183,35851,17990,233
25,layer3.4.add,65821,False,147226,4500,3101,9906,65
25,layer3.4.relu3,30675,False,72519,3775,28145,6030,54
25,layer3.5.conv1,1007059,False,2120751,11595,14524,28883,199
25,layer3.5.bn1,35596,False,83167,9286,13491,15878,171
25,layer3.5.relu1,10644,False,30666,3575,9249,5193,51
25,layer3.5.conv2,2048033,False,4302886,145443,3448337,99141,1956
25,layer3.5.bn2,36899,False,85630,14265,13701,18606,230
25,layer3.5.relu2,11616,False,32447,5561,9279,6841,81
25,layer3.5.conv3,972000,False,2047539,10333,14184,29931,179
25,layer3.5.bn3,92218,False,202300,12896,36022,16987,290
25,layer3.5.add,65342,False,145913,5130,3097,10571,64
25,layer3.5.relu3,30192,False,71173,4078,28081,5536,69
25,layer4.0.conv1,1970294,False,4139451,23517,23353,35924,432
25,layer4.0.bn1,51012,False,115262,13342,20928,17813,194
25,layer4.0.relu1,18045,False,46088,5636,15557,5801,68
25,layer4.0.conv2,3737440,False,7843664,127072,5073894,108518,1898
25,layer4.0.bn2,33483,False,78650,12450,11959,20394,221
25,layer4.0.relu2,8887,False,26708,5612,6148,6263,67
25,layer4.0.conv3,1326106,False,2797871,43342,12682,58919,708
25,layer4.0.bn3,59602,False,133443,10049,28650,18312,164
25,layer4.0.downsample.0,3062432,False,6429006,137596,94467,127818,2354
25,layer4.0.downsample.1,62664,False,139692,19065,28926,19375,319
25,layer4.0.add,33594,False,78582,6425,3143,12910,87
25,layer4.0.relu3,17411,False,44787,6301,15560,6297,87
25,layer4.1.conv1,1246359,False,2623160,46354,10133,48691,683
25,layer4.1.bn1,32697,False,76777,13405,11730,18321,199
25,layer4.1.relu1,8861,False,26665,2980,6114,6090,29
25,layer4.1.conv2,3418063,False,7173675,126226,2455281,106513,1865
25,layer4.1.bn2,32528,False,76442,13995,11936,18344,220
25,layer4.1.relu2,8811,False,26607,2839,6134,6210,48
25,layer4.1.conv3,1323877,False,2785078,31498,10677,41433,447
25,layer4.1.bn3,63103,False,140459,11669,28826,17247,256
25,layer4.1.add,32919,False,77342,5157,3112,10193,76
25,layer4.1.relu3,16937,False,43583,3783,15547,4694,38
25,layer4.2.conv1,1259447,False,2650293,37751,12260,39993,469
25,layer4.2.bn1,32760,False,77568,11665,11738,17783,184
25,layer4.2.relu1,7986,False,24971,3491,6135,5276,62
25,layer4.2.conv2,3367357,False,7067776,114726,2452950,101459,1776
25,layer4.2.bn2,32787,False,76917,13703,11941,19596,203
25,layer4.2.relu2,8761,False,26555,4490,6170,6314,56
25,layer4.2.conv3,1317277,False,2771193,28595,12345,41198,370
25,layer4.2.bn3,60744,False,135557,10282,28696,16302,163
25,layer4.2.add,31827,False,75136,4090,3121,9483,63
25,layer4.2.relu3,16525,False,42841,3696,15541,5470,53
25,avgpool,91927,False,201074,83572,9584,111581,1261
25,flatten,9534,False,28062,12595,2869,12477,159
25,fc,514466,False,1089568,34675,136474,61956,395
26,conv1,2234943,False,4696212,155910,72211,139029,2238
26,bn1,346752,False,738603,47336,108183,38089,1091
26,relu,180778,False,388668,11382,105372,15525,124
26,maxpool,10172536,False,21325781,46607338,1486968,1930950,731289
26,layer1.0.conv1,270315,False,505108,42623,5917,46339,565
26,layer1.0.bn1,88192,False,193990,56049,31737,27599,852
26,layer1.0.relu1,34295,False,80160,9666,28139,10796,109
26,layer1.0.conv2,2017522,False,4239011,211968,5287919,139413,2975
26,layer1.0.bn2,85152,False,187882,38896,31872,26975,588
26,layer1.0.relu2,33424,False,78536,7483,28107,9373,82
26,layer1.0.conv3,858092,False,1809304,26478,12592,48203,421
26,layer1.0.bn3,331845,False,706590,50240,110215,30494,1265
26,layer1.0.downsample.0,883587,False,1862758,17153,14451,34634,303
26,layer1.0.downsample.1,325858,False,694096,41704,108432,23685,1264
26,layer1.0.add,311998,False,664866,12394,3285,18646,162
26,layer1.0.relu3,173556,False,382749,7386,103535,10003,75
26,layer1.1.conv1,811541,False,1710883,37372,7757,33726,441
26,layer1.1.bn1,97341,False,213085,19446,31529,19800,427
26,layer1.1.relu1,31508,False,74920,4131,28087,6309,58
26,layer1.1.conv2,1996755,False,4194855,156839,5287450,111752,2208
26,layer1.1.bn2,82485,False,182122,27779,31843,24473,448
26,layer1.1.relu2,31876,False,75080,5312,28140,7457,78
26,layer1.1.conv3,854212,False,1800867,20214,14378,36549,326
26,layer1.1.bn3,329304,False,701263,40134,108305,26123,1145
26,layer1.1.add,323443,False,688722,10926,5118,17518,119
26,layer1.1.relu3,174217,False,375653,4758,103496,8829,72
26,layer1.2.conv1,812211,False,1713166,35001,7744,32867,469
26,layer1.2.bn1,96052,False,210393,21052,31507,21783,449
26,layer1.2.relu1,31059,False,73306,3601,28108,5536,48
26,layer1.2.conv2,1969235,False,4137465,135366,5287593,101269,1898
26,layer1.2.bn2,72700,False,161655,26614,31888,20746,499
26,layer1.2.relu2,30582,False,72423,5073,28119,6840,72
26,layer1.2.conv3,853049,False,1798402,16124,14350,33178,281
26,layer1.2.bn3,327523,False,697810,39485,108297,23699,1259
26,layer1.2.add,314642,False,669934,9369,5130,15375,97
26,layer1.2.relu3,173883,False,374197,4808,103507,8961,53
26,layer2.0.conv1,1591946,False,3347072,42842,8624,34106,546
26,layer2.0.bn1,173806,False,375014,24934,57107,22754,654
26,layer2.0.relu1,78123,False,172430,3947,53250,7390,56
26,layer2.0.conv2,2148747,False,4514002,149914,4296962,115508,2143
26,layer2.0.bn2,48455,False,109913,15358,19144,18988,217
26,layer2.0.relu2,18015,False,45983,4109,15567,6190,55
26,layer2.0.conv3,852803,False,1797321,20768,14048,32096,373
26,layer2.0.bn3,170870,False,368757,18255,57606,20758,416
26,layer2.0.downsample.0,2298582,False,4828118,164875,76844,137959,2401
26,layer2.0.downsample.1,175100,False,377589,23469,57857,23643,467
26,layer2.0.add,157755,False,340970,7702,3139,14998,92
26,layer2.0.relu3,81016,False,179153,9916,53287,10484,125
26,layer2.1.conv1,828663,False,1746841,37344,7859,44643,485
26,layer2.1.bn1,48871,False,110758,15211,18914,18358,227
26,layer2.1.relu1,17535,False,45094,6509,15565,6500,82
26,layer2.1.conv2,1927105,False,4048879,145471,5168396,101166,2139
26,layer2.1.bn2,44332,False,101406,15213,19249,17342,295
26,layer2.1.relu2,17437,False,44754,4979,15566,7195,76
26,layer2.1.conv3,852596,False,1797171,17927,14316,31853,316
26,layer2.1.bn3,171796,False,370701,12545,57576,19201,395
26,layer2.1.add,161417,False,348881,9431,5045,14476,108
26,layer2.1.relu3,78613,False,173569,5164,53257,7379,64
26,layer2.2.conv1,814022,False,1715876,24379,5896,28550,301
26,layer2.2.bn1,46651,False,115056,15315,18933,15400,170
26,layer2.2.relu1,17250,False,44489,4669,15565,5817,61
26,layer2.2.conv2,1927499,False,4050108,137167,5168445,93277,1862
26,layer2.2.bn2,45263,False,103347,19952,19126,19260,308
26,layer2.2.relu2,17444,False,44680,6004,15570,6707,75
26,layer2.2.conv3,848434,False,1788489,16111,13997,30026,283
26,layer2.2.bn3,171686,False,370577,12635,57605,19421,380
26,layer2.2.add,157288,False,340557,5930,3152,12700,76
26,layer2.2.relu3,78094,False,172452,5048,53220,7030,70
26,layer2.3.conv1,821804,False,1731959,21729,7787,32975,284
26,layer2.3.bn1,47041,False,106958,10114,18801,15791,145
26,layer2.3.relu1,17014,False,43982,4626,15588,5510,72
26,layer2.3.conv2,1923509,False,4041457,135858,5168248,91204,1935
26,layer2.3.bn2,46218,False,105268,16782,19190,19024,286
26,layer2.3.relu2,18056,False,46099,5900,15571,6696,78
26,layer2.3.conv3,849493,False,1790775,16079,14114,30392,311
26,layer2.3.bn3,172917,False,372820,11723,57687,18719,418
26,layer2.3.add,155433,False,336295,4195,3163,11720,66
26,layer2.3.relu3,78622,False,183382,3993,53218,7339,61
26,layer3.0.conv1,1746558,False,3670770,24168,21144,37639,482
26,layer3.0.bn1,88847,False,194991,9761,33665,18904,285
26,layer3.0.relu1,31696,False,75067,4076,28107,6685,52
26,layer3.0.conv2,2202108,False,4626371,168337,5533980,107762,2294
26,layer3.0.bn2,36759,False,85542,15209,13740,18883,207
26,layer3.0.relu2,11386,False,32222,5184,9279,6493,66
26,layer3.0.conv3,975145,False,2054715,14955,14263,33513,249
26,layer3.0.bn3,91240,False,200585,12513,35816,17374,246
26,layer3.0.downsample.0,2213609,False,4650222,143003,74321,117731,2119
26,layer3.0.downsample.1,90943,False,199784,21027,36099,20789,340
26,layer3.0.add,71079,False,158526,8561,5035,14912,88
26,layer3.0.relu3,32375,False,76079,5981,28123,7238,79
26,layer3.1.conv1,1028243,False,2165128,24165,14833,41233,420
26,layer3.1.bn1,36406,False,84500,12926,13586,17307,223
26,layer3.1.relu1,11528,False,32244,4098,9281,5588,64
26,layer3.1.conv2,2067681,False,4344190,172328,3451064,113634,2414
26,layer3.1.bn2,36083,False,84139,16578,13668,18225,243
26,layer3.1.relu2,11552,False,32363,5466,9260,7602,65
26,layer3.1.conv3,973899,False,2051332,14760,14163,32491,261
26,layer3.1.bn3,91914,False,201593,11639,35954,16285,288
26,layer3.1.add,65329,False,145758,4621,3127,10817,56
26,layer3.1.relu3,30931,False,73109,3915,28117,5800,65
26,layer3.2.conv1,1011183,False,2129617,17061,14619,32769,317
26,layer3.2.bn1,35075,False,81869,7156,13509,14606,177
26,layer3.2.relu1,11050,False,31426,3117,9247,4310,46
26,layer3.2.conv2,2048379,False,4303588,122454,3448543,95529,1732
26,layer3.2.bn2,37005,False,85754,20537,13862,20428,317
26,layer3.2.relu2,11320,False,31918,5132,9243,6747,65
26,layer3.2.conv3,971413,False,2046670,12720,14210,30405,201
26,layer3.2.bn3,90586,False,198721,11303,35785,16608,239
26,layer3.2.add,66162,False,147743,4678,3145,11068,58
26,layer3.2.relu3,31451,False,74391,5215,28127,6491,66
26,layer3.3.conv1,1009641,False,2126148,13092,14559,33082,243
26,layer3.3.bn1,34618,False,81037,7557,13545,14877,164
26,layer3.3.relu1,10487,False,30376,3294,9268,4753,50
26,layer3.3.conv2,2049323,False,4306052,144962,3448495,100799,2008
26,layer3.3.bn2,36583,False,85021,13544,13694,17832,213
26,layer3.3.relu2,12119,False,33759,5975,9239,6656,77
26,layer3.3.conv3,970098,False,2044075,16009,14343,30885,264
26,layer3.3.bn3,92369,False,202760,8989,35969,16325,263
26,layer3.3.add,66526,False,155981,6816,4822,10534,51
26,layer3.3.relu3,30899,False,73181,5409,28146,6204,67
26,layer3.4.conv1,1008718,False,2123781,12371,14561,30986,203
26,layer3.4.bn1,34350,False,80436,7982,13512,14972,188
26,layer3.4.relu1,10961,False,31267,2991,9263,5479,47
26,layer3.4.conv2,2048734,False,4304307,143731,3448256,96605,2013
26,layer3.4.bn2,35254,False,82324,13505,13712,18034,208
26,layer3.4.relu2,11613,False,32736,5878,9233,6505,71
26,layer3.4.conv3,971081,False,2045600,14233,14211,30439,224
26,layer3.4.bn3,91594,False,200891,11495,35846,17631,232
26,layer3.4.add,65856,False,146651,3635,3130,9711,40
26,layer3.4.relu3,31869,False,75098,3604,28111,6116,49
26,layer3.5.conv1,1009748,False,2126817,13998,14706,31439,228
26,layer3.5.bn1,35383,False,82487,7953,13441,15628,162
26,layer3.5.relu1,10949,False,31235,3529,9281,5372,50
26,layer3.5.conv2,2046479,False,4299948,115300,3450482,98277,1738
26,layer3.5.bn2,37159,False,86279,15675,13743,19522,244
26,layer3.5.relu2,12319,False,34074,5566,9270,6593,70
26,layer3.5.conv3,969260,False,2041951,13210,14216,32334,198
26,layer3.5.bn3,93916,False,205750,10982,35997,17870,270
26,layer3.5.add,65954,False,147332,5181,3108,11040,60
26,layer3.5.relu3,30401,False,71846,4749,28153,6019,50
26,layer4.0.conv1,1976228,False,4152087,23275,23276,35890,394
26,layer4.0.bn1,51126,False,115762,11091,20926,17023,185
26,layer4.0.relu1,17452,False,44851,4818,15545,6580,53
26,layer4.0.conv2,3627273,False,7612711,127871,5073870,106909,1856
26,layer4.0.bn2,33106,False,78055,19787,11996,20246,293
26,layer4.0.relu2,8614,False,26382,4988,6121,5956,68
26,layer4.0.conv3,1310254,False,2756644,46056,10817,51162,765
26,layer4.0.bn3,59881,False,133950,11337,28661,18943,193
26,layer4.0.downsample.0,2998991,False,6295876,163407,97461,129412,2704
26,layer4.0.downsample.1,62015,False,138121,20732,28880,19395,322
26,layer4.0.add,35698,False,83227,8761,4931,13355,125
26,layer4.0.relu3,17886,False,45633,7459,15579,6739,112
26,layer4.1.conv1,1243748,False,2617391,38893,10311,45921,562
26,layer4.1.bn1,32940,False,77391,17161,11804,18638,231
26,layer4.1.relu1,8195,False,25428,3855,6156,6396,60
26,layer4.1.conv2,3267901,False,6859648,124443,2452847,103385,1872
26,layer4.1.bn2,32559,False,76354,19008,11971,19340,276
26,layer4.1.relu2,8618,False,26131,4669,6128,7274,67
26,layer4.1.conv3,1313298,False,2763110,32633,12659,40937,471
26,layer4.1.bn3,63425,False,141447,12648,28757,18223,261
26,layer4.1.add,31760,False,75031,7125,3117,9371,79
26,layer4.1.relu3,17180,False,44078,3914,15531,5657,49
26,layer4.2.conv1,1242904,False,2615544,32333,10323,39058,418
26,layer4.2.bn1,30037,False,71011,9277,11713,15800,158
26,layer4.2.relu1,7653,False,24295,3433,6143,5398,62
26,layer4.2.conv2,3249708,False,6821222,122353,2454475,98362,1855
26,layer4.2.bn2,32133,False,75633,16427,11999,18424,236
26,layer4.2.relu2,8844,False,26570,4763,6120,6082,64
26,layer4.2.conv3,1299911,False,2734623,24160,10393,36717,374
26,layer4.2.bn3,59605,False,133308,12137,28626,17820,185
26,layer4.2.add,31204,False,73538,5904,3124,9490,82
26,layer4.2.relu3,16662,False,43032,4252,15542,5718,52
26,avgpool,89611,False,196370,86187,9630,106610,1324
26,flatten,9530,False,27905,11835,2879,12631,157
26,fc,510382,False,1081121,29730,136359,61036,391
27,conv1,2183818,False,4588049,131232,72361,124033,1872
27,bn1,339812,False,723566,37203,109915,36588,908
27,relu,176458,False,379790,10132,103586,14045,108
27,maxpool,10149512,False,21276769,46722215,1486747,2065594,727262
27,layer1.0.conv1,266368,False,491157,39679,5878,44214,473
27,layer1.0.bn1,87060,False,192135,56569,31741,26443,864
27,layer1.0.relu1,33798,False,79302,10830,28150,9503,139
27,layer1.0.conv2,2011876,False,4227311,223804,5287907,136814,3255
27,layer1.0.bn2,82399,False,182323,38642,31888,26900,590
27,layer1.0.relu2,32289,False,75829,6899,28084,8256,87
27,layer1.0.conv3,857314,False,1807410,30668,14312,45220,480
27,layer1.0.bn3,327522,False,698282,51437,108344,30122,1214
27,layer1.0.downsample.0,881874,False,1859428,18622,14266,32788,312
27,layer1.0.downsample.1,325508,False,693536,45329,108466,26094,1296
27,layer1.0.add,315326,False,671978,15878,4914,21410,226
27,layer1.0.relu3,173957,False,375473,7587,103537,10419,85
27,layer1.1.conv1,810982,False,1710114,24922,7620,33131,319
27,layer1.1.bn1,95552,False,209197,20946,31686,20662,459
27,layer1.1.relu1,31785,False,74748,5480,28120,6618,63
27,layer1.1.conv2,1996342,False,4194597,161345,5287558,111726,2313
27,layer1.1.bn2,81199,False,179696,28003,31838,23510,469
27,layer1.1.relu2,32487,False,76397,5340,28141,8075,59
27,layer1.1.conv3,850776,False,1793587,20952,14403,36628,315
27,layer1.1.bn3,324153,False,690540,41243,108262,25810,1127
27,layer1.1.add,318724,False,679074,10048,5177,17116,127
27,layer1.1.relu3,174233,False,375600,6360,103524,8985,63
27,layer1.2.conv1,809472,False,1707196,19225,7714,31554,264
27,layer1.2.bn1,95186,False,208466,17305,31563,20068,377
27,layer1.2.relu1,31435,False,74160,3143,28114,6253,64
27,layer1.2.conv2,1971313,False,4142361,134454,5287446,101298,1887
27,layer1.2.bn2,72751,False,161103,23568,31952,20427,478
27,layer1.2.relu2,31147,False,73523,4177,28139,7819,56
27,layer1.2.conv3,853708,False,1799947,17191,14349,33566,295
27,layer1.2.bn3,326593,False,695639,38583,108435,25632,1273
27,layer1.2.add,307429,False,655509,6797,3254,14171,97
27,layer1.2.relu3,173523,False,374164,4818,103533,9874,54
27,layer2.0.conv1,1593257,False,3349535,37377,10249,33731,476
27,layer2.0.bn1,174776,False,377297,23644,57120,22130,597
27,layer2.0.relu1,77646,False,171456,3470,53274,7696,38
27,layer2.0.conv2,2152671,False,4522853,147874,4299808,118901,2065
27,layer2.0.bn2,48819,False,110813,18290,19133,20754,274
27,layer2.0.relu2,17495,False,45004,5168,15546,6812,72
27,layer2.0.conv3,849913,False,1792067,24086,14231,33435,431
27,layer2.0.bn3,172122,False,371097,13247,57633,20795,381
27,layer2.0.downsample.0,2290497,False,4811274,140234,76315,129301,2026
27,layer2.0.downsample.1,175311,False,378173,19282,57732,23915,442
27,layer2.0.add,157619,False,340286,7084,3192,14794,77
27,layer2.0.relu3,79509,False,175498,6248,53233,9814,72
27,layer2.1.conv1,825321,False,1739932,33623,7716,42272,452
27,layer2.1.bn1,49704,False,112473,15609,18937,17423,251
27,layer2.1.relu1,17654,False,45234,5647,15601,7021,90
27,layer2.1.conv2,1922004,False,4038291,126178,5167950,97857,1811
27,layer2.1.bn2,44047,False,100680,13876,19161,17743,252
27,layer2.1.relu2,17129,False,44079,4588,15557,6617,61
27,layer2.1.conv3,847471,False,1786272,17375,13819,31089,295
27,layer2.1.bn3,170888,False,368139,7937,57444,18394,342
27,layer2.1.add,156736,False,346155,8582,4757,14993,65
27,layer2.1.relu3,78468,False,173089,5050,53249,8358,61
27,layer2.2.conv1,820631,False,1729356,24284,7714,33103,310
27,layer2.2.bn1,46828,False,106370,7253,18790,16463,138
27,layer2.2.relu1,17154,False,44257,3634,15552,5554,56
27,layer2.2.conv2,1922065,False,4038858,121345,5168050,90963,1687
27,layer2.2.bn2,43879,False,100397,13447,19168,16829,255
27,layer2.2.relu2,18043,False,45975,5165,15543,6895,53
27,layer2.2.conv3,847628,False,1786784,13989,14085,30144,245
27,layer2.2.bn3,170277,False,367461,10375,57616,18337,347
27,layer2.2.add,156497,False,338117,4641,3172,12574,66
27,layer2.2.relu3,78250,False,172642,3175,53240,6799,42
27,layer2.3.conv1,820622,False,1729692,20127,7680,31285,273
27,layer2.3.bn1,46591,False,106204,7842,18826,14956,135
27,layer2.3.relu1,16712,False,43031,3093,15561,5299,41
27,layer2.3.conv2,1919801,False,4033346,119832,5168189,88401,1671
27,layer2.3.bn2,45573,False,103944,13391,19273,17657,280
27,layer2.3.relu2,17282,False,44314,5110,15557,7225,68
27,layer2.3.conv3,848257,False,1788042,16343,14140,29959,283
27,layer2.3.bn3,170769,False,368580,9548,57558,18875,363
27,layer2.3.add,159713,False,345187,5653,5049,13851,73
27,layer2.3.relu3,77619,False,171380,3970,53238,8313,49
27,layer3.0.conv1,1741761,False,3660449,26789,22948,37551,509
27,layer3.0.bn1,86531,False,190587,11632,31859,19252,306
27,layer3.0.relu1,31668,False,74497,3898,28116,5842,47
27,layer3.0.conv2,2194354,False,4609714,145128,5533941,102890,2026
27,layer3.0.bn2,35237,False,81742,10682,13690,17719,158
27,layer3.0.relu2,11004,False,31327,3016,9268,5889,46
27,layer3.0.conv3,970811,False,2044606,15382,14176,32340,284
27,layer3.0.bn3,91150,False,200114,13753,35896,16041,255
27,layer3.0.downsample.0,2209183,False,4641026,123873,73800,110687,1874
27,layer3.0.downsample.1,93666,False,205481,15427,37891,21565,303
27,layer3.0.add,66141,False,147587,5399,3141,11977,75
27,layer3.0.relu3,32132,False,75668,6013,28107,7045,73
27,layer3.1.conv1,1024399,False,2157517,21299,14566,38434,422
27,layer3.1.bn1,36411,False,84646,10998,13532,16392,221
27,layer3.1.relu1,10372,False,29654,3050,9232,5566,41
27,layer3.1.conv2,2047761,False,4302616,155583,3448493,100278,2120
27,layer3.1.bn2,36140,False,84017,13449,13710,18413,209
27,layer3.1.relu2,11252,False,31815,5488,9311,6590,65
27,layer3.1.conv3,970058,False,2043277,13220,14314,31946,229
27,layer3.1.bn3,92332,False,202573,11415,35914,16241,278
27,layer3.1.add,65149,False,145579,4734,3105,10442,57
27,layer3.1.relu3,30621,False,72498,4569,28138,6115,68
27,layer3.2.conv1,1007465,False,2121617,22083,14606,31104,348
27,layer3.2.bn1,48364,False,109516,19248,18033,20667,302
27,layer3.2.relu1,11393,False,31887,3839,9263,5839,54
27,layer3.2.conv2,2047261,False,4301516,139265,3448514,97360,1872
27,layer3.2.bn2,34916,False,81212,13822,13710,17735,213
27,layer3.2.relu2,12086,False,33553,5149,9258,6267,69
27,layer3.2.conv3,971855,False,2046796,15448,14242,30661,236
27,layer3.2.bn3,90481,False,198542,12303,35887,16173,237
27,layer3.2.add,65811,False,146964,5608,3121,10828,65
27,layer3.2.relu3,30659,False,72306,4233,28104,5716,52
27,layer3.3.conv1,1006461,False,2119630,15256,14534,29136,239
27,layer3.3.bn1,34522,False,80543,7981,13491,14329,166
27,layer3.3.relu1,10704,False,30713,5073,9244,5362,58
27,layer3.3.conv2,2046463,False,4299618,142834,3448616,100233,2022
27,layer3.3.bn2,37039,False,86027,13777,13726,17610,233
27,layer3.3.relu2,11385,False,32061,4546,9281,6489,63
27,layer3.3.conv3,971402,False,2045874,11759,14201,28905,222
27,layer3.3.bn3,94254,False,206680,10989,37750,17793,290
27,layer3.3.add,66338,False,148062,5368,3126,10140,61
27,layer3.3.relu3,31006,False,73408,4716,28119,5172,58
27,layer3.4.conv1,1006996,False,2120357,9339,14548,28972,170
27,layer3.4.bn1,35498,False,82388,7493,13460,15217,181
27,layer3.4.relu1,10075,False,29379,2283,9235,4604,47
27,layer3.4.conv2,2047562,False,4302011,138805,3448494,92737,1867
27,layer3.4.bn2,34876,False,81316,14145,13715,17792,223
27,layer3.4.relu2,11063,False,31253,3376,9282,5124,52
27,layer3.4.conv3,970360,False,2044019,12096,14183,30408,191
27,layer3.4.bn3,90798,False,199320,12410,35938,16695,268
27,layer3.4.add,65997,False,147310,4924,3121,9911,53
27,layer3.4.relu3,31357,False,74193,4096,28112,5330,66
27,layer3.5.conv1,1007885,False,2122022,10067,14487,29888,166
27,layer3.5.bn1,34167,False,79843,7848,13499,14246,202
27,layer3.5.relu1,11363,False,32121,3162,9235,4803,42
27,layer3.5.conv2,2045535,False,4297481,145459,3448249,91337,1973
27,layer3.5.bn2,36529,False,84899,14003,13753,18982,223
27,layer3.5.relu2,11488,False,32118,5790,9276,6779,76
27,layer3.5.conv3,979299,False,2062434,16748,16847,33352,235
27,layer3.5.bn3,92105,False,201897,13115,36055,16829,318
27,layer3.5.add,65687,False,146455,4815,3164,10672,59
27,layer3.5.relu3,29905,False,70875,3944,28112,5797,61
27,layer4.0.conv1,1961554,False,4120904,22616,23266,33303,386
27,layer4.0.bn1,51152,False,115378,13422,20874,17682,188
27,layer4.0.relu1,17276,False,44453,4904,15557,5702,61
27,layer4.0.conv2,3505320,False,7356450,138461,5074760,105847,2032
27,layer4.0.bn2,33049,False,77771,16991,11976,18773,259
27,layer4.0.relu2,8537,False,25918,4298,6142,6125,62
27,layer4.0.conv3,1305549,False,2746447,37325,10880,46038,613
27,layer4.0.bn3,59623,False,133696,12528,28658,17367,214
27,layer4.0.downsample.0,2925219,False,6141991,137239,94680,113145,2127
27,layer4.0.downsample.1,60906,False,135908,17851,28947,18788,308
27,layer4.0.add,32226,False,75751,5179,3093,10838,63
27,layer4.0.relu3,17504,False,44891,5979,15564,6387,74
27,layer4.1.conv1,1244869,False,2619865,42467,12209,45597,680
27,layer4.1.bn1,30552,False,72184,11611,11653,17099,181
27,layer4.1.relu1,8714,False,26463,3079,6108,5807,42
27,layer4.1.conv2,3217035,False,6753143,123824,2455341,100771,1774
27,layer4.1.bn2,33430,False,78432,22096,11953,21504,308
27,layer4.1.relu2,8474,False,25758,4917,6106,7043,66
27,layer4.1.conv3,1298605,False,2732133,29347,10657,39359,427
27,layer4.1.bn3,62918,False,148278,15500,28704,18329,285
27,layer4.1.add,32094,False,75766,5336,3091,9696,66
27,layer4.1.relu3,17178,False,43989,4830,15549,5741,56
27,layer4.2.conv1,1240796,False,2611428,33442,10313,39021,453
27,layer4.2.bn1,30981,False,73344,9295,11661,16125,152
27,layer4.2.relu1,8007,False,24809,2367,6135,4704,56
27,layer4.2.conv2,3205528,False,6728916,122322,2452776,101643,1775
27,layer4.2.bn2,31150,False,73581,18159,11956,19498,237
27,layer4.2.relu2,8947,False,27093,4125,6112,6590,53
27,layer4.2.conv3,1311726,False,2760133,26242,12286,40941,397
27,layer4.2.bn3,58543,False,131074,8586,28594,16671,155
27,layer4.2.add,31334,False,73712,5604,3130,9286,79
27,layer4.2.relu3,17502,False,44966,3878,15538,5629,59
27,avgpool,90100,False,197218,83795,9586,107083,1227
27,flatten,9808,False,28661,12375,2855,12633,154
27,fc,513055,False,1086537,31534,136303,59000,367
28,conv1,2206371,False,4635838,149250,72551,132172,2168
28,bn1,336383,False,716112,48774,108069,34063,1071
28,relu,179647,False,386600,11262,105416,16848,139
28,maxpool,10285352,False,21561192,47154383,1486598,2121455,737610
28,layer1.0.conv1,267317,False,494056,38396,5859,43729,472
28,layer1.0.bn1,87701,False,192758,49914,31793,26565,814
28,layer1.0.relu1,33674,False,78894,11797,28133,9202,153
28,layer1.0.conv2,2012161,False,4228679,208302,5287968,134410,2862
28,layer1.0.bn2,85236,False,187462,34957,31869,25498,555
28,layer1.0.relu2,32944,False,77622,8248,28136,8316,106
28,layer1.0.conv3,869406,False,1832668,27928,14396,46463,460
28,layer1.0.bn3,329444,False,701716,43633,108317,26245,1190
28,layer1.0.downsample.0,884817,False,1865468,16337,14286,32092,289
28,layer1.0.downsample.1,325471,False,693409,41975,108470,26040,1264
28,layer1.0.add,315096,False,671046,17229,5151,19793,210
28,layer1.0.relu3,174131,False,374960,6890,103543,9772,90
28,layer1.1.conv1,811077,False,1710072,33701,7632,35105,425
28,layer1.1.bn1,95760,False,209505,19119,31573,20024,432
28,layer1.1.relu1,32043,False,75612,4962,28180,7084,83
28,layer1.1.conv2,1998550,False,4199950,164659,5287520,118215,2306
28,layer1.1.bn2,83723,False,184692,31362,31948,24687,532
28,layer1.1.relu2,32489,False,76551,5718,28096,7108,74
28,layer1.1.conv3,853547,False,1799445,23309,14314,37797,369
28,layer1.1.bn3,322883,False,687620,42885,108267,25496,1178
28,layer1.1.add,317901,False,677123,10628,5089,17072,120
28,layer1.1.relu3,174710,False,376462,7213,103519,8953,72
28,layer1.2.conv1,810690,False,1709519,29094,7686,33384,352
28,layer1.2.bn1,94928,False,208399,17607,31618,19882,427
28,layer1.2.relu1,31515,False,74293,5411,28123,5835,76
28,layer1.2.conv2,1974226,False,4147777,136482,5287356,104595,1948
28,layer1.2.bn2,72589,False,161239,27866,31969,22538,520
28,layer1.2.relu2,31374,False,73880,5233,28121,7035,59
28,layer1.2.conv3,853520,False,1799048,21224,14321,33141,385
28,layer1.2.bn3,325975,False,694364,38435,108366,25285,1296
28,layer1.2.add,311637,False,664097,8796,5100,17221,97
28,layer1.2.relu3,174185,False,375006,6379,103532,10385,67
28,layer2.0.conv1,1596255,False,3355246,41990,10273,35207,527
28,layer2.0.bn1,174494,False,376027,26654,57250,22146,637
28,layer2.0.relu1,77510,False,171080,3563,53280,7097,57
28,layer2.0.conv2,2149876,False,4516112,141490,4296820,117314,1980
28,layer2.0.bn2,49033,False,111210,22432,19131,20710,314
28,layer2.0.relu2,17714,False,45728,3501,15583,6248,53
28,layer2.0.conv3,851333,False,1794175,19816,14104,32000,399
28,layer2.0.bn3,170751,False,367924,15423,57639,20518,417
28,layer2.0.downsample.0,2295727,False,4821855,145200,76752,132199,2167
28,layer2.0.downsample.1,175052,False,377158,19349,57825,23844,443
28,layer2.0.add,157946,False,341175,7755,3191,15912,101
28,layer2.0.relu3,79878,False,176382,6962,53284,8898,103
28,layer2.1.conv1,826198,False,1741052,33134,7778,44188,463
28,layer2.1.bn1,50480,False,114166,16442,18921,18695,240
28,layer2.1.relu1,17495,False,44734,5324,15549,6488,53
28,layer2.1.conv2,1925512,False,4045360,120470,5168388,97450,1746
28,layer2.1.bn2,44172,False,100930,12089,19133,16613,243
28,layer2.1.relu2,17797,False,45418,4504,15519,6991,47
28,layer2.1.conv3,849806,False,1791231,17425,13800,29079,283
28,layer2.1.bn3,172071,False,371281,10088,57658,17900,384
28,layer2.1.add,160716,False,347449,11687,4991,15422,112
28,layer2.1.relu3,78785,False,173895,5575,53242,7497,57
28,layer2.2.conv1,818896,False,1725918,26595,7710,32241,340
28,layer2.2.bn1,46377,False,105276,9175,18859,15096,147
28,layer2.2.relu1,16664,False,43198,3877,15582,5420,61
28,layer2.2.conv2,1924075,False,4042115,125357,5168277,95184,1732
28,layer2.2.bn2,45221,False,102971,14912,19123,18711,256
28,layer2.2.relu2,17461,False,44739,5481,15544,6819,62
28,layer2.2.conv3,848356,False,1788253,17059,14046,31423,267
28,layer2.2.bn3,171166,False,369046,11901,57624,20304,373
28,layer2.2.add,156644,False,338544,8600,3218,13195,102
28,layer2.2.relu3,79827,False,176177,5157,53210,8276,57
28,layer2.3.conv1,820561,False,1729202,21739,7713,31907,314
28,layer2.3.bn1,47237,False,107387,9217,18880,15272,177
28,layer2.3.relu1,17494,False,44677,3313,15528,5392,43
28,layer2.3.conv2,1919229,False,4032408,104713,5167741,89488,1529
28,layer2.3.bn2,46100,False,105006,15212,19137,18134,246
28,layer2.3.relu2,17374,False,44618,4692,15535,6557,63
28,layer2.3.conv3,848437,False,1788469,13711,14055,29662,226
28,layer2.3.bn3,170816,False,368191,10968,57576,17767,384
28,layer2.3.add,160383,False,346530,8589,5007,14062,89
28,layer2.3.relu3,76999,False,170263,4597,53220,7563,56
28,layer3.0.conv1,1745624,False,3668445,22486,21083,37069,455
28,layer3.0.bn1,89082,False,196026,11643,33559,19258,302
28,layer3.0.relu1,31903,False,75207,4536,28129,5276,49
28,layer3.0.conv2,2193091,False,4606853,150600,5534161,105205,2119
28,layer3.0.bn2,35991,False,83650,15959,13692,19560,212
28,layer3.0.relu2,11395,False,32052,5135,9297,7250,65
28,layer3.0.conv3,973795,False,2050819,16109,14231,34666,272
28,layer3.0.bn3,90714,False,199288,9589,35921,16668,204
28,layer3.0.downsample.0,2208070,False,4638717,118365,73805,116458,1837
28,layer3.0.downsample.1,89151,False,195850,15288,36100,19726,277
28,layer3.0.add,67030,False,149623,7178,3160,12555,96
28,layer3.0.relu3,31826,False,74741,6869,28136,6484,81
28,layer3.1.conv1,1023118,False,2153998,19286,14535,39287,362
28,layer3.1.bn1,36959,False,86080,14675,13577,17740,279
28,layer3.1.relu1,11477,False,32494,4772,9255,5699,73
28,layer3.1.conv2,2053972,False,4315274,159275,3448369,109445,2231
28,layer3.1.bn2,35740,False,83663,13170,13773,17803,209
28,layer3.1.relu2,11618,False,32868,5336,9283,6721,58
28,layer3.1.conv3,972050,False,2047370,18242,14240,33569,277
28,layer3.1.bn3,95369,False,208875,15895,36110,18579,330
28,layer3.1.add,65085,False,145304,5569,3171,10555,89
28,layer3.1.relu3,30485,False,72322,5214,28114,5512,76
28,layer3.2.conv1,1009824,False,2126649,15010,14572,31695,273
28,layer3.2.bn1,35408,False,82563,9857,13529,15252,198
28,layer3.2.relu1,14008,False,37652,4873,11061,6134,71
28,layer3.2.conv2,2043088,False,4292542,118889,3448493,94192,1650
28,layer3.2.bn2,35022,False,81538,13947,13699,18186,219
28,layer3.2.relu2,11081,False,31323,3892,9278,6253,67
28,layer3.2.conv3,970953,False,2045121,11410,14208,29617,199
28,layer3.2.bn3,89921,False,197223,8905,35846,15746,195
28,layer3.2.add,65726,False,146828,4797,3137,10972,67
28,layer3.2.relu3,30267,False,71558,4283,28123,5663,50
28,layer3.3.conv1,1016536,False,2140771,15246,14580,31871,250
28,layer3.3.bn1,35397,False,82269,8229,13461,14885,181
28,layer3.3.relu1,11183,False,31479,3880,9233,5519,54
28,layer3.3.conv2,2048639,False,4304796,150456,3448522,99372,2070
28,layer3.3.bn2,36624,False,84941,15085,13678,18345,209
28,layer3.3.relu2,11696,False,32690,4480,9258,6732,62
28,layer3.3.conv3,969021,False,2041078,13372,14348,31320,228
28,layer3.3.bn3,90999,False,199487,11265,35991,16229,289
28,layer3.3.add,65793,False,147054,6663,3198,11184,59
28,layer3.3.relu3,30672,False,72352,5165,28109,6061,76
28,layer3.4.conv1,1024237,False,2156664,13273,14547,30855,246
28,layer3.4.bn1,36175,False,83737,11453,13569,16020,248
28,layer3.4.relu1,11031,False,31444,3223,9245,4983,54
28,layer3.4.conv2,2046703,False,4299687,148033,3448428,100309,2013
28,layer3.4.bn2,34030,False,79402,14948,13710,17241,232
28,layer3.4.relu2,11360,False,31915,5734,9268,6863,67
28,layer3.4.conv3,967032,False,2036790,10982,14112,30536,191
28,layer3.4.bn3,90835,False,199421,9886,35863,15837,213
28,layer3.4.add,66351,False,148239,5976,3136,10565,71
28,layer3.4.relu3,30823,False,72875,4300,28099,5776,65
28,layer3.5.conv1,1018368,False,2144339,14447,14603,30961,214
28,layer3.5.bn1,34740,False,80654,7318,13495,15035,151
28,layer3.5.relu1,10711,False,30499,3253,9257,5063,43
28,layer3.5.conv2,2046607,False,4319340,149350,3450889,101935,2044
28,layer3.5.bn2,37259,False,86326,14021,13794,17569,234
28,layer3.5.relu2,11418,False,32116,5833,9287,6488,71
28,layer3.5.conv3,969236,False,2041572,11405,14117,32123,182
28,layer3.5.bn3,91063,False,199742,10399,35879,15169,254
28,layer3.5.add,65410,False,146184,5640,3116,9723,68
28,layer3.5.relu3,30403,False,72210,4333,28133,6313,68
28,layer4.0.conv1,1969732,False,4138146,22397,23212,35857,412
28,layer4.0.bn1,50301,False,113732,10076,20966,17787,161
28,layer4.0.relu1,17515,False,44751,4243,15566,6294,56
28,layer4.0.conv2,3473936,False,7290700,137000,5078522,110126,2092
28,layer4.0.bn2,32237,False,75591,16301,11978,18722,235
28,layer4.0.relu2,8752,False,26615,4900,6165,6846,71
28,layer4.0.conv3,1296695,False,2728076,44442,10835,42572,685
28,layer4.0.bn3,59120,False,132187,10801,28709,16976,188
28,layer4.0.downsample.0,2907656,False,6104343,142407,94231,111774,2319
28,layer4.0.downsample.1,60733,False,135453,14356,29008,17429,271
28,layer4.0.add,32182,False,75942,6469,3106,10934,82
28,layer4.0.relu3,17674,False,44933,5789,15544,6410,72
28,layer4.1.conv1,1242520,False,2614992,42739,12135,46532,718
28,layer4.1.bn1,30819,False,72694,11244,11796,16942,173
28,layer4.1.relu1,8529,False,26071,3690,6120,6276,44
28,layer4.1.conv2,3179210,False,6674114,116317,2452499,94504,1816
28,layer4.1.bn2,32956,False,77368,17842,11986,19192,269
28,layer4.1.relu2,8900,False,26831,3911,6146,6969,63
28,layer4.1.conv3,1287207,False,2708218,32892,10665,36500,485
28,layer4.1.bn3,61516,False,137324,12125,28723,17382,235
28,layer4.1.add,34573,False,80729,7080,4899,11120,84
28,layer4.1.relu3,18089,False,46143,6374,15512,6548,69
28,layer4.2.conv1,1244663,False,2618943,44712,15450,42523,643
28,layer4.2.bn1,30581,False,72265,10966,11673,16726,176
28,layer4.2.relu1,7425,False,23646,2870,6144,5181,56
28,layer4.2.conv2,3167228,False,6648454,126505,2452988,100868,1850
28,layer4.2.bn2,31185,False,73547,16082,11904,18568,246
28,layer4.2.relu2,8982,False,27160,4396,6140,6121,61
28,layer4.2.conv3,1288017,False,2710242,30513,12307,40707,432
28,layer4.2.bn3,58883,False,131938,15125,28694,17808,214
28,layer4.2.add,31537,False,74438,7111,3139,10198,98
28,layer4.2.relu3,16620,False,42983,4634,15529,5657,62
28,avgpool,88493,False,194372,86413,9666,102277,1297
28,flatten,9103,False,27326,12866,2881,12092,179
28,fc,510614,False,1081260,33550,136519,61580,406
29,conv1,2181600,False,4583435,150441,72518,123866,2135
29,bn1,333655,False,710730,49656,108073,34027,1012
29,relu,175671,False,378408,9658,103562,11688,93
29,maxpool,10189035,False,21360059,47226455,1490935,1927955,741629
29,layer1.0.conv1,267962,False,488237,38945,5891,39417,478
29,layer1.0.bn1,87339,False,192251,52126,31729,27297,795
29,layer1.0.relu1,33555,False,78801,11259,28121,9015,141
29,layer1.0.conv2,2000525,False,4203546,205953,5287860,125614,2971
29,layer1.0.bn2,82988,False,182962,33775,32007,25335,557
29,layer1.0.relu2,32379,False,76120,4723,28118,7978,59
29,layer1.0.conv3,856332,False,1805342,25582,14342,44116,398
29,layer1.0.bn3,327885,False,698680,47647,110044,30107,1234
29,layer1.0.downsample.0,877710,False,1850113,16909,14336,33492,291
29,layer1.0.downsample.1,325325,False,693139,41168,108399,24868,1229
29,layer1.0.add,311751,False,664354,15159,3268,16001,176
29,layer1.0.relu3,174005,False,375220,6328,103549,9327,74
29,layer1.1.conv1,807885,False,1703624,32493,7627,33663,407
29,layer1.1.bn1,95191,False,209275,22451,31566,21829,499
29,layer1.1.relu1,35929,False,83613,8298,29778,8677,95
29,layer1.1.conv2,1989535,False,4180603,161670,5287485,112250,2313
29,layer1.1.bn2,82679,False,182820,26670,31882,25300,507
29,layer1.1.relu2,31934,False,75155,6535,28140,8311,81
29,layer1.1.conv3,853813,False,1800496,19022,14347,34683,292
29,layer1.1.bn3,365954,False,714422,59686,110656,42636,1414
29,layer1.1.add,313483,False,668199,8254,3277,15459,102
29,layer1.1.relu3,178714,False,385025,11159,105150,14003,129
29,layer1.2.conv1,805238,False,1698422,22254,5847,29949,271
29,layer1.2.bn1,100248,False,219213,24288,33422,23297,479
29,layer1.2.relu1,32240,False,76060,5006,28120,6232,72
29,layer1.2.conv2,1975726,False,4150754,145848,5287691,108869,2063
29,layer1.2.bn2,74406,False,165144,26088,31849,23643,476
29,layer1.2.relu2,30777,False,73032,6198,28158,7998,78
29,layer1.2.conv3,854661,False,1801864,17283,14333,35911,298
29,layer1.2.bn3,327112,False,696698,40987,108358,25649,1312
29,layer1.2.add,308706,False,657982,7890,3278,14808,99
29,layer1.2.relu3,176878,False,380812,7792,105415,11653,84
29,layer2.0.conv1,1589181,False,3341150,38528,8455,32539,509
29,layer2.0.bn1,175367,False,378026,25172,57135,23945,642
29,layer2.0.relu1,78568,False,173217,5097,53252,7223,56
29,layer2.0.conv2,2144222,False,4504241,152547,4296946,113184,2362
29,layer2.0.bn2,47678,False,108532,18243,19123,20037,265
29,layer2.0.relu2,17512,False,44682,5710,15559,7132,74
29,layer2.0.conv3,849205,False,1790366,19712,14149,32009,350
29,layer2.0.bn3,170481,False,367714,14681,57524,18557,368
29,layer2.0.downsample.0,2285563,False,4800844,149051,74959,129329,2209
29,layer2.0.downsample.1,179250,False,385936,24507,59696,27608,532
29,layer2.0.add,157302,False,339738,8746,3175,14548,104
29,layer2.0.relu3,80296,False,176997,9593,53335,9299,118
29,layer2.1.conv1,821279,False,1731213,32796,7762,39450,429
29,layer2.1.bn1,48528,False,110135,11891,18952,17639,224
29,layer2.1.relu1,17717,False,45228,5952,15550,6284,73
29,layer2.1.conv2,1925554,False,4045951,143286,5168481,98592,2113
29,layer2.1.bn2,44854,False,102255,15941,19105,18246,268
29,layer2.1.relu2,18047,False,46114,5734,15541,7021,65
29,layer2.1.conv3,849799,False,1791166,18640,13809,34209,306
29,layer2.1.bn3,172469,False,372029,11923,57655,17948,380
29,layer2.1.add,156520,False,338590,5484,3156,12761,60
29,layer2.1.relu3,78502,False,173336,5419,53250,8914,75
29,layer2.2.conv1,817476,False,1723152,24356,7709,33511,335
29,layer2.2.bn1,46444,False,105586,8355,18843,14655,152
29,layer2.2.relu1,18113,False,46248,4681,15563,6039,55
29,layer2.2.conv2,1921366,False,4037025,130029,5168521,92713,1846
29,layer2.2.bn2,44154,False,100966,12260,19113,16770,225
29,layer2.2.relu2,17298,False,44451,5140,15535,6726,69
29,layer2.2.conv3,846786,False,1784921,13431,14049,30467,241
29,layer2.2.bn3,175937,False,378900,15569,59481,21838,395
29,layer2.2.add,156708,False,338894,5620,3170,12612,58
29,layer2.2.relu3,78191,False,172978,5355,53253,7925,59
29,layer2.3.conv1,819522,False,1727111,28990,7773,33229,385
29,layer2.3.bn1,47392,False,107557,8692,18869,16339,179
29,layer2.3.relu1,17000,False,43791,4707,15572,6319,69
29,layer2.3.conv2,1916010,False,4025234,122811,5168324,90832,1759
29,layer2.3.bn2,44210,False,101052,13352,19241,17363,251
29,layer2.3.relu2,16950,False,43634,4208,15579,6040,46
29,layer2.3.conv3,846554,False,1784448,13679,14026,30531,221
29,layer2.3.bn3,172050,False,370748,12787,57664,18491,414
29,layer2.3.add,156258,False,338050,5681,3192,12778,71
29,layer2.3.relu3,78401,False,173187,5592,53267,7744,67
29,layer3.0.conv1,1758308,False,3695079,24693,22969,36713,487
29,layer3.0.bn1,85725,False,188591,12466,31715,17978,321
29,layer3.0.relu1,31885,False,75017,4325,28143,6908,67
29,layer3.0.conv2,2206339,False,4635072,183687,5536190,117887,2545
29,layer3.0.bn2,36668,False,85227,17793,13701,20966,224
29,layer3.0.relu2,11418,False,32361,5291,9260,7294,71
29,layer3.0.conv3,971707,False,2046481,16847,14267,32076,261
29,layer3.0.bn3,92448,False,203004,15110,35890,18139,284
29,layer3.0.downsample.0,2210805,False,4644705,145707,73866,115827,2127
29,layer3.0.downsample.1,89263,False,196174,21614,36180,21835,354
29,layer3.0.add,66945,False,149398,7854,3144,12796,114
29,layer3.0.relu3,32857,False,77222,7138,28140,7586,91
29,layer3.1.conv1,1025142,False,2159096,25446,14511,37225,451
29,layer3.1.bn1,35983,False,83657,12687,13536,17376,231
29,layer3.1.relu1,10646,False,37844,6064,10868,7708,99
29,layer3.1.conv2,2055176,False,4318428,152098,3451153,105985,2163
29,layer3.1.bn2,38222,False,88487,19705,13837,21013,271
29,layer3.1.relu2,12161,False,33663,5621,9274,7149,78
29,layer3.1.conv3,968764,False,2040075,15228,14013,32140,266
29,layer3.1.bn3,93465,False,204849,12375,36000,16949,282
29,layer3.1.add,66298,False,147887,7330,3136,10709,96
29,layer3.1.relu3,30574,False,72131,5853,28180,6027,86
29,layer3.2.conv1,1010636,False,2127802,19603,16305,34747,361
29,layer3.2.bn1,34877,False,81435,9589,13524,15489,198
29,layer3.2.relu1,11070,False,31331,3035,9282,5186,51
29,layer3.2.conv2,2048702,False,4304329,149682,3448252,98638,1956
29,layer3.2.bn2,34576,False,80531,14095,13731,18688,214
29,layer3.2.relu2,11713,False,32588,6631,9294,7088,71
29,layer3.2.conv3,970127,False,2043125,13688,14153,30888,224
29,layer3.2.bn3,92764,False,203791,11460,37714,17802,243
29,layer3.2.add,66119,False,147217,6290,3122,11123,82
29,layer3.2.relu3,30218,False,71384,3489,28118,5647,51
29,layer3.3.conv1,1023548,False,2155206,14364,14588,31632,218
29,layer3.3.bn1,34926,False,81591,7227,13616,13452,184
29,layer3.3.relu1,11037,False,31236,3414,9262,5762,58
29,layer3.3.conv2,2044895,False,4296316,111491,3448581,98653,1586
29,layer3.3.bn2,36572,False,84740,13101,13754,18767,205
29,layer3.3.relu2,11447,False,32037,4727,9270,6792,77
29,layer3.3.conv3,968437,False,2039870,12115,14177,29814,186
29,layer3.3.bn3,91705,False,201416,8754,35895,15837,245
29,layer3.3.add,64926,False,145108,5382,3101,10653,72
29,layer3.3.relu3,31199,False,73724,5455,28129,5825,75
29,layer3.4.conv1,1021740,False,2151475,15617,15281,34476,246
29,layer3.4.bn1,35899,False,83420,9019,13552,14659,187
29,layer3.4.relu1,14298,False,38556,4597,11117,7571,73
29,layer3.4.conv2,2045736,False,4298644,150097,3448382,103662,2021
29,layer3.4.bn2,36226,False,84484,19810,13790,21223,278
29,layer3.4.relu2,11106,False,31285,4578,9266,6464,47
29,layer3.4.conv3,970552,False,2044095,16078,14234,31788,237
29,layer3.4.bn3,90212,False,198765,13757,35895,16639,254
29,layer3.4.add,66018,False,147449,5314,3143,11184,60
29,layer3.4.relu3,30965,False,73052,3851,28097,5785,48
29,layer3.5.conv1,1007540,False,2121375,11005,14558,30326,184
29,layer3.5.bn1,35565,False,82522,8067,13485,15314,171
29,layer3.5.relu1,10665,False,30554,2810,9239,4989,50
29,layer3.5.conv2,2049792,False,4307281,157301,3448744,101284,2084
29,layer3.5.bn2,37245,False,86201,13404,13699,18868,224
29,layer3.5.relu2,11939,False,33293,4804,9310,6785,66
29,layer3.5.conv3,971893,False,2047799,13920,14299,30618,199
29,layer3.5.bn3,91358,False,200212,10631,35998,16429,282
29,layer3.5.add,65758,False,147009,6371,3152,10517,88
29,layer3.5.relu3,31018,False,73300,5747,28146,5491,67
29,layer4.0.conv1,1968190,False,4135065,23942,23313,36336,419
29,layer4.0.bn1,50391,False,114169,11720,20977,17401,185
29,layer4.0.relu1,16902,False,43488,4062,15568,5760,70
29,layer4.0.conv2,3439134,False,7196384,135169,5072990,113485,2052
29,layer4.0.bn2,32618,False,76587,17306,11964,19939,253
29,layer4.0.relu2,9209,False,27443,6344,6128,7957,81
29,layer4.0.conv3,1280755,False,2694613,43572,12807,47134,760
29,layer4.0.bn3,59270,False,132667,11582,28559,17202,180
29,layer4.0.downsample.0,2897255,False,6082846,145178,94202,112392,2318
29,layer4.0.downsample.1,62079,False,138398,19916,28926,20001,326
29,layer4.0.add,32294,False,76307,7125,3135,11245,76
29,layer4.0.relu3,17945,False,45727,7198,15632,6731,87
29,layer4.1.conv1,1230285,False,2589577,38178,10256,43990,570
29,layer4.1.bn1,31360,False,73977,14805,11772,18659,215
29,layer4.1.relu1,8432,False,25773,4493,6125,5717,57
29,layer4.1.conv2,3173489,False,6661271,124934,2454979,96969,1901
29,layer4.1.bn2,32205,False,75745,12547,12052,18791,208
29,layer4.1.relu2,8341,False,25637,2188,6143,5668,39
29,layer4.1.conv3,1265709,False,2663480,27109,10742,39795,396
29,layer4.1.bn3,61160,False,136319,10699,28832,16338,238
29,layer4.1.add,30786,False,72755,4332,3125,9280,56
29,layer4.1.relu3,16423,False,42524,4787,15569,4653,59
29,layer4.2.conv1,1227219,False,2583119,34558,10213,36585,454
29,layer4.2.bn1,29784,False,70551,9992,11772,16905,163
29,layer4.2.relu1,7657,False,30759,5419,7703,5033,40
29,layer4.2.conv2,3168734,False,6632539,105972,2453565,100722,1551
29,layer4.2.bn2,31883,False,74937,15080,11950,20536,217
29,layer4.2.relu2,8094,False,24790,2773,6107,6295,28
29,layer4.2.conv3,1259835,False,2650942,24040,10698,38302,355
29,layer4.2.bn3,57854,False,129591,9509,28586,16144,155
29,layer4.2.add,30544,False,72393,3419,3118,9007,59
29,layer4.2.relu3,16599,False,42814,4418,15557,4864,62
29,avgpool,86067,False,188761,84472,9670,99538,1259
29,flatten,9174,False,27214,11410,2842,11886,169
29,fc,504208,False,1068001,30177,134485,57043,368
