rep,layer,calls,ns,multiplexed,cycles,tdg_slots,tdg_retiring,tdg_bad_spec,tdg_fe_bound,tdg_be_bound,tdg_mem_bound
0,conv1,1,2267126,False,4702864,28210836,8731102,251160,1435995,17789796,3444108
1,conv1,1,2218567,False,4625410,27746040,8732367,163607,1041029,17801802,3451662
2,conv1,1,2223854,False,4605068,27625128,8743039,123495,924382,17825718,3477990
3,conv1,1,2204475,False,4584356,27500238,8739131,106127,858111,17787348,3436488
4,conv1,1,2204476,False,4574550,27441186,8728825,98382,872195,17731110,3395496
5,conv1,1,2195998,False,4576364,27451770,8730419,97297,832769,17781684,3432588
6,conv1,1,2196770,False,4572655,27428238,8731685,91441,850529,17744370,3394998
0,bn1,1,352585,False,758912,4546740,1303778,108814,377243,2746998,1527576
1,bn1,1,351449,False,752790,4510794,1311422,90143,316842,2781942,1546842
2,bn1,1,343668,False,743645,4408260,1303621,73042,275350,2745162,1507038
3,bn1,1,340656,False,729198,4369164,1303520,63606,246513,2744316,1525392
4,bn1,1,342027,False,731675,4384074,1303706,61337,212611,2794800,1564782
5,bn1,1,344262,False,736092,4410504,1310806,55103,215577,2817450,1546146
6,bn1,1,340329,False,727881,4361712,1303483,55253,215476,2775930,1565004
0,relu,1,190252,False,414928,2483754,510461,30149,343083,1588314,744546
1,relu,1,190234,False,414749,2482608,511020,21111,335358,1603206,747648
2,relu,1,185096,False,402744,2410794,503633,9959,263690,1620858,763050
3,relu,1,185200,False,402739,2410080,503613,8118,268996,1616886,757596
4,relu,1,186675,False,405904,2429502,503623,7492,246084,1660008,801282
5,relu,1,183737,False,400490,2395944,503599,5961,247994,1624482,769938
6,relu,1,184463,False,401602,2403468,503607,8405,256137,1622868,766218
0,maxpool,1,10224046,False,21374933,128242758,40390887,47029807,35961929,6428208,217266
1,maxpool,1,10180149,False,21346757,128074920,40383390,47307937,35532710,6407316,204282
2,maxpool,1,10053148,False,21079818,126473874,40381218,46279231,35043995,6297474,189924
3,maxpool,1,10208816,False,21404777,128421618,40381499,47215769,35922268,6472710,231036
4,maxpool,1,10127244,False,21234017,127399086,40397884,46622321,35479489,6452004,274272
5,maxpool,1,10167043,False,21317746,127900254,40390209,46782332,35819463,6469734,247698
6,maxpool,1,10271932,False,21536835,129215070,40388228,46975635,36878364,6541674,264072
0,layer1.0.conv1,1,260624,False,517442,3098724,1525955,51453,398505,1111908,64968
1,layer1.0.conv1,1,254750,False,501234,3001572,1525640,25399,299887,1138710,85656
2,layer1.0.conv1,1,253133,False,498949,2988270,1524607,16745,287918,1145604,90408
3,layer1.0.conv1,1,246081,False,494967,2964270,1525496,10526,277093,1138746,84096
4,layer1.0.conv1,1,250279,False,491510,2943708,1525252,6929,246594,1152390,98688
5,layer1.0.conv1,1,246454,False,496626,2974200,1525696,8910,260808,1166424,106332
6,layer1.0.conv1,1,246206,False,502103,3007266,1531716,12354,276027,1174890,113604
0,layer1.0.bn1,1,116714,False,262688,1569540,400124,78459,337838,743262,414606
1,layer1.0.bn1,1,114336,False,254392,1520370,399972,51839,280556,776976,436266
2,layer1.0.bn1,1,110340,False,245663,1467828,399888,38575,240421,777198,427842
3,layer1.0.bn1,1,112023,False,247911,1481976,408097,29234,212036,820422,458070
4,layer1.0.bn1,1,108232,False,240139,1435494,400006,27012,194965,801462,453480
5,layer1.0.bn1,1,106917,False,237737,1421052,399831,24956,189947,794172,430206
6,layer1.0.bn1,1,107184,False,238077,1423230,399759,22545,192692,796158,441024
0,layer1.0.relu1,1,60823,False,142798,851904,164860,23188,190268,461292,234954
1,layer1.0.relu1,1,59428,False,138001,822858,164830,14758,186242,444690,222912
2,layer1.0.relu1,1,60234,False,139331,830430,164796,7482,148673,496968,271638
3,layer1.0.relu1,1,60512,False,140570,837606,164883,10649,142750,506904,277332
4,layer1.0.relu1,1,56533,False,132110,786600,163223,5661,140242,463836,238962
5,layer1.0.relu1,1,57360,False,132477,788934,163202,5304,134430,473382,246354
6,layer1.0.relu1,1,57617,False,133291,794016,163198,4656,130882,482544,255780
0,layer1.0.conv2,1,2056831,False,4293220,25753398,13544869,207513,6236328,5758164,1695840
1,layer1.0.conv2,1,2038227,False,4255276,25525446,13536892,168405,6104203,5708106,1645014
2,layer1.0.conv2,1,2046545,False,4233415,25394706,13538310,137481,6014827,5694972,1636314
3,layer1.0.conv2,1,2030717,False,4237859,25421790,13539478,127926,6019886,5724804,1651158
4,layer1.0.conv2,1,2032088,False,4231245,25381902,13536857,122832,5984951,5727042,1659978
5,layer1.0.conv2,1,2031571,False,4215066,25284882,13536210,113715,5977500,5647110,1594902
6,layer1.0.conv2,1,2039593,False,4222970,25332072,13539326,133667,6011785,5637258,1597614
0,layer1.0.bn2,1,119198,False,267298,1597416,399889,71862,340643,774786,424380
1,layer1.0.bn2,1,112697,False,251635,1504812,399720,43353,275690,774486,422688
2,layer1.0.bn2,1,110418,False,245476,1467492,399597,29569,217463,808980,458616
3,layer1.0.bn2,1,113605,False,251240,1502556,407351,28415,206794,848142,480372
4,layer1.0.bn2,1,110262,False,244519,1461762,399621,26996,195179,827940,473238
5,layer1.0.bn2,1,106793,False,237471,1419342,399619,24419,186124,797130,460974
6,layer1.0.bn2,1,107320,False,238547,1425462,399671,24178,177942,811716,452346
0,layer1.0.relu2,1,60107,False,141182,841656,163294,18762,175608,471684,241860
1,layer1.0.relu2,1,62078,False,143610,855810,163294,19609,190827,469854,248286
2,layer1.0.relu2,1,62611,False,144452,861396,170656,11593,172572,493932,260640
3,layer1.0.relu2,1,58471,False,135868,809808,163238,8329,146009,479922,256074
4,layer1.0.relu2,1,58611,False,135696,808710,163220,5435,145187,482370,257532
5,layer1.0.relu2,1,58296,False,134909,804078,163248,7033,142548,477576,251430
6,layer1.0.relu2,1,61817,False,142640,850236,170612,7168,149249,510204,273912
0,layer1.0.conv3,1,942937,False,1926252,11552136,5259052,48240,501781,5732190,724866
1,layer1.0.conv3,1,930333,False,1905936,11429982,5259142,28972,406276,5724192,727332
2,layer1.0.conv3,1,924871,False,1895217,11365554,5258819,23381,376766,5694930,715854
3,layer1.0.conv3,1,922109,False,1895432,11367270,5259166,22883,348534,5724864,745566
4,layer1.0.conv3,1,933209,False,1885223,11305530,5258053,22263,356569,5656944,713082
5,layer1.0.conv3,1,923246,False,1889076,11328648,5258991,19702,339558,5698530,733740
6,layer1.0.conv3,1,916362,False,1891844,11345742,5258147,20702,364487,5690328,737004
0,layer1.0.bn3,1,379786,False,815600,4886220,1320663,132442,415584,3008922,1781100
1,layer1.0.bn3,1,374625,False,802456,4809192,1320447,105303,353925,3019704,1732200
2,layer1.0.bn3,1,368805,False,789536,4731144,1320062,90840,300279,3009834,1751748
3,layer1.0.bn3,1,364911,False,781243,4681812,1312538,84570,249863,3024312,1767462
4,layer1.0.bn3,1,363949,False,779026,4668642,1312621,81898,235520,3027702,1727040
5,layer1.0.bn3,1,363463,False,777684,4660668,1312593,79415,213092,3044748,1725528
6,layer1.0.bn3,1,364274,False,779594,4672242,1320215,80382,229112,3031794,1724814
0,layer1.0.downsample.0,1,916736,False,1894157,11358246,5259379,52069,457801,5578242,697566
1,layer1.0.downsample.0,1,918968,False,1883670,11296272,5259457,34434,398696,5592486,719352
2,layer1.0.downsample.0,1,912852,False,1878709,11266560,5258156,24815,357208,5613732,755418
3,layer1.0.downsample.0,1,906829,False,1866836,11195112,5251698,20695,360315,5550696,704772
4,layer1.0.downsample.0,1,918205,False,1874090,11239266,5259215,19195,327711,5621364,750840
5,layer1.0.downsample.0,1,905519,False,1869405,11210790,5259089,18604,315989,5605362,758148
6,layer1.0.downsample.0,1,907953,False,1872785,11231130,5258508,20502,336252,5603652,749394
0,layer1.0.downsample.1,1,363008,False,780670,4677048,1312885,109326,350446,2894640,1642530
1,layer1.0.downsample.1,1,358967,False,769375,4610106,1312712,95690,310566,2880876,1644720
2,layer1.0.downsample.1,1,358649,False,768256,4603614,1312994,89449,267355,2923380,1635180
3,layer1.0.downsample.1,1,359538,False,769566,4611708,1320085,81417,252354,2947194,1633080
4,layer1.0.downsample.1,1,359990,False,770831,4619202,1320637,83549,248744,2955390,1632624
5,layer1.0.downsample.1,1,369769,False,792531,4748916,1312736,82437,255015,3086724,1583970
6,layer1.0.downsample.1,1,363574,False,778334,4663896,1312581,81557,241107,3017820,1506126
0,layer1.0.add,1,346044,False,744545,4461288,562686,30500,205097,3651078,2244480
1,layer1.0.add,1,343094,False,736108,4409364,561703,16040,165585,3653634,2244246
2,layer1.0.add,1,336296,False,720429,4317168,554198,8040,108737,3634002,2228430
3,layer1.0.add,1,337552,False,723900,4337886,554311,11343,134394,3625542,2227422
4,layer1.0.add,1,333915,False,723739,4337424,552317,6903,103369,3615924,2215110
5,layer1.0.add,1,338080,False,724504,4341978,559745,10656,127503,3631674,2223474
6,layer1.0.add,1,333967,False,715830,4289448,552375,6491,109772,3608256,2210550
0,layer1.0.relu3,1,192417,False,421980,2526732,503731,23972,328672,1658076,825696
1,layer1.0.relu3,1,191703,False,417328,2498754,503620,15883,295663,1671246,840174
2,layer1.0.relu3,1,188295,False,410362,2456580,503635,11219,266619,1660482,827304
3,layer1.0.relu3,1,192818,False,420083,2515110,511616,8007,289400,1693992,854700
4,layer1.0.relu3,1,187993,False,409838,2453298,503603,7684,261790,1665738,824796
5,layer1.0.relu3,1,189764,False,412785,2471196,503593,6492,259060,1689390,847560
6,layer1.0.relu3,1,189888,False,413211,2473788,503626,7406,273137,1675866,839550
0,layer1.1.conv1,1,863971,False,1789138,10728936,5647186,51158,499948,4519368,245208
1,layer1.1.conv1,1,856936,False,1765112,10585338,5647367,39032,396351,4491138,232902
2,layer1.1.conv1,1,845506,False,1749319,10490166,5639616,25679,322520,4489230,234090
3,layer1.1.conv1,1,848942,False,1755594,10528266,5646968,28218,331296,4510002,247302
4,layer1.1.conv1,1,847531,False,1756378,10532826,5647691,23138,301758,4547886,271686
5,layer1.1.conv1,1,861745,False,1754017,10518264,5647004,21344,319628,4518276,255900
6,layer1.1.conv1,1,852815,False,1753364,10514916,5646299,22803,315236,4517274,249510
0,layer1.1.bn1,1,124429,False,277997,1662162,399790,69005,329392,851670,503580
1,layer1.1.bn1,1,119413,False,266004,1590756,399586,51652,279400,847896,496938
2,layer1.1.bn1,1,114433,False,253997,1518126,399464,33936,220670,852384,494220
3,layer1.1.bn1,1,115559,False,256505,1533186,399397,29799,208529,883644,517416
4,layer1.1.bn1,1,114131,False,253943,1517988,399424,23744,198141,884106,534984
5,layer1.1.bn1,1,114397,False,253509,1515126,399478,26397,216865,860466,495852
6,layer1.1.bn1,1,111931,False,249088,1489278,399377,27812,201263,848844,496446
0,layer1.1.relu1,1,64137,False,148016,883200,164877,20193,182057,503958,277506
1,layer1.1.relu1,1,63893,False,147961,882414,164824,20172,182222,502374,280656
2,layer1.1.relu1,1,64886,False,149064,889026,164842,10950,151272,549708,319782
3,layer1.1.relu1,1,62360,False,143186,853422,164815,7226,145049,523182,293076
4,layer1.1.relu1,1,62557,False,143596,856086,164777,5628,146185,526926,301152
5,layer1.1.relu1,1,62372,False,143499,855090,164796,6479,144041,527178,294690
6,layer1.1.relu1,1,61828,False,142593,850290,164812,5868,124667,542526,306900
0,layer1.1.conv2,1,2091348,False,4336177,26010852,13537706,198643,6332968,5935674,1850184
1,layer1.1.conv2,1,2069367,False,4302576,25810728,13538149,168178,6216662,5881458,1807548
2,layer1.1.conv2,1,2051313,False,4262763,25571400,13537457,139991,6095860,5789790,1731828
3,layer1.1.conv2,1,2049361,False,4263012,25572978,13535017,146053,6056709,5827314,1741968
4,layer1.1.conv2,1,2056871,False,4255081,25525074,13539553,148570,6043043,5786238,1720842
5,layer1.1.conv2,1,2045907,False,4254074,25518906,13547290,119415,6050652,5792604,1718292
6,layer1.1.conv2,1,2041439,False,4237642,25419870,13541018,118456,5976570,5774328,1707402
0,layer1.1.bn2,1,122438,False,273787,1636248,400119,64829,344131,816726,467916
1,layer1.1.bn2,1,117510,False,260881,1559868,400070,45757,261458,841242,491574
2,layer1.1.bn2,1,112867,False,250707,1498716,400035,33252,227767,825552,474306
3,layer1.1.bn2,1,112855,False,251450,1503228,400077,27968,213784,849666,508392
4,layer1.1.bn2,1,116607,False,258468,1545216,407852,28496,207892,889284,523836
5,layer1.1.bn2,1,111110,False,246771,1475268,399952,23180,183460,855480,513150
6,layer1.1.bn2,1,115578,False,256176,1531692,407756,27243,208131,876558,501606
0,layer1.1.relu2,1,63808,False,148801,886878,164897,21114,213334,475374,248874
1,layer1.1.relu2,1,66784,False,153978,918456,164852,14872,222260,503256,278034
2,layer1.1.relu2,1,64275,False,148736,886980,164866,10514,160115,537750,304404
3,layer1.1.relu2,1,67957,False,155386,926802,164941,11774,156951,580416,343968
4,layer1.1.relu2,1,62904,False,144711,862728,163237,7028,141571,538704,302124
5,layer1.1.relu2,1,61709,False,142430,848772,163246,5375,132772,534780,297294
6,layer1.1.relu2,1,63193,False,145170,865224,163261,5725,135684,547950,316476
0,layer1.1.conv3,1,964671,False,2006293,12031746,5259553,46635,512337,6200952,866328
1,layer1.1.conv3,1,954324,False,1976303,11851944,5259043,36157,468337,6077046,804480
2,layer1.1.conv3,1,958667,False,1968703,11806890,5259282,26725,415178,6092706,856380
3,layer1.1.conv3,1,952951,False,1955786,11729226,5258971,20556,362185,6075528,855558
4,layer1.1.conv3,1,943252,False,1955004,11723892,5259839,23157,394424,6034380,828912
5,layer1.1.conv3,1,949397,False,1945724,11667750,5258886,18714,357956,6019194,830850
6,layer1.1.conv3,1,943718,False,1949243,11690046,5259119,18028,387388,6012492,818682
0,layer1.1.bn3,1,388304,False,833233,4993962,1313295,119063,387624,3163428,1811280
1,layer1.1.bn3,1,381215,False,816804,4895412,1313055,98097,341785,3129942,1806372
2,layer1.1.bn3,1,384661,False,822801,4931340,1319600,87499,317875,3194448,1742730
3,layer1.1.bn3,1,376851,False,805762,4829070,1313000,76061,252342,3176994,1771536
4,layer1.1.bn3,1,374157,False,800949,4800048,1313004,80085,234128,3162174,1803186
5,layer1.1.bn3,1,376463,False,805390,4826652,1320348,77624,243564,3174102,1789542
6,layer1.1.bn3,1,372690,False,797491,4778946,1313023,78609,236377,3139866,1783440
0,layer1.1.add,1,354422,False,764925,4584018,562271,26288,223927,3759336,2348370
1,layer1.1.add,1,348148,False,746988,4476702,554367,16502,176726,3716754,2310702
2,layer1.1.add,1,343529,False,736526,4413966,554196,8897,129929,3708408,2297844
3,layer1.1.add,1,349064,False,747846,4480998,561063,9574,141075,3756660,2335242
4,layer1.1.add,1,341900,False,734855,4403688,554246,6552,112195,3718332,2304918
5,layer1.1.add,1,346002,False,742855,4451100,562036,8165,124197,3744108,2318658
6,layer1.1.add,1,344255,False,738904,4427562,554193,6512,108619,3745776,2329818
0,layer1.1.relu3,1,202863,False,452140,2705838,509781,25134,369455,1769466,932988
1,layer1.1.relu3,1,197348,False,429866,2572968,502076,12794,299934,1745862,916320
2,layer1.1.relu3,1,197220,False,429142,2568120,502012,8915,275893,1768962,936378
3,layer1.1.relu3,1,194829,False,424134,2538570,502040,6311,265249,1752510,921822
4,layer1.1.relu3,1,194552,False,423761,2536002,502068,7008,266169,1747812,912084
5,layer1.1.relu3,1,192703,False,419749,2510958,502034,9121,254936,1732488,895542
6,layer1.1.relu3,1,193852,False,422315,2527722,502008,6421,250395,1756536,920622
0,layer1.2.conv1,1,881340,False,1804039,10817754,5647312,48196,506296,4582782,274956
1,layer1.2.conv1,1,868239,False,1778852,10666068,5646241,33590,380608,4594272,289080
2,layer1.2.conv1,1,859058,False,1780128,10674702,5647515,29990,365636,4619244,309270
3,layer1.2.conv1,1,869664,False,1776061,10648854,5647038,27193,351416,4611192,307932
4,layer1.2.conv1,1,862978,False,1774641,10642044,5646915,23134,321007,4638942,330162
5,layer1.2.conv1,1,870061,False,1775410,10646490,5647363,25664,354210,4607316,305436
6,layer1.2.conv1,1,871716,False,1772082,10626156,5646988,25887,335690,4605624,300288
0,layer1.2.bn1,1,125453,False,279120,1668240,399966,51644,323917,881820,521292
1,layer1.2.bn1,1,119908,False,266304,1591500,400023,45210,266732,868332,498282
2,layer1.2.bn1,1,122682,False,272255,1627728,407598,40923,256578,911094,533898
3,layer1.2.bn1,1,117941,False,262016,1566366,399965,29196,229253,896034,525240
4,layer1.2.bn1,1,116054,False,258636,1545996,399893,25334,216646,892242,516090
5,layer1.2.bn1,1,120095,False,265410,1586688,407969,25934,222002,918858,535200
6,layer1.2.bn1,1,115846,False,257429,1537236,399918,24697,201886,898632,505044
0,layer1.2.relu1,1,63682,False,148581,884994,163334,20778,198439,489294,270786
1,layer1.2.relu1,1,62583,False,145098,864726,163202,12841,171481,505032,283902
2,layer1.2.relu1,1,61995,False,142934,851598,163221,9742,161847,504294,279450
3,layer1.2.relu1,1,62275,False,143518,854958,163150,6488,145153,527562,299202
4,layer1.2.relu1,1,60518,False,139661,832116,163197,5618,127589,523068,294876
5,layer1.2.relu1,1,63805,False,147970,880704,163148,4696,156097,543144,315804
6,layer1.2.relu1,1,63465,False,146263,871812,163193,5002,156731,534468,309402
0,layer1.2.conv2,1,2102579,False,4349851,26092008,13537273,190366,6370439,5987652,1909740
1,layer1.2.conv2,1,2069501,False,4303524,25815330,13536233,147148,6124401,5999622,1906914
2,layer1.2.conv2,1,2085012,False,4282786,25690374,13537334,131787,6055410,5957370,1867248
3,layer1.2.conv2,1,2062610,False,4274354,25640094,13533824,126523,6052675,5916738,1822380
4,layer1.2.conv2,1,2056332,False,4259997,25554204,13539318,126433,6014383,5865546,1784538
5,layer1.2.conv2,1,2043765,False,4255506,25526442,13537623,116568,5998001,5865282,1787070
6,layer1.2.conv2,1,2038465,False,4250275,25495866,13535589,103524,5983160,5864172,1778292
0,layer1.2.bn2,1,130516,False,290504,1736418,399707,64958,391277,869808,490626
1,layer1.2.bn2,1,125246,False,278073,1662198,399669,47928,314248,889116,526482
2,layer1.2.bn2,1,117526,False,262108,1565082,399536,34096,231567,888564,523662
3,layer1.2.bn2,1,116872,False,260188,1555074,399650,33907,214569,895026,527916
4,layer1.2.bn2,1,115388,False,256805,1534776,398341,28619,199342,896616,536460
5,layer1.2.bn2,1,114625,False,254743,1522230,398524,23735,190385,897480,513846
6,layer1.2.bn2,1,114296,False,254098,1518570,398388,24224,174769,909048,530094
0,layer1.2.relu2,1,66694,False,156175,931194,164850,22434,207450,522906,295014
1,layer1.2.relu2,1,64989,False,149639,893028,164787,15422,177660,523080,297756
2,layer1.2.relu2,1,64931,False,149413,891558,164771,9322,150084,554964,320256
3,layer1.2.relu2,1,64286,False,148417,885270,164774,6547,128796,572700,334770
4,layer1.2.relu2,1,63519,False,146782,874944,164779,6485,134507,556698,318228
5,layer1.2.relu2,1,63315,False,146708,874848,164754,4477,146405,546684,312696
6,layer1.2.relu2,1,62886,False,145006,864324,164752,5779,127854,553578,317322
0,layer1.2.conv3,1,966425,False,1995936,11969694,5259458,44544,501768,6153102,799068
1,layer1.2.conv3,1,959315,False,1975013,11844744,5257848,33151,402269,6102600,783012
2,layer1.2.conv3,1,963568,False,1965786,11789406,5259494,27133,423855,6066654,791370
3,layer1.2.conv3,1,999442,False,1987181,11917284,5268781,41390,493077,6102852,828720
4,layer1.2.conv3,1,951388,False,1952965,11712588,5258020,21181,387681,6034050,789054
5,layer1.2.conv3,1,954586,False,1970919,11820108,5264844,30805,418887,6093966,840912
6,layer1.2.conv3,1,952759,False,1954545,11721822,5259400,21747,394784,6034110,804642
0,layer1.2.bn3,1,385151,False,826465,4952526,1311435,113152,395266,3123330,1838856
1,layer1.2.bn3,1,383258,False,819670,4912638,1319156,98775,352053,3132852,1834854
2,layer1.2.bn3,1,382357,False,818233,4903944,1311253,92523,297681,3192198,1833240
3,layer1.2.bn3,1,383599,False,820952,4920096,1318599,85341,302268,3203442,1712508
4,layer1.2.bn3,1,374467,False,801619,4804392,1311129,78695,268375,3135072,1735830
5,layer1.2.bn3,1,372942,False,797932,4781928,1311275,78508,262409,3119028,1748160
6,layer1.2.bn3,1,377115,False,806525,4833840,1318521,81400,255474,3167748,1743492
0,layer1.2.add,1,341607,False,737362,4416996,554338,22649,190077,3637608,2234874
1,layer1.2.add,1,338652,False,727698,4360668,554197,13511,143382,3637344,2232354
2,layer1.2.add,1,334587,False,718335,4304724,554204,7502,128087,3602466,2203320
3,layer1.2.add,1,336041,False,721093,4320834,554195,7131,104139,3642546,2229138
4,layer1.2.add,1,339882,False,728016,4362708,561587,9493,122546,3656622,2241930
5,layer1.2.add,1,335355,False,718940,4308702,554193,6884,110134,3625080,2221200
6,layer1.2.add,1,339948,False,728202,4363950,562274,11070,126902,3651366,2233914
0,layer1.2.relu3,1,199289,False,433844,2598114,503672,16346,306278,1759506,923376
1,layer1.2.relu3,1,197230,False,428727,2566986,503611,14488,311360,1725306,897738
2,layer1.2.relu3,1,196377,False,426479,2553066,503593,9620,274552,1752864,917400
3,layer1.2.relu3,1,194982,False,423679,2536758,503614,7112,268477,1744818,910620
4,layer1.2.relu3,1,198331,False,430908,2580042,511616,9510,275132,1771644,921540
5,layer1.2.relu3,1,194356,False,421920,2526270,503589,7418,267521,1735284,904392
6,layer1.2.relu3,1,193069,False,420434,2517384,503642,8846,260508,1731900,905550
0,layer2.0.conv1,1,1677244,False,3397684,20381028,11202346,59123,454518,8654130,242460
1,layer2.0.conv1,1,1633153,False,3403115,20413290,11202996,55894,448981,8694240,275628
2,layer2.0.conv1,1,1647158,False,3411509,20463516,11203414,45709,427381,8775744,339564
3,layer2.0.conv1,1,1629109,False,3394292,20360466,11203079,44268,357065,8744604,305844
4,layer2.0.conv1,1,1636443,False,3394233,20360040,11212279,44638,366674,8724918,292386
5,layer2.0.conv1,1,1638324,False,3394507,20362080,11211229,49490,385309,8704482,272424
6,layer2.0.conv1,1,1641035,False,3391385,20343582,11211494,44442,364839,8711454,284286
0,layer2.0.bn1,1,212728,False,466072,2790666,702621,73737,364190,1639542,1000164
1,layer2.0.bn1,1,213692,False,464150,2779464,710406,63646,337718,1656786,985380
2,layer2.0.bn1,1,206050,False,448526,2685870,702529,55181,263394,1653804,973590
3,layer2.0.bn1,1,207492,False,450485,2697570,710265,45237,241884,1688790,1014120
4,layer2.0.bn1,1,199690,False,434054,2599104,702502,40363,201264,1643460,984846
5,layer2.0.bn1,1,201327,False,437961,2622468,702402,42069,217023,1649466,983106
6,layer2.0.bn1,1,201489,False,438854,2627808,702643,44770,243517,1625238,975750
0,layer2.0.relu1,1,110022,False,246929,1475940,285555,26639,256221,895428,461268
1,layer2.0.relu1,1,104793,False,233882,1397988,277820,19938,223268,864906,440094
2,layer2.0.relu1,1,103897,False,231417,1382862,277776,13996,215779,863046,434652
3,layer2.0.relu1,1,106381,False,237745,1421382,286047,10346,204257,908316,472668
4,layer2.0.relu1,1,103329,False,230313,1375962,277760,6490,181057,898176,467580
5,layer2.0.relu1,1,102152,False,229483,1371756,277835,6399,186879,886758,455382
6,layer2.0.relu1,1,105977,False,235893,1409958,285148,6759,177678,926814,477672
0,layer2.0.conv2,1,2222772,False,4627792,27760908,12837051,217127,5201691,9499692,2659374
1,layer2.0.conv2,1,2219999,False,4620586,27717240,12837772,168809,5078785,9621810,2719968
2,layer2.0.conv2,1,2213368,False,4618278,27704352,12844982,159879,4959623,9731802,2770608
3,layer2.0.conv2,1,2218843,False,4597754,27581064,12846649,140983,4952293,9633306,2734368
4,layer2.0.conv2,1,2201724,False,4568185,27403794,12834079,138251,4904245,9518748,2629416
5,layer2.0.conv2,1,2193777,False,4564103,27379374,12839672,117966,4884370,9528366,2646924
6,layer2.0.conv2,1,2198281,False,4560217,27355440,12834924,127312,4864758,9519720,2600064
0,layer2.0.bn2,1,93173,False,212683,1269732,252020,69810,389716,547782,308940
1,layer2.0.bn2,1,86268,False,194771,1162524,251900,36813,292783,569040,336072
2,layer2.0.bn2,1,81025,False,183602,1096218,251819,19292,223133,589656,346716
3,layer2.0.bn2,1,79719,False,180127,1075374,251873,15723,192667,601602,351228
4,layer2.0.bn2,1,77536,False,175363,1046094,251794,12791,181727,587586,334152
5,layer2.0.bn2,1,79192,False,178743,1067040,251671,13000,181897,608388,363882
6,layer2.0.bn2,1,77942,False,176577,1053972,251797,14592,182291,593268,338862
0,layer2.0.relu2,1,44088,False,107485,639840,108497,22262,179300,317130,187098
1,layer2.0.relu2,1,42157,False,102161,606990,108428,15370,163695,306018,174924
2,layer2.0.relu2,1,39702,False,96776,575334,108394,8166,118742,326586,194844
3,layer2.0.relu2,1,39504,False,96570,573606,108357,5716,119310,326796,199500
4,layer2.0.relu2,1,39646,False,95792,569370,108433,6535,113808,327750,195042
5,layer2.0.relu2,1,39518,False,103058,612600,114402,9463,145388,330012,197352
6,layer2.0.relu2,1,40964,False,99551,591528,108388,8193,126272,335154,204066
0,layer2.0.conv3,1,902095,False,1869729,11212530,5281741,38093,478699,5403060,671172
1,layer2.0.conv3,1,906333,False,1880990,11280342,5296943,33892,454387,5483700,733698
2,layer2.0.conv3,1,903087,False,1859582,11152332,5283113,22533,405323,5429256,691386
3,layer2.0.conv3,1,899903,False,1857319,11138274,5282264,16989,388031,5439096,704484
4,layer2.0.conv3,1,910044,False,1852735,11110584,5281487,16497,370326,5430360,695874
5,layer2.0.conv3,1,910804,False,1854303,11120340,5283157,18359,387956,5418780,687708
6,layer2.0.conv3,1,907968,False,1852862,11111502,5281382,15459,396367,5404866,678402
0,layer2.0.bn3,1,213377,False,467024,2796852,722783,65021,387124,1610832,943260
1,layer2.0.bn3,1,210684,False,458275,2743614,722575,49766,304500,1654950,940506
2,layer2.0.bn3,1,205284,False,445708,2668914,722592,37006,269214,1628424,951066
3,layer2.0.bn3,1,206264,False,447374,2678646,729854,31526,257177,1648206,945534
4,layer2.0.bn3,1,204864,False,444582,2662104,722467,29115,209072,1689162,925590
5,layer2.0.bn3,1,211906,False,459867,2753508,722630,30297,239108,1749066,930330
6,layer2.0.bn3,1,210267,False,456051,2730846,722450,27119,206685,1761480,941550
0,layer2.0.downsample.0,1,2397462,False,4995941,29968686,11226042,229982,1411129,17097048,7023180
1,layer2.0.downsample.0,1,2374474,False,4935612,29607774,11213675,149497,1182806,17053086,7007724
2,layer2.0.downsample.0,1,2360117,False,4923244,29534136,11217150,137338,1097589,17073480,7011456
3,layer2.0.downsample.0,1,2369729,False,4923124,29533056,11225330,127715,1081469,17088222,7031430
4,layer2.0.downsample.0,1,2368495,False,4914662,29482152,11227447,123423,1058770,17063970,6999408
5,layer2.0.downsample.0,1,2367273,False,4905007,29424552,11218230,117043,1021369,17058438,7004730
6,layer2.0.downsample.0,1,2389552,False,4924736,29542950,11229226,128658,1125456,17051220,7002630
0,layer2.0.downsample.1,1,203339,False,446782,2674608,723020,72289,365725,1503060,861612
1,layer2.0.downsample.1,1,200551,False,437461,2619198,723093,49603,326216,1508964,865344
2,layer2.0.downsample.1,1,196174,False,428938,2568312,723179,40297,283170,1509024,885894
3,layer2.0.downsample.1,1,193252,False,421557,2523840,722936,25505,210815,1552458,878082
4,layer2.0.downsample.1,1,196827,False,428107,2562648,730471,27361,239727,1552704,878592
5,layer2.0.downsample.1,1,192633,False,420157,2515488,722995,25372,212793,1540704,866640
6,layer2.0.downsample.1,1,197520,False,429857,2573850,730536,24243,185504,1618080,894780
0,layer2.0.add,1,175483,False,387147,2318160,303283,29249,204100,1768878,1064982
1,layer2.0.add,1,175809,False,386427,2313552,303234,20545,177812,1798638,1088664
2,layer2.0.add,1,171498,False,384257,2300358,310338,15664,144874,1815828,1093806
3,layer2.0.add,1,172705,False,378330,2264760,303199,7647,117557,1823568,1105242
4,layer2.0.add,1,175336,False,383375,2294622,310563,9991,133558,1827756,1107918
5,layer2.0.add,1,172265,False,377252,2258286,303256,7293,121926,1813128,1096170
6,layer2.0.add,1,175890,False,385584,2308218,310897,10161,124223,1850400,1124862
0,layer2.0.relu3,1,114362,False,254641,1521948,277788,21582,254353,956208,525252
1,layer2.0.relu3,1,112294,False,249803,1493196,277762,13864,207136,981780,542796
2,layer2.0.relu3,1,110784,False,245905,1469718,277731,8110,200003,971256,533010
3,layer2.0.relu3,1,114186,False,252846,1511160,285465,11158,217317,983556,537516
4,layer2.0.relu3,1,108148,False,240851,1439736,277710,7333,178990,962064,515922
5,layer2.0.relu3,1,109824,False,244280,1460394,277728,6553,186023,976488,529374
6,layer2.0.relu3,1,109673,False,243973,1458324,277753,5764,186252,975882,534462
0,layer2.1.conv1,1,879313,False,1806401,10831752,5702774,58167,489688,4569126,299862
1,layer2.1.conv1,1,872936,False,1784169,10699554,5702504,47692,412559,4524690,266178
2,layer2.1.conv1,1,875783,False,1778124,10663464,5702183,40131,347565,4561068,292140
3,layer2.1.conv1,1,854583,False,1774194,10640178,5702782,35688,342947,4545882,276540
4,layer2.1.conv1,1,852974,False,1773055,10632666,5702502,28299,334270,4555068,286890
5,layer2.1.conv1,1,868693,False,1771387,10623072,5702681,27710,313316,4565352,294372
6,layer2.1.conv1,1,853703,False,1764930,10584054,5695283,25382,333236,4517022,260310
0,layer2.1.bn1,1,85832,False,196111,1170636,252078,58877,319380,529602,288852
1,layer2.1.bn1,1,81746,False,185851,1109280,251980,37192,252198,555024,315984
2,layer2.1.bn1,1,82119,False,185759,1109010,251997,34158,271973,538740,307182
3,layer2.1.bn1,1,77410,False,175342,1046232,252111,22996,221680,536370,310380
4,layer2.1.bn1,1,77024,False,174507,1041594,250714,15615,166891,595908,343032
5,layer2.1.bn1,1,77325,False,174799,1042878,250755,16309,174698,588858,339390
6,layer2.1.bn1,1,79863,False,180207,1076310,258091,14461,195780,595488,351150
0,layer2.1.relu1,1,41463,False,101896,605610,108446,20984,160644,302436,177144
1,layer2.1.relu1,1,40747,False,98537,585654,108581,15436,153216,295854,172044
2,layer2.1.relu1,1,39693,False,96634,574314,108394,6920,131633,315102,187890
3,layer2.1.relu1,1,39350,False,103350,614742,116058,8832,140791,335982,201618
4,layer2.1.relu1,1,39869,False,96206,571662,108367,6316,127881,316878,188364
5,layer2.1.relu1,1,39869,False,96091,570756,108407,5680,125115,319110,192534
6,layer2.1.relu1,1,39854,False,97404,578700,108354,6615,123667,326274,195018
0,layer2.1.conv2,1,2039479,False,4234719,25402806,13303258,222099,5836074,6036408,1305006
1,layer2.1.conv2,1,2030498,False,4199676,25192740,13297478,190048,5695260,6002274,1278102
2,layer2.1.conv2,1,2022695,False,4210881,25259352,13301297,167944,5722338,6060720,1328694
3,layer2.1.conv2,1,2014801,False,4176457,25053738,13301733,144018,5578373,6021444,1283814
4,layer2.1.conv2,1,1998942,False,4165109,24985308,13296498,137693,5501819,6039606,1315560
5,layer2.1.conv2,1,1989122,False,4142854,24851844,13299044,132818,5446272,5964240,1251768
6,layer2.1.conv2,1,1984378,False,4142100,24846858,13300541,128154,5450638,5957088,1237452
0,layer2.1.bn2,1,90770,False,207093,1236786,251167,58002,343801,573054,339348
1,layer2.1.bn2,1,84202,False,191340,1143066,251030,36312,269291,574632,333084
2,layer2.1.bn2,1,83017,False,187267,1118328,251008,24732,224889,605886,356766
3,layer2.1.bn2,1,81441,False,183566,1096008,250867,12401,181058,639270,390564
4,layer2.1.bn2,1,79634,False,180026,1074648,250870,14671,178073,618414,360918
5,layer2.1.bn2,1,79873,False,180710,1078998,250891,13330,186878,615666,366270
6,layer2.1.bn2,1,80131,False,180280,1076022,250841,14889,189340,608442,351690
0,layer2.1.relu2,1,47250,False,114759,683184,108462,25808,195240,341424,205254
1,layer2.1.relu2,1,46389,False,109774,653238,108468,15824,165761,350940,219306
2,layer2.1.relu2,1,44550,False,106084,630552,108400,6887,116009,385692,248964
3,layer2.1.relu2,1,44811,False,105593,628056,108402,4459,107284,394086,249906
4,layer2.1.relu2,1,45139,False,108093,642582,108467,8570,129183,383718,246834
5,layer2.1.relu2,1,43479,False,104643,622092,108438,7155,103880,389976,249030
6,layer2.1.relu2,1,45528,False,108671,646590,108370,4234,105587,414750,269850
0,layer2.1.conv3,1,914547,False,1887902,11321100,5283503,45514,525094,5455788,717294
1,layer2.1.conv3,1,913760,False,1876803,11255808,5283727,34560,451338,5473752,723534
2,layer2.1.conv3,1,913271,False,1866489,11193366,5283849,20349,383137,5494008,743910
3,layer2.1.conv3,1,912028,False,1863931,11177856,5284659,23074,385344,5472654,729846
4,layer2.1.conv3,1,898953,False,1858527,11145390,5282702,18443,369666,5461350,729216
5,layer2.1.conv3,1,898439,False,1857636,11140458,5283728,17274,351127,5476338,733074
6,layer2.1.conv3,1,910341,False,1857557,11139750,5284353,18289,357913,5467254,726504
0,layer2.1.bn3,1,223412,False,489394,2930340,721567,87444,432470,1678860,960264
1,layer2.1.bn3,1,220012,False,477558,2860158,727999,53573,337928,1728816,1002360
2,layer2.1.bn3,1,213251,False,461839,2765550,721587,34076,271708,1726476,990630
3,layer2.1.bn3,1,216995,False,470005,2814204,729791,33021,266929,1771464,974496
4,layer2.1.bn3,1,208979,False,453898,2717874,721625,26286,225026,1732974,937176
5,layer2.1.bn3,1,206605,False,448303,2684346,721598,29504,199575,1721388,935034
6,layer2.1.bn3,1,209957,False,455023,2724804,728916,31418,225805,1726662,950886
0,layer2.1.add,1,179158,False,394027,2358822,303340,28807,201503,1812312,1109568
1,layer2.1.add,1,178069,False,389410,2331252,303302,17387,172999,1825530,1113720
2,layer2.1.add,1,174973,False,382220,2287884,303246,6708,116749,1848936,1135692
3,layer2.1.add,1,173933,False,380667,2278572,303209,5846,104883,1851864,1133712
4,layer2.1.add,1,174405,False,382292,2288328,303238,5688,113383,1852914,1130850
5,layer2.1.add,1,178168,False,389279,2330334,310788,10680,133378,1863246,1143648
6,layer2.1.add,1,173637,False,380785,2279334,303259,6393,113448,1842636,1124778
0,layer2.1.relu3,1,121644,False,269910,1614252,285179,20463,268596,1027050,581226
1,layer2.1.relu3,1,115415,False,256289,1532280,277786,12699,221114,1008372,570132
2,layer2.1.relu3,1,112740,False,249885,1493772,277700,5167,177354,1019352,574530
3,layer2.1.relu3,1,118265,False,261512,1563870,285782,7905,199551,1058370,603714
4,layer2.1.relu3,1,110824,False,245798,1469706,277743,5529,162208,1011558,567114
5,layer2.1.relu3,1,112415,False,249091,1489116,277735,5160,172825,1019538,575922
6,layer2.1.relu3,1,112555,False,249143,1489716,277686,3438,162770,1033230,582432
0,layer2.2.conv1,1,882164,False,1816907,10894920,5703698,62756,545550,4572486,305556
1,layer2.2.conv1,1,879267,False,1795826,10769628,5703687,35282,427366,4590930,319914
2,layer2.2.conv1,1,861529,False,1783503,10695708,5702591,32420,370277,4578900,305844
3,layer2.2.conv1,1,871272,False,1776548,10653972,5704106,31192,328989,4578228,309006
4,layer2.2.conv1,1,854376,False,1774430,10641336,5702751,28844,325445,4571508,301602
5,layer2.2.conv1,1,853769,False,1768775,10607400,5695432,30960,317357,4552008,291390
6,layer2.2.conv1,1,880223,False,1802403,10807890,5703598,32126,431807,4627770,355500
0,layer2.2.bn1,1,89561,False,203536,1215714,252329,46656,332419,572628,334866
1,layer2.2.bn1,1,92121,False,206871,1235784,259752,32458,277951,653658,395742
2,layer2.2.bn1,1,83540,False,188384,1124994,252217,27193,232927,600522,356676
3,layer2.2.bn1,1,79419,False,180590,1078140,252118,16388,194101,603180,359694
4,layer2.2.bn1,1,79198,False,178875,1067790,252140,13244,184181,605784,360138
5,layer2.2.bn1,1,84139,False,189813,1133472,259722,16969,214280,630162,372738
6,layer2.2.bn1,1,80194,False,181285,1082418,252185,12520,187625,617598,361488
0,layer2.2.relu1,1,46564,False,112414,668922,108469,20298,205483,321864,194124
1,layer2.2.relu1,1,43565,False,106272,631638,108463,18104,162964,328860,203712
2,layer2.2.relu1,1,46380,False,110053,655446,116068,14618,164518,347772,213030
3,layer2.2.relu1,1,43015,False,103527,615300,108362,8122,127963,358410,228126
4,layer2.2.relu1,1,42489,False,101983,606348,108339,4557,115369,365628,230784
5,layer2.2.relu1,1,41736,False,99996,594546,108355,5282,111053,357366,224706
6,layer2.2.relu1,1,42121,False,101868,605208,108381,5946,117506,359094,224670
0,layer2.2.conv2,1,2033206,False,4229986,25374000,13297959,232118,5798258,6040824,1306776
1,layer2.2.conv2,1,2021291,False,4184096,25098750,13292371,146004,5557064,6095754,1359990
2,layer2.2.conv2,1,2006489,False,4165217,24985332,13297365,143112,5550227,5986746,1263522
3,layer2.2.conv2,1,2020215,False,4182694,25089882,13301749,155671,5536158,6087486,1339140
4,layer2.2.conv2,1,1996204,False,4152808,24911004,13297485,124096,5461150,6019596,1299120
5,layer2.2.conv2,1,1994348,False,4152863,24911208,13299348,135783,5493612,5973852,1250448
6,layer2.2.conv2,1,1990634,False,4155378,24926406,13299203,123994,5468425,6025722,1290270
0,layer2.2.bn2,1,95632,False,218289,1304088,260787,63599,377537,591846,343782
1,layer2.2.bn2,1,84199,False,191429,1142670,252572,37777,282369,558048,314412
2,layer2.2.bn2,1,82987,False,187182,1117626,252372,19834,206412,626460,374562
3,layer2.2.bn2,1,78641,False,178606,1066350,252437,13725,187191,600798,364362
4,layer2.2.bn2,1,81220,False,183733,1096944,252364,14601,202006,615594,374118
5,layer2.2.bn2,1,84042,False,189201,1129146,260178,21262,214313,621396,368718
6,layer2.2.bn2,1,80193,False,182046,1086216,252521,16649,183858,620760,364644
0,layer2.2.relu2,1,48645,False,117750,701094,108463,23420,204120,353370,224706
1,layer2.2.relu2,1,47553,False,113667,676242,108565,18524,181311,355710,225486
2,layer2.2.relu2,1,46163,False,110682,658236,108384,10247,137366,389862,250140
3,layer2.2.relu2,1,45112,False,108305,643980,108378,7363,121615,394290,255234
4,layer2.2.relu2,1,44796,False,107591,639456,108345,4785,116310,396960,250110
5,layer2.2.relu2,1,44156,False,105872,629640,108366,5624,110897,392466,248880
6,layer2.2.relu2,1,44096,False,106062,630780,108402,5314,124193,380340,243750
0,layer2.2.conv3,1,909073,False,1884892,11303436,5283059,40021,491735,5477550,741528
1,layer2.2.conv3,1,912298,False,1875675,11248566,5283381,31246,441227,5481210,732186
2,layer2.2.conv3,1,911004,False,1863710,11176734,5282587,17137,383523,5481258,743568
3,layer2.2.conv3,1,900112,False,1861554,11163930,5282629,19562,393697,5455926,716964
4,layer2.2.conv3,1,900924,False,1859494,11152116,5282409,17494,372295,5467794,721332
5,layer2.2.conv3,1,911199,False,1856495,11133672,5281536,13874,359887,5466138,719148
6,layer2.2.conv3,1,906648,False,1862602,11170134,5282649,16104,366646,5492718,748374
0,layer2.2.bn3,1,221511,False,483602,2895846,730735,64345,365145,1724742,1019994
1,layer2.2.bn3,1,214948,False,466649,2794422,723427,46940,335761,1676406,985716
2,layer2.2.bn3,1,211663,False,461014,2760756,723384,33238,253330,1738884,1008078
3,layer2.2.bn3,1,214444,False,465179,2785758,730806,32447,256793,1752618,979134
4,layer2.2.bn3,1,207828,False,451418,2703084,723359,27604,259863,1679238,969540
5,layer2.2.bn3,1,206460,False,448561,2684688,723165,25353,212977,1710762,997008
6,layer2.2.bn3,1,211033,False,457932,2742330,731736,28824,229953,1739454,998550
0,layer2.2.add,1,179213,False,395682,2368704,303354,30561,195134,1827810,1118382
1,layer2.2.add,1,178431,False,390942,2339796,303255,15318,160092,1848990,1140186
2,layer2.2.add,1,176346,False,386378,2312934,303247,8507,129571,1859250,1143288
3,layer2.2.add,1,183358,False,401472,2404020,303181,6412,130252,1951638,1224192
4,layer2.2.add,1,180558,False,396094,2371260,303271,7774,117037,1928406,1201446
5,layer2.2.add,1,179979,False,395386,2366640,303264,6414,113813,1929474,1204956
6,layer2.2.add,1,183882,False,401558,2403906,311068,9364,135278,1935762,1205016
0,layer2.2.relu3,1,119831,False,267838,1601658,277839,22141,255857,1033854,592398
1,layer2.2.relu3,1,118537,False,263666,1576464,277801,13782,233128,1039320,597336
2,layer2.2.relu3,1,115324,False,255209,1525644,277798,5302,186697,1043334,594138
3,layer2.2.relu3,1,116358,False,257870,1541718,277867,13891,208003,1029546,584298
4,layer2.2.relu3,1,116783,False,258515,1545600,283803,8631,186232,1054416,602928
5,layer2.2.relu3,1,112621,False,249893,1493778,276252,9424,184772,1010544,568650
6,layer2.2.relu3,1,112775,False,251186,1501428,276182,7123,184542,1019646,582102
0,layer2.3.conv1,1,874770,False,1806557,10833372,5703950,50254,466829,4600026,326730
1,layer2.3.conv1,1,870115,False,1785029,10705248,5704101,32650,372606,4584168,317778
2,layer2.3.conv1,1,866736,False,1790395,10736010,5703331,36391,414081,4569252,305472
3,layer2.3.conv1,1,869164,False,1776824,10655460,5703833,27295,340272,4571766,309486
4,layer2.3.conv1,1,870279,False,1771350,10622514,5702961,26017,333204,4548570,282930
5,layer2.3.conv1,1,863325,False,1778487,10665414,5704792,27150,355487,4564836,295104
6,layer2.3.conv1,1,863136,False,1776714,10654632,5702886,28152,334566,4577268,302364
0,layer2.3.bn1,1,90962,False,206947,1236672,252326,52376,367082,553032,316104
1,layer2.3.bn1,1,83469,False,189079,1129476,252233,35376,267371,562872,324150
2,layer2.3.bn1,1,78357,False,178042,1062600,251999,15863,231622,550782,318930
3,layer2.3.bn1,1,80223,False,189713,1132872,259456,18409,224507,618150,353616
4,layer2.3.bn1,1,80289,False,181423,1083168,252074,14514,204690,599670,360132
5,layer2.3.bn1,1,78167,False,176858,1055748,252226,14513,203240,573552,331584
6,layer2.3.bn1,1,76831,False,174155,1039026,252095,14455,184490,575850,329982
0,layer2.3.relu1,1,47303,False,115046,684972,114263,21768,221405,315666,192282
1,layer2.3.relu1,1,41399,False,100026,594366,106753,10128,140922,324210,194514
2,layer2.3.relu1,1,41777,False,100721,599124,106742,8985,158587,312012,190206
3,layer2.3.relu1,1,39739,False,95480,567516,106755,7702,132798,307794,184488
4,layer2.3.relu1,1,38945,False,94220,559998,106790,6479,120562,313692,188940
5,layer2.3.relu1,1,42177,False,102193,607566,106790,5132,134571,347280,215712
6,layer2.3.relu1,1,40712,False,97280,578178,106733,6896,135201,316962,194730
0,layer2.3.conv2,1,2034661,False,4218890,25308444,13297502,210537,5709102,6085896,1352454
1,layer2.3.conv2,1,2021879,False,4187530,25120296,13298395,170786,5576211,6067560,1318902
2,layer2.3.conv2,1,2007323,False,4158954,24948468,13298517,147179,5499046,5995266,1264320
3,layer2.3.conv2,1,2004722,False,4161446,24963306,13294660,131073,5484919,6043566,1308912
4,layer2.3.conv2,1,1993825,False,4163893,24977916,13300654,141723,5493590,6034092,1295238
5,layer2.3.conv2,1,2008315,False,4175498,25047522,13301289,174984,5591690,5972850,1242078
6,layer2.3.conv2,1,2029712,False,4150276,24896706,13297090,146467,5470109,5975022,1234338
0,layer2.3.bn2,1,87585,False,200313,1195560,252773,51689,323830,556110,325392
1,layer2.3.bn2,1,85651,False,193413,1154838,252956,38771,269758,581976,343698
2,layer2.3.bn2,1,86918,False,195540,1167528,261179,26479,243519,623238,371814
3,layer2.3.bn2,1,82061,False,186323,1112136,252831,18404,221854,606912,359178
4,layer2.3.bn2,1,80750,False,181867,1085478,253040,16655,183282,620220,378228
5,layer2.3.bn2,1,81326,False,191040,1140588,260114,16229,184690,631008,385026
6,layer2.3.bn2,1,81025,False,182843,1091538,252918,15968,193873,616440,379038
0,layer2.3.relu2,1,46845,False,113301,674850,106885,21545,186707,347958,218208
1,layer2.3.relu2,1,44750,False,107387,639096,106901,15253,149965,354966,219798
2,layer2.3.relu2,1,43533,False,104173,619242,106848,8854,130416,359490,225354
3,layer2.3.relu2,1,41881,False,100636,597942,106828,7625,123104,346518,215670
4,layer2.3.relu2,1,41805,False,100638,598296,106796,5869,113531,358512,223062
5,layer2.3.relu2,1,41124,False,98991,587718,106826,6383,109424,351468,219678
6,layer2.3.relu2,1,40954,False,98354,584532,106772,5164,113496,346476,217656
0,layer2.3.conv3,1,915388,False,1892124,11346726,5283267,46382,560038,5446116,711612
1,layer2.3.conv3,1,925456,False,1906705,11434962,5283610,32058,540408,5565348,805344
2,layer2.3.conv3,1,912862,False,1875525,11247396,5283153,25624,414727,5511348,758472
3,layer2.3.conv3,1,915078,False,1870821,11218980,5283658,21393,376274,5524596,774048
4,layer2.3.conv3,1,896658,False,1864058,11178444,5282704,19277,351040,5511012,756966
5,layer2.3.conv3,1,916579,False,1861235,11161890,5283779,21242,362023,5483106,751836
6,layer2.3.conv3,1,897837,False,1859515,11150970,5283107,18168,353022,5483484,736494
0,layer2.3.bn3,1,223742,False,491350,2941140,724219,68158,366496,1770630,1030980
1,layer2.3.bn3,1,217928,False,474501,2842248,723874,52691,367619,1686600,982200
2,layer2.3.bn3,1,214136,False,465209,2784864,723840,40973,305341,1702704,1000662
3,layer2.3.bn3,1,213777,False,464869,2783412,723742,33164,232147,1781148,1003128
4,layer2.3.bn3,1,213974,False,465013,2784708,723765,30389,211264,1807332,1025250
5,layer2.3.bn3,1,216409,False,469580,2812134,731290,29178,229641,1809930,1001484
6,layer2.3.bn3,1,211170,False,458618,2745744,723755,27508,188961,1792824,991644
0,layer2.3.add,1,181245,False,401008,2399394,303335,30882,208767,1843716,1135350
1,layer2.3.add,1,182679,False,400335,2396352,311192,19137,170435,1882044,1156872
2,layer2.3.add,1,175277,False,384122,2299644,303300,9845,121516,1851570,1134390
3,layer2.3.add,1,176782,False,388297,2323512,303336,10606,125935,1870002,1148784
4,layer2.3.add,1,174551,False,390299,2335932,308707,10757,132336,1870686,1131318
5,layer2.3.add,1,174954,False,382443,2289354,301415,6929,109149,1858110,1137780
6,layer2.3.add,1,174664,False,381800,2285124,301403,7012,112116,1851120,1135518
0,layer2.3.relu3,1,120552,False,267777,1601304,277804,19256,245359,1045716,598686
1,layer2.3.relu3,1,116915,False,260252,1555008,277757,10958,201128,1050594,606642
2,layer2.3.relu3,1,115714,False,256887,1536600,277680,5972,187035,1052598,608328
3,layer2.3.relu3,1,115142,False,256708,1534542,277767,7865,181641,1053570,603396
4,layer2.3.relu3,1,114089,False,252961,1511982,277745,6429,180031,1034400,588624
5,layer2.3.relu3,1,118771,False,263042,1572912,285123,9605,182590,1082238,624216
6,layer2.3.relu3,1,113307,False,251296,1502736,277751,6423,161540,1043514,594348
0,layer3.0.conv1,1,1820203,False,3756939,22535826,10403065,49227,596720,11474250,1934190
1,layer3.0.conv1,1,1825889,False,3808971,22848216,10410229,42388,575011,11808528,2161734
2,layer3.0.conv1,1,1811498,False,3761844,22565802,10404981,29579,511500,11607534,2015508
3,layer3.0.conv1,1,1867659,False,3738157,22423698,10402924,20305,430568,11557968,1979322
4,layer3.0.conv1,1,1831139,False,3764183,22579740,10403577,21380,417735,11725140,2089242
5,layer3.0.conv1,1,1806294,False,3720726,22318842,10403735,19765,415945,11467446,1919808
6,layer3.0.conv1,1,1789751,False,3711450,22263582,10403808,15306,407233,11424954,1892040
0,layer3.0.bn1,1,120800,False,278175,1663014,416723,52116,337939,844686,452244
1,layer3.0.bn1,1,116741,False,259578,1552038,409887,35650,252745,841908,463272
2,layer3.0.bn1,1,116421,False,258040,1542726,409771,23770,229336,867780,478194
3,layer3.0.bn1,1,114816,False,254890,1524096,409738,23400,208359,870354,479880
4,layer3.0.bn1,1,114132,False,252850,1511766,409818,22010,204937,862332,474012
5,layer3.0.bn1,1,112162,False,249125,1488960,409760,17502,187396,862008,466818
6,layer3.0.bn1,1,114037,False,252460,1509492,409867,17602,198281,871260,475098
0,layer3.0.relu1,1,66480,False,155419,926976,172600,24794,212138,505518,270426
1,layer3.0.relu1,1,60964,False,142626,850128,164861,14866,171498,486552,261510
2,layer3.0.relu1,1,59861,False,138113,823224,164862,8304,141964,494304,265392
3,layer3.0.relu1,1,59853,False,138372,825042,164805,5707,135645,506556,275622
4,layer3.0.relu1,1,60769,False,140411,837036,164855,6323,135900,516354,288420
5,layer3.0.relu1,1,59412,False,137689,820458,164822,6390,140153,496674,271284
6,layer3.0.relu1,1,59737,False,138802,826902,164842,7139,141529,500880,275682
0,layer3.0.conv2,1,2332568,False,4873257,29233680,14699772,207134,6255698,8065290,2772186
1,layer3.0.conv2,1,2315685,False,4808833,28847406,14708878,202424,5992641,7937196,2669184
2,layer3.0.conv2,1,2294820,False,4759396,28550826,14706445,142459,5830615,7863156,2593962
3,layer3.0.conv2,1,2283048,False,4750118,28495380,14703834,139834,5830878,7812216,2541168
4,layer3.0.conv2,1,2314455,False,4825190,28945530,14707188,141734,5884330,8203428,2929836
5,layer3.0.conv2,1,2305260,False,4783710,28695864,14704007,112832,5757620,8111946,2819142
6,layer3.0.conv2,1,2293105,False,4774806,28643052,14714229,139982,5769595,7993578,2729700
0,layer3.0.bn2,1,70987,False,164887,983190,186109,53122,312652,419718,252972
1,layer3.0.bn2,1,69377,False,159990,954090,185882,37932,264924,453468,290466
2,layer3.0.bn2,1,64454,False,148150,882924,185777,17507,192769,474540,307752
3,layer3.0.bn2,1,62656,False,144997,864192,185780,17401,193953,454806,297726
4,layer3.0.bn2,1,64494,False,147642,880374,185730,10979,168883,502176,330726
5,layer3.0.bn2,1,63261,False,145842,869694,185792,11856,198196,461490,296538
6,layer3.0.bn2,1,63223,False,146092,870156,185731,12695,175815,482286,311766
0,layer3.0.relu2,1,36580,False,92484,549396,80193,19534,159582,277620,196362
1,layer3.0.relu2,1,35223,False,86873,515526,80106,11827,121485,289716,201294
2,layer3.0.relu2,1,35044,False,87205,516888,80124,8757,112042,303294,214314
3,layer3.0.relu2,1,35649,False,87296,517752,80254,11244,121725,292410,209484
4,layer3.0.relu2,1,32542,False,80962,480678,78531,8073,104737,276546,192480
5,layer3.0.relu2,1,33164,False,81884,485958,78514,5857,101014,288162,201042
6,layer3.0.relu2,1,31928,False,79882,474000,78547,5871,96635,280464,189078
0,layer3.0.conv3,1,1032027,False,2134784,12802674,5912878,46180,502691,6330108,1024854
1,layer3.0.conv3,1,1035523,False,2108762,12646764,5905260,29413,422454,6277854,987066
2,layer3.0.conv3,1,1035409,False,2113051,12671892,5904814,20255,407043,6327738,1008198
3,layer3.0.conv3,1,1031912,False,2100944,12600264,5905224,17705,375518,6289530,996096
4,layer3.0.conv3,1,1022492,False,2094406,12561042,5904381,14455,370445,6259656,975972
5,layer3.0.conv3,1,1016401,False,2091926,12545760,5903667,16965,353871,6259362,977502
6,layer3.0.conv3,1,1023648,False,2087828,12521256,5905480,15689,346870,6241260,944820
0,layer3.0.bn3,1,134227,False,298927,1788438,458507,58081,344176,916920,452262
1,layer3.0.bn3,1,131989,False,291423,1743300,465550,43313,318224,904974,448932
2,layer3.0.bn3,1,123800,False,273768,1636950,458105,29315,242827,894630,425916
3,layer3.0.bn3,1,123912,False,273645,1636494,458141,25006,233079,908196,438558
4,layer3.0.bn3,1,121620,False,268518,1605546,458094,19249,207960,907806,442584
5,layer3.0.bn3,1,121289,False,267648,1600032,458044,17294,193968,918360,445320
6,layer3.0.bn3,1,121123,False,268097,1603302,458099,18673,204993,907494,450204
0,layer3.0.downsample.0,1,2369970,False,4837778,29020476,10991892,202646,1351395,16468872,5978874
1,layer3.0.downsample.0,1,2297160,False,4794021,28758738,10983605,170182,1169254,16428642,5963190
2,layer3.0.downsample.0,1,2306890,False,4760246,28555794,10981324,143443,1064954,16357542,5905224
3,layer3.0.downsample.0,1,2279617,False,4761460,28563948,10992785,172149,1111581,16280862,5821542
4,layer3.0.downsample.0,1,2283457,False,4743339,28454028,10983888,132154,1056405,16273350,5814240
5,layer3.0.downsample.0,1,2293254,False,4760453,28555962,10984019,135736,1151623,16276560,5814456
6,layer3.0.downsample.0,1,2277894,False,4724191,28339182,10985343,122150,991859,16229508,5774586
0,layer3.0.downsample.1,1,142264,False,317061,1896954,465737,67908,376969,975900,509790
1,layer3.0.downsample.1,1,131210,False,291182,1740900,458468,43840,328772,898164,451650
2,layer3.0.downsample.1,1,132213,False,292856,1751136,466153,29847,244568,997212,510048
3,layer3.0.downsample.1,1,124979,False,277003,1655160,458494,24551,208958,949896,474036
4,layer3.0.downsample.1,1,123614,False,273196,1633374,458367,17510,181591,963456,476898
5,layer3.0.downsample.1,1,123396,False,273626,1635876,458368,19723,209815,935628,458082
6,layer3.0.downsample.1,1,122345,False,270530,1616826,458386,18797,165854,961518,480474
0,layer3.0.add,1,99419,False,224770,1342752,177805,25779,170802,956406,587196
1,layer3.0.add,1,96726,False,217552,1297986,177736,11870,141062,954798,589782
2,layer3.0.add,1,94812,False,213587,1275684,177699,6828,111787,966960,599016
3,layer3.0.add,1,95901,False,215899,1289964,177721,5925,123561,969234,599118
4,layer3.0.add,1,95340,False,214030,1278714,177760,6773,98629,983124,610440
5,layer3.0.add,1,94761,False,213533,1275924,177724,6838,107282,971670,598260
6,layer3.0.add,1,94706,False,212741,1271070,177755,5681,110094,965130,594894
0,layer3.0.relu3,1,70992,False,163673,976230,163291,16597,178268,605922,361374
1,layer3.0.relu3,1,77590,False,178336,1064136,163382,11289,254649,621504,375528
2,layer3.0.relu3,1,73303,False,167412,999438,163231,6520,164839,651642,403170
3,layer3.0.relu3,1,72155,False,165126,985350,163208,6944,144304,657504,402438
4,layer3.0.relu3,1,72175,False,165621,987786,163236,6307,155734,648966,399108
5,layer3.0.relu3,1,71052,False,163349,974808,163283,7757,143254,647010,398574
6,layer3.0.relu3,1,70744,False,162159,967758,163219,6709,142681,641718,391974
0,layer3.1.conv1,1,1099302,False,2246500,13473366,5919042,50783,569510,6923148,1755096
1,layer3.1.conv1,1,1098869,False,2259048,13548768,5925853,32673,508661,7066518,1890726
2,layer3.1.conv1,1,1076391,False,2235924,13410396,5919613,22024,424116,7031544,1895724
3,layer3.1.conv1,1,1081435,False,2209546,13251684,5918518,18405,409079,6893604,1798278
4,layer3.1.conv1,1,1077797,False,2217524,13299210,5919072,19273,373954,6974826,1867098
5,layer3.1.conv1,1,1075661,False,2200845,13199748,5925559,19874,377169,6824538,1764840
6,layer3.1.conv1,1,1081839,False,2218026,13302210,5919228,17318,366530,6986982,1885296
0,layer3.1.bn1,1,77289,False,178236,1063032,193979,60744,367021,430260,269874
1,layer3.1.bn1,1,70285,False,161483,962550,186253,38633,260458,465588,305070
2,layer3.1.bn1,1,64695,False,148128,882750,185995,23223,220457,441090,281220
3,layer3.1.bn1,1,64249,False,147666,879726,185876,21976,218466,441210,281910
4,layer3.1.bn1,1,61035,False,140803,838410,184614,14846,176463,450252,285738
5,layer3.1.bn1,1,64447,False,148043,882318,184565,13834,184403,487302,326376
6,layer3.1.bn1,1,63114,False,145996,870762,184623,14287,181004,478536,310068
0,layer3.1.relu1,1,37878,False,94700,561342,80249,20293,183201,265470,183792
1,layer3.1.relu1,1,37672,False,92807,550422,80223,17652,162043,278370,192486
2,layer3.1.relu1,1,36094,False,88779,526404,80200,11044,135246,286284,200232
3,layer3.1.relu1,1,35471,False,87243,517050,80141,9604,138343,276636,192600
4,layer3.1.relu1,1,34385,False,85233,505488,80143,7322,118135,287466,202638
5,layer3.1.relu1,1,35468,False,87493,519030,80145,6339,126708,293130,205038
6,layer3.1.relu1,1,33906,False,83808,497448,80126,6535,115229,282990,197304
0,layer3.1.conv2,1,2164575,False,4521260,27121200,12158773,256721,3389672,11310942,2015004
1,layer3.1.conv2,1,2149890,False,4479604,26871456,12159361,226337,3185419,11295036,2020200
2,layer3.1.conv2,1,2143250,False,4473159,26832924,12155641,191236,3217564,11261310,1966806
3,layer3.1.conv2,1,2135651,False,4443130,26651844,12153932,163554,3068047,11258316,1962228
4,layer3.1.conv2,1,2134969,False,4448148,26682690,12165060,170190,2987819,11350278,2020200
5,layer3.1.conv2,1,2123863,False,4426322,26551806,12157748,161294,2990067,11233314,1932264
6,layer3.1.conv2,1,2121692,False,4424549,26540778,12153975,173291,3008631,11196108,1913622
0,layer3.1.bn2,1,77107,False,178633,1063362,184995,56354,357685,452148,300132
1,layer3.1.bn2,1,73012,False,174677,1042212,192050,46179,291097,499338,322758
2,layer3.1.bn2,1,74256,False,170002,1013520,184909,32212,287415,496032,340920
3,layer3.1.bn2,1,69155,False,158460,945132,184949,22812,233073,491298,332676
4,layer3.1.bn2,1,66424,False,159482,950952,184884,15274,180941,517110,351642
5,layer3.1.bn2,1,65707,False,150808,898554,184811,12960,187235,500568,337026
6,layer3.1.bn2,1,66351,False,153105,912198,184846,10729,179864,523296,360276
0,layer3.1.relu2,1,37492,False,93933,557712,80229,21372,179845,262188,183630
1,layer3.1.relu2,1,37510,False,91942,546690,80209,17745,147637,288048,203838
2,layer3.1.relu2,1,34500,False,85247,505062,80143,9258,135047,267084,184698
3,layer3.1.relu2,1,35171,False,86949,515766,80117,7469,113248,300474,212088
4,layer3.1.relu2,1,33197,False,82271,488214,80180,6433,107532,281514,198678
5,layer3.1.relu2,1,34931,False,85892,509736,80317,6675,106053,303930,214710
6,layer3.1.relu2,1,34276,False,84662,501618,80125,7364,119412,282012,195240
0,layer3.1.conv3,1,1056357,False,2160354,12955728,5920577,48449,570035,6404994,1104318
1,layer3.1.conv3,1,1018109,False,2116943,12696540,5904370,32275,438016,6308064,1007322
2,layer3.1.conv3,1,1032990,False,2105113,12625152,5905559,19265,380331,6307626,1030446
3,layer3.1.conv3,1,1016911,False,2109716,12652338,5905042,16001,348676,6368034,1054302
4,layer3.1.conv3,1,1015578,False,2096995,12576252,5905216,13187,351853,6291546,992604
5,layer3.1.conv3,1,1024765,False,2117549,12699186,5905013,16478,436737,6325236,1016604
6,layer3.1.conv3,1,1016420,False,2105388,12626826,5905123,14962,363551,6330162,1039530
0,layer3.1.bn3,1,137667,False,307842,1841208,457266,65116,359086,947874,476982
1,layer3.1.bn3,1,131555,False,292586,1750578,457363,42525,307012,931104,471294
2,layer3.1.bn3,1,126379,False,280399,1676730,457358,32871,238628,934674,463602
3,layer3.1.bn3,1,128541,False,284902,1703676,457354,23907,222019,987000,506424
4,layer3.1.bn3,1,128933,False,284921,1703904,464849,27035,223667,974886,496212
5,layer3.1.bn3,1,123127,False,272515,1629828,457237,17091,184664,957522,482526
6,layer3.1.bn3,1,121161,False,268811,1607556,457218,20194,187947,929046,463980
0,layer3.1.add,1,104209,False,235677,1408710,177847,22129,165648,1031226,659508
1,layer3.1.add,1,102093,False,229417,1371216,177766,18443,153102,1008600,641376
2,layer3.1.add,1,101107,False,227857,1362348,177712,10203,120901,1041276,664710
3,layer3.1.add,1,99734,False,224449,1341402,177733,7904,98823,1043490,665208
4,layer3.1.add,1,99065,False,222313,1328562,177706,5172,93764,1039458,661434
5,layer3.1.add,1,98979,False,222240,1327590,177725,6687,101524,1029270,650754
6,layer3.1.add,1,99551,False,223462,1335336,177709,7070,90384,1047702,664770
0,layer3.1.relu3,1,79204,False,181547,1084050,172237,20698,207917,671232,413394
1,layer3.1.relu3,1,73379,False,167861,1002102,164781,13675,168815,641388,389382
2,layer3.1.relu3,1,72901,False,166228,991932,164778,7475,130991,675060,420606
3,layer3.1.relu3,1,71687,False,163397,975066,164839,7575,124514,665472,413184
4,layer3.1.relu3,1,72104,False,164565,982038,164840,5989,127125,671604,411846
5,layer3.1.relu3,1,74876,False,171028,1020894,164799,6901,172914,662430,412182
6,layer3.1.relu3,1,71508,False,163408,975036,164788,6215,130816,660702,411642
0,layer3.2.conv1,1,1097269,False,2240551,13438284,5918558,35954,509389,6961596,1756926
1,layer3.2.conv1,1,1075599,False,2215251,13285926,5918837,26047,423672,6905016,1790970
2,layer3.2.conv1,1,1071509,False,2228204,13364070,5918951,17188,361442,7054518,1915272
3,layer3.2.conv1,1,1071002,False,2216883,13293372,5919436,19147,425616,6915846,1830432
4,layer3.2.conv1,1,1075976,False,2215576,13288104,5917138,17305,378338,6962232,1851096
5,layer3.2.conv1,1,1072963,False,2218542,13305990,5917653,15075,366574,6993738,1886082
6,layer3.2.conv1,1,1079204,False,2207449,13239258,5918552,12676,398699,6896184,1824678
0,layer3.2.bn1,1,72207,False,167904,1002372,186792,51523,319208,433998,277134
1,layer3.2.bn1,1,72290,False,166339,992874,194489,37361,297362,451074,286158
2,layer3.2.bn1,1,68430,False,157242,937908,187031,22923,235421,479382,312144
3,layer3.2.bn1,1,65031,False,150414,896958,186822,13375,208532,474642,313104
4,layer3.2.bn1,1,64728,False,149611,892266,186774,11207,181237,499212,334950
5,layer3.2.bn1,1,64106,False,147970,882468,186793,10676,192192,479502,312900
6,layer3.2.bn1,1,63703,False,153802,917304,194360,11902,204008,493590,325752
0,layer3.2.relu1,1,38915,False,96437,572946,80202,19707,169200,290478,203394
1,layer3.2.relu1,1,35095,False,87256,518286,80321,14524,138207,270438,185676
2,layer3.2.relu1,1,34120,False,84743,502962,80174,10324,115197,283596,200808
3,layer3.2.relu1,1,33933,False,84003,498816,80126,7711,119509,277476,194448
4,layer3.2.relu1,1,33601,False,83714,496788,80176,7216,104155,290214,205572
5,layer3.2.relu1,1,37785,False,92038,546360,87914,8412,118277,318294,221706
6,layer3.2.relu1,1,34029,False,84186,499608,80156,6344,102426,294792,209064
0,layer3.2.conv2,1,2175780,False,4518455,27103158,12156068,195049,3312569,11431950,2112540
1,layer3.2.conv2,1,2147598,False,4467844,26801256,12161226,196346,3132166,11304270,2038452
2,layer3.2.conv2,1,2132437,False,4436076,26610402,12164223,182620,3084529,11170350,1888794
3,layer3.2.conv2,1,2132269,False,4436329,26612532,12159315,181800,3042459,11220972,1924356
4,layer3.2.conv2,1,2115220,False,4415247,26486430,12156225,156875,3007943,11156424,1905600
5,layer3.2.conv2,1,2123409,False,4422258,26528370,12166516,146946,2999334,11204910,1903416
6,layer3.2.conv2,1,2145044,False,4470869,26819754,12159489,142898,3074097,11434308,2124876
0,layer3.2.bn2,1,76431,False,177132,1056834,186164,66482,356256,437616,280176
1,layer3.2.bn2,1,70799,False,162770,971082,186272,39218,293379,439248,286884
2,layer3.2.bn2,1,73159,False,167808,1001964,186153,23795,287364,490254,332844
3,layer3.2.bn2,1,67578,False,155739,928686,186059,13002,199939,516378,344430
4,layer3.2.bn2,1,65714,False,150884,899922,186180,9237,191609,498996,334056
5,layer3.2.bn2,1,72117,False,164665,982404,193555,14574,202905,558006,379470
6,layer3.2.bn2,1,67190,False,153745,917178,186122,11218,169853,536646,367188
0,layer3.2.relu2,1,35439,False,89959,534348,80229,20669,182600,237456,161142
1,layer3.2.relu2,1,35062,False,95015,516630,80251,18082,150462,255072,175674
2,layer3.2.relu2,1,34673,False,86207,511494,80193,8785,119579,288036,203418
3,layer3.2.relu2,1,35802,False,88947,527988,80169,10888,130293,292920,206226
4,layer3.2.relu2,1,34395,False,85405,507156,80202,10568,132388,269448,187548
5,layer3.2.relu2,1,35035,False,86566,513936,80199,7955,146332,266352,186120
6,layer3.2.relu2,1,35239,False,86601,513882,80142,3464,108091,308424,217524
0,layer3.2.conv3,1,1032360,False,2118390,12705336,5902155,43213,478963,6268926,975510
1,layer3.2.conv3,1,1030385,False,2113494,12675696,5905074,35383,483693,6240162,945714
2,layer3.2.conv3,1,1012907,False,2105159,12625122,5904924,26124,413178,6267534,975330
3,layer3.2.conv3,1,1017332,False,2101776,12605748,5904322,15752,359089,6314514,1023990
4,layer3.2.conv3,1,1027645,False,2094455,12561054,5903851,14528,354189,6276240,980832
5,layer3.2.conv3,1,1017776,False,2096336,12572280,5903082,18045,385304,6253620,955014
6,layer3.2.conv3,1,1024130,False,2087731,12520980,5903993,17818,363334,6223752,946254
0,layer3.2.bn3,1,134896,False,301042,1800162,458125,61346,353157,915234,463440
1,layer3.2.bn3,1,129779,False,287519,1719876,458174,41343,277251,931110,470274
2,layer3.2.bn3,1,126614,False,280106,1674948,458061,24197,229536,951186,479190
3,layer3.2.bn3,1,122491,False,271266,1622028,457927,19499,201107,931344,465528
4,layer3.2.bn3,1,122004,False,270241,1616124,457893,18755,188060,939174,473244
5,layer3.2.bn3,1,121120,False,267571,1599948,457905,17973,174723,936978,459264
6,layer3.2.bn3,1,123003,False,272188,1627686,457965,16055,211779,929280,472380
0,layer3.2.add,1,108021,False,244117,1458888,177894,31117,202969,1034328,660294
1,layer3.2.add,1,104344,False,235895,1409598,177843,22252,162432,1034838,662130
2,layer3.2.add,1,101386,False,227968,1361892,177765,11390,116472,1043760,666552
3,layer3.2.add,1,100589,False,226064,1350516,177754,8942,115369,1034652,656352
4,layer3.2.add,1,100746,False,226345,1352616,177760,5881,91291,1062228,676260
5,layer3.2.add,1,100093,False,224965,1344294,177903,8271,112247,1033404,656940
6,layer3.2.add,1,101547,False,227944,1361868,177755,7349,114289,1049982,669732
0,layer3.2.relu3,1,76358,False,175066,1044702,164927,23640,207592,636576,385098
1,layer3.2.relu3,1,74794,False,171312,1022382,164896,17443,200703,627222,382236
2,layer3.2.relu3,1,73188,False,166759,994704,164844,8252,144308,665010,410646
3,layer3.2.relu3,1,78219,False,177399,1058808,172671,13601,182212,677652,419136
4,layer3.2.relu3,1,70483,False,161497,963528,163341,8423,149780,628224,378444
5,layer3.2.relu3,1,71137,False,162612,970218,163279,6833,143172,643788,393876
6,layer3.2.relu3,1,70552,False,161338,962466,163309,5367,134253,647028,394164
0,layer3.3.conv1,1,1099963,False,2268303,13603794,5927606,57815,574524,7032384,1841232
1,layer3.3.conv1,1,1084976,False,2218861,13308366,5919194,32318,436396,6908616,1814388
2,layer3.3.conv1,1,1093080,False,2231774,13384770,5919691,26584,420788,7006020,1897518
3,layer3.3.conv1,1,1079660,False,2217761,13300740,5919698,20249,352815,6995946,1878780
4,layer3.3.conv1,1,1068982,False,2199942,13193736,5919020,14616,381684,6866328,1795854
5,layer3.3.conv1,1,1085080,False,2213664,13276290,5925463,17254,354399,6967236,1862700
6,layer3.3.conv1,1,1065407,False,2208705,13246374,5918044,15232,337218,6963108,1857270
0,layer3.3.bn1,1,71114,False,166200,991122,186105,56355,330697,405876,252474
1,layer3.3.bn1,1,70293,False,162173,967188,186037,43569,297762,428496,273570
2,layer3.3.bn1,1,66051,False,152097,906612,185984,22715,234853,449856,287478
3,layer3.3.bn1,1,65173,False,150022,894054,186009,19751,202837,473046,311766
4,layer3.3.bn1,1,63405,False,147348,877260,185908,13893,182826,482100,315498
5,layer3.3.bn1,1,63170,False,145561,867258,185906,13774,193713,461280,303864
6,layer3.3.bn1,1,62637,False,144724,862092,185884,9970,180883,472998,311472
0,layer3.3.relu1,1,38218,False,97079,574974,79088,26054,204398,253524,168930
1,layer3.3.relu1,1,35442,False,88504,524700,78552,13631,131558,288492,204168
2,layer3.3.relu1,1,33774,False,84300,499434,78585,6632,89776,312078,219978
3,layer3.3.relu1,1,33407,False,83305,493512,78615,6327,90613,304716,209694
4,layer3.3.relu1,1,32068,False,80317,475866,78588,7403,104226,272922,189978
5,layer3.3.relu1,1,31750,False,80069,474258,78591,6249,108190,268674,185538
6,layer3.3.relu1,1,31947,False,87420,518172,85915,7658,112813,299508,210222
0,layer3.3.conv2,1,2183472,False,4552492,27308028,12167356,223077,3359235,11552688,2235498
1,layer3.3.conv2,1,2167861,False,4510278,27055296,12157897,198553,3194216,11497218,2185698
2,layer3.3.conv2,1,2163556,False,4493447,26954892,12163554,187073,3126197,11470230,2180508
3,layer3.3.conv2,1,2138277,False,4441979,26645682,12157959,137953,3000411,11339538,2046090
4,layer3.3.conv2,1,2135839,False,4426324,26551782,12155834,124701,2943478,11315094,2014488
5,layer3.3.conv2,1,2133450,False,4431570,26583486,12166713,124529,2987003,11295258,1981578
6,layer3.3.conv2,1,2142660,False,4442756,26651460,12157360,131484,3043963,11309076,2019696
0,layer3.3.bn2,1,76461,False,178106,1062216,185627,58304,357347,447336,293286
1,layer3.3.bn2,1,68936,False,158830,947028,185650,38637,264297,444726,288156
2,layer3.3.bn2,1,67297,False,155854,928698,185586,24885,243273,462264,305100
3,layer3.3.bn2,1,66259,False,153045,912294,185470,16699,201492,493824,332388
4,layer3.3.bn2,1,65047,False,149599,891444,185451,11773,177651,503094,338280
5,layer3.3.bn2,1,63419,False,146570,873090,185459,11053,181751,480156,317100
6,layer3.3.bn2,1,67721,False,154574,921660,185530,9872,193627,519270,355626
0,layer3.3.relu2,1,35013,False,88439,524658,78679,22431,179772,230724,153360
1,layer3.3.relu2,1,34437,False,86742,514278,78755,17180,154614,250686,167898
2,layer3.3.relu2,1,32861,False,83187,492966,78590,10312,122933,266958,184638
3,layer3.3.relu2,1,32964,False,91540,491820,78614,9777,114614,275028,189726
4,layer3.3.relu2,1,32853,False,83157,490212,78582,5454,105552,287256,199872
5,layer3.3.relu2,1,33672,False,84954,503364,78574,7297,120915,282786,198654
6,layer3.3.relu2,1,31153,False,79620,471810,78591,6459,110157,263166,178590
0,layer3.3.conv3,1,1035804,False,2138794,12826566,5910434,45630,553547,6304962,1008018
1,layer3.3.conv3,1,1021853,False,2122698,12729498,5905198,27004,488676,6296952,1012116
2,layer3.3.conv3,1,1031813,False,2104638,12622710,5905543,17556,368368,6318696,1023372
3,layer3.3.conv3,1,1021659,False,2106769,12634740,5905593,14483,371903,6330504,1040658
4,layer3.3.conv3,1,1026167,False,2103446,12614886,5904612,16230,370894,6310992,1013202
5,layer3.3.conv3,1,1031190,False,2101668,12603606,5905105,15206,386559,6284532,987612
6,layer3.3.conv3,1,1020354,False,2090459,12536580,5905431,14717,351513,6252732,980250
0,layer3.3.bn3,1,134522,False,300240,1796262,458062,62435,367083,896358,437094
1,layer3.3.bn3,1,134171,False,297431,1778970,465550,46680,312819,942768,473862
2,layer3.3.bn3,1,126145,False,278992,1668786,458015,28490,239808,930306,459840
3,layer3.3.bn3,1,124962,False,276433,1653090,457998,18794,235467,927840,471810
4,layer3.3.bn3,1,120933,False,267486,1599546,457960,19073,192623,917622,445932
5,layer3.3.bn3,1,121209,False,268648,1606374,457950,23359,200502,912012,440802
6,layer3.3.bn3,1,125762,False,278399,1664514,466186,27315,225828,932970,455322
0,layer3.3.add,1,103228,False,232938,1392642,177773,23982,165342,1013814,644922
1,layer3.3.add,1,102677,False,230513,1377588,177773,16899,145266,1024338,650160
2,layer3.3.add,1,103907,False,231966,1386456,185132,9293,128507,1051038,671046
3,layer3.3.add,1,101109,False,225854,1349760,177901,9677,121868,1028046,650352
4,layer3.3.add,1,98444,False,220661,1318476,175920,8251,98648,1023060,645294
5,layer3.3.add,1,99100,False,221007,1320984,175930,4993,111464,1016136,642288
6,layer3.3.add,1,97288,False,217595,1300140,175955,6405,108741,995988,624870
0,layer3.3.relu3,1,75142,False,172504,1029522,164819,20835,200064,630372,381462
1,layer3.3.relu3,1,75369,False,173301,1034298,164869,14686,192411,650040,402654
2,layer3.3.relu3,1,72167,False,165488,987660,164809,6432,143184,660696,410574
3,layer3.3.relu3,1,72501,False,165288,986850,164830,7034,142584,659784,406908
4,layer3.3.relu3,1,75495,False,173279,1032684,164864,6843,187854,660528,411702
5,layer3.3.relu3,1,74109,False,170292,1014942,164793,6809,162642,667230,412938
6,layer3.3.relu3,1,73375,False,167467,999018,164813,6158,149850,665718,415296
0,layer3.4.conv1,1,1094257,False,2265828,13589340,5918851,49470,571829,7037916,1835940
1,layer3.4.conv1,1,1069995,False,2223602,13335564,5919414,30224,448991,6925542,1821630
2,layer3.4.conv1,1,1081828,False,2220924,13320666,5918156,20538,372570,6997440,1869558
3,layer3.4.conv1,1,1081792,False,2206932,13236252,5919146,16757,365402,6922914,1835226
4,layer3.4.conv1,1,1080783,False,2224797,13343628,5926813,19663,364500,7019856,1893456
5,layer3.4.conv1,1,1071627,False,2224480,13341138,5919847,18331,391645,6997974,1887228
6,layer3.4.conv1,1,1070214,False,2210213,13255980,5919271,15149,363075,6946398,1848120
0,layer3.4.bn1,1,73637,False,171589,1023210,185933,62850,362641,401238,245856
1,layer3.4.bn1,1,67665,False,156201,931776,185513,35638,267292,430530,277686
2,layer3.4.bn1,1,66444,False,152245,908166,185647,18903,210937,480312,314250
3,layer3.4.bn1,1,65389,False,150795,899376,185546,15651,189635,496056,324606
4,layer3.4.bn1,1,66195,False,152213,907866,185611,15400,183523,510648,335364
5,layer3.4.bn1,1,68485,False,156606,934056,193364,16680,212423,499464,322452
6,layer3.4.bn1,1,62593,False,144154,859488,185602,12921,189001,459492,297708
0,layer3.4.relu1,1,35853,False,90018,535080,80248,19682,175418,247560,169578
1,layer3.4.relu1,1,33265,False,82885,491814,80209,10924,116723,271710,181860
2,layer3.4.relu1,1,32962,False,82152,487212,80139,4889,97367,290808,202902
3,layer3.4.relu1,1,33305,False,82713,490572,80203,4365,113472,279900,197052
4,layer3.4.relu1,1,33889,False,83302,494670,80136,4497,116537,281034,196914
5,layer3.4.relu1,1,33343,False,83365,494160,80166,5648,111908,282894,198900
6,layer3.4.relu1,1,33867,False,84019,499110,80179,6368,97137,302820,209676
0,layer3.4.conv2,1,2155901,False,4501186,27001278,12157836,254279,3285258,11298600,2030376
1,layer3.4.conv2,1,2152236,False,4465121,26785386,12153598,207082,3162889,11255478,1993836
2,layer3.4.conv2,1,2131725,False,4448381,26685336,12167274,165493,3084613,11259906,1966002
3,layer3.4.conv2,1,2176689,False,4443147,26653386,12158768,184066,3090044,11213478,1929834
4,layer3.4.conv2,1,2124868,False,4425116,26544414,12159194,142943,2965831,11267412,1956930
5,layer3.4.conv2,1,2144778,False,4481686,26883714,12159247,208990,3200725,11308014,2009322
6,layer3.4.conv2,1,2124311,False,4428954,26568372,12158527,196766,3095897,11110512,1845414
0,layer3.4.bn2,1,75698,False,175185,1045416,186179,53584,321153,473142,317766
1,layer3.4.bn2,1,76416,False,174487,1041042,193263,41573,286412,508122,342618
2,layer3.4.bn2,1,69138,False,159538,951678,185823,26843,248961,478206,318234
3,layer3.4.bn2,1,68441,False,156353,933054,185807,15437,212052,507420,342858
4,layer3.4.bn2,1,66490,False,152738,908214,185745,12914,197514,499524,331344
5,layer3.4.bn2,1,67398,False,154487,918666,185734,8932,183422,528024,360048
6,layer3.4.bn2,1,66724,False,152289,908424,185744,9269,192055,508992,345690
0,layer3.4.relu2,1,34910,False,87687,519990,80296,20606,181633,224946,151932
1,layer3.4.relu2,1,35531,False,87202,518136,80209,10219,144609,270930,186732
2,layer3.4.relu2,1,33071,False,81885,485436,80176,5759,113066,273690,189888
3,layer3.4.relu2,1,33443,False,82802,491064,80323,11941,135618,250854,172122
4,layer3.4.relu2,1,34256,False,85220,503994,86090,10856,112035,281364,194610
5,layer3.4.relu2,1,31542,False,79100,468108,78600,7367,97148,272640,187590
6,layer3.4.relu2,1,30915,False,77985,462294,78621,5391,95703,269634,186450
0,layer3.4.conv3,1,1041410,False,2127799,12759204,5904849,38130,553598,6251604,974544
1,layer3.4.conv3,1,1026804,False,2118852,12706656,5905309,30468,457266,6299598,992514
2,layer3.4.conv3,1,1024186,False,2097334,12578286,5905204,21878,401895,6236904,953274
3,layer3.4.conv3,1,1018306,False,2095030,12564588,5904126,15100,377403,6255408,972438
4,layer3.4.conv3,1,1025436,False,2095727,12568890,5904269,15352,379754,6257472,970866
5,layer3.4.conv3,1,1020694,False,2104883,12623820,5905439,17639,388261,6300360,1018530
6,layer3.4.conv3,1,1015649,False,2090814,12539040,5904292,17165,362260,6243168,974280
0,layer3.4.bn3,1,132371,False,295924,1768818,457677,61139,351107,888090,424362
1,layer3.4.bn3,1,137435,False,304902,1824072,457873,43942,349031,960606,494382
2,layer3.4.bn3,1,129991,False,288527,1726104,457556,26848,238218,991476,508152
3,layer3.4.bn3,1,126684,False,279854,1673718,457681,21320,214387,966942,502224
4,layer3.4.bn3,1,124961,False,277221,1657938,457589,18571,185572,983940,498306
5,layer3.4.bn3,1,123242,False,272428,1629060,457624,19676,198790,940710,470538
6,layer3.4.bn3,1,122578,False,271623,1624680,457680,16619,186891,951150,476874
0,layer3.4.add,1,106054,False,240144,1435842,177878,24122,186947,1033338,658980
1,layer3.4.add,1,102919,False,230959,1380408,178008,15236,140715,1033416,658650
2,layer3.4.add,1,102088,False,228731,1367460,177830,7654,108197,1060788,680064
3,layer3.4.add,1,102269,False,229768,1373598,177794,6479,115437,1058490,680544
4,layer3.4.add,1,101312,False,226938,1356204,177745,6052,99708,1059330,680976
5,layer3.4.add,1,101302,False,227510,1359786,177745,5919,98769,1063422,681612
6,layer3.4.add,1,100236,False,225089,1344954,177776,6640,91283,1055802,674178
0,layer3.4.relu3,1,74100,False,170226,1015590,163386,19471,193586,626196,378966
1,layer3.4.relu3,1,74544,False,170024,1014582,163332,12328,178326,647490,397218
2,layer3.4.relu3,1,72105,False,164820,983088,163266,5829,131307,669402,411534
3,layer3.4.relu3,1,73297,False,168007,1002234,163273,5834,141088,678486,419766
4,layer3.4.relu3,1,72704,False,166350,992838,163341,11112,156509,648594,394722
5,layer3.4.relu3,1,76748,False,174669,1042368,170722,12103,162308,683802,424494
6,layer3.4.relu3,1,72166,False,164805,983970,163287,7208,139279,660396,407358
0,layer3.5.conv1,1,1102709,False,2258563,13546176,5919340,48826,527755,7038318,1836600
1,layer3.5.conv1,1,1091296,False,2253846,13518084,5927414,31583,551312,6993378,1842084
2,layer3.5.conv1,1,1083044,False,2249795,13493214,5918504,18452,462521,7081494,1912398
3,layer3.5.conv1,1,1080390,False,2233236,13393704,5919149,17851,379057,7065366,1935756
4,layer3.5.conv1,1,1085318,False,2213210,13273884,5918957,14289,359913,6968694,1883358
5,layer3.5.conv1,1,1074048,False,2230929,13380234,5928279,15804,357947,7066128,1946586
6,layer3.5.conv1,1,1069596,False,2192656,13150554,5918882,11183,332123,6876084,1814082
0,layer3.5.bn1,1,75262,False,173274,1034244,186226,49399,365441,421758,272544
1,layer3.5.bn1,1,69099,False,158298,944460,186256,30437,271123,444870,286590
2,layer3.5.bn1,1,66856,False,153290,914004,186192,16264,220795,478716,324642
3,layer3.5.bn1,1,64648,False,148541,886140,186075,13475,196135,478452,314136
4,layer3.5.bn1,1,66098,False,151840,905922,186213,12204,174976,519912,355212
5,layer3.5.bn1,1,64860,False,148616,886446,186139,10714,165178,511842,344502
6,layer3.5.bn1,1,63620,False,146545,873822,186156,9683,180563,484980,327444
0,layer3.5.relu1,1,35926,False,88972,528510,78701,23591,177591,236670,158178
1,layer3.5.relu1,1,34582,False,85469,507930,78631,13925,146400,256788,175932
2,layer3.5.relu1,1,33643,False,93369,554364,85848,14348,144283,297816,193602
3,layer3.5.relu1,1,32858,False,82413,488982,78606,6973,100605,290286,198714
4,layer3.5.relu1,1,32438,False,81303,481974,78642,6937,105561,278328,193992
5,layer3.5.relu1,1,32540,False,80967,479976,78608,5811,105076,278106,193368
6,layer3.5.relu1,1,32075,False,80583,477960,78654,5314,109229,271896,187014
0,layer3.5.conv2,1,2173051,False,4540567,27237300,12156452,269482,3431456,11375622,2099748
1,layer3.5.conv2,1,2159315,False,4479183,26869218,12158703,207886,3187806,11308140,2006712
2,layer3.5.conv2,1,2128456,False,4430898,26579274,12159873,176118,3051715,11184144,1884420
3,layer3.5.conv2,1,2121825,False,4421518,26523636,12167994,164934,2969035,11213886,1908432
4,layer3.5.conv2,1,2131624,False,4428771,26567376,12157166,162411,3018815,11221644,1927608
5,layer3.5.conv2,1,2126387,False,4417638,26500044,12160654,155751,3006958,11168166,1885194
6,layer3.5.conv2,1,2126704,False,4420464,26517360,12157272,161171,3035170,11155956,1867296
0,layer3.5.bn2,1,75665,False,174945,1044108,186058,62475,348696,434946,284688
1,layer3.5.bn2,1,70086,False,161239,962622,185821,38689,254496,472248,312690
2,layer3.5.bn2,1,66805,False,154115,919386,185826,22661,230702,468000,314346
3,layer3.5.bn2,1,66354,False,152464,909354,185808,18267,204535,488496,322182
4,layer3.5.bn2,1,65700,False,151029,898740,184524,16555,211232,474234,314826
5,layer3.5.bn2,1,64939,False,150108,894990,184800,14459,192108,491376,331446
6,layer3.5.bn2,1,69257,False,158192,943782,184520,8974,221942,515856,362286
0,layer3.5.relu2,1,40078,False,99704,592866,80287,26865,177404,296514,216636
1,layer3.5.relu2,1,39132,False,95366,566460,80234,14004,142275,317658,230286
2,layer3.5.relu2,1,36452,False,89807,533910,80209,11737,125931,304008,218592
3,layer3.5.relu2,1,34799,False,86956,516354,80274,9361,106626,307620,221448
4,layer3.5.relu2,1,35355,False,86713,514884,80184,7215,96286,318684,229908
5,layer3.5.relu2,1,34215,False,85634,508026,80236,6983,109170,299304,211692
6,layer3.5.relu2,1,34778,False,86056,511410,80216,6028,114257,296976,213060
0,layer3.5.conv3,1,1049185,False,2161789,12965544,5905582,55290,596921,6397032,1078470
1,layer3.5.conv3,1,1027140,False,2130430,12777852,5905557,30044,463700,6366714,1074264
2,layer3.5.conv3,1,1041762,False,2127936,12762282,5905070,19777,410520,6414936,1096596
3,layer3.5.conv3,1,1035066,False,2112399,12669084,5905241,14330,371817,6365406,1056090
4,layer3.5.conv3,1,1020291,False,2110735,12658620,5904934,19210,393295,6329082,1027926
5,layer3.5.conv3,1,1024942,False,2110555,12658236,5905007,15207,364815,6361080,1062450
6,layer3.5.conv3,1,1022643,False,2105686,12628716,5905635,17348,358690,6334854,1036884
0,layer3.5.bn3,1,136533,False,304205,1819746,457117,68315,371640,912252,467916
1,layer3.5.bn3,1,132455,False,293696,1756692,456794,45220,333340,908850,463104
2,layer3.5.bn3,1,126852,False,280054,1674972,456445,29644,261785,915252,470454
3,layer3.5.bn3,1,126022,False,278976,1667964,456181,23520,206510,969822,494502
4,layer3.5.bn3,1,123555,False,273121,1633248,456038,18623,232677,913440,456426
5,layer3.5.bn3,1,124364,False,274564,1641738,456270,19272,211749,942108,463218
6,layer3.5.bn3,1,125491,False,278418,1664706,455975,18900,219856,957876,486912
0,layer3.5.add,1,106460,False,240902,1440006,177838,23846,182177,1043034,667776
1,layer3.5.add,1,106898,False,239105,1429182,185206,16072,155155,1060362,679110
2,layer3.5.add,1,101365,False,227577,1359882,177834,10505,126751,1032708,658380
3,layer3.5.add,1,99630,False,223737,1336854,177741,6374,99788,1040298,663918
4,layer3.5.add,1,100490,False,224930,1344252,177817,5263,101476,1047168,665130
5,layer3.5.add,1,103274,False,230854,1379400,185347,8541,120969,1052280,668226
6,layer3.5.add,1,101000,False,227186,1358244,177825,5626,115646,1046604,672018
0,layer3.5.relu3,1,78506,False,180838,1079694,164902,21912,218711,662166,411474
1,layer3.5.relu3,1,77812,False,176296,1052520,164840,14547,199043,661698,409080
2,layer3.5.relu3,1,75440,False,172161,1027572,164793,7531,157279,684540,434214
3,layer3.5.relu3,1,75468,False,172182,1028232,164828,7781,153581,689706,434862
4,layer3.5.relu3,1,77853,False,176540,1053744,172251,5199,158936,704712,448440
5,layer3.5.relu3,1,73674,False,167666,1000428,164827,4636,148667,669822,415938
6,layer3.5.relu3,1,74421,False,169054,1009092,164848,5925,163494,662112,412188
0,layer4.0.conv1,1,2044570,False,4249373,25489590,11721736,53835,683312,13018974,2695740
1,layer4.0.conv1,1,2047387,False,4240282,25436718,11720744,35902,592482,13076154,2906994
2,layer4.0.conv1,1,2021684,False,4217913,25302186,11720194,25585,514380,13029054,2916396
3,layer4.0.conv1,1,2023863,False,4222178,25327200,11721531,23229,462773,13106568,3021384
4,layer4.0.conv1,1,2026605,False,4213088,25272678,11727898,23206,524776,12984876,2911416
5,layer4.0.conv1,1,2016793,False,4209654,25252590,11720762,20199,444453,13055130,2992182
6,layer4.0.conv1,1,2030667,False,4210346,25256376,11721171,22816,452465,13047012,2986428
0,layer4.0.bn1,1,91068,False,208167,1243092,275770,59650,361914,535110,260700
1,layer4.0.bn1,1,84573,False,190671,1138734,275732,39938,301662,507090,248088
2,layer4.0.bn1,1,80336,False,181965,1086006,275530,20996,230621,546930,270276
3,layer4.0.bn1,1,80664,False,182324,1088316,275483,14207,214813,571758,289542
4,layer4.0.bn1,1,80309,False,181814,1085244,275550,13062,185434,598704,311310
5,layer4.0.bn1,1,83422,False,188115,1123110,283274,17176,207905,602304,310188
6,layer4.0.bn1,1,77760,False,177497,1059486,275488,12205,186739,571242,290202
0,layer4.0.relu1,1,44776,False,108754,647676,108552,25900,193387,307818,190482
1,layer4.0.relu1,1,43467,False,104257,620196,108506,15069,160756,323550,201408
2,layer4.0.relu1,1,41999,False,102190,607278,108419,6284,114980,365226,233994
3,layer4.0.relu1,1,46080,False,118861,708348,116090,9268,173163,396504,245586
4,layer4.0.relu1,1,45212,False,107896,642090,108443,7227,124348,389550,256824
5,layer4.0.relu1,1,43368,False,104437,620892,108474,6829,128785,364338,235182
6,layer4.0.relu1,1,44089,False,105701,628716,108425,6049,125664,374760,242766
0,layer4.0.conv2,1,3623943,False,7568135,45403308,16934823,226894,3226551,25009788,6065754
1,layer4.0.conv2,1,3574814,False,7444154,44659692,16937993,189168,2953645,24572154,5657988
2,layer4.0.conv2,1,3556583,False,7431318,44582472,16935158,154445,2845401,24639882,5769000
3,layer4.0.conv2,1,3556229,False,7403955,44418330,16930841,139308,2794939,24544890,5628702
4,layer4.0.conv2,1,3516505,False,7347647,44080536,16921265,124684,2733672,24292056,5344050
5,layer4.0.conv2,1,3511290,False,7319026,43907796,16929653,114916,2691161,24163068,5222328
6,layer4.0.conv2,1,3538531,False,7338053,44022474,16933855,136493,2764714,24179040,5233932
0,layer4.0.bn2,1,65124,False,153718,916038,166598,63480,363529,311466,212088
1,layer4.0.bn2,1,56967,False,133033,792930,166565,38763,269723,306480,205338
2,layer4.0.bn2,1,53656,False,127159,757038,166637,23793,231647,322902,217134
3,layer4.0.bn2,1,51578,False,121372,722904,166451,11416,194198,338550,231126
4,layer4.0.bn2,1,52385,False,122432,729174,166368,9624,167421,373494,264528
5,layer4.0.bn2,1,50400,False,119892,713466,166389,9328,176844,348558,236538
6,layer4.0.bn2,1,50554,False,119578,711726,166354,10110,181864,340998,228066
0,layer4.0.relu2,1,30099,False,78894,467820,66147,23923,172690,192810,138912
1,layer4.0.relu2,1,30593,False,78039,462750,66028,13814,144553,224946,169038
2,layer4.0.relu2,1,27471,False,70408,416718,65999,6158,97254,234960,172782
3,layer4.0.relu2,1,28297,False,72809,431154,65973,4691,100155,246546,183186
4,layer4.0.relu2,1,28385,False,72965,432360,66017,5320,115765,232758,173910
5,layer4.0.relu2,1,26849,False,69106,409500,66010,5582,101121,223884,166038
6,layer4.0.relu2,1,26825,False,68913,407634,65977,4572,97074,227340,169656
0,layer4.0.conv3,1,1303975,False,2688684,16126704,8164723,66084,699132,7186560,907614
1,layer4.0.conv3,1,1266569,False,2631912,15786162,8156830,38909,528888,7050162,809718
2,layer4.0.conv3,1,1267142,False,2616761,15694848,8164416,28416,486658,7003104,776562
3,layer4.0.conv3,1,1240403,False,2582930,15491790,8156025,29683,446611,6847722,660168
4,layer4.0.conv3,1,1241673,False,2582060,15487098,8164763,22190,433481,6854904,657114
5,layer4.0.conv3,1,1243291,False,2554119,15318804,8155678,18864,376372,6755874,585720
6,layer4.0.conv3,1,1247002,False,2563302,15373896,8156999,18527,385404,6800826,623532
0,layer4.0.bn3,1,96373,False,219916,1312890,375482,58301,333210,535026,258930
1,layer4.0.bn3,1,108170,False,242091,1447050,397307,49565,338456,650358,354234
2,layer4.0.bn3,1,91196,False,205877,1229412,375120,28910,262766,550710,276600
3,layer4.0.bn3,1,88912,False,199531,1192188,375202,21077,249253,534660,259764
4,layer4.0.bn3,1,85901,False,193094,1153182,375053,14865,203784,547398,265188
5,layer4.0.bn3,1,86682,False,203417,1214658,382952,20613,230127,568950,279456
6,layer4.0.bn3,1,86807,False,195362,1166730,375102,15604,203569,559800,273036
0,layer4.0.downsample.0,1,2969916,False,6212532,37269054,12007246,230256,1439225,23588142,11958600
1,layer4.0.downsample.0,1,2960015,False,6158369,36945060,12005229,188057,1229871,23513844,11917194
2,layer4.0.downsample.0,1,2939391,False,6143028,36852828,12005720,170880,1152530,23514642,11914416
3,layer4.0.downsample.0,1,2936638,False,6128830,36767898,12003568,160427,1120354,23473716,11843892
4,layer4.0.downsample.0,1,2933505,False,6131171,36782082,12008493,166896,1164466,23435616,11824278
5,layer4.0.downsample.0,1,2928115,False,6112006,36666942,12008947,153791,1058199,23437518,11823066
6,layer4.0.downsample.0,1,2921868,False,6102925,36612072,12005472,132237,1050388,23414256,11793606
0,layer4.0.downsample.1,1,97106,False,220683,1317960,375895,60028,386956,481956,213714
1,layer4.0.downsample.1,1,92924,False,210389,1256736,376128,43527,312888,510168,229668
2,layer4.0.downsample.1,1,85285,False,193508,1155810,376022,20293,234289,512064,235554
3,layer4.0.downsample.1,1,83702,False,188948,1128360,375947,15572,218476,504996,228966
4,layer4.0.downsample.1,1,87054,False,196502,1173438,375970,14195,203507,564372,281622
5,layer4.0.downsample.1,1,86048,False,201177,1201512,383469,13760,200945,589926,297504
6,layer4.0.downsample.1,1,86379,False,194370,1160676,375980,12208,188540,570384,282990
0,layer4.0.add,1,64679,False,150917,899880,115098,25201,170958,575424,374526
1,layer4.0.add,1,62488,False,144860,863760,115060,10650,125361,599352,395232
2,layer4.0.add,1,61325,False,142938,852300,115000,6558,97887,619614,409188
3,layer4.0.add,1,60941,False,141237,842052,115072,5626,101671,606114,399810
4,layer4.0.add,1,60111,False,140010,834246,115030,4021,102419,599010,394878
5,layer4.0.add,1,60771,False,141047,840612,115047,4401,100518,606534,400242
6,layer4.0.add,1,60217,False,139729,833502,115036,5458,83715,615810,406092
0,layer4.0.relu3,1,45459,False,110249,655680,108366,17865,169701,344802,213672
1,layer4.0.relu3,1,44758,False,107875,641460,108286,11514,149515,357882,225276
2,layer4.0.relu3,1,43289,False,103583,615450,108341,6127,118694,369072,234960
3,layer4.0.relu3,1,43563,False,104019,618882,108271,5746,110487,380964,247524
4,layer4.0.relu3,1,43664,False,104255,619968,108309,4402,131497,361818,233646
5,layer4.0.relu3,1,42401,False,101592,604200,108281,6311,100637,375762,239172
6,layer4.0.relu3,1,42255,False,101929,606300,108340,7055,122690,354516,222942
0,layer4.1.conv1,1,1276464,False,2668761,16006140,8139484,65984,646066,7141272,873846
1,layer4.1.conv1,1,1253294,False,2590067,15534780,8129461,48681,518334,6825222,622842
2,layer4.1.conv1,1,1244250,False,2569099,15409248,8131269,33861,407902,6823620,616338
3,layer4.1.conv1,1,1251347,False,2572421,15429678,8138994,34462,418005,6825174,611874
4,layer4.1.conv1,1,1248088,False,2566167,15390084,8130234,31411,407823,6808860,602274
5,layer4.1.conv1,1,1246029,False,2578140,15463500,8138754,34563,418924,6859302,638340
6,layer4.1.conv1,1,1246294,False,2561404,15362946,8130695,30768,402480,6785808,588450
0,layer4.1.bn1,1,61108,False,144753,863382,166918,61020,313838,310692,201828
1,layer4.1.bn1,1,56269,False,131578,784098,166766,39557,247888,317382,209256
2,layer4.1.bn1,1,53674,False,124875,744072,166598,22016,191876,351096,234570
3,layer4.1.bn1,1,55102,False,128474,765804,174108,20109,225824,333666,214182
4,layer4.1.bn1,1,51675,False,120998,720234,165308,11779,194070,335394,221106
5,layer4.1.bn1,1,53194,False,123684,736194,165388,11378,191854,355248,240036
6,layer4.1.bn1,1,51340,False,120407,717216,165396,14024,199665,325614,218106
0,layer4.1.relu1,1,29794,False,77435,459390,66153,25337,185213,170676,120930
1,layer4.1.relu1,1,28264,False,73254,434226,66196,20570,148258,186954,133014
2,layer4.1.relu1,1,27006,False,68863,407694,66073,9071,106721,213300,156642
3,layer4.1.relu1,1,25756,False,66359,392724,66018,5347,101068,207846,150888
4,layer4.1.relu1,1,25843,False,66794,395364,66011,5846,90684,219978,160830
5,layer4.1.relu1,1,27308,False,69345,410280,65981,4147,97392,230046,169608
6,layer4.1.relu1,1,26161,False,66913,395562,66007,5603,86188,225354,167046
0,layer4.1.conv2,1,3279390,False,6841749,41043732,13560518,221799,1463387,25791462,4946298
1,layer4.1.conv2,1,3270669,False,6833403,40995210,13565971,182166,1299694,25940808,5152284
2,layer4.1.conv2,1,3264332,False,6828087,40962924,13562272,154280,1163712,26073414,5236704
3,layer4.1.conv2,1,3226515,False,6746410,40473438,13558967,148851,1065326,25691700,4841886
4,layer4.1.conv2,1,3224508,False,6739559,40432020,13568329,132615,1023422,25697832,4833810
5,layer4.1.conv2,1,3223791,False,6704754,40223016,13560536,124375,973848,25555188,4728864
6,layer4.1.conv2,1,3215818,False,6723946,40338228,13568861,118298,1002156,25639530,4806840
0,layer4.1.bn2,1,64839,False,153380,912456,165408,60233,345457,330612,226956
1,layer4.1.bn2,1,57952,False,135069,803826,165468,33608,271378,321534,219588
2,layer4.1.bn2,1,54479,False,127207,757470,165366,19506,229371,330912,230448
3,layer4.1.bn2,1,53140,False,124525,740106,165390,17159,214002,331638,227394
4,layer4.1.bn2,1,54156,False,126330,752658,165403,19327,230120,325806,225252
5,layer4.1.bn2,1,53445,False,125045,744504,165359,14131,188129,364434,255240
6,layer4.1.bn2,1,53248,False,124324,740514,165339,10391,198689,353814,250266
0,layer4.1.relu2,1,28975,False,76425,453504,65980,25221,155392,193650,143898
1,layer4.1.relu2,1,32101,False,81763,485124,65994,21422,167385,218424,164916
2,layer4.1.relu2,1,29684,False,76382,452250,65970,13040,145621,214224,159036
3,layer4.1.relu2,1,28154,False,71944,426246,65976,12793,114821,220440,160260
4,layer4.1.relu2,1,26931,False,70437,417108,65942,8666,102529,227544,173244
5,layer4.1.relu2,1,27365,False,70021,414396,65969,6006,110459,219318,162558
6,layer4.1.relu2,1,27609,False,70500,417180,65984,6533,100192,231960,178542
0,layer4.1.conv3,1,1334921,False,2747729,16480734,8158386,62795,679146,7568454,1208226
1,layer4.1.conv3,1,1282080,False,2646765,15875766,8158277,55871,593237,7057302,815298
2,layer4.1.conv3,1,1271563,False,2612565,15670146,8157684,29497,482860,6987078,761442
3,layer4.1.conv3,1,1242088,False,2578570,15466038,8157536,25885,424743,6845916,659622
4,layer4.1.conv3,1,1286337,False,2601176,15601536,8165524,32903,470654,6919620,716682
5,layer4.1.conv3,1,1243732,False,2580258,15476226,8164535,33076,435912,6830874,638778
6,layer4.1.conv3,1,1235897,False,2572126,15426084,8157997,21497,388943,6845718,660534
0,layer4.1.bn3,1,97041,False,220096,1315320,374627,54339,338697,536562,246222
1,layer4.1.bn3,1,93742,False,210579,1257894,374498,40256,301560,529950,252822
2,layer4.1.bn3,1,95048,False,213105,1272660,382110,32401,265681,578982,282324
3,layer4.1.bn3,1,87370,False,197610,1179882,374305,19378,224305,550080,269670
4,layer4.1.bn3,1,89428,False,200838,1199646,374366,16208,204009,592626,299076
5,layer4.1.bn3,1,87380,False,196538,1173630,374293,14289,202319,570108,280476
6,layer4.1.bn3,1,86011,False,200539,1155132,374366,16161,193681,558276,269040
0,layer4.1.add,1,60959,False,143428,855354,115128,25639,168544,532590,339612
1,layer4.1.add,1,58896,False,137225,817572,115101,15440,138500,536406,340824
2,layer4.1.add,1,62017,False,143246,854364,122501,10182,126808,582462,375552
3,layer4.1.add,1,58137,False,135820,809316,115069,7143,98848,575772,374538
4,layer4.1.add,1,57229,False,134884,804018,115096,7461,107075,561948,361290
5,layer4.1.add,1,58217,False,136243,812358,115188,6202,106365,570714,367206
6,layer4.1.add,1,57843,False,135613,808350,115080,6198,121124,553470,358482
0,layer4.1.relu3,1,45232,False,109586,651912,108455,19885,180345,331320,206856
1,layer4.1.relu3,1,43917,False,106262,632382,108388,13127,153233,344028,218106
2,layer4.1.relu3,1,44528,False,106759,634980,108382,8179,136618,368976,238398
3,layer4.1.relu3,1,44274,False,113439,675252,115493,8228,154028,385158,248406
4,layer4.1.relu3,1,42948,False,102964,612486,108377,7204,122991,361428,229428
5,layer4.1.relu3,1,43754,False,105319,626310,108396,5941,125959,373584,238008
6,layer4.1.relu3,1,43110,False,103768,616836,108344,5358,125445,365262,234522
0,layer4.2.conv1,1,1269259,False,2631357,15782328,8140179,56859,645262,6929214,710208
1,layer4.2.conv1,1,1257462,False,2588930,15527682,8132876,45973,551865,6785646,604374
2,layer4.2.conv1,1,1245362,False,2574818,15443352,8140217,37701,466583,6786498,593580
3,layer4.2.conv1,1,1229291,False,2560338,15356130,8133391,31123,415997,6763638,575244
4,layer4.2.conv1,1,1244846,False,2554916,15324012,8130391,31900,435009,6715200,537228
5,layer4.2.conv1,1,1231720,False,2563769,15377214,8138980,35396,433751,6757062,568596
6,layer4.2.conv1,1,1231156,False,2548573,15285978,8130677,31299,408549,6703704,528546
0,layer4.2.bn1,1,64531,False,152624,910620,166821,49349,385750,295458,188874
1,layer4.2.bn1,1,59022,False,138047,822732,166835,40172,282843,320544,210792
2,layer4.2.bn1,1,54850,False,128612,765708,166779,20504,206909,355362,241584
3,layer4.2.bn1,1,53608,False,125648,748002,166734,17661,207556,342606,231648
4,layer4.2.bn1,1,56787,False,132459,789402,174482,15927,212440,373440,259194
5,layer4.2.bn1,1,52081,False,122117,727182,166714,11984,176757,358122,241806
6,layer4.2.bn1,1,52655,False,123527,735714,166864,13216,181148,360282,247500
0,layer4.2.relu1,1,28181,False,74941,444300,66097,20600,168033,175476,126024
1,layer4.2.relu1,1,27992,False,72891,431802,66120,15675,134038,202656,149070
2,layer4.2.relu1,1,26543,False,68957,408546,66068,9561,111344,206958,149418
3,layer4.2.relu1,1,26830,False,70193,415548,66005,5314,94894,235932,173820
4,layer4.2.relu1,1,25337,False,65926,388842,66009,4512,97233,207618,150210
5,layer4.2.relu1,1,27468,False,69962,414246,66061,5069,103033,226380,168324
6,layer4.2.relu1,1,26458,False,69269,409740,66030,5188,93749,230946,171342
0,layer4.2.conv2,1,3382192,False,7069148,42408954,13561068,256885,1576639,27007116,6212988
1,layer4.2.conv2,1,3298922,False,6869014,41208756,13562075,176044,1167427,26295288,5477442
2,layer4.2.conv2,1,3271986,False,6816640,40893810,13569678,151224,1102709,26059938,5257056
3,layer4.2.conv2,1,3289417,False,6851902,41105760,13557605,132695,1075021,26329740,5492676
4,layer4.2.conv2,1,3276422,False,6796119,40771314,13556420,121692,1034439,26048778,5268744
5,layer4.2.conv2,1,3241722,False,6784331,40700514,13569905,116523,1024655,25939836,5152860
6,layer4.2.conv2,1,3284696,False,6761139,40561590,13566519,141396,1060559,25781568,5017776
0,layer4.2.bn2,1,66341,False,156460,933228,166187,61438,394415,300828,200712
1,layer4.2.bn2,1,59579,False,140056,834324,166362,40863,281071,334554,233232
2,layer4.2.bn2,1,54617,False,128777,767148,166312,18029,213759,354504,252090
3,layer4.2.bn2,1,55761,False,131456,782652,166287,12180,210227,381468,275964
4,layer4.2.bn2,1,54152,False,127494,759534,166308,13827,192379,373650,269472
5,layer4.2.bn2,1,54781,False,128582,765798,166315,11331,180886,393492,282780
6,layer4.2.bn2,1,54820,False,128431,765282,166227,9630,212088,364488,263412
0,layer4.2.relu2,1,30871,False,80505,477588,66063,24345,178863,196380,145422
1,layer4.2.relu2,1,29036,False,74403,441000,66208,17836,149302,195606,144420
2,layer4.2.relu2,1,29043,False,74600,442104,66004,7766,121296,233946,177492
3,layer4.2.relu2,1,28230,False,72507,429636,66015,7592,106903,236694,179394
4,layer4.2.relu2,1,28539,False,72805,431388,66018,5354,102745,244776,188502
5,layer4.2.relu2,1,30563,False,77282,458310,65998,5382,113313,259842,198900
6,layer4.2.relu2,1,28352,False,72416,429192,65982,4567,112206,233706,178098
0,layer4.2.conv3,1,1289878,False,2692309,16148358,8155998,59898,630503,7290468,985248
1,layer4.2.conv3,1,1261525,False,2616700,15694800,8164049,40313,485081,6994032,764670
2,layer4.2.conv3,1,1261882,False,2607176,15638256,8155899,29841,464044,6976728,762324
3,layer4.2.conv3,1,1249153,False,2584783,15503478,8164300,29745,458491,6837894,638700
4,layer4.2.conv3,1,1252764,False,2586046,15510852,8157782,32177,411876,6897456,696120
5,layer4.2.conv3,1,1255620,False,2598725,15587406,8164558,30432,418292,6961890,749070
6,layer4.2.conv3,1,1237707,False,2578187,15463680,8156825,27652,419280,6847932,661056
0,layer4.2.bn3,1,98718,False,223583,1336314,376080,62394,338500,548478,269952
1,layer4.2.bn3,1,95905,False,216247,1292196,376004,43840,297014,564048,283470
2,layer4.2.bn3,1,90575,False,210387,1256838,383406,32567,259534,551718,267636
3,layer4.2.bn3,1,89475,False,201772,1205310,376019,22335,223968,570876,281214
4,layer4.2.bn3,1,89776,False,201394,1203018,376036,19574,218849,576012,291606
5,layer4.2.bn3,1,88019,False,197705,1180506,376051,16511,200798,574944,285390
6,layer4.2.bn3,1,86069,False,193596,1156104,375881,16781,202411,548520,268956
0,layer4.2.add,1,59460,False,140415,836574,115103,23979,170208,515574,322920
1,layer4.2.add,1,62603,False,146101,871206,122548,20789,164223,551430,348852
2,layer4.2.add,1,57730,False,134755,803196,115085,11797,116067,547710,351018
3,layer4.2.add,1,56866,False,133051,792900,115025,6909,107960,550560,347454
4,layer4.2.add,1,57514,False,134123,799554,115032,7525,103469,560742,361140
5,layer4.2.add,1,57115,False,133118,793116,115046,5739,103325,556104,353298
6,layer4.2.add,1,60280,False,140392,837492,122964,11708,110865,579588,371676
0,layer4.2.relu3,1,45510,False,111568,663648,108425,26400,205148,310782,182838
1,layer4.2.relu3,1,44668,False,107991,642054,108392,16787,187041,317298,193614
2,layer4.2.relu3,1,42812,False,102404,608952,108338,10401,150696,327180,199050
3,layer4.2.relu3,1,42810,False,102600,610302,108456,14737,150217,324720,198576
4,layer4.2.relu3,1,41484,False,100324,596088,106804,8805,124678,343248,212988
5,layer4.2.relu3,1,41542,False,99956,594144,106753,8045,124380,342642,212838
6,layer4.2.relu3,1,41248,False,99796,592914,106739,4688,126941,342024,211410
0,avgpool,1,86730,False,198600,1184934,275804,57070,445155,396504,213420
1,avgpool,1,88783,False,201698,1204728,275987,35305,425447,456672,262386
2,avgpool,1,82274,False,186194,1111164,275840,15877,312561,494352,300804
3,avgpool,1,80512,False,182221,1087632,275728,14210,287558,497454,304182
4,avgpool,1,84601,False,191012,1140390,283641,9421,305915,528666,322920
5,avgpool,1,79840,False,181212,1081896,275762,10197,294537,489198,292656
6,avgpool,1,78213,False,177334,1058400,275686,8818,260389,500832,302280
0,flatten,1,24277,False,64665,382668,54080,19710,180558,116094,89556
1,flatten,1,23276,False,62016,366828,54094,13049,159627,127734,101028
2,flatten,1,21482,False,57989,342420,54019,8602,134379,132876,104808
3,flatten,1,20763,False,56107,331578,54043,5389,127477,132084,105006
4,flatten,1,21764,False,57877,341580,54015,4819,132732,137232,107214
5,flatten,1,21024,False,56620,334308,54198,7202,116799,143292,114396
6,flatten,1,24390,False,63799,377922,62076,6812,130632,165906,128562
0,fc,1,488151,False,974394,5840742,457169,31178,398636,4942308,3853152
1,fc,1,478234,False,972943,5832210,457166,18393,376613,4968294,3880020
2,fc,1,480882,False,967832,5801634,464487,14571,332136,4978134,3881034
3,fc,1,476134,False,958830,5747718,464523,8836,301187,4960650,3859470
4,fc,1,464483,False,957089,5737068,457118,8253,298913,4960218,3872442
5,fc,1,469055,False,966240,5792226,464168,12922,325009,4977612,3885942
6,fc,1,474391,False,961868,5763924,465066,12865,320498,4953012,3855828
