rep,layer,calls,ns,multiplexed,slots,td_retiring,td_bad_spec,td_fe_bound,td_be_bound,td_heavy_ops,td_br_mispredict,td_fetch_lat,td_mem_bound
0,conv1,13,28007098,False,351832578,114229696,467195,7599156,229066818,769485,541752,4940095,43056502
1,conv1,13,27918153,False,351115230,112827507,1376885,6648419,230248172,1376829,1376810,5428375,41303174
2,conv1,13,27911015,False,351017730,114251211,1376501,6802950,228572570,1376446,1376427,6882043,41291704
3,conv1,13,27922418,False,351199506,114310446,1377216,9640377,231443364,1377160,1377141,6885612,41313098
4,conv1,13,27909650,False,350994978,114243856,1376413,9634764,227102094,1376358,1376339,6881603,41289069
5,conv1,13,27940894,False,351149568,114294195,1377020,9639010,227202026,1376964,1376946,6884634,41307256
6,conv1,13,27916432,False,351081714,114272131,1376754,9637145,227158260,1376698,1376679,6883301,41299241
0,bn1,91,29565214,False,371402694,120886160,1456440,10194940,240306253,12629328,1456365,7281727,144246315
1,bn1,91,29501269,False,371012064,120759233,1454911,10184247,240054202,15537604,1454836,7274089,132504540
2,bn1,91,29494678,False,370925778,120731179,1454574,10181888,239998626,4363555,1454499,7272407,135863342
3,bn1,91,29515377,False,371180832,120814187,1455573,10188885,240163552,4366555,1455500,7277408,134925619
4,bn1,91,29538246,False,371209428,120823488,1455687,10189674,240182133,4366890,1455612,7277965,146576380
5,bn1,91,29527736,False,371337408,120865145,1456188,10193185,240264726,4368394,1456113,7280474,139802555
6,bn1,91,29537539,False,371456502,120903923,1456655,10196452,240341858,4369795,1456580,7282807,148569377
0,relu,175,29676189,False,373198788,78730082,1463482,31614523,262838599,25760559,1463408,7316933,115025820
1,relu,175,29658524,False,372833430,72763206,1462054,34528658,242694836,5847994,1461980,7309809,95026317
2,relu,175,29651962,False,372885066,91225127,1462258,37454817,242728610,5848808,1462183,7310825,119334189
3,relu,175,29630158,False,372615894,88219280,1461202,40367738,242553255,5844582,1461127,7305542,122187814
4,relu,175,29671460,False,373134072,85451242,1463232,43314531,242890482,5852709,1463158,7315695,98029068
5,relu,175,29643999,False,372787656,82422858,1461875,46223362,242665057,5847276,1461800,7308907,97938107
6,relu,175,29651717,False,372880878,79525954,1462239,19008866,242725500,5848733,1462164,7310726,97962476
0,maxpool,2,20382102,False,255965508,74278531,94445205,75342733,10879518,4014752,94445130,5018245,9211180
1,maxpool,2,20207412,False,254054832,73724206,100415359,79230423,11807,3984794,100415061,4980808,462426
2,maxpool,2,20223901,False,254272950,73787585,106401555,83231738,22980941,3988217,106401039,4985088,0
3,maxpool,2,20345415,False,255810948,74233882,78318975,87346906,15896897,4012348,78318235,39159024,0
4,maxpool,2,20174000,False,253653948,73607915,82213193,56026442,6653524,3978507,82212292,5967538,0
5,maxpool,2,20263263,False,254761560,73929350,86261500,58115745,10589,3995886,86260468,5993607,0
6,maxpool,2,20300918,False,255232992,74066134,90290958,60158164,28701809,4003275,90289757,6004690,17903459
0,layer1.0.conv1,141,29808306,False,374864490,224608078,2103,2350,162778144,5879829,760,8819515,2157333
1,layer1.0.conv1,141,29807617,False,374584524,193263377,2791568,33784770,159690662,5875460,2790280,8812961,8717599
2,layer1.0.conv1,141,29780408,False,374494734,199110683,1777,2124,156705730,5874055,590,8810861,0
3,layer1.0.conv1,141,29816369,False,374830272,205094282,22048286,32337077,153943623,5879314,22047153,8818748,0
4,layer1.0.conv1,141,29795009,False,374680716,210924080,22039489,32324158,150926411,5876971,22038364,8815228,23097207
5,layer1.0.conv1,141,29774278,False,374419104,216712123,22024100,32301603,147853503,5872871,22022988,8809085,20113618
6,layer1.0.conv1,141,29788095,False,374500494,175191438,22028884,32308626,144958477,5874144,22027760,8810991,17190756
0,layer1.0.bn1,481,29722017,False,373424226,177752495,21965459,32215578,141475567,5857227,21964328,8785617,21011751
1,layer1.0.bn1,481,29527745,False,371331684,179943245,21842478,32035227,137497616,5824435,21841355,8736430,10811324
2,layer1.0.bn1,481,29543443,False,371523666,182924212,21853775,32051798,134680972,5827452,21852668,8740957,7929257
3,layer1.0.bn1,481,29563004,False,371768154,185926297,21868161,32072872,131887794,5831282,21867030,8746694,5052764
4,layer1.0.bn1,481,29614275,False,372410118,189076241,21905923,32128276,129286859,5841357,21904811,8761813,2232839
5,layer1.0.bn1,481,29540785,False,371488752,191657446,21851713,32048775,125917992,5826904,21850607,8740129,0
6,layer1.0.bn1,481,29614408,False,372410064,194914279,21905917,32128255,123448757,5841351,21904783,8761803,0
0,layer1.0.relu1,1056,29657286,False,372948714,138939623,21937541,32174657,179883223,5849786,21936420,8774455,52646052
1,layer1.0.relu1,1056,29664249,False,373030158,138970276,21942394,32181775,179923072,5851079,21941274,8776400,52657700
2,layer1.0.relu1,1056,29737334,False,373655046,139203062,21979154,32235688,180224508,5860885,21978044,8791106,52745970
3,layer1.0.relu1,1056,29634881,False,372654216,138830195,21920272,32149300,179741512,5845175,21919130,8767542,52604556
4,layer1.0.relu1,1056,29701599,False,373492056,139142224,21969545,32221595,180145745,5858324,21968438,8787266,52722940
5,layer1.0.relu1,1056,29773650,False,374400846,139480922,22023010,32300009,180584151,5872579,22021886,8808643,52851178
6,layer1.0.relu1,1056,29782708,False,374515746,139523724,22029780,32309922,180639592,5874385,22028663,8811356,52867470
0,layer1.0.conv2,15,29170063,False,366863202,206000548,21579621,100977525,107620324,75082191,21578494,8631287,0
1,layer1.0.conv2,15,29155655,False,366510282,208743714,21558872,103821639,104575703,77951157,21557742,8622986,50300076
2,layer1.0.conv2,15,29157302,False,366682926,211684653,21569025,106713094,101782444,80830392,21567905,8627049,50323814
3,layer1.0.conv2,15,29389639,False,367881270,141380020,21639521,36065410,99465918,83743845,21638400,8655251,50488313
4,layer1.0.conv2,15,29190034,False,366922602,216095587,21582992,111055898,96135943,86595187,21581880,8632642,50356438
5,layer1.0.conv2,15,29121304,False,366237528,218705419,21542827,113861321,92944776,89446113,21541681,8616563,50262632
6,layer1.0.conv2,15,29132567,False,366090432,221519505,21534164,38761000,90005593,92312130,21533049,8613108,50242488
0,layer1.0.bn2,480,29612623,False,372421140,147505585,21906462,39431136,169405696,16064129,21905351,8762031,51111064
1,layer1.0.bn2,480,29610071,False,372370794,147486041,21903588,39425960,169383456,16062022,21902482,8760882,51104505
2,layer1.0.bn2,480,29620169,False,372490398,147533516,21910643,39438666,169437941,16067191,21909530,8763703,51120916
3,layer1.0.bn2,480,29576257,False,371935140,147313500,21877926,39379739,169184722,16043161,21876758,8750583,51044434
4,layer1.0.bn2,480,29601193,False,371953536,147320884,21879061,39381794,169193727,16044030,21877947,8751068,51047254
5,layer1.0.bn2,480,29602057,False,372014118,147344903,21882628,39388231,169221349,16046645,21881507,8752491,51055552
6,layer1.0.bn2,480,29631980,False,372635130,147590868,21919159,39453985,169503870,16073440,21918039,8767107,51140820
0,layer1.0.relu2,1056,29564871,False,371785896,147254245,21869165,39364007,169117314,16036782,21868063,8747110,51024172
1,layer1.0.relu2,1056,29561830,False,371745378,147238423,21866817,39359759,169099033,16035052,21865702,8746167,51018623
2,layer1.0.relu2,1056,29611393,False,372362286,147482798,21903108,39425084,169379715,16061666,21901995,8760689,51103368
3,layer1.0.relu2,1056,29580109,False,371970942,147327816,21880092,39383669,169201615,16044779,21878966,8751476,51049604
4,layer1.0.relu2,1056,29598756,False,372205242,147420586,21893874,39408458,169308185,16054883,21892745,8756986,51081776
5,layer1.0.relu2,1056,29651044,False,372515862,147543631,21912145,39441364,169449549,16068289,21911025,8764297,51124360
6,layer1.0.relu2,1056,29634507,False,372653982,147598351,21920266,39455978,169512460,16074245,21919149,8767549,51143341
0,layer1.0.conv3,34,29284975,False,368294166,145870828,21663679,38994127,167528046,15886077,21662549,8664905,50544497
1,layer1.0.conv3,34,29295036,False,368190594,145830502,21657701,38983350,167481872,15881698,21656584,8662523,50530737
2,layer1.0.conv3,34,29264368,False,368011836,145759661,21647189,38964440,167400566,15873986,21646063,8658315,50506176
3,layer1.0.conv3,34,29255979,False,367913370,145720602,21641395,38954017,167355826,15869743,21640277,8656000,50492685
4,layer1.0.conv3,34,29262292,False,367990980,145751413,21645968,38962238,167391150,15873094,21644848,8657825,50503328
5,layer1.0.conv3,34,29261062,False,367973598,145744411,21644933,38960365,167383141,15872332,21643812,8657412,50500912
6,layer1.0.conv3,34,29255592,False,367904478,145717139,21640876,38953080,167351784,15869349,21639744,8655782,50491425
0,layer1.0.bn3,91,29706886,False,373597206,147971670,21975699,39555739,279901294,16114896,21974583,8789719,161232937
1,layer1.0.bn3,91,29709568,False,373188240,147809952,21951697,39512550,171218915,16097303,21950589,8780125,164103809
2,layer1.0.bn3,91,29687311,False,373247112,147833246,21955158,39518794,171245949,16099844,21954057,8781512,167039414
3,layer1.0.bn3,91,29677082,False,372995856,147733741,21940370,39492158,171130482,16088988,21939254,8775591,55578044
4,layer1.0.bn3,91,29677105,False,373211742,147819261,21953063,39515016,287043336,16098306,21951956,8780672,171423963
5,layer1.0.bn3,91,29676556,False,373085514,147769246,21945652,39501671,172634769,16092868,21944546,8777708,57054379
6,layer1.0.bn3,91,29652659,False,372903240,147697081,21934930,39482380,291289658,16085011,21933826,8773418,175765687
0,layer1.0.downsample.0,34,29261314,False,367988292,145750070,21645755,38961851,171718568,15872943,21644646,8657744,57717518
1,layer1.0.downsample.0,34,29249970,False,367840140,145691675,21637100,38946253,171649831,15866588,21635978,8654270,57694374
2,layer1.0.downsample.0,34,29254107,False,367898052,145714623,21640507,38952385,171676823,15869075,21639371,8655636,57703459
3,layer1.0.downsample.0,34,29227390,False,367548306,145576089,21619930,38915376,171513734,15854009,21618808,8647414,57648668
4,layer1.0.downsample.0,34,29266989,False,367786488,145670439,21633938,38940591,171624841,15864276,21632822,8653018,57686014
5,layer1.0.downsample.0,34,29231075,False,367596240,145594998,21622742,38920434,171535977,15856064,21621628,8648540,57656201
6,layer1.0.downsample.0,34,29246723,False,367792398,145672734,21634287,38941220,171627610,15864529,21633156,8653151,57686934
0,layer1.0.downsample.1,91,29674060,False,373182294,147807359,21951309,39511861,174142572,16097011,21950194,8779964,188830850
1,layer1.0.downsample.1,91,29619559,False,372494088,147534980,21910855,39439033,173821673,16067343,21909728,8763779,191644381
2,layer1.0.downsample.1,91,29617287,False,372468258,147524794,21909332,39436299,173809647,16066233,21908222,8763179,194561432
3,layer1.0.downsample.1,91,29623833,False,372537594,147552202,21913418,39443657,173842096,16069235,21912316,8764815,197494617
4,layer1.0.downsample.1,91,29632164,False,372649608,147596607,21920010,39455523,173894403,16074071,21918907,8767446,200436039
5,layer1.0.downsample.1,91,29625761,False,372564768,147563008,21915021,39446545,173854777,16070397,21913901,8765450,65740028
6,layer1.0.downsample.1,91,29635675,False,372430752,147509920,21907131,39432309,173792033,16064609,21906009,8762293,65716371
0,layer1.0.add,94,29525520,False,371354424,6563464,21843822,39318378,313810039,16018191,21842707,8736965,206040031
1,layer1.0.add,94,29504233,False,371034846,3526849,21825020,39284538,316570830,16004392,21823889,8729443,208900038
2,layer1.0.add,94,29495408,False,370922568,573673,21818423,39272660,319427197,15999564,21817296,8726807,211788865
3,layer1.0.add,94,29533152,False,371040492,12726808,21825352,39285136,322393178,16004651,21824241,8729586,214720620
4,layer1.0.add,94,29472278,False,370632804,12594,21801380,39241986,325105010,15987065,21800265,8719994,217550643
5,layer1.0.add,94,29503377,False,371022210,12557,21824266,39283177,328202581,16003854,21823155,8729152,220535238
6,layer1.0.add,94,29489647,False,370846830,12271,21813965,39264635,331025985,15996299,21812857,8725031,223409389
0,layer1.0.relu3,175,29718219,False,373728042,137764546,21983411,39569623,184655899,16120553,21982295,8792802,76203334
1,layer1.0.relu3,175,29714335,False,373673664,137744610,21980243,39563913,184629289,16118228,21979123,8791534,76192324
2,layer1.0.relu3,175,29712050,False,373639272,137731958,21978227,39560276,184612242,16116739,21977088,8790722,76185289
3,layer1.0.relu3,175,29720653,False,373750374,137772914,21984760,39572071,184667340,16121539,21983637,8793345,76208015
4,layer1.0.relu3,175,29711377,False,373629558,137728364,21977652,39559280,184607676,16116342,21976552,8790511,76183466
5,layer1.0.relu3,175,29710918,False,373620534,137725044,21977124,39558324,184603190,16115948,21976011,8790291,76181568
6,layer1.0.relu3,175,29718447,False,373614966,137723007,21976787,39557714,184600341,16115701,21975680,8790159,76180418
0,layer1.1.conv1,37,29708744,False,373615338,137723041,21976774,39557696,184600267,16115689,21975651,8790149,76180282
1,layer1.1.conv1,37,29696014,False,373444974,137660312,21966795,39539739,184516348,16108366,21965671,8786158,76145746
2,layer1.1.conv1,37,29691924,False,373396332,137642387,21963935,39534594,184492456,16106281,21962832,8785021,76135884
3,layer1.1.conv1,37,29671342,False,373133604,137545564,21948485,39506776,184362663,16094949,21947383,8778843,76082359
4,layer1.1.conv1,37,29705615,False,373431804,137655467,21966023,39538345,184509961,16107810,21964920,8785855,76143114
5,layer1.1.conv1,37,29723178,False,373788384,137786923,21987001,39576080,184685988,16123177,21985869,8794233,76215706
6,layer1.1.conv1,37,29677352,False,373210908,137574059,21953031,39514933,184400683,16098271,21951907,8780653,76098019
0,layer1.1.bn1,478,29617137,False,372469350,137300322,21909335,39436303,184033744,16066237,21908215,8763176,75946517
1,layer1.1.bn1,478,29601862,False,371999502,137127390,21881736,39386584,183801735,16045973,21880596,8752125,75850793
2,layer1.1.bn1,478,29530749,False,371364126,136893239,21844374,39319373,183488037,16018594,21843261,8737187,75721322
3,layer1.1.bn1,478,29559184,False,371722302,137025304,21865458,39357300,183665053,16034048,21864337,8745624,75794442
4,layer1.1.bn1,478,29513693,False,371146920,136813203,21831603,39296396,183380851,16009237,21830496,8732082,75677072
5,layer1.1.bn1,478,29560587,False,371738208,137031123,21866392,39359013,183673052,16034743,21865276,8745994,75797659
6,layer1.1.bn1,478,29514848,False,371158830,136817599,21832303,39297646,183386682,16009743,21831188,8732359,75679472
0,layer1.1.relu1,1054,29606349,False,372058272,137148909,21885186,39392791,183830703,16048511,21884056,8753501,75862704
1,layer1.1.relu1,1054,29570594,False,371851626,137072952,21873068,39371026,183729138,16039645,21871968,8748679,75820925
2,layer1.1.relu1,1054,29588086,False,372066258,137152107,21885697,39393758,183835197,16048904,21884590,8753725,75864667
3,layer1.1.relu1,1054,29564545,False,371775426,137044803,21868558,39362910,183691288,16036337,21867442,8746864,75805203
4,layer1.1.relu1,1054,29567307,False,371811276,137058107,21870699,39366744,183709106,16037889,21869565,8747714,75812552
5,layer1.1.relu1,1054,29583953,False,372014364,137132981,21882647,39388266,183809577,16046661,21881528,8752500,75854023
6,layer1.1.relu1,1054,29581702,False,371986632,137122750,21881012,39385296,183795735,16045458,21879884,8751843,75848290
0,layer1.1.conv2,15,29246843,False,367441128,135446967,21613587,38903963,181549353,15849344,21612461,8644869,74921143
1,layer1.1.conv2,15,29154681,False,366663402,135160346,21567864,38821657,9427,15815825,21566751,8626590,74762789
2,layer1.1.conv2,15,29120122,False,366224874,134998724,21542074,38775237,9432,15796912,21540960,8616267,74673350
3,layer1.1.conv2,15,29103476,False,366009498,134919335,21529402,38752430,9321,15787616,21528291,8611199,74629421
4,layer1.1.conv2,15,29121760,False,366243924,135005730,21543189,38777241,9015,15797730,21542086,8616725,74677331
5,layer1.1.conv2,15,29115914,False,366162894,134975951,21538426,38768670,175174681,15794237,21537319,8614817,74660768
6,layer1.1.conv2,15,29146497,False,366256320,135010397,21543921,38778563,175219417,15798268,21542818,8617016,74679845
0,layer1.1.bn2,478,29711342,False,373654164,137737030,21979022,39561729,178758149,16117334,21977908,8791047,76187755
1,layer1.1.bn2,478,29707309,False,373297332,137605901,21958098,39524076,178588010,16101995,21956986,8782684,76115627
2,layer1.1.bn2,478,29693559,False,373409910,137647418,21964722,39535970,178641729,16106840,21963594,8785327,76138544
3,layer1.1.bn2,478,29695819,False,373438200,137657824,21966386,39539002,178655465,16108074,21965277,8785998,76144283
4,layer1.1.bn2,478,29727070,False,373738266,137768445,21984036,39570741,178798857,16121005,21982913,8793055,76205470
5,layer1.1.bn2,478,29754161,False,373765476,137778476,21985649,39573669,178812124,16122203,21984544,8793706,76211162
6,layer1.1.bn2,478,29766080,False,374316312,137981468,22018029,39631947,179075464,16145944,22016924,8806661,76323446
0,layer1.1.relu2,1053,29548857,False,371585454,136974608,21857352,39342738,177768585,16028105,21856231,8742369,75766243
1,layer1.1.relu2,1053,29532525,False,371375892,136897630,21845082,39320655,177668833,16019117,21843975,8737478,75723855
2,layer1.1.relu2,1053,29552884,False,371292132,136866744,21840157,39311778,177628704,16015499,21839035,8735501,75706725
3,layer1.1.relu2,1053,29536910,False,371428602,136917009,21848182,39326202,177693936,16021381,21847057,8738712,75734486
4,layer1.1.relu2,1053,29564218,False,371772126,137043670,21868392,39362606,177858423,16036208,21867279,8746801,75804668
5,layer1.1.relu2,1053,29560734,False,371727510,137027231,21865773,39357897,177837031,16034285,21864655,8745752,75795552
6,layer1.1.relu2,1053,29579384,False,371958084,137112239,21879333,39382305,177947446,16044240,21878234,8751183,75842614
0,layer1.1.conv3,34,29298863,False,368460786,135822379,21673485,39011767,176273116,15893274,21672364,8668835,75128932
1,layer1.1.conv3,34,29300335,False,368201694,135727511,21658367,38984564,176150182,15882188,21657252,8662791,75076567
2,layer1.1.conv3,34,29278162,False,368192994,135724311,21657856,38983643,176145908,15881800,21656719,8662577,75074727
3,layer1.1.conv3,34,29262255,False,367989576,135649246,21645882,38962092,176048664,15873038,21644777,8657799,75033252
4,layer1.1.conv3,34,29252644,False,367868484,135604690,21638769,38949289,175990775,15867815,21637650,8654951,75008593
5,layer1.1.conv3,34,29261873,False,367984812,135647578,21645618,38961613,176046499,15872839,21644504,8657692,75032365
6,layer1.1.conv3,34,29260648,False,367964514,135640091,21644409,38959441,176036737,15871960,21643304,8657212,75028198
0,layer1.1.bn3,91,29665803,False,373083024,137526622,21945458,39501329,178485222,16092724,21944342,8777622,76071747
1,layer1.1.bn3,91,29658223,False,372626616,137358641,21918645,39453066,178267181,16073066,21917537,8766904,75978867
2,layer1.1.bn3,91,29617568,False,372505242,137313931,21908953,39435617,178188320,16065958,21907846,8763029,75945293
3,layer1.1.bn3,91,29614848,False,372427248,137285171,21906932,39431982,178171909,16064478,21905832,8762219,75938272
4,layer1.1.bn3,91,29597559,False,372206508,137203795,21893941,39408593,178066058,16054930,21892808,8757013,75893111
5,layer1.1.bn3,91,29666392,False,372749298,137403894,21925864,39466056,178325865,16078359,21924759,8769794,76003879
6,layer1.1.bn3,91,29645342,False,372812496,137427199,21929584,39472759,178356129,16081088,21928475,8771278,76016786
0,layer1.1.add,94,29493341,False,370911174,136725880,21817647,39271239,419918798,15998971,21816491,8726469,75628444
1,layer1.1.add,94,29460802,False,370488402,136570459,21792880,39226686,422623327,15980824,21791758,8716589,75542798
2,layer1.1.add,94,29461641,False,370501050,136575114,21793625,39228025,425535209,15981377,21792510,8716892,75545430
3,layer1.1.add,94,29461697,False,370497300,136573686,21793397,39227615,428439175,15981214,21792281,8716802,75544663
4,layer1.1.add,94,29445942,False,370301298,136501489,21781877,39206879,431247426,15972767,21780751,8712185,75504651
5,layer1.1.add,94,29469824,False,370597698,136610746,21799312,39238259,434300414,15985550,21798197,8719169,75565183
6,layer1.1.add,94,29455123,False,370420056,136545251,21788861,39219458,437117205,15977892,21787758,8714993,75528970
0,layer1.1.relu3,175,29730809,False,373888626,137823415,21992821,39586576,189133493,16127458,21991710,8796569,76235964
1,layer1.1.relu3,175,29725167,False,373530168,137691744,21971805,39548739,188952704,16112044,21970695,8788168,76163166
2,layer1.1.relu3,175,29691316,False,373385082,137638244,21963271,39533356,188879190,16105773,21962142,8784740,76133458
3,layer1.1.relu3,175,29683474,False,373279944,137599498,21957085,39522262,188826199,16101256,21955983,8782284,76112170
4,layer1.1.relu3,175,29736561,False,373706358,137756694,21982173,39567415,189041945,16119648,21981060,8792313,76199087
5,layer1.1.relu3,175,29697138,False,373455222,137664108,21967402,39540827,188914921,16108822,21966300,8786405,76147899
6,layer1.1.relu3,175,29707349,False,373455684,137664294,21967428,39540877,188915158,16108832,21966302,8786411,76147910
0,layer1.2.conv1,37,29705034,False,373565334,137704117,21973766,39552275,188969602,16113485,21972656,8788950,76169948
1,layer1.2.conv1,37,29711252,False,373640688,137732474,21978309,39560439,189008630,16116812,21977195,8790766,76185663
2,layer1.2.conv1,37,29690831,False,373375908,137634893,21962736,39532430,188874776,16105400,21961621,8784536,76131689
3,layer1.2.conv1,37,29686796,False,373329882,137617909,21960026,39527544,188851450,16103407,21958916,8783455,76122316
4,layer1.2.conv1,37,29662475,False,373020864,137503987,21941841,39494821,188695117,16090075,21940735,8776184,76059310
5,layer1.2.conv1,37,29712480,False,373397832,137642919,21964005,39534711,188885688,16106328,21962896,8785046,76136107
6,layer1.2.conv1,37,29682067,False,373267884,137595075,21956386,39520998,188820135,16100738,21955279,8782001,76109730
0,layer1.2.bn1,477,29461182,False,370498002,136573909,21793408,39227636,187418518,15981221,21792299,8716803,75544681
1,layer1.2.bn1,477,29342697,False,369001734,136022318,21705411,39069238,186661725,15916690,21704288,8681604,75239614
2,layer1.2.bn1,477,29437261,False,369924156,136362475,21759689,39166932,187128353,15956472,21758549,8703310,75427723
3,layer1.2.bn1,477,29413814,False,369642432,136258592,21743103,39137082,186985907,15944332,21741983,8696679,75370259
4,layer1.2.bn1,477,29403501,False,369764004,136303395,21750265,39149978,187047517,15949583,21749155,8699550,75395137
5,layer1.2.bn1,477,29360988,False,369227394,136105621,21718695,39093147,186775937,15926427,21717579,8686915,75285641
6,layer1.2.bn1,477,29442171,False,370244496,136480529,21778532,39200859,187290602,15970314,21777412,8710854,75493096
0,layer1.2.relu1,1058,29678691,False,373219458,137576825,21953454,39515725,188794920,16098587,21952338,8780822,76099498
1,layer1.2.relu1,1058,29687715,False,373320504,137614443,21959477,39526561,188846745,16103006,21958364,8783236,76120430
2,layer1.2.relu1,1058,29672363,False,373134504,137545862,21948528,39506851,188752608,16094983,21947428,8778858,76082485
3,layer1.2.relu1,1058,29728372,False,373499598,137680462,21969992,39545492,188937191,16110721,21968890,8787439,76156848
4,layer1.2.relu1,1058,29678907,False,373214088,137575228,21953217,39515294,188792869,16098415,21952095,8780726,76098664
5,layer1.2.relu1,1058,29681800,False,373250706,137588735,21955367,39519158,188811302,16099982,21954235,8781583,76106086
6,layer1.2.relu1,1058,29681603,False,373247502,137587532,21955164,39518795,188809651,16099843,21954055,8781509,76105398
0,layer1.2.conv2,15,29195704,False,367184442,135352493,21598523,38876844,185742501,15838304,21597397,8638844,74869014
1,layer1.2.conv2,15,29140015,False,366480924,135093170,21557144,38802335,185386489,15807943,21556008,8622288,74725540
2,layer1.2.conv2,15,29133124,False,366388728,135059105,21551690,38792539,185339700,15803954,21550570,8620113,74706694
3,layer1.2.conv2,15,29122090,False,366238410,135003709,21542846,38776593,185263420,15797438,21541684,8616556,74675838
4,layer1.2.conv2,15,29109345,False,366077508,134944504,21533413,38759649,185182438,15790547,21532287,8612801,74643302
5,layer1.2.conv2,15,29112390,False,366120000,134960160,21535911,38764138,185204083,15792394,21534806,8613813,74652100
6,layer1.2.conv2,15,29101710,False,365982750,134909550,21527842,38749616,185134608,15786467,21526723,8610578,74624053
0,layer1.2.bn2,481,29758542,False,373637088,137730633,21977972,39559853,189005807,16116569,21976860,8790618,76184354
1,layer1.2.bn2,481,29605958,False,372320952,137245979,21900676,39420690,188340856,16059872,21899544,8759708,75916482
2,layer1.2.bn2,481,29733532,False,373817358,137797614,21988698,39579136,189097938,16124425,21987575,8794917,76221656
3,layer1.2.bn2,481,29610611,False,372369576,137263803,21903523,39425820,188365424,16061964,21902405,8760850,75926406
4,layer1.2.bn2,481,29644316,False,372573378,137339036,21915523,39447441,188468608,16070758,21914389,8765640,75967872
5,layer1.2.bn2,481,29589393,False,372101490,137164984,21887738,39397408,188229591,16050372,21886570,8754513,75871434
6,layer1.2.bn2,481,29713212,False,373660362,137739741,21979463,39562528,189018549,16117656,21978327,8791220,76189617
0,layer1.2.relu2,1056,29537447,False,371448252,136924030,21849284,39328194,187898847,16022177,21848142,8739130,75738171
1,layer1.2.relu2,1056,29588475,False,372076566,137155898,21886301,39394847,188217453,16049349,21885195,8753965,75866744
2,layer1.2.relu2,1056,29592411,False,372154794,137184753,21890908,39403138,188257003,16052715,21889787,8755804,75882671
3,layer1.2.relu2,1056,29677972,False,373202898,137571101,21952546,39514079,188787084,16097921,21951433,8780458,76096343
4,layer1.2.relu2,1056,29660774,False,372740202,137400450,21925317,39465065,188552910,16077953,21924202,8769571,76001988
5,layer1.2.relu2,1056,29694270,False,373406310,137646098,21964514,39535629,188890062,16106702,21963411,8785255,76137903
6,layer1.2.relu2,1056,29614373,False,372395424,137273435,21905059,39428605,188378654,16063088,21903927,8761461,75931709
0,layer1.2.conv3,34,29270755,False,368112948,135694350,21653046,38974984,186211425,15878287,21651933,8660639,75057912
1,layer1.2.conv3,34,29280261,False,368226906,135736799,21659847,38987235,186269947,15883264,21658718,8663372,75081553
2,layer1.2.conv3,34,29262134,False,367987344,135648491,21645748,38961834,186148545,15872923,21644616,8657733,75032720
3,layer1.2.conv3,34,29280199,False,367976664,135644588,21645131,38960742,186143354,15872481,21644014,8657489,75030599
4,layer1.2.conv3,34,29253897,False,367884882,135610741,21639735,38951020,186096921,15868524,21638615,8655336,75011952
5,layer1.2.conv3,34,29249684,False,367831458,135591034,21636593,38945371,186069949,15866227,21635483,8654078,75001047
6,layer1.2.conv3,34,29266745,False,368048622,135671092,21649363,38968343,186179672,15875584,21648247,8659186,75045311
0,layer1.2.bn3,91,29642980,False,372790500,137418856,21928265,39470378,188578320,16080118,21927155,8770752,76012216
1,layer1.2.bn3,91,29654649,False,372573498,137339080,21915530,39447462,188468823,16070780,21914420,8765658,75968085
2,layer1.2.bn3,91,29616663,False,372460284,137297353,21908877,39435477,188411532,16065897,21907765,8762991,75944960
3,layer1.2.bn3,91,29598041,False,372221178,137209219,21894811,39410166,188290516,16055578,21893694,8757366,75896168
4,layer1.2.bn3,91,29663365,False,373082352,137526680,21945472,39501352,188726257,16092736,21944364,8777634,76071867
5,layer1.2.bn3,91,29600903,False,372255150,137221702,21896799,39413746,188307759,16057048,21895697,8758170,75903179
6,layer1.2.bn3,91,29626933,False,372701334,137386218,21923053,39460996,188533446,16076293,21921937,8768658,75994085
0,layer1.2.add,95,29800721,False,374777616,138151437,22045130,39680711,189583223,16165805,22043999,8817485,76417186
1,layer1.2.add,95,29779547,False,374496690,138048024,22028666,39651080,189441660,16153739,22027549,8810908,76360229
2,layer1.2.add,95,29782837,False,374537280,138063000,22031048,39655391,189462282,16155496,22029941,8811866,76368559
3,layer1.2.add,95,29788303,False,374604534,138087789,22035010,39662518,189496335,16158379,22033876,8813438,76382160
4,layer1.2.add,95,29791331,False,374643840,138102270,22037316,39666665,189516079,16160083,22036198,8814364,76390184
5,layer1.2.add,95,29761949,False,374273028,137965527,22015502,39627409,189328564,16144083,22014384,8805641,76314597
6,layer1.2.add,95,29767468,False,374338704,137989771,22019366,39634356,189361759,16146912,22018242,8807186,76327966
0,layer1.2.relu3,175,29735267,False,373947060,137844800,21996222,39592704,189162768,16129955,21995114,8797930,76247706
1,layer1.2.relu3,175,29735676,False,373800666,137791444,21987709,39577377,189089378,16123698,21986583,8794522,76218244
2,layer1.2.relu3,175,29712597,False,373649790,137735836,21978842,39561409,189013137,16117193,21977706,8790967,76187397
3,layer1.2.relu3,175,29721451,False,373770066,137780150,21985904,39574122,189073958,16122383,21984793,8793807,76212044
4,layer1.2.relu3,175,29703242,False,373535928,137693874,21972147,39549365,188955578,16112283,21971016,8788292,76164244
5,layer1.2.relu3,175,29702058,False,373516350,137686641,21970998,39547282,188945744,16111449,21969882,8787837,76160297
6,layer1.2.relu3,175,29694134,False,373416294,137649719,21965101,39536685,188895067,16107129,21963985,8785480,76139868
0,layer2.0.conv1,18,28603419,False,359445570,132499710,21143274,38057396,181827285,15504451,21142152,8456744,73290783
1,layer2.0.conv1,18,28570743,False,359300436,132446272,21134763,38042068,181754189,15498216,21133655,8453353,73261436
2,layer2.0.conv1,18,28554517,False,359092746,132369703,21122553,38020097,181649228,15489256,21121437,8448463,73219047
3,layer2.0.conv1,18,28550743,False,359047230,132352918,21119858,38015252,181626057,15487293,21118754,8447389,73209696
4,layer2.0.conv1,18,28551084,False,359058450,132357050,21120526,38016420,181631618,15487762,21119393,8447645,73211905
5,layer2.0.conv1,18,28541214,False,358928418,132309121,21112883,38002665,181565858,15482152,21111750,8444589,73185439
6,layer2.0.conv1,18,28554535,False,359089860,132368650,21122380,38019788,181647690,15489127,21121260,8448392,73218405
0,layer2.0.bn1,179,29538284,False,371480892,136936062,21851217,39331674,187915636,16023609,21850095,8739922,75744968
1,layer2.0.bn1,179,29485405,False,370799694,136685212,21811190,39259639,187571345,15994253,21810071,8723917,75606324
2,layer2.0.bn1,179,29526203,False,371033136,136771263,21824924,39284368,187689567,16004335,21823815,8729417,75653982
3,layer2.0.bn1,179,29491025,False,370869276,136710829,21815276,39266983,187606533,15997254,21814159,8725554,75620516
4,layer2.0.bn1,179,29461522,False,370493628,136572339,21793177,39227223,187416493,15981044,21792051,8716709,75543837
5,layer2.0.bn1,179,29470724,False,370605786,136613719,21799780,39239102,187473244,15985878,21798633,8719341,75566677
6,layer2.0.bn1,179,29518387,False,370847142,136702673,21813982,39264649,187595363,15996297,21812848,8725030,75615922
0,layer2.0.relu1,524,29482156,False,370760208,136670234,21808774,39255288,187550554,15992474,21807638,8722946,75597908
1,layer2.0.relu1,524,29480958,False,370730688,136659770,21807117,39252318,187536454,15991273,21805992,8722285,75592157
2,layer2.0.relu1,524,29493232,False,370889412,136718294,21816470,39269141,187616857,15998133,21815354,8726032,75624642
3,layer2.0.relu1,524,29490033,False,370844268,136701643,21813803,39264353,187594010,15996189,21812706,8724971,75615447
4,layer2.0.relu1,524,29495509,False,370908282,136725241,21817581,39271143,187626439,15998949,21816474,8726480,75628547
5,layer2.0.relu1,524,29555931,False,371251650,136851791,21837774,39307494,187800097,16013753,21836659,8734551,75698487
6,layer2.0.relu1,524,29484102,False,370762872,136671620,21809026,39255740,187552793,15992673,21807913,8723056,75598865
0,layer2.0.conv2,14,29452764,False,370463454,136544203,21788672,39219086,187377696,15977728,21787532,8714895,75528024
1,layer2.0.conv2,14,29424465,False,370091490,136423992,21769507,39184618,187213026,15963700,21768402,8707251,75461902
2,layer2.0.conv2,14,29491310,False,370590882,136608221,21798904,39237513,187465620,15985235,21797765,8718993,75563651
3,layer2.0.conv2,14,29417871,False,369978060,136382324,21762859,39172643,187155780,15958817,21761743,8704583,75438731
4,layer2.0.conv2,14,29402472,False,369770256,136305713,21750635,39150645,187050647,15949854,21749523,8699699,75396433
5,layer2.0.conv2,14,29398117,False,369716592,136285871,21747470,39144950,187023465,15947534,21746362,8698435,75385487
6,layer2.0.conv2,14,29404982,False,369839910,136331416,21754731,39158018,187085749,15952842,21753596,8701329,75410512
0,layer2.0.bn2,848,28798851,False,362197734,133513506,21305065,38345367,183203259,15621781,21302155,8520752,73845562
1,layer2.0.bn2,848,28668049,False,360511560,132892697,21205999,38170306,182366814,15550450,21204878,8481838,73508302
2,layer2.0.bn2,848,28497166,False,358262586,132063712,21073722,37932202,181229137,15453444,21072601,8428930,73049756
3,layer2.0.bn2,848,28400703,False,357150900,131653899,21008316,37814471,180666758,15405484,21007195,8402766,72823025
4,layer2.0.bn2,848,28789695,False,362036100,133454689,21295684,38331732,183138092,15616214,21294558,8517682,73818936
5,layer2.0.bn2,848,28936961,False,363883230,134135605,21404337,38527309,184072525,15695903,21403217,8561151,74195679
6,layer2.0.bn2,848,28913536,False,363329340,133931435,21371758,38468661,183792352,15672009,21370637,8548118,74082752
0,layer2.0.relu2,1814,29363115,False,369255924,136115902,21720342,39096115,186790155,15927640,21719228,8687547,75291114
1,layer2.0.relu2,1814,29437854,False,370211358,136468338,21776584,39197345,187273835,15968885,21775476,8710075,75480729
2,layer2.0.relu2,1814,29376116,False,369410694,136173182,21729482,39112572,186868748,15934341,21728369,8691238,75323107
3,layer2.0.relu2,1814,29411647,False,369853380,136336366,21755523,39159448,187092755,15953444,21754407,8701653,75413343
4,layer2.0.relu2,1814,29432100,False,370108152,136430295,21770515,39186429,187221658,15964410,21769372,8707638,75465246
5,layer2.0.relu2,1814,29434247,False,369886380,136348539,21757471,39162948,187109495,15954868,21756362,8702432,75420100
6,layer2.0.relu2,1814,29425458,False,370027200,136400461,21765757,39177869,187180797,15960948,21764638,8705746,75448844
0,layer2.0.conv3,35,29248387,False,367705830,135544644,21629175,38932018,186006150,15860784,21628063,8651111,74975279
1,layer2.0.conv3,35,29220290,False,367466622,135456553,21615125,38906729,185885263,15850479,21614012,8645495,74926661
2,layer2.0.conv3,35,29197148,False,367171542,135347767,21597761,38875472,185735957,15837747,21596645,8638547,74866402
3,layer2.0.conv3,35,29200781,False,367213506,135363243,21600236,38879934,185757280,15839566,21599130,8639543,74875084
4,layer2.0.conv3,35,29226191,False,367160820,135343786,21597137,38874347,185730585,15837290,21596026,8638300,74864309
5,layer2.0.conv3,35,29185074,False,367014234,135289686,21588503,38858797,185656281,15830954,21587391,8634839,74834303
6,layer2.0.conv3,35,29180866,False,366966534,135272204,21585702,38853771,185632314,15828908,21584587,8633715,74824560
0,layer2.0.bn3,180,29543546,False,371557272,136963994,21855662,39339658,187953716,16026859,21854532,8741693,75760368
1,layer2.0.bn3,180,29501984,False,371012292,136763581,21823693,39282145,187678943,16003429,21822578,8728920,75649666
2,layer2.0.bn3,180,29546197,False,371571294,136969640,21856581,39341347,187961857,16027548,21855469,8742078,75763714
3,layer2.0.bn3,180,29518823,False,371219652,136839991,21835890,39304102,187783865,16012365,21834768,8733796,75691917
4,layer2.0.bn3,180,29487553,False,370822650,136693685,21812548,39262090,187583167,15995263,21811444,8724468,75611105
5,layer2.0.bn3,180,29528748,False,371337528,136883468,21842826,39316585,187843529,16017463,21841706,8736572,75715995
6,layer2.0.bn3,180,29546957,False,371272806,136859607,21839017,39309723,187810687,16014659,21837897,8735047,75702790
0,layer2.0.downsample.0,13,29388592,False,369618570,136249684,21741677,39134479,186973240,15943254,21740520,8696095,75365186
1,layer2.0.downsample.0,13,29338714,False,368980164,136014280,21704127,39066932,186650731,15915750,21703018,8681098,75235216
2,layer2.0.downsample.0,13,29335145,False,368925132,135994082,21700903,39061128,186622846,15913375,21699781,8679802,75224003
3,layer2.0.downsample.0,13,29310987,False,368665674,135898542,21685659,39033688,186491894,15902207,21681795,8672608,75161648
4,layer2.0.downsample.0,13,29310601,False,368603100,135875445,21681977,39027062,186460200,15899492,21680850,8672228,75158284
5,layer2.0.downsample.0,13,29288366,False,368330052,135774830,21665910,38998114,186321930,15887708,21664780,8665796,75102608
6,layer2.0.downsample.0,13,29322579,False,368762100,135934068,21691332,39043898,186540690,15906368,21690221,8675979,75190842
0,layer2.0.downsample.1,178,29615794,False,372126408,137173988,21889192,39400008,188242127,16051447,21888058,8755105,75876556
1,layer2.0.downsample.1,178,29569894,False,371871108,137079916,21874175,39373021,188113169,16040456,21873071,8749112,75824691
2,layer2.0.downsample.1,178,29552761,False,371642418,136995875,21860750,39348850,187997689,16030607,21859638,8743744,75778147
3,layer2.0.downsample.1,178,29572618,False,371566998,136968030,21856319,39340878,187959602,16027359,21855196,8741965,75762697
4,layer2.0.downsample.1,178,29563603,False,371786652,137049025,21869244,39364132,188070684,16036829,21868121,8747138,75807559
5,layer2.0.downsample.1,178,29516571,False,371185902,136827477,21833898,39300517,187766742,16010915,21832785,8732997,75685019
6,layer2.0.downsample.1,178,29527573,False,371322600,136877956,21841934,39314983,187835889,16016809,21840830,8736212,75712870
0,layer2.0.add,193,29763852,False,374307342,137977940,22017446,39630875,189345131,16145503,22016317,8806415,76321301
1,layer2.0.add,193,29731944,False,373651968,137736632,21978970,39561638,189014345,16117297,21977857,8791034,76187973
2,layer2.0.add,193,29742713,False,373802916,137792269,21987848,39577626,189090677,16123807,21986733,8794582,76218744
3,layer2.0.add,193,29721674,False,373764930,137778264,21985602,39573574,189071293,16122156,21984484,8793678,76210895
4,layer2.0.add,193,29727881,False,373840320,137806050,21990039,39581566,189109538,16125418,21988931,8795461,76226359
5,layer2.0.add,193,29721684,False,373760592,137776603,21985354,39573145,189069332,16121985,21984243,8793586,76210127
6,layer2.0.add,193,29718593,False,373720722,137761972,21983018,39568936,189049124,16120267,21981903,8792650,76201991
0,layer2.0.relu3,529,29570230,False,371857938,137075031,21873398,39371621,188106303,16039871,21872275,8748796,75821939
1,layer2.0.relu3,529,29534963,False,371408838,136909748,21847024,39324145,187879649,16020533,21845907,8738253,75730542
2,layer2.0.relu3,529,29601429,False,371905398,137092818,21876239,39376739,188130950,16041971,21875138,8749944,75831904
3,layer2.0.relu3,529,29470555,False,370634352,136624252,21801466,39242125,187487780,15987129,21800351,8720031,75572648
4,layer2.0.relu3,529,29527044,False,371307744,136872493,21841075,39313439,187828492,16016181,21839970,8735874,75709950
5,layer2.0.relu3,529,29467043,False,370554030,136594653,21796741,39233640,187447141,15983655,21795610,8718134,75556192
6,layer2.0.relu3,529,29500297,False,370971942,136748710,21821322,39277881,187658628,16001694,21820203,8727970,75641445
0,layer2.1.conv1,37,29718129,False,373723266,137762749,21983127,39569133,189050150,16120348,21982015,8792691,76202259
1,layer2.1.conv1,37,29726347,False,373829172,137801963,21989399,39580424,189104081,16124946,21988282,8795202,76224119
2,layer2.1.conv1,37,29711025,False,373627530,137727647,21977537,39559071,189001970,16116242,21976417,8790455,76182994
3,layer2.1.conv1,37,29703432,False,373533354,137692888,21971991,39549077,188954304,16112178,21970873,8788237,76163760
4,layer2.1.conv1,37,29707841,False,373589556,137713570,21975291,39555005,188982645,16114595,21974171,8789552,76175158
5,layer2.1.conv1,37,29765045,False,373902768,137829106,21993731,39588224,189141315,16128128,21992624,8796939,76239184
6,layer2.1.conv1,37,29724003,False,373787478,137786600,21986947,39576009,189083007,16123145,21985828,8794219,76215592
0,layer2.1.bn1,863,29388172,False,369331512,136143303,21724704,39103973,186827610,15930833,21723582,8689314,75306430
1,layer2.1.bn1,863,29164509,False,366756702,135194642,21573335,38831508,185525930,15819838,21572227,8628780,74781811
2,layer2.1.bn1,863,29057593,False,365408430,134697838,21494051,38688797,184844082,15761696,21492938,8597065,74506934
3,layer2.1.bn1,863,29038156,False,365158392,134605666,21479337,38662299,184717507,15750901,21478228,8591182,74455933
4,layer2.1.bn1,863,29094724,False,365871552,134868564,21521296,38737802,185078167,15781652,21520158,8607952,74601306
5,layer2.1.bn1,863,29098990,False,365921790,134887078,21524257,38743157,185103806,15783843,21523143,8609147,74611649
6,layer2.1.bn1,863,29065218,False,365499012,134731244,21499394,38698389,184889933,15765606,21498279,8599196,74525368
0,layer2.1.relu1,1809,29394366,False,369637356,136256731,21742820,39136573,186983463,15944120,21741708,8696574,75369344
1,layer2.1.relu1,1809,29481045,False,370728648,136659018,21807011,39252117,187535359,15991186,21805882,8722243,75591530
2,layer2.1.relu1,1809,29395511,False,369646902,136260257,21743378,39137586,186988275,15944523,21742256,8696791,75371191
3,layer2.1.relu1,1809,29429783,False,369851856,136335815,21755440,39159293,187091881,15953364,21754308,8701613,75413022
4,layer2.1.relu1,1809,29486080,False,370782438,136678860,21810178,39257820,187562801,15993518,21809067,8723516,75602813
5,layer2.1.relu1,1809,29384117,False,369502038,136206854,21734842,39122211,186914847,15938274,21733731,8693380,75341648
6,layer2.1.relu1,1809,29415313,False,369895086,136351749,21757975,39163863,187113863,15955244,21756873,8702637,75421899
0,layer2.1.conv2,15,28473234,False,358094760,132001322,21063767,37914278,181143628,15446153,21062658,8424945,73015192
1,layer2.1.conv2,15,28437134,False,357630180,131830579,21036521,37865241,180909345,15426171,21035407,8414052,72920833
2,layer2.1.conv2,15,28424569,False,357472656,131772412,21027226,37848511,180829395,15419354,21026111,8410334,72888602
3,layer2.1.conv2,15,28469946,False,357773016,131883159,21044909,37880337,180981476,15432313,21043789,8417406,72949881
4,layer2.1.conv2,15,28413382,False,357334962,131721744,21019151,37833964,180759853,15413424,21018030,8407100,72860582
5,layer2.1.conv2,15,28431928,False,357556860,131803502,21032198,37857455,180872078,15422998,21031083,8412323,72905832
6,layer2.1.conv2,15,28417553,False,357378204,131737687,21021697,37838534,180781705,15415292,21020577,8408116,72869379
0,layer2.1.bn2,878,29615511,False,372106998,137166938,21888027,39397951,188232292,16050613,21886920,8754653,75872494
1,layer2.1.bn2,878,29185531,False,367019982,135291750,21588829,38859392,185659174,15831197,21587719,8634971,74835466
2,layer2.1.bn2,878,29269705,False,368069958,135678890,21650606,38970596,186190347,15876491,21649482,8659646,75049266
3,layer2.1.bn2,878,29653558,False,372894492,137457398,21934398,39481413,188631006,16084609,21933276,8773175,76033223
4,layer2.1.bn2,878,29361016,False,369215952,136101404,21718026,39091949,186770195,15925934,21716903,8686651,75283319
5,layer2.1.bn2,878,29222331,False,367473546,135459065,21615532,38907461,185888785,15850779,21614421,8645657,74928040
6,layer2.1.bn2,878,29377829,False,369430704,136180554,21730633,39114642,186878663,15935184,21729516,8691687,75326996
0,layer2.1.relu2,1810,29426132,False,370036932,136403933,21766307,39178854,187185392,15961342,21765182,8705932,75450442
1,layer2.1.relu2,1810,29398555,False,369690636,136276383,21745957,39142222,187010423,15946417,21744834,8697822,75380173
2,layer2.1.relu2,1810,29419042,False,369944226,136369859,21760870,39169061,187138716,15957351,21759741,8703786,75431861
3,layer2.1.relu2,1810,29390505,False,369585210,136237514,21739746,39131030,186956983,15941866,21738627,8695341,75358669
4,layer2.1.relu2,1810,29484267,False,370761702,136671176,21808944,39255600,187552165,15992617,21807836,8723016,75598519
5,layer2.1.relu2,1810,29398136,False,369681894,136273120,21745420,39141260,187005870,15946032,21744310,8697614,75378368
6,layer2.1.relu2,1810,29438511,False,370187124,136459380,21775157,39194784,187261572,15967839,21774043,8709505,75481418
0,layer2.1.conv3,35,29196183,False,367173906,135348300,21597844,38875568,185736450,15837789,21596703,8638562,74866527
1,layer2.1.conv3,35,29190146,False,367086738,135316472,21592779,38866505,185693114,15834093,21591668,8636556,74849189
2,layer2.1.conv3,35,29195023,False,367142244,135336956,21596038,38872372,185721176,15836487,21594928,8637861,74860506
3,layer2.1.conv3,35,29176918,False,366916914,135253906,21582793,38848526,185607270,15826770,21581682,8632564,74814592
4,layer2.1.conv3,35,29179629,False,366945252,135264370,21584458,38851504,185621466,15827984,21583337,8633222,74820291
5,layer2.1.conv3,35,29225921,False,367273332,135385305,21603756,38886239,185787287,15842126,21602617,8640936,74887153
6,layer2.1.conv3,35,29175290,False,366895680,135245983,21581524,38846237,185596264,15825835,21580400,8632049,74810132
0,layer2.1.bn3,181,29757136,False,374227272,137947941,22012679,39622295,189304128,16142005,22011547,8804500,76304680
1,layer2.1.bn3,181,29683181,False,373294392,137604789,21957929,39523764,188833341,16101864,21956815,8782615,76115032
2,layer2.1.bn3,181,29730521,False,373883034,137821795,21992557,39586106,189131237,16127268,21991440,8796466,76235076
3,layer2.1.bn3,181,29660939,False,373009110,137499666,21941157,39493590,188689238,16089570,21940046,8775906,76056897
4,layer2.1.bn3,181,29714972,False,373411266,137647902,21964812,39536161,188892614,16106920,21963703,8785371,76138912
5,layer2.1.bn3,181,29687970,False,373344312,137623255,21960868,39529059,188858658,16104024,21959756,8783792,76125230
6,layer2.1.bn3,181,29664930,False,373055988,137516917,21943914,39498556,188712949,16091591,21942803,8777010,76066481
0,layer2.1.add,189,29746733,False,374093946,137899354,22004941,39608392,189237488,16136318,22003791,8801403,76277872
1,layer2.1.add,189,29705578,False,373553478,137700317,21973171,39551203,188964490,16113044,21972050,8788709,76167865
2,layer2.1.add,189,29684000,False,373287750,137602378,21957547,39523088,188830112,16101588,21956434,8782462,76113708
3,layer2.1.add,189,29662527,False,373017516,137502762,21941637,39494444,188693302,16089921,21940526,8776099,76058492
4,layer2.1.add,189,29695513,False,373432734,137655788,21966072,39538431,188903442,16107844,21964965,8785876,76143301
5,layer2.1.add,189,29720248,False,373431318,137655281,21965986,39538274,188902695,16107765,21964854,8785829,76142883
6,layer2.1.add,189,29680946,False,373249830,137588393,21955318,39519072,188810975,16099956,21954212,8781575,76106033
0,layer2.1.relu3,523,29620905,False,372395070,137273161,21904988,39428484,188378148,16063049,21903881,8761438,75931506
1,layer2.1.relu3,523,29609212,False,372341178,137253445,21901865,39422850,188351255,16060754,21900754,8760188,75920663
2,layer2.1.relu3,523,29641898,False,372753774,137405353,21926111,39466489,188559761,16078537,21924995,8769889,76004730
3,layer2.1.relu3,523,29654042,False,372690126,137382078,21922391,39459811,188527806,16075812,21921287,8768403,75991850
4,layer2.1.relu3,523,29584711,False,372032574,137139672,21883710,39390149,188194986,16047430,21882583,8752917,75857654
5,layer2.1.relu3,523,29685973,False,373066764,137520929,21944549,39499690,188718361,16092059,21943435,8777264,76068667
6,layer2.1.relu3,523,29598723,False,372206718,137203776,21893943,39408600,188283079,16054940,21892822,8757000,75893058
0,layer2.2.conv1,37,29745532,False,374070396,137890830,22003577,39605929,189225951,16135344,22002460,8800870,76273233
1,layer2.2.conv1,37,29744559,False,374050026,137883351,22002370,39603774,189215688,16134470,22001273,8800393,76269102
2,layer2.2.conv1,37,29752805,False,373924278,137837031,21994989,39590483,189152172,16129050,21993881,8797443,76243547
3,layer2.2.conv1,37,29735535,False,373934340,137840715,21995569,39591522,189157119,16129472,21994458,8797667,76245485
4,layer2.2.conv1,37,29726851,False,373826784,137801065,21989236,39580130,189102645,16124830,21988124,8795133,76223504
5,layer2.2.conv1,37,29725210,False,373809216,137794584,21988216,39578283,189093833,16124078,21987099,8794730,76220015
6,layer2.2.conv1,37,29716751,False,373701096,137754758,21981860,39566852,189039198,16119421,21980737,8792183,76197939
0,layer2.2.bn1,875,29669401,False,373106826,137535322,21946850,39503804,188737909,16093725,21945713,8778171,76076481
1,layer2.2.bn1,875,29989196,False,377121288,139015530,22183051,39928993,190769438,16266959,22181924,8872658,76895403
2,layer2.2.bn1,875,29913745,False,376167042,138663757,22126905,39827921,190286543,16225783,22125784,8850196,76700744
3,layer2.2.bn1,875,30055600,False,377954244,139322575,22232049,40017188,191190788,16302878,22230920,8892255,77065234
4,layer2.2.bn1,875,29701329,False,373499058,137680276,21969971,39545452,188936820,16110689,21968847,8787428,76156723
5,layer2.2.bn1,875,30070005,False,378132288,139388209,22242508,40036004,191280760,16310555,22241385,8896442,77101522
6,layer2.2.bn1,875,29380760,False,369144054,136074893,21713799,39084315,186733732,15922831,21712667,8684950,75268605
0,layer2.2.relu1,1807,29609112,False,372347226,137255288,21902134,39423335,188353564,16060936,21901001,8760283,75921489
1,layer2.2.relu1,1807,29393206,False,369624156,136251847,21742040,39135168,186976734,15943550,21740928,8696260,75366633
2,layer2.2.relu1,1807,29453794,False,370385976,136532718,21786858,39215840,187362143,15976410,21785736,8714179,75521911
3,layer2.2.relu1,1807,29333416,False,368870082,135973891,21697682,39055332,186595291,15911020,21696553,8678511,75212806
4,layer2.2.relu1,1807,29501619,False,370981614,136752244,21821890,39278909,187663472,16002109,21820783,8728203,75643474
5,layer2.2.relu1,1807,29385717,False,369300558,136132585,21723005,39100911,186813095,15929596,21721899,8688648,75300668
6,layer2.2.relu1,1807,29445904,False,370170288,136453180,21774160,39192994,187253055,15967112,21773052,8709108,75477989
0,layer2.2.conv2,15,28538314,False,358915182,132303894,21112048,38001188,181558816,15481555,21110931,8444263,73182659
1,layer2.2.conv2,15,28507984,False,358540710,132166205,21090076,37961639,181369914,15465443,21088964,8435474,73106487
2,layer2.2.conv2,15,28512204,False,358583226,132181621,21092533,37966060,181390870,15467232,21091404,8436452,73114949
3,layer2.2.conv2,15,28537155,False,358599072,132187634,21093493,37967786,181399293,15467955,21092376,8436840,73118325
4,layer2.2.conv2,15,28486212,False,358241304,132055858,21072467,37929936,181218353,15452524,21071347,8428423,73045377
5,layer2.2.conv2,15,28473156,False,358077930,131995638,21062852,37912636,181135778,15445483,21061747,8424586,73012117
6,layer2.2.conv2,15,28504356,False,358481436,132144369,21086592,37955372,181339944,15462895,21085477,8434079,73094404
0,layer2.2.bn2,857,28949447,False,364065858,134202263,21414962,38546396,184163735,15703681,21413835,8565414,74232628
1,layer2.2.bn2,857,29085489,False,365759574,134827011,21514661,38725887,185021282,15776804,21513541,8605305,74578338
2,layer2.2.bn2,857,29271702,False,368097120,135688981,21652206,38973461,186204155,15877657,21651072,8660313,75055061
3,layer2.2.bn2,857,29076927,False,365644350,134784797,21507924,38713768,184963430,15771875,21506828,8602615,74555020
4,layer2.2.bn2,857,29280260,False,368199804,135726799,21658242,38984337,186256107,15882091,21657117,8662725,75075993
5,layer2.2.bn2,857,29145868,False,366511452,135104449,21558940,38805562,185401988,15809266,21557815,8623011,74731804
6,layer2.2.bn2,857,28961237,False,363891978,134138818,21404848,38528232,184076845,15696274,21403735,8561385,74197710
0,layer2.2.relu2,1811,29468368,False,370566570,136599254,21797476,39234933,187453430,15984189,21796347,8718421,75558691
1,layer2.2.relu2,1811,29423250,False,370000758,136390671,21764178,39175024,187167184,15959787,21763070,8705115,75443193
2,layer2.2.relu2,1811,29517019,False,371174472,136823348,21833218,39299284,187760872,16010412,21832107,8732732,75682705
3,layer2.2.relu2,1811,29364073,False,369253032,136115070,21720212,39095888,186789053,15927546,21719104,8687532,75290986
4,layer2.2.relu2,1811,29500016,False,370960200,136744370,21820633,39276648,187652719,16001191,21819529,8727701,75639124
5,layer2.2.relu2,1811,29326898,False,368781924,135941411,21692485,39045980,186550612,15907216,21691379,8676441,75194820
6,layer2.2.relu2,1811,29593631,False,372141282,137179756,21890109,39401689,188250141,16052134,21888999,8755490,75879960
0,layer2.2.conv3,35,29201943,False,367250910,135376539,21602312,38883663,185775088,15841080,21601195,8640352,74882039
1,layer2.2.conv3,35,29210810,False,367348722,135413093,21608183,38894233,185825614,15845393,21607078,8642719,74902602
2,layer2.2.conv3,35,29185775,False,367027758,135294753,21589296,38860237,185663165,15831533,21588177,8635160,74837051
3,layer2.2.conv3,35,29224172,False,367256748,135379187,21602783,38884514,185779183,15841434,21601675,8640556,74883865
4,layer2.2.conv3,35,29195668,False,367148124,135339076,21596380,38872989,185724107,15836733,21595267,8637995,74861652
5,layer2.2.conv3,35,29199348,False,367195128,135356472,21599161,38877989,185747981,15838766,21598040,8639104,74871286
6,layer2.2.conv3,35,29186478,False,367031442,135296140,21589530,38860661,185665229,15831716,21588427,8635259,74837957
0,layer2.2.bn3,180,29696003,False,372978894,137488244,21939309,39490225,188673127,16088203,21938152,8775146,76050234
1,layer2.2.bn3,180,29607581,False,372334962,137251152,21901504,39422214,188348153,16060490,21900391,8760047,75919455
2,layer2.2.bn3,180,29598136,False,372212472,137206008,21894289,39409220,188286111,16055203,21893178,8757161,75894444
3,layer2.2.bn3,180,29600959,False,372244416,137217699,21896162,39412592,188302192,16056572,21895052,8757910,75900934
4,layer2.2.bn3,180,29571950,False,371882154,137084244,21874870,39374271,188119122,16040962,21873764,8749394,75827123
5,layer2.2.bn3,180,29524459,False,371292210,136866774,21840162,39311795,187820488,16015499,21839037,8735505,75706723
6,layer2.2.bn3,180,29552447,False,371639568,136994799,21860592,39348569,187996337,16030493,21859486,8743685,75777656
0,layer2.2.add,188,29524741,False,371305530,136871097,21840836,39312925,187825885,16015958,21839666,8735757,75708939
1,layer2.2.add,188,29552301,False,371341092,136884739,21843019,39316928,187845110,16017598,21841902,8736650,75716636
2,layer2.2.add,188,29512316,False,371130636,136807202,21830651,39294656,187738762,16008524,21829527,8731700,75673786
3,layer2.2.add,188,29499202,False,370962648,136745264,21820773,39276893,187653921,16001293,21819666,8727756,75639594
4,layer2.2.add,188,29504662,False,371035158,136771995,21825041,39284576,187690598,16004424,21823936,8729464,75654394
5,layer2.2.add,188,29499596,False,370967760,136747141,21821075,39277425,187656316,16001499,21819949,8727870,75640538
6,layer2.2.add,188,29498265,False,370950738,136740826,21820062,39275608,187647747,16000763,21818944,8727468,75637107
0,layer2.2.relu3,524,29599937,False,372239574,137215680,21895802,39411943,188299075,16056306,21894684,8757745,75899500
1,layer2.2.relu3,524,29579911,False,371978460,137119733,21880533,39384461,188167811,16045114,21879422,8751657,75846737
2,layer2.2.relu3,524,29558252,False,371700462,137017255,21864176,39355015,188027131,16033114,21863059,8745102,75789925
3,layer2.2.relu3,524,29533360,False,371383224,136900335,21845522,39321435,187866694,16019436,21844406,8737649,75725347
4,layer2.2.relu3,524,29521949,False,371243442,136848779,21837294,39306637,187795896,16013400,21836181,8734362,75696809
5,layer2.2.relu3,524,29602433,False,371802198,137054676,21870154,39365782,188078594,16037505,21869049,8747509,75810807
6,layer2.2.relu3,524,29563096,False,371762772,137040206,21867843,39361610,188058458,16035790,21866704,8746570,75802632
0,layer2.3.conv1,37,29712713,False,373659984,137739167,21979366,39562351,189017748,16117587,21978250,8791188,76189343
1,layer2.3.conv1,37,29714602,False,373675158,137745180,21980327,39564086,189026022,16118297,21979216,8791571,76192659
2,layer2.3.conv1,37,29722429,False,373768632,137779651,21985840,39574011,189073421,16122338,21984729,8793783,76211825
3,layer2.3.conv1,37,29716674,False,373697532,137753435,21981653,39566472,189037450,16119271,21980548,8792109,76197324
4,layer2.3.conv1,37,29701630,False,373505922,137682805,21970379,39546188,188940530,16111007,21969276,8787590,76158154
5,layer2.3.conv1,37,29704246,False,373541526,137695937,21972468,39549948,188958466,16112535,21971362,8788433,76165456
6,layer2.3.conv1,37,29708053,False,373586574,137712553,21975124,39554727,188981203,16114473,21974003,8789485,76174583
0,layer2.3.bn1,873,29223703,False,367511706,135472807,21617721,38911373,185907491,15852375,21616593,8646528,74935603
1,layer2.3.bn1,873,29670188,False,372863916,137446022,21932588,39478129,188615383,16083278,21931468,8772477,76027178
2,layer2.3.bn1,873,29450059,False,370340244,136515819,21784162,39210971,187338847,15974429,21783033,8713097,75512548
3,layer2.3.bn1,873,29744127,False,374038818,137879229,22001726,39602609,189209970,16133982,22000595,8800123,76266772
4,layer2.3.bn1,873,29669500,False,373097322,137532192,21946339,39502914,188733760,16093373,21945230,8777980,76074862
5,layer2.3.bn1,873,29834376,False,375172428,138297113,22068414,39722650,189783602,16182895,22067304,8826812,76498087
6,layer2.3.bn1,873,29898513,False,375972504,138592012,22115466,39807347,190188273,16217398,22114351,8845629,76661158
0,layer2.3.relu1,1806,29515682,False,371167938,136820861,21832842,39298621,187757688,16010129,21831719,8732570,75681320
1,layer2.3.relu1,1806,29546651,False,371334522,136882227,21842618,39316216,187841729,16017309,21841505,8736492,75715268
2,layer2.3.relu1,1806,29548364,False,371570526,136969349,21856533,39341261,187961429,16027512,21855418,8742057,75763541
3,layer2.3.relu1,1806,29481520,False,370727028,136658417,21806920,39251945,187534709,15991120,21805797,8722208,75591510
4,layer2.3.relu1,1806,29483613,False,370755030,136668741,21808567,39254905,187548714,15992318,21807429,8722852,75597103
5,layer2.3.relu1,1806,29489459,False,370826124,136694926,21812735,39262429,187584800,15995400,21811635,8724542,75611736
6,layer2.3.relu1,1806,29486135,False,370545090,136591340,21796210,39232678,187442627,15983271,21795095,8717926,75554404
0,layer2.3.conv2,15,28530268,False,358817580,132267997,21106305,37990853,181509432,15477348,21105197,8441958,73162660
1,layer2.3.conv2,15,28489080,False,358284246,132071637,21074990,37934489,181240189,15454376,21073869,8429438,73054168
2,layer2.3.conv2,15,28493455,False,358336656,132091014,21078082,37940030,181266663,15456643,21076965,8430676,73064899
3,layer2.3.conv2,15,28482008,False,358190514,132037109,21069475,37924550,181192714,15450339,21068367,8427237,73035096
4,layer2.3.conv2,15,28471594,False,358055244,131987245,21061518,37910241,181124222,15444494,21060398,8424050,73007422
5,layer2.3.conv2,15,28487099,False,358255746,132061164,21073313,37931450,181225629,15453131,21072173,8428758,73048280
6,layer2.3.conv2,15,28510101,False,358596204,132186585,21093318,37967477,181397749,15467825,21092214,8435815,73109446
0,layer2.3.bn2,864,29853534,False,375463380,138392252,22083570,39749925,189913937,16194007,22082463,8832868,76550566
1,layer2.3.bn2,864,29829982,False,375117402,138276822,22065169,39716786,189755598,16180508,22064047,8825508,76486777
2,layer2.3.bn2,864,29602731,False,372259482,137223213,21897046,39414181,188309692,16057210,21895918,8758250,75903877
3,layer2.3.bn2,864,29614957,False,372409170,137278511,21905856,39430044,188385538,16063677,21904739,8761778,75934453
4,layer2.3.bn2,864,29544856,False,371528358,136953816,21854053,39336777,187939936,16025679,21852922,8741054,75754844
5,layer2.3.bn2,864,29606618,False,372303714,137239642,21899668,39418906,188332402,16059150,21898565,8759308,75913047
6,layer2.3.bn2,864,29169480,False,366809736,135214391,21576476,38837141,185552866,15822131,21575359,8630029,74792606
0,layer2.3.relu2,1816,29381437,False,369477036,136197646,21733393,39119586,186902269,15937198,21732264,8692788,75336457
1,layer2.3.relu2,1816,29437518,False,370175898,136455262,21774497,39193576,187255814,15967343,21773376,8709237,75479093
2,layer2.3.relu2,1816,29476029,False,370659870,136633594,21802957,39244829,187500635,15988219,21801841,8720626,75577808
3,layer2.3.relu2,1816,29421828,False,369978624,136382497,21762883,39172688,187156026,15958839,21761756,8704593,75438853
4,layer2.3.relu2,1816,29385014,False,369513060,136210912,21735509,39123424,186920672,15938773,21734416,8693657,75344076
5,layer2.3.relu2,1816,29433244,False,369878004,136345293,21756943,39162002,187104963,15954482,21755832,8702217,75418265
6,layer2.3.relu2,1816,29435141,False,370145010,136443868,21772684,39190317,187240061,15966004,21771551,8708511,75472757
0,layer2.3.conv3,35,29207526,False,367312854,135399621,21606045,38890326,185806923,15843799,21604900,8641847,74895037
1,layer2.3.conv3,35,29192335,False,367116426,135327445,21594522,38869635,185708105,15835371,21593411,8637252,74855226
2,layer2.3.conv3,35,29192598,False,367110636,135325326,21594185,38869030,185705201,15835112,21593048,8637110,74854000
3,layer2.3.conv3,35,29186851,False,367038486,135298709,21589928,38861382,185668674,15832010,21588829,8635415,74839308
4,layer2.3.conv3,35,29218745,False,367194228,135356117,21599102,38877882,185747495,15838728,21597991,8639086,74871127
5,layer2.3.conv3,35,29185316,False,367022658,135292888,21588999,38859697,185660642,15831323,21587895,8635046,74836053
6,layer2.3.conv3,35,29191365,False,366984510,135278817,21586768,38855681,185641445,15829689,21585659,8634147,74828321
0,layer2.3.bn3,180,29596592,False,372213444,137205574,21894227,39409107,188285523,16055155,21893114,8757130,75894158
1,layer2.3.bn3,180,29600241,False,372247326,137218829,21896337,39412904,188303692,16056701,21895221,8757976,75901512
2,layer2.3.bn3,180,29577788,False,371957112,137111884,21879260,39382162,188156857,16044176,21878138,8751144,75842290
3,layer2.3.bn3,180,29561822,False,371759286,137038946,21867625,39361232,188056865,16035649,21866521,8746497,75802007
4,layer2.3.bn3,180,29601435,False,371971716,137117251,21880132,39383740,188164390,16044822,21879013,8751494,75845333
5,layer2.3.bn3,180,29571479,False,371878962,137083029,21874670,39373871,188117221,16040799,21873539,8749305,75826349
6,layer2.3.bn3,180,29601931,False,372260064,137223456,21897083,39414258,188310199,16057256,21895981,8758283,75904137
0,layer2.3.add,189,29719105,False,373752066,137773502,21984841,39572218,189064886,16121605,21983724,8793374,76208237
1,layer2.3.add,189,29680145,False,373247568,137587581,21955186,39518813,188809718,16099850,21954059,8781512,76105407
2,layer2.3.add,189,29662826,False,373028586,137506839,21942301,39495612,188698842,16090397,21941171,8776349,76060682
3,layer2.3.add,189,29690661,False,373023666,137505018,21942010,39495113,188696523,16090195,21940852,8776227,76059660
4,layer2.3.add,189,29659964,False,372986844,137491457,21939830,39491182,188677671,16088584,21938701,8775368,76052227
5,layer2.3.add,189,29661257,False,372998670,137495801,21940532,39492463,188683848,16089113,21939406,8775650,76054653
6,layer2.3.add,189,29654723,False,372918174,137466142,21935810,39483965,188643275,16085660,21934714,8773775,76038430
0,layer2.3.relu3,524,29641249,False,372549960,137330045,21914086,39444859,188456200,16069707,21912961,8765071,75962946
1,layer2.3.relu3,524,29613101,False,372390834,137271743,21904787,39428109,188376369,16062899,21903672,8761358,75930799
2,layer2.3.relu3,524,29660361,False,372982698,137489933,21939600,39490781,188675645,16088413,21938458,8775273,76051353
3,layer2.3.relu3,524,29615134,False,372413136,137279979,21906095,39430475,188387669,16063862,21904991,8761885,75935365
4,layer2.3.relu3,524,29623926,False,372525912,137321539,21912731,39442419,188444742,16068729,21911626,8764540,75958383
5,layer2.3.relu3,524,29594237,False,372153480,137184263,21890831,39402973,188256277,16052657,21889706,8755772,75882399
6,layer2.3.relu3,524,29601493,False,372243228,137217327,21896099,39412470,188301658,16056518,21894975,8757879,75900653
0,layer3.0.conv1,17,29082178,False,365735124,134817695,21513169,38723214,185008558,15775721,21512065,8604701,74573097
1,layer3.0.conv1,17,29059110,False,365438928,134708974,21495838,38692005,184859416,15763005,21494723,8597772,74513069
2,layer3.0.conv1,17,28999611,False,364686054,134431552,21451554,38612287,184478557,15730528,21450430,8580061,74359575
3,layer3.0.conv1,17,29062744,False,365483178,134725397,21498459,38696726,184881953,15764920,21497340,8598825,74522185
4,layer3.0.conv1,17,29074079,False,365384838,134689156,21492670,38686309,184832223,15760678,21491540,8596501,74502039
5,layer3.0.conv1,17,29005342,False,364758432,134458226,21455826,38619987,184515313,15733659,21454711,8581775,74374429
6,layer3.0.conv1,17,29020885,False,364954668,134530568,21467360,38640745,184614520,15742111,21466237,8586386,74414375
0,layer3.0.bn1,475,29469053,False,370601664,136611894,21799492,39238562,187470773,15985679,21798370,8719236,75565664
1,layer3.0.bn1,475,29533996,False,371410608,136910402,21847130,39324338,187880557,16020618,21846023,8738298,75730956
2,layer3.0.bn1,475,29471638,False,370623126,136620045,21800793,39240921,187481996,15986630,21799675,8719753,75570240
3,layer3.0.bn1,475,29545389,False,371306754,136872064,21840998,39313300,187827830,16016117,21839884,8735843,75709665
4,layer3.0.bn1,475,29476185,False,370679862,136641030,21804137,39246946,187510822,15989090,21803029,8721102,75581939
5,layer3.0.bn1,475,29502984,False,370905384,136724170,21817411,39270839,187624954,15998823,21816286,8726402,75627825
6,layer3.0.bn1,475,29492515,False,370878888,136714385,21815843,39268013,187611335,15997666,21814722,8725780,75622478
0,layer3.0.relu1,1050,29568599,False,371834586,137066536,21872022,39369140,188094590,16038869,21870904,8748247,75817178
1,layer3.0.relu1,1050,29561593,False,371742318,137032681,21866641,39359455,188048321,16034923,21865530,8746103,75798600
2,layer3.0.relu1,1050,29634532,False,372333414,137250588,21901399,39422027,188347315,16060420,21900291,8760007,75919096
3,layer3.0.relu1,1050,29646385,False,372804216,137424130,21929101,39471885,188585488,16080724,21927978,8771081,76015061
4,layer3.0.relu1,1050,29689387,False,373344648,137623363,21960899,39529124,188859008,16104051,21959791,8783806,76125367
5,layer3.0.relu1,1050,29754460,False,373939812,137842741,21995901,39592126,189160015,16129712,21994779,8797034,76240018
6,layer3.0.relu1,1050,29677042,False,373184994,137564469,21951496,39512199,188778130,16097158,21950389,8780044,76092754
0,layer3.0.conv2,13,28339189,False,356460732,131399331,20967689,37741312,180317205,15373813,20964007,8385486,72673237
1,layer3.0.conv2,13,28320995,False,356177076,131294856,20951029,37711355,180174030,15363472,20949914,8379854,72624443
2,layer3.0.conv2,13,28321041,False,356178066,131295292,20951094,37711473,180174667,15363521,20949979,8379882,72624698
3,layer3.0.conv2,13,28300440,False,355913808,131197868,20935555,37683471,180040805,15352114,20934420,8373657,72570683
4,layer3.0.conv2,13,28334254,False,356023902,131238441,20942027,37695145,180096612,15356870,20940891,8376246,72593173
5,layer3.0.conv2,13,28298522,False,355887828,131188267,20934017,37680719,180027720,15350996,20932895,8373046,72565449
6,layer3.0.conv2,13,28296817,False,355864842,131179699,20932653,37678281,180016036,15350002,20931541,8372498,72560690
0,layer3.0.bn2,1153,29600523,False,372246360,137218013,21896209,39412677,188302605,16056609,21895097,8757921,75901025
1,layer3.0.bn2,1153,29531052,False,371360172,136891579,21844121,39318922,187854708,16018415,21843018,8737098,75720566
2,layer3.0.bn2,1153,29547642,False,371561322,136965980,21856000,39340304,187956736,16027114,21854871,8741832,75761582
3,layer3.0.bn2,1153,29459642,False,370456350,136558531,21790977,39223258,187397596,15979437,21789862,8715833,75536262
4,layer3.0.bn2,1153,29552317,False,371617800,136986781,21859316,39346270,187985307,16029550,21858202,8743171,75773178
5,layer3.0.bn2,1153,29479856,False,370708044,136651414,21805786,39249911,187524981,15990299,21804677,8721760,75587631
6,layer3.0.bn2,1153,29508829,False,371072676,136785849,21827234,39288512,187709417,16006029,21826114,8730336,75661955
0,layer3.0.relu2,2856,29230480,False,367579770,135498251,21621778,38918701,185942391,15855348,21620651,8648150,74949677
1,layer3.0.relu2,2856,29428400,False,369810018,136320368,21752977,39154867,187070819,15951572,21751866,8700635,75404549
2,layer3.0.relu2,2856,29430634,False,370096146,136425816,21769784,39185061,187215162,15963882,21768656,8707348,75462727
3,layer3.0.relu2,2856,29374264,False,369382632,136162835,21727825,39109568,186854442,15933121,21726704,8690570,75317272
4,layer3.0.relu2,2856,29482668,False,370747716,136666014,21808129,39254135,187545108,15992016,21807019,8722699,75595750
5,layer3.0.relu2,2856,29482637,False,370746456,136665603,21808065,39254015,187544431,15991959,21806938,8722664,75595459
6,layer3.0.relu2,2856,29485185,False,370776654,136676726,21809843,39257222,187559923,15993281,21808743,8723384,75601694
0,layer3.0.conv3,32,29860382,False,374938530,138210690,22054612,39697802,189664867,16172769,22053500,8821286,76450146
1,layer3.0.conv3,32,29790068,False,374535138,138062197,22030927,39655175,189461135,16155391,22029801,8811804,76367999
2,layer3.0.conv3,32,29763644,False,374288316,137971185,22016403,39629027,189336290,16144753,22015298,8806007,76317772
3,layer3.0.conv3,32,29768164,False,374347854,137993147,22019903,39635329,189366397,16147319,22018796,8807406,76329882
4,layer3.0.conv3,32,29763406,False,374283420,137969412,22016107,39628501,189333810,16144541,22015006,8805892,76316776
5,layer3.0.conv3,32,29780627,False,374503098,138050377,22029037,39651745,189444847,16154009,22027917,8811055,76361528
6,layer3.0.conv3,32,29779725,False,374487678,138044713,22028123,39650123,189437092,16153345,22027003,8810683,76358300
0,layer3.0.bn3,423,29765753,False,374014248,137869913,22000221,39599899,189197073,16132880,21999104,8799525,76261592
1,layer3.0.bn3,423,29725313,False,373817094,137797371,21988665,39579100,189097779,16124413,21987561,8794909,76221591
2,layer3.0.bn3,423,29753570,False,374167350,137926547,22009280,39616208,189275052,16139524,22008169,8803155,76293069
3,layer3.0.bn3,423,29713741,False,373661400,137740100,21979516,39562603,189018792,16117680,21978382,8791239,76189771
4,layer3.0.bn3,423,29704999,False,373554606,137700751,21973236,39551295,188964922,16113086,21972114,8788735,76168078
5,layer3.0.bn3,423,29723898,False,373785702,137785943,21986828,39575783,189081865,16123053,21985707,8794172,76215193
6,layer3.0.bn3,423,29685375,False,373301928,137607606,21958373,39524574,188837239,16102196,21957260,8782796,76116595
0,layer3.0.downsample.0,13,28378992,False,356924916,131570134,20994957,37790397,180551705,15395677,20993829,8397413,72776577
1,layer3.0.downsample.0,13,28338517,False,356402064,131377826,20964248,37735147,180287744,15373168,20963129,8385136,72670214
2,layer3.0.downsample.0,13,28340468,False,356412804,131381809,20964897,37736316,180293344,15373649,20963791,8385408,72672568
3,layer3.0.downsample.0,13,28398028,False,356708904,131490949,20982324,37767684,180443129,15386417,20981204,8392372,72732938
4,layer3.0.downsample.0,13,28335509,False,356349324,131358391,20961170,37729606,180261270,15370914,20960051,8383910,72659574
5,layer3.0.downsample.0,13,28349629,False,356301372,131340717,20958349,37724531,180237033,15368835,20957228,8382781,72649811
6,layer3.0.downsample.0,13,28345229,False,356480190,131406556,20968855,37743417,180327282,15376538,20967732,8386982,72686172
0,layer3.0.downsample.1,422,29653588,False,372924972,137468426,21936175,39484617,188646279,16085913,21935059,8773905,76039531
1,layer3.0.downsample.1,422,29600483,False,372243492,137217128,21896058,39412402,188301328,16056487,21894925,8757860,75900500
2,layer3.0.downsample.1,422,29626825,False,372575418,137339792,21915644,39447666,188469714,16070857,21914527,8765700,75968447
3,layer3.0.downsample.1,422,29642900,False,372767400,137410549,21926933,39467975,188566843,16079137,21925816,8770218,76007601
4,layer3.0.downsample.1,422,29670991,False,372858084,137443993,21932257,39477564,188612630,16083043,21931149,8772348,76026011
5,layer3.0.downsample.1,422,29578755,False,371963898,137114350,21879667,39382906,188160338,16044477,21878546,8751309,75843703
6,layer3.0.downsample.1,422,29661973,False,372773922,137412969,21927311,39468666,188570145,16079424,21926204,8770364,76008870
0,layer3.0.add,771,29523421,False,371277936,136861069,21839234,39310103,187812417,16014810,21838100,8735124,75703399
1,layer3.0.add,771,29629793,False,372376770,137266570,21903965,39426642,188369209,16062283,21902836,8761023,75927910
2,layer3.0.add,771,29511581,False,371119578,136803137,21830014,39293508,187733250,16008059,21828898,8731447,75671592
3,layer3.0.add,771,29556698,False,371677842,137008930,21862855,39352627,188015691,16032134,21861725,8744578,75785382
4,layer3.0.add,771,29566243,False,371803314,137055116,21870220,39365893,188079098,16037534,21869090,8747525,75810925
5,layer3.0.add,771,29602883,False,372264492,137225170,21897353,39414748,188312549,16057446,21896243,8758387,75905068
6,layer3.0.add,771,29583427,False,372013356,137132570,21882576,39388136,188185394,16046614,21881470,8752476,75853836
0,layer3.0.relu3,1053,29690857,False,373369428,137632135,21962283,39531608,188870876,16105066,21961177,8784359,76130151
1,layer3.0.relu3,1053,29602950,False,372033186,137139929,21883756,39390255,188195499,16047476,21882629,8752941,75857869
2,layer3.0.relu3,1053,29639295,False,372709800,137389320,21923553,39461897,188537813,16076667,21922452,8768872,75995939
3,layer3.0.relu3,1053,29541154,False,371480166,136936028,21851218,39331697,187915650,16023606,21850093,8739921,75745032
4,layer3.0.relu3,1053,29608672,False,372326022,137247769,21900964,39421218,188343427,16060088,21899838,8759817,75917460
5,layer3.0.relu3,1053,29553984,False,371362806,136892786,21844315,39319265,187856319,16018552,21843189,8737166,75721144
6,layer3.0.relu3,1053,29645960,False,372794310,137420482,21928526,39470849,188580562,16080310,21927417,8770855,76013112
0,layer3.1.conv1,30,29455370,False,370421970,136545535,21788896,39219515,187379703,15977910,21787779,8714987,75528931
1,layer3.1.conv1,30,29476110,False,370682394,136641959,21804285,39247216,187512130,15989201,21803172,8721159,75582419
2,layer3.1.conv1,30,29454873,False,370409010,136541195,21788211,39218289,187373781,15977400,21787082,8714723,75526576
3,layer3.1.conv1,30,29432196,False,370124358,136436236,21771450,39188116,187229689,15965115,21770336,8708023,75468550
4,layer3.1.conv1,30,29416960,False,369933450,136365888,21760234,39167928,187133270,15956883,21759109,8703534,75429667
5,layer3.1.conv1,30,29452280,False,370373508,136528111,21786113,39214496,187355733,15975867,21784986,8713884,75519344
6,layer3.1.conv1,30,29441600,False,370242828,136479931,21778422,39200660,187289621,15970230,21777303,8710804,75492683
0,layer3.1.bn1,1151,29460267,False,370477548,136566184,21792179,39225424,187407919,15980316,21791057,8716306,75540357
1,layer3.1.bn1,1151,29363158,False,369248580,136113415,21719950,39095404,186786664,15927341,21718825,8687412,75289923
2,layer3.1.bn1,1151,29453449,False,370379826,136530426,21786479,39215167,187358947,15976139,21785362,8714029,75520620
3,layer3.1.bn1,1151,29472961,False,370626696,136621403,21800999,39241301,187483816,15986786,21799874,8719839,75570971
4,layer3.1.bn1,1151,29473135,False,370626510,136621380,21801007,39241291,187483734,15986778,21799877,8719839,75570967
5,layer3.1.bn1,1151,29427513,False,370052850,136409916,21767246,39180539,187193542,15962037,21766139,8706346,75453963
6,layer3.1.bn1,1151,29469110,False,370575270,136602465,21797985,39235875,187457877,15984574,21796868,8718621,75560433
0,layer3.1.relu1,2844,29397543,False,369684270,136273888,21745556,39141492,187006938,15946124,21744434,8697651,75378681
1,layer3.1.relu1,2844,29447029,False,370298934,136500629,21781737,39206600,187318046,15972651,21780611,8712133,75504198
2,layer3.1.relu1,2844,29392939,False,369619020,136249983,21741735,39134593,186973963,15943307,21740592,8696121,75365426
3,layer3.1.relu1,2844,29341978,False,368976666,136013192,21703942,39066579,186649013,15915601,21702819,8681016,75234502
4,layer3.1.relu1,2844,29440541,False,370214148,136469368,21776749,39197651,187275301,15969009,21775631,8710141,75486916
5,layer3.1.relu1,2844,29472105,False,370362186,136523937,21785448,39213309,187350102,15975384,21784338,8713627,75517133
6,layer3.1.relu1,2844,29479475,False,370700334,136648596,21805337,39249113,187521171,15989972,21804230,8721582,75586075
0,layer3.1.conv2,14,28248776,False,355275882,130962439,20897966,37615812,179717522,15324544,20896828,8358601,72440245
1,layer3.1.conv2,14,28214388,False,354836694,130800600,20872159,37569394,179495872,15305648,20871056,8348305,72351001
2,layer3.1.conv2,14,28240418,False,354882936,130817705,20874870,37574272,179519153,15307628,20873755,8349392,72360448
3,layer3.1.conv2,14,28197228,False,354615918,130719282,20859163,37545944,179383679,15296067,20857992,8343086,72305731
4,layer3.1.conv2,14,28178133,False,354372186,130629518,20844841,37520200,179260661,15285580,20843683,8337356,72256075
5,layer3.1.conv2,14,28168725,False,354255150,130586417,20837968,37507842,179201774,15280569,20836863,8334630,72232452
6,layer3.1.conv2,14,28177111,False,354356628,130623802,20843946,37518583,179253098,15284945,20842834,8337022,72253194
0,layer3.1.bn2,1130,29447014,False,370315092,136506294,21782641,39208227,187325754,15973305,21781505,8712485,75507257
1,layer3.1.bn2,1130,29392466,False,369618864,136249877,21741720,39134599,186973996,15943316,21740598,8696129,75365504
2,layer3.1.bn2,1130,29353077,False,369121788,136066705,21712492,39081954,186722522,15921874,21711367,8684437,75264161
3,layer3.1.bn2,1130,29441372,False,369893976,136351349,21757902,39163730,187113174,15955187,21756795,8702607,75421639
4,layer3.1.bn2,1130,29484683,False,370779408,136677646,21809984,39257475,187561119,15993383,21808869,8723438,75602171
5,layer3.1.bn2,1130,29516199,False,371176554,136824136,21833358,39299549,187762013,16010511,21832241,8732786,75683138
6,layer3.1.bn2,1130,29506374,False,371049762,136777394,21825890,39286093,187697784,16005034,21824771,8729798,75657263
0,layer3.1.relu2,2859,29502960,False,371009736,136762580,21823538,39281869,187677550,16003310,21822419,8728856,75649089
1,layer3.1.relu2,2859,29291325,False,368341866,135779138,21666608,38999379,186327998,15888230,21665489,8666085,75105110
2,layer3.1.relu2,2859,29453013,False,370372482,136527730,21786053,39214386,187355196,15975818,21784930,8713862,75519193
3,layer3.1.relu2,2859,29417726,False,369509682,136209674,21735312,39123068,186918894,15938618,21734202,8693571,75343304
4,layer3.1.relu2,2859,29482745,False,370750398,136667013,21808286,39254420,187546501,15992133,21807179,8722760,75596288
5,layer3.1.relu2,2859,29346517,False,368835090,135961005,21695623,39051627,186577498,15909508,21694508,8677692,75205708
6,layer3.1.relu2,2859,29325657,False,368770842,135937322,21691849,39044832,186545106,15906736,21690723,8676179,75192596
0,layer3.1.conv3,31,28961119,False,363948504,134159478,21408139,38534130,184105154,15698680,21407010,8562690,74208962
1,layer3.1.conv3,31,28889708,False,363305544,133922650,21370361,38466140,183780281,15670983,21369236,8547584,74078110
2,layer3.1.conv3,31,28883060,False,363128730,133857471,21359954,38447418,183690864,15663360,21358850,8543418,74041968
3,layer3.1.conv3,31,28862968,False,362962980,133796205,21350178,38429823,183606789,15656188,21349075,8539520,74008222
4,layer3.1.conv3,31,28874592,False,363155796,133867463,21361552,38450283,183704450,15664510,21360411,8544053,74038537
5,layer3.1.conv3,31,28881884,False,363205308,133885673,21364451,38455514,183729470,15666653,21363340,8545217,74057598
6,layer3.1.conv3,31,28874694,False,363112182,133851346,21358978,38445657,183682454,15662640,21357867,8543037,74038700
0,layer3.1.bn3,421,29647137,False,372840390,137437018,21931156,39475585,188603200,16082234,21930040,8771906,76022176
1,layer3.1.bn3,421,29581145,False,372001104,137128081,21881865,39386854,188179263,16046091,21880754,8752192,75851365
2,layer3.1.bn3,421,29658329,False,372964476,137483197,21938529,39488838,188666455,16087634,21937404,8774852,76047750
3,layer3.1.bn3,421,29644999,False,372801666,137423185,21928950,39471618,188584162,16080615,21927835,8771024,76014542
4,layer3.1.bn3,421,29650996,False,372592926,137346257,21916682,39449530,188478728,16071629,21915554,8766111,75971996
5,layer3.1.bn3,421,29608443,False,372334206,137250700,21901432,39422080,188347558,16060441,21900321,8760019,75919205
6,layer3.1.bn3,421,29642872,False,372771156,137411960,21927163,39468386,188568749,16079302,21926043,8770305,76008360
0,layer3.1.add,764,29355141,False,369159816,136080533,21714702,39085953,186741450,15923487,21713565,8685307,75271661
1,layer3.1.add,764,29381578,False,369485376,136200608,21733863,39120457,186906452,15937557,21732744,8692988,75338241
2,layer3.1.add,764,29283789,False,368252832,135746357,21661370,38989948,186282872,15884385,21660247,8663985,75086868
3,layer3.1.add,764,29408715,False,369527820,136216356,21736363,39124957,186927975,15939389,21735255,8693988,75346896
4,layer3.1.add,764,29404064,False,369651252,136261858,21743623,39138008,186990344,15944710,21742506,8696886,75372045
5,layer3.1.add,764,29329191,False,368821896,135956161,21694853,39050216,186570878,15908943,21693741,8677379,75202999
6,layer3.1.add,764,29318051,False,368679780,135903754,21686488,39035180,186498936,15902805,21685369,8674038,75173987
0,layer3.1.relu3,1055,29650923,False,372866730,137447068,21932766,39478454,188616707,16083392,21931622,8772528,76027612
1,layer3.1.relu3,1055,29599692,False,371900346,137090874,21875930,39376165,188128076,16041726,21874804,8749812,75830744
2,layer3.1.relu3,1055,29635152,False,372661596,137371567,21920714,39456790,188513391,16074571,21919593,8767727,75986005
3,layer3.1.relu3,1055,29604051,False,372270750,137227457,21897716,39415391,188315624,16057719,21896615,8758537,75906365
4,layer3.1.relu3,1055,29588991,False,372080304,137157258,21886519,39395238,188219319,16049503,21885405,8754052,75867500
5,layer3.1.relu3,1055,29689880,False,373352772,137626345,21961375,39529970,188863026,16104397,21960260,8783994,76126993
6,layer3.1.relu3,1055,29629091,False,372583944,137342922,21916139,39448550,188473971,16071213,21915013,8765896,75970131
0,layer3.2.conv1,30,29525518,False,371314128,136874619,21841405,39314022,187831291,16016418,21840297,8736006,75711060
1,layer3.2.conv1,30,29497586,False,370955670,136742713,21820369,39276166,187650378,16000984,21819248,8727589,75638141
2,layer3.2.conv1,30,29470361,False,370602876,136612541,21799594,39238751,187471605,15985742,21798460,8719273,75566087
3,layer3.2.conv1,30,29476147,False,370677060,136639988,21803974,39246653,187509401,15988968,21802851,8721025,75581256
4,layer3.2.conv1,30,29528609,False,371042838,136774839,21825495,39285375,187694384,16004745,21824368,8729636,75655867
5,layer3.2.conv1,30,29494584,False,370904748,136723943,21817371,39270766,187624575,15998792,21816255,8726391,75627770
6,layer3.2.conv1,30,29466728,False,370559178,136596538,21797040,39234170,187449736,15983882,21795914,8718254,75557227
0,layer3.2.bn1,1125,29578662,False,371963034,137113803,21879584,39382754,188159655,16044416,21878471,8751278,75843452
1,layer3.2.bn1,1125,29564019,False,371770962,137043259,21868326,39362492,188062856,16036161,21867212,8746773,75804413
2,layer3.2.bn1,1125,29531377,False,371360964,136892083,21844195,39319059,187855348,16018460,21843079,8737121,75720764
3,layer3.2.bn1,1125,29507624,False,371063430,136782428,21826709,39287576,187704928,16005646,21825591,8730125,75660133
4,layer3.2.bn1,1125,29506732,False,371050656,136777646,21825942,39286201,187698387,16005087,21824836,8729825,75657532
5,layer3.2.bn1,1125,29479005,False,370698900,136648070,21805255,39248958,187520434,15989912,21804150,8721544,75585755
6,layer3.2.bn1,1125,29604777,False,372307404,137241006,21899883,39419293,188334239,16059306,21898779,8759402,75913858
0,layer3.2.relu1,2816,29033335,False,365108754,134587150,21476380,38656987,184692041,15748728,21475263,8589995,74445651
1,layer3.2.relu1,2816,29098649,False,365643012,134784308,21507844,38713622,184962680,15771807,21506734,8602580,74554727
2,layer3.2.relu1,2816,28989683,False,364548330,134380797,21443465,38597733,184408902,15724581,21442337,8576822,74331443
3,layer3.2.relu1,2816,29002221,False,364703820,134438112,21452610,38614194,184487629,15731297,21451492,8580487,74363263
4,layer3.2.relu1,2816,28924694,False,363731904,134079833,21395443,38511279,183995944,15689374,21394323,8557611,74164994
5,layer3.2.relu1,2816,29061188,False,365212548,134625619,21482537,38668071,184745058,15753250,21481428,8592462,74467048
6,layer3.2.relu1,2816,29053704,False,365134734,134596950,21477963,38659838,184705679,15749893,21476849,8590627,74451148
0,layer3.2.conv2,14,28295362,False,355865520,131179598,20932639,37678251,180015954,15349994,20931536,8372499,72560647
1,layer3.2.conv2,14,28207389,False,354751284,130769217,20867141,37560358,179452684,15301961,20866031,8346303,72333671
2,layer3.2.conv2,14,28198983,False,354637392,130727251,20860432,37548279,179394928,15297040,20859324,8343620,72310370
3,layer3.2.conv2,14,28185629,False,354482766,130670258,20851351,37531935,179316839,15290379,20850242,8339982,72278884
4,layer3.2.conv2,14,28196477,False,354606126,130715759,20858610,37544995,179379275,15295706,20857508,8342888,72304069
5,layer3.2.conv2,14,28174116,False,354321882,130610994,20841896,37514917,179235517,15283443,20840769,8336196,72246075
6,layer3.2.conv2,14,28223367,False,354565074,130700656,20856209,37540676,179358631,15293937,20855076,8341922,72295688
0,layer3.2.bn2,1167,29628721,False,372598278,137347713,21916902,39449912,188480501,16071774,21915779,8766200,75972729
1,layer3.2.bn2,1167,29471764,False,370612968,136616357,21800204,39239866,187476947,15986202,21799094,8719528,75568286
2,layer3.2.bn2,1167,29591792,False,372116370,137170572,21888640,39399053,188237547,16051059,21887532,8754902,75874875
3,layer3.2.bn2,1167,29499153,False,370952922,136741656,21820202,39275871,187649018,16000878,21819103,8727528,75637621
4,layer3.2.bn2,1167,29611566,False,372368124,137263363,21903452,39425719,188364917,16061919,21902339,8760823,75926173
5,layer3.2.bn2,1167,29522664,False,371250474,136851369,21837694,39307347,187799393,16013699,21836587,8734525,75698262
6,layer3.2.bn2,1167,29616687,False,372431652,137286803,21907185,39432439,188397051,16064662,21906081,8762316,75939097
0,layer3.2.relu2,2825,29203965,False,367251246,135377106,21602443,38883898,185776114,15841168,21601315,8640416,74882601
1,layer3.2.relu2,2825,29199576,False,367187700,135353655,21598712,38877186,185744153,15838428,21597580,8638920,74869635
2,layer3.2.relu2,2825,29333168,False,368868426,135973192,21697573,39055135,186594396,15910949,21696473,8678479,75212531
3,layer3.2.relu2,2825,29397795,False,369098628,136058027,21711112,39079479,186710706,15920868,21709995,8683888,75259365
4,layer3.2.relu2,2825,29323606,False,368747796,135928382,21690424,39042267,186532892,15905701,21689315,8675616,75187720
5,layer3.2.relu2,2825,29109162,False,366051984,134935094,21531920,38756925,185169590,15789447,21530785,8612197,74638093
6,layer3.2.relu2,2825,29126012,False,366268080,135014723,21544623,38779790,185278848,15798770,21543501,8617290,74682203
0,layer3.2.conv3,32,29772836,False,374425440,138021479,22024394,39643405,189404979,16150609,22023283,8809199,76345433
1,layer3.2.conv3,32,29770847,False,374382330,138005879,22021936,39638989,189383899,16148811,22020826,8808221,76336961
2,layer3.2.conv3,32,29795542,False,374691894,138119880,22040128,39671734,189540317,16162144,22039008,8815486,76399909
3,layer3.2.conv3,32,29753656,False,374165940,137926098,22009204,39616063,189274337,16139468,22008089,8803122,76292772
4,layer3.2.conv3,32,29796631,False,374701908,138123696,22040740,39672805,189545465,16162589,22039619,8815735,76402074
5,layer3.2.conv3,32,29758637,False,374226174,137948306,22012738,39622430,189304753,16142063,22011630,8804541,76305047
6,layer3.2.conv3,32,29770303,False,374369274,138001046,22021167,39637601,189377293,16148235,22020040,8807906,76334234
0,layer3.2.bn3,422,29730307,False,373620780,137725104,21977115,39558304,188998434,16115938,21975999,8790283,76181499
1,layer3.2.bn3,422,29653589,False,372906972,137461933,21935131,39482738,188637383,16085156,21934011,8773494,76035984
2,layer3.2.bn3,422,29620448,False,372480954,137304975,21910094,39437660,188422016,16066792,21908985,8763482,75949227
3,layer3.2.bn3,422,29583145,False,372014916,137133166,21882656,39388264,188185940,16046662,21881535,8752505,75854031
4,layer3.2.bn3,422,29591786,False,372124596,137173619,21889122,39399914,188241669,16051413,21888010,8755093,75876514
5,layer3.2.bn3,422,29606873,False,372352416,137257570,21902511,39424028,188356885,16061238,21901407,8760451,75922955
6,layer3.2.bn3,422,29675985,False,372749838,137404090,21925908,39466139,188557998,16078382,21924789,8769800,76003977
0,layer3.2.add,769,29566326,False,371813400,137058735,21870790,39366921,188083955,16037963,21869672,8747751,75812884
1,layer3.2.add,769,29408607,False,369828096,136327039,21754035,39156757,187079910,15952347,21752905,8701049,75408133
2,layer3.2.add,769,29459090,False,370456716,136558792,21791015,39223325,187397890,15979460,21789881,8715842,75536332
3,layer3.2.add,769,29330469,False,368840394,135962936,21695938,39052190,186580152,15909735,21694812,8677813,75206705
4,layer3.2.add,769,29411281,False,369531012,136217539,21736552,39125295,186929571,15939529,21735445,8694068,75347637
5,layer3.2.add,769,29334763,False,368890434,135981391,21698867,39057460,186605499,15911895,21697764,8678996,75216959
6,layer3.2.add,769,29370792,False,369347424,136149848,21725763,39105882,186836846,15931623,21724652,8689745,75310157
0,layer3.2.relu3,1053,29624193,False,372529746,137322717,21912919,39442758,188446359,16068861,21911807,8764612,75959016
1,layer3.2.relu3,1053,29622355,False,372502986,137313088,21911387,39439998,188433184,16067743,21910249,8763990,75953627
2,layer3.2.relu3,1053,29603338,False,372259164,137223215,21897046,39414148,188309598,16057208,21895914,8758250,75903877
3,layer3.2.relu3,1053,29558572,False,371697150,137015950,21863966,39354641,188025361,16032970,21862863,8745035,75789337
4,layer3.2.relu3,1053,29605167,False,372285462,137232004,21898445,39416703,188321849,16058238,21897316,8758817,75908761
5,layer3.2.relu3,1053,29564528,False,371773746,137044073,21868462,39362728,188063986,16036261,21867349,8746823,75804857
6,layer3.2.relu3,1053,29628629,False,372591852,137345864,21916611,39449405,188477976,16071565,21915496,8766089,75971751
0,layer3.3.conv1,30,29480853,False,370751814,136667142,21808312,39254448,187546571,15992141,21807188,8722760,75596260
1,layer3.3.conv1,30,29473174,False,370642392,136627239,21801941,39243002,187491917,15987479,21800812,8720214,75574238
2,layer3.3.conv1,30,29463949,False,370525314,136584081,21795049,39230588,187432663,15982426,21793927,8717462,75550366
3,layer3.3.conv1,30,29442867,False,370261986,136486892,21779547,39202683,187299295,15971056,21778430,8711262,75496647
4,layer3.3.conv1,30,29463330,False,370522338,136582970,21794866,39230268,187431082,15982288,21793751,8717390,75549698
5,layer3.3.conv1,30,29449910,False,370343868,136517167,21784366,39211362,187340805,15974595,21783263,8713193,75513357
6,layer3.3.conv1,30,29413531,False,369887358,136348800,21757510,39163013,187109789,15954889,21756387,8702444,75420202
0,layer3.3.bn1,1162,29479392,False,370721892,136656099,21806549,39251287,187531552,15990858,21805441,8722067,75590296
1,layer3.3.bn1,1162,29497475,False,370633470,136623833,21801400,39242013,187487252,15987084,21800291,8720003,75572403
2,layer3.3.bn1,1162,29362711,False,369239862,136110138,21719425,39094459,186782223,15926957,21718279,8687201,75288119
3,layer3.3.bn1,1162,29477621,False,370420968,136545521,21788902,39219514,187379751,15977913,21787788,8715005,75529099
4,layer3.3.bn1,1162,29530496,False,371348742,136887601,21843488,39317781,187849205,16017936,21842362,8736831,75718239
5,layer3.3.bn1,1162,29383168,False,369499038,136205732,21734668,39121908,186913354,15938144,21733550,8693305,75340960
6,layer3.3.bn1,1162,29467292,False,370554360,136594753,21796755,39233664,187447342,15983679,21795647,8718149,75556288
0,layer3.3.relu1,2799,28968676,False,364288560,134285022,21428182,38570220,184277535,15713385,21427067,8570715,74278583
1,layer3.3.relu1,2799,28627153,False,359991246,132700917,21175396,38115203,182103600,15528008,21174280,8469603,73402170
2,layer3.3.relu1,2799,28750098,False,361533474,133269431,21266121,38278520,182883904,15594550,21265019,8505899,73716839
3,layer3.3.relu1,2799,28745782,False,361110672,133113548,21241231,38233700,182669752,15576289,21240117,8495937,73630491
4,layer3.3.relu1,2799,28892862,False,363327888,133930908,21371670,38468504,183791442,15671935,21370545,8548105,74082612
5,layer3.3.relu1,2799,28731189,False,361297128,133182261,21252207,38253472,182764183,15584336,21251083,8500322,73668501
6,layer3.3.relu1,2799,28910718,False,363552024,134013502,21384848,38492227,183904934,15681603,21383728,8553380,74128343
0,layer3.3.conv2,14,28342591,False,356466612,131401200,20967996,37741893,180319931,15375916,20966870,8386633,72683121
1,layer3.3.conv2,14,28217721,False,354887460,130819532,20875176,37574815,179521736,15307852,20874062,8349515,72361487
2,layer3.3.conv2,14,28256835,False,354976320,130852235,20880397,37584220,179566628,15311679,20879285,8351603,72379607
3,layer3.3.conv2,14,28269784,False,355534164,131057872,20913214,37643286,179848899,15335751,20912108,8364732,72493395
4,layer3.3.conv2,14,28255237,False,355389084,131004403,20904682,37627928,179775478,15329489,20903568,8360337,72455295
5,layer3.3.conv2,14,28215506,False,354841692,130802612,20872480,37569965,179498568,15305877,20871375,8348438,72352161
6,layer3.3.conv2,14,28209061,False,354758238,130771873,20867576,37561137,179456411,15302282,20866472,8346478,72335188
0,layer3.3.bn2,1131,29306277,False,368542914,135852938,21678370,39020562,186429212,15896859,21677248,8670790,75145815
1,layer3.3.bn2,1131,29229766,False,367574466,135496203,21621453,38918116,185939738,15855122,21620342,8648025,74948595
2,layer3.3.bn2,1131,29459461,False,370013532,136395389,21764936,39176363,187173533,15960332,21763813,8705414,75445978
3,layer3.3.bn2,1131,29281831,False,368224542,135735940,21659713,38986985,186268785,15883176,21658591,8663326,75081199
4,layer3.3.bn2,1131,29352298,False,368904558,135986600,21699714,39058990,186612736,15912512,21698603,8679324,75219856
5,layer3.3.bn2,1131,29302451,False,368482986,135831210,21674916,39014349,186399506,15894329,21673803,8669411,75133913
6,layer3.3.bn2,1131,29336366,False,368691234,135907899,21687151,39036369,186504734,15903301,21686044,8674302,75176322
0,layer3.3.relu2,2834,29088463,False,365709348,134808748,21511743,38720642,184996262,15774673,21510644,8604147,74568111
1,layer3.3.relu2,2834,29052612,False,365339064,134672265,21489979,38681442,184808905,15758699,21488861,8595430,74492779
2,layer3.3.relu2,2834,29108143,False,366037308,134929657,21531052,38755379,185162181,15788817,21529928,8611862,74635172
3,layer3.3.relu2,2834,29080543,False,365688204,134800986,21510520,38718438,184985696,15773771,21509411,8603654,74564051
4,layer3.3.relu2,2834,29139288,False,366428718,135073964,21554079,38796843,185360197,15805701,21552954,8621070,74714983
5,layer3.3.relu2,2834,29146361,False,366515964,135106111,21559207,38806059,185404309,15809467,21558082,8623123,74732780
6,layer3.3.relu2,2834,29138995,False,366424368,135072322,21553806,38796351,185357984,15805516,21552700,8620964,74714054
0,layer3.3.conv3,32,29788488,False,374619324,138093034,22035829,39663991,189503361,16158996,22034703,8813764,76384979
1,layer3.3.conv3,32,29792041,False,374648964,138104147,22037617,39667219,189518744,16160300,22036497,8814487,76391270
2,layer3.3.conv3,32,29849630,False,375100266,138270419,22064155,39714972,189746877,16179759,22063029,8825102,76483254
3,layer3.3.conv3,32,29815801,False,374947800,138214291,22055196,39698846,189669878,16173196,22054082,8821524,76452259
4,layer3.3.conv3,32,29785299,False,374559288,138071090,22032343,39657697,189473239,16156429,22031217,8812375,76372901
5,layer3.3.conv3,32,29780807,False,374506698,138051687,22029246,39652149,189446792,16154173,22028144,8811146,76362290
6,layer3.3.conv3,32,29781745,False,374512608,138053903,22029604,39652793,189449859,16154436,22028497,8811285,76363524
0,layer3.3.bn3,419,29440285,False,370232910,136475968,21777802,39199549,187284364,15969781,21776683,8710559,75490299
1,layer3.3.bn3,419,29441821,False,370282740,136494630,21780768,39204887,187309848,15971953,21779661,8710884,75493365
2,layer3.3.bn3,419,29506526,False,370804764,136687054,21811474,39260154,187573916,15994473,21810372,8724033,75607332
3,layer3.3.bn3,419,29504765,False,370915146,136727782,21817979,39271866,187629826,15999238,21816851,8726628,75629829
4,layer3.3.bn3,419,29544046,False,371522778,136951763,21853726,39336210,187937278,16025457,21852616,8740937,75753822
5,layer3.3.bn3,419,29458731,False,370453818,136557717,21790849,39223032,187396446,15979334,21789721,8715778,75535738
6,layer3.3.bn3,419,29501283,False,370986072,136753925,21822155,39279384,187665777,16002306,21821050,8728310,75644410
0,layer3.3.add,771,29453397,False,370041684,136405428,21766540,39179272,187187453,15961518,21765421,8706048,75451410
1,layer3.3.add,771,29358253,False,369195126,136093703,21716806,39089751,186759750,15925049,21715680,8686162,75279101
2,layer3.3.add,771,29326720,False,368794980,135946222,21693264,39047378,186557336,15907788,21692153,8676751,75197553
3,layer3.3.add,771,29327830,False,368803566,135949388,21693772,39048291,186561606,15908152,21692657,8676952,75199258
4,layer3.3.add,771,29372397,False,369365820,136156658,21726849,39107836,186846059,15932406,21725733,8690184,75313929
5,layer3.3.add,771,29340659,False,368971770,136011384,21703650,39066073,186646616,15915400,21702542,8680901,75233504
6,layer3.3.add,771,29325351,False,368775438,135939011,21692116,39045296,186547361,15906937,21690983,8676283,75193494
0,layer3.3.relu3,1056,29750431,False,374119698,137908749,22006424,39611061,189250470,16137431,22005302,8802006,76283031
1,layer3.3.relu3,1056,29649495,False,372845634,137439399,21931536,39476244,188606338,16082508,21930416,8772054,76023457
2,layer3.3.relu3,1056,29602864,False,372254442,137221481,21896768,39413679,188307419,16057021,21895659,8758147,75902974
3,layer3.3.relu3,1056,29689233,False,373074990,137523960,21945036,39500566,188722560,16092416,21943919,8777455,76070315
4,layer3.3.relu3,1056,29644124,False,372772158,137412212,21927193,39468444,188569010,16079325,21926076,8770318,76008417
5,layer3.3.relu3,1056,29615270,False,372411744,137279458,21906016,39430311,188386889,16063791,21904893,8761841,75934985
6,layer3.3.relu3,1056,29624848,False,372531504,137323581,21913060,39443005,188447540,16068964,21911949,8764670,75959494
0,layer3.4.conv1,30,29497285,False,370957902,136743269,21820457,39276305,187651049,16001048,21819336,8727622,75637914
1,layer3.4.conv1,30,29484896,False,370793796,136682987,21810835,39259002,187568370,15993995,21809716,8723776,75605078
2,layer3.4.conv1,30,29467849,False,370568652,136600035,21797604,39235184,187454562,15984284,21796475,8718478,75559186
3,layer3.4.conv1,30,29454010,False,370392270,136535030,21787225,39216510,187365352,15976687,21786112,8714335,75523283
4,layer3.4.conv1,30,29469531,False,370596072,136610136,21799206,39238067,187468282,15985465,21798083,8719124,75564741
5,layer3.4.conv1,30,29464625,False,370525824,136584272,21795075,39230635,187432869,15982447,21793965,8717476,75550505
6,layer3.4.conv1,30,29489129,False,370594824,136609665,21799124,39237923,187467711,15985416,21798021,8719098,75564555
0,layer3.4.bn1,1127,29440829,False,370261446,136486463,21779480,39202527,187298533,15970990,21778349,8710496,75489993
1,layer3.4.bn1,1127,29423378,False,370006464,136392817,21764519,39175637,187170046,15960030,21763403,8705243,75444496
2,layer3.4.bn1,1127,29369430,False,369324732,136141505,21724413,39103449,186825149,15930626,21723302,8689202,75305457
3,layer3.4.bn1,1127,29404514,False,369764310,136303523,21750279,39150008,187047681,15949601,21749166,8699555,75395172
4,layer3.4.bn1,1127,29355269,False,369143898,136074836,21713792,39084334,186733869,15922843,21712690,8684964,75268720
5,layer3.4.bn1,1127,29455994,False,369931482,136365148,21760107,39167699,187132199,15956803,21758983,8703480,75429137
6,layer3.4.bn1,1127,29378291,False,369434292,136181874,21730856,39115036,186880527,15935344,21729733,8691783,75327767
0,layer3.4.relu1,2866,29162240,False,366721260,135181710,21571274,38827798,185508207,15818328,21570171,8627958,74774682
1,layer3.4.relu1,2866,29173002,False,366852858,135230204,21579011,38841726,185574765,15824001,21577904,8631051,74801494
2,layer3.4.relu1,2866,29131565,False,366334032,135039027,21548499,38786798,185312297,15801610,21547373,8618836,74695619
3,layer3.4.relu1,2866,29449054,False,370321524,136508956,21783071,39209027,187329657,15973643,21781965,8712677,75508903
4,layer3.4.relu1,2866,29381508,False,369476400,136197394,21733351,39119541,186902090,15937186,21732236,8692785,75336511
5,layer3.4.relu1,2866,29565476,False,371501358,136943856,21852447,39333908,187926290,16024521,21851344,8740418,75749324
6,layer3.4.relu1,2866,29484752,False,370770240,136674359,21809459,39256529,187556582,15992995,21808350,8723230,75600356
0,layer3.4.conv2,14,28271531,False,355564896,131068780,20914940,37646394,179863732,15337016,20913834,8365421,72499357
1,layer3.4.conv2,14,28217920,False,354885234,130818508,20875005,37574498,179520227,15307725,20873893,8349445,72360897
2,layer3.4.conv2,14,28236037,False,355100880,130898174,20887733,37597387,179629528,15317044,20886602,8354530,72404969
3,layer3.4.conv2,14,28193129,False,354557550,130697917,20855771,37539892,179354880,15293616,20854654,8341749,72294195
4,layer3.4.conv2,14,28212831,False,354804936,130789094,20870323,37566057,179479895,15304285,20869204,8347572,72344626
5,layer3.4.conv2,14,28207765,False,354745122,130766985,20866794,37559731,179449657,15301707,20865670,8346156,72332379
6,layer3.4.conv2,14,28216414,False,354852702,130806578,20873116,37571102,179503873,15306326,20871987,8348685,72354262
0,layer3.4.bn2,1169,29488825,False,370872972,136712027,21815465,39267326,187608203,15997394,21814346,8724875,75614558
1,layer3.4.bn2,1169,29691804,False,372948396,137477285,21937583,39487154,188658484,16086946,21936465,8774476,76044490
2,layer3.4.bn2,1169,29563380,False,371769126,137042470,21868199,39362254,188061745,16036070,21867093,8746727,75804006
3,layer3.4.bn2,1169,29581671,False,371995320,137125946,21881524,39386251,188176352,16045843,21880414,8752055,75850192
4,layer3.4.bn2,1169,29623894,False,372320478,137245783,21900649,39420630,188340604,16059845,21899508,8759688,75916336
5,layer3.4.bn2,1169,29572412,False,371874660,137081398,21874414,39373442,188115182,16040627,21873302,8749205,75825485
6,layer3.4.bn2,1169,29509110,False,371079402,136788267,21827638,39289251,187712936,16006327,21826527,8730502,75663392
0,layer3.4.relu2,2864,29409267,False,369829650,136327630,21754132,39156941,187080793,15952420,21753026,8701088,75408472
1,layer3.4.relu2,2864,29598490,False,372201846,137201971,21893653,39408078,188280666,16054735,21892543,8756904,75892211
2,layer3.4.relu2,2864,29563483,False,371761122,137039625,21867750,39361454,188057882,16035743,21866625,8746540,75802404
3,layer3.4.relu2,2864,29589787,False,372091518,137161412,21887169,39396393,188224775,16049973,21886044,8754301,75869648
4,layer3.4.relu2,2864,29694027,False,373405446,137645775,21964460,39535533,188889622,16106666,21963359,8785231,76137707
5,layer3.4.relu2,2864,29695722,False,373426962,137653711,21965737,39537806,188900455,16107589,21964615,8785736,76142079
6,layer3.4.relu2,2864,29496546,False,370920036,136729578,21818272,39272394,187632391,15999459,21817170,8726758,75630950
0,layer3.4.conv3,32,29811700,False,374655582,138106386,22037977,39667856,189521658,16160559,22036851,8814627,76392488
1,layer3.4.conv3,32,29789497,False,374621232,138093929,22035987,39664277,189504694,16159113,22034878,8813840,76385651
2,layer3.4.conv3,32,29776637,False,374459958,138034468,22026496,39647202,189423172,16152162,22025400,8810049,76352787
3,layer3.4.conv3,32,29780837,False,374520630,138056853,22030070,39653630,189453807,16154773,22028960,8811472,76365138
4,layer3.4.conv3,32,29790022,False,374641482,138101394,22037179,39666422,189514959,16159981,22036063,8814315,76389776
5,layer3.4.conv3,32,29757468,False,374271576,137965037,22015422,39627266,189327894,16144036,22014315,8805616,76314370
6,layer3.4.conv3,32,29777681,False,374218650,137945493,22012303,39621657,189300974,16141738,22011182,8804361,76303481
0,layer3.4.bn3,422,29643919,False,372808158,137424623,21929168,39472002,188586083,16080781,21928063,8771096,76015164
1,layer3.4.bn3,422,29653685,False,372914400,137464724,21935582,39483552,188641232,16085483,21934471,8773676,76037575
2,layer3.4.bn3,422,29654696,False,372918432,137466214,21935817,39483976,188643226,16085652,21934682,8773763,76038314
3,layer3.4.bn3,422,29666065,False,372593556,137346481,21916716,39449597,188479044,16071653,21915609,8766134,75972212
4,layer3.4.bn3,422,29681634,False,373260468,137592272,21955936,39520178,188816226,16100406,21954824,8781819,76108136
5,layer3.4.bn3,422,29633531,False,372652494,137368183,21920164,39455793,188508644,16074175,21919050,8767509,75984114
6,layer3.4.bn3,422,29663453,False,373032444,137508276,21942530,39496045,188700979,16090577,21941420,8776459,76061662
0,layer3.4.add,766,29350975,False,369105144,136060295,21711472,39080143,186713689,15921118,21710324,8684017,75260473
1,layer3.4.add,766,29330216,False,368839986,135962790,21695913,39052145,186579984,15909720,21694795,8677809,75206679
2,layer3.4.add,766,29309412,False,368576874,135865833,21680441,39024301,186447064,15898370,21679321,8671617,75153043
3,layer3.4.add,766,29361769,False,369235374,136108577,21719177,39094016,186780113,15926780,21718057,8687113,75287362
4,layer3.4.add,766,29323210,False,368747868,135928784,21690487,39042382,186533417,15905743,21689375,8675639,75187899
5,layer3.4.add,766,29272696,False,368111046,135694050,21653030,38974930,186211200,15878273,21651914,8660649,75058006
6,layer3.4.add,766,29288794,False,368316588,135769842,21665118,38996718,186315283,15887138,21664001,8665488,75099942
0,layer3.4.relu3,1052,29550749,False,371607372,136982420,21858608,39344990,187979200,16029028,21857483,8742875,75770453
1,layer3.4.relu3,1052,29589753,False,372093510,137162166,21887300,39396646,188226049,16050069,21886179,8754360,75870146
2,layer3.4.relu3,1052,29594632,False,372152646,137183951,21890770,39402893,188255895,16052616,21889655,8755748,75882171
3,layer3.4.relu3,1052,29594920,False,372153864,137184372,21890847,39403031,188256550,16052678,21889737,8755783,75882497
4,layer3.4.relu3,1052,29582720,False,372039450,137141167,21883952,39390619,188197263,16047628,21881014,8752294,75852265
5,layer3.4.relu3,1052,29584581,False,372025356,137137016,21883276,39389403,188191449,16047131,21882174,8752757,75856247
6,layer3.4.relu3,1052,29551691,False,371611698,136984542,21858959,39345488,187981580,16029231,21857766,8742997,75771647
0,layer3.5.conv1,30,29501144,False,371004912,136760512,21823195,39281256,187674730,16003068,21822084,8728716,75647842
1,layer3.5.conv1,30,29464840,False,370534200,136587335,21795574,39231530,187437058,15982803,21794456,8717670,75552179
2,layer3.5.conv1,30,29452246,False,370373040,136527925,21786096,39214475,187355542,15975850,21784963,8713866,75519179
3,layer3.5.conv1,30,29445867,False,370293696,136498661,21781423,39206064,187315460,15972429,21780308,8712013,75503162
4,layer3.5.conv1,30,29491158,False,370583160,136605394,21798454,39236714,187461923,15984919,21797341,8718820,75562167
5,layer3.5.conv1,30,29437114,False,370181952,136457480,21774850,39194230,187258943,15967612,21773719,8709378,75480297
6,layer3.5.conv1,30,29427685,False,370062882,136413605,21767851,39181629,187198760,15962483,21766746,8706586,75456106
0,layer3.5.bn1,1160,29605331,False,372299100,137237582,21899340,39418317,188329586,16058896,21898218,8759171,75911863
1,layer3.5.bn1,1160,29522641,False,370976646,136750433,21821594,39278365,187660765,16001872,21820455,8728073,75642344
2,layer3.5.bn1,1160,29521704,False,371241156,136847866,21837144,39306363,187794551,16013284,21835927,8734259,75695932
3,layer3.5.bn1,1160,29581371,False,371988084,137123234,21881090,39385466,188172598,16045520,21879977,8751880,75848675
4,layer3.5.bn1,1160,29470676,False,370594656,136609611,21799123,39237923,187467678,15985410,21798008,8719086,75564441
5,layer3.5.bn1,1160,29459239,False,370451838,136556961,21790728,39222792,187395417,15979249,21789609,8715731,75535378
6,layer3.5.bn1,1160,29428527,False,370062438,136413466,21767831,39181601,187198595,15962468,21766727,8706581,75456085
0,layer3.5.relu1,2832,29169128,False,366812916,135215397,21576647,38837467,185554389,15822265,21575538,8630091,74793175
1,layer3.5.relu1,2832,29218189,False,367075458,135312365,21592116,38865308,185687429,15833609,21591008,8636292,74846895
2,layer3.5.relu1,2832,29287339,False,368290182,135760144,21663574,38993937,186301976,15886010,21662450,8664869,75094589
3,layer3.5.relu1,2832,29256460,False,367897974,135615563,21640505,38952416,186103628,15869096,21639399,8655651,75014663
4,layer3.5.relu1,2832,29150920,False,366575598,135128108,21562705,38812365,185434474,15812036,21561593,8624524,74744897
5,layer3.5.relu1,2832,29272913,False,368108088,135693019,21652864,38974638,186209779,15878148,21651744,8660582,75057405
6,layer3.5.relu1,2832,29276117,False,368145414,135706789,21655062,38978617,186228761,15879767,21653951,8661468,75065094
0,layer3.5.conv2,14,28295985,False,355873602,131182766,20933138,37679152,180020244,15350361,20932035,8372699,72562435
1,layer3.5.conv2,14,28252862,False,355330566,130982672,20901212,37621688,179745631,15326941,20900094,8359927,72451731
2,layer3.5.conv2,14,28267800,False,355037526,130874824,20884008,37590692,179597588,15314313,20882870,8353035,72391978
3,layer3.5.conv2,14,28203852,False,354698280,130749747,20864029,37554758,179425948,15299671,20862909,8345051,72322808
4,layer3.5.conv2,14,28211568,False,354790944,130783929,20869499,37564596,179472919,15303689,20868387,8347244,72341795
5,layer3.5.conv2,14,28223108,False,354935628,130837224,20878005,37579903,179546058,15309924,20876878,8350641,72371244
6,layer3.5.conv2,14,28258277,False,355110600,130901770,20888300,37598436,179634591,15317472,20887185,8354761,72406982
0,layer3.5.bn2,1134,29635800,False,372687198,137380582,21922135,39459342,188525539,16075613,21921012,8768289,75990882
1,layer3.5.bn2,1134,29676171,False,373185330,137564605,21951523,39512241,188778326,16097175,21950415,8780054,76092854
2,layer3.5.bn2,1134,29584121,False,372021000,137135403,21883033,39388965,188189364,16046950,21881922,8752658,75855424
3,layer3.5.bn2,1134,29601789,False,372248892,137219384,21896429,39413077,188304548,16056774,21895311,8758013,75901829
4,layer3.5.bn2,1134,29563598,False,371769858,137042777,21868244,39362342,188062094,16036095,21867121,8746738,75804117
5,layer3.5.bn2,1134,29603727,False,372272448,137228101,21897817,39415549,188316376,16057778,21896694,8758568,75906582
6,layer3.5.bn2,1134,29594445,False,372152076,137183737,21890740,39402836,188255613,16052601,21889618,8755735,75882087
0,layer3.5.relu2,2781,28819030,False,362406090,133591059,21317434,38370860,183324962,15632147,21316266,8526389,73894404
1,layer3.5.relu2,2781,28815895,False,362365794,133576243,21315064,38366610,183304745,15630432,21313943,8525460,73886362
2,layer3.5.relu2,2781,28712727,False,361066860,133097353,21238667,38229074,182647619,15574401,21237544,8494908,73621584
3,layer3.5.relu2,2781,28574740,False,359071374,132361823,21121293,38017825,181638359,15488340,21120188,8447965,73214751
4,layer3.5.relu2,2781,28766001,False,361735200,133343781,21277987,38299879,182985929,15603238,21276864,8510634,73757861
5,layer3.5.relu2,2781,28663604,False,360447672,132869168,21202251,38163545,182334556,15547702,21201129,8480337,73495302
6,layer3.5.relu2,2781,28586577,False,359480292,132512557,21145345,38061094,181845084,15505969,21144226,8457574,73298024
0,layer3.5.conv3,32,29798051,False,374737104,138136605,22042793,39676528,189563230,16164100,22041668,8816550,76409129
1,layer3.5.conv3,32,29795281,False,374687676,138118234,22039849,39671235,189537931,16161947,22038745,8815388,76399073
2,layer3.5.conv3,32,29833134,False,374764008,138146567,22044377,39679380,189576882,16165266,22043270,8817198,76414697
3,layer3.5.conv3,32,29815142,False,374824116,138168717,22047923,39685757,189607354,16167864,22046805,8818602,76426915
4,layer3.5.conv3,32,29780680,False,374501538,138049816,22028950,39651603,189444085,16153945,22027831,8811021,76361179
5,layer3.5.conv3,32,29774683,False,374425224,138021673,22024457,39643526,189405576,16150656,22023331,8809220,76345613
6,layer3.5.conv3,32,29782655,False,374524962,138058455,22030330,39654096,189456065,16154964,22029219,8811577,76366043
0,layer3.5.bn3,419,29430409,False,370123560,136435714,21771380,39187988,187229092,15965066,21770265,8707991,75468272
1,layer3.5.bn3,419,29370456,False,369354138,136152361,21726163,39106571,186840143,15931900,21725044,8689907,75311574
2,layer3.5.bn3,419,29406018,False,369791400,136313494,21751877,39152875,187061365,15950768,21750762,8700194,75400729
3,layer3.5.bn3,419,29415939,False,369918408,136360344,21759347,39166320,187125533,15956240,21758225,8703178,75426595
4,layer3.5.bn3,419,29429435,False,370085646,136421968,21769186,39184033,187210185,15963449,21768063,8707116,75460708
5,layer3.5.bn3,419,29411626,False,369858738,136338350,21755838,39160008,187095432,15953661,21754718,8701776,75414424
6,layer3.5.bn3,419,29430156,False,370094454,136425235,21769707,39184962,187214655,15963839,21768595,8707327,75462558
0,layer3.5.add,772,29448849,False,370340436,136515448,21784106,39210898,187338520,15974397,21782993,8713086,75512420
1,layer3.5.add,772,29411955,False,369866256,136341114,21756281,39160812,187099123,15953982,21755156,8701951,75415958
2,layer3.5.add,772,29459920,False,370465062,136561870,21791508,39224219,187402201,15979831,21790398,8716050,75538148
3,layer3.5.add,772,29514525,False,370861062,136707840,21814792,39266120,187602390,15996900,21813675,8725356,75618779
4,layer3.5.add,772,29440678,False,370226142,136473773,21777456,39198925,187281380,15969525,21776344,8710428,75489412
5,layer3.5.add,772,29403559,False,369757650,136301099,21749892,39149305,187044275,15949303,21748759,8699394,75393799
6,layer3.5.add,772,29421992,False,369985740,136385167,21763313,39173461,187159665,15959148,21762197,8704768,75440369
0,layer3.5.relu3,1052,29576807,False,371937804,137104388,21878061,39380014,188146579,16043304,21876957,8750655,75837991
1,layer3.5.relu3,1052,29617999,False,372444720,137291623,21907959,39433833,188403702,16065231,21906842,8762627,75941791
2,layer3.5.relu3,1052,29606784,False,372304182,137239812,21899679,39418921,188332430,16059141,21898549,8759309,75913016
3,layer3.5.relu3,1052,29642909,False,372755154,137406048,21926219,39466699,188560685,16078617,21925108,8769933,76005134
4,layer3.5.relu3,1052,29545531,False,371533956,136955872,21854383,39337387,187942938,16025938,21853271,8741198,75756100
5,layer3.5.relu3,1052,29611918,False,372370428,137264201,21903587,39425935,188365964,16062011,21902461,8760868,75926551
6,layer3.5.relu3,1052,29605303,False,372035544,137140760,21883882,39390495,188196643,16047572,21882779,8753000,75858364
0,layer4.0.conv1,15,29349123,False,369094326,136056005,21710757,39078859,186707704,15920608,21709639,8683740,75258085
1,layer4.0.conv1,15,29368576,False,369333240,136144645,21724931,39104375,186829659,15931010,21723822,8689420,75307362
2,layer4.0.conv1,15,29362819,False,369250074,136113966,21720037,39095543,186787408,15927406,21718909,8687452,75290234
3,layer4.0.conv1,15,29364459,False,369270336,136121438,21721231,39097717,186797791,15928290,21720116,8687935,75294488
4,layer4.0.conv1,15,29388906,False,369337782,136146316,21725199,39104854,186831905,15931202,21724084,8689523,75308253
5,layer4.0.conv1,15,29358225,False,369196716,136094284,21716895,39089911,186760497,15925110,21715784,8686202,75279463
6,layer4.0.conv1,15,29380914,False,369228018,136105851,21718744,39093241,186776334,15926462,21717627,8686942,75285833
0,layer4.0.bn1,762,29608147,False,372334812,137250838,21901451,39422113,188347703,16060450,21900336,8760015,75918913
1,layer4.0.bn1,762,29563572,False,371769072,137042547,21868210,39362279,188061806,16036073,21867092,8746726,75803995
2,layer4.0.bn1,762,29560306,False,371726886,137026853,21865697,39357760,188040268,16034241,21864599,8745723,75795304
3,layer4.0.bn1,762,29534744,False,371401632,136907094,21846595,39323376,187875855,16020220,21845479,8738074,75729017
4,layer4.0.bn1,762,29626447,False,372252546,137220756,21896639,39413453,188306344,16056924,21895529,8758095,75902540
5,layer4.0.bn1,762,29560657,False,371726406,137026730,21865686,39357727,188039973,16034215,21864562,8745713,75795161
6,layer4.0.bn1,762,29660113,False,372976020,137487475,21939204,39490073,188672435,16088144,21938104,8775122,76050104
0,layer4.0.relu1,1804,29431784,False,370108806,136430501,21770549,39186476,187221873,15964410,21769368,8707621,75465079
1,layer4.0.relu1,1804,29468156,False,370564116,136598352,21797331,39234694,187452231,15984098,21796219,8718377,75558313
2,layer4.0.relu1,1804,29368834,False,369311394,136136575,21723629,39102037,186818443,15930051,21722519,8688897,75302836
3,layer4.0.relu1,1804,29472420,False,370612860,136616322,21800188,39239840,187476841,15986189,21799073,8719519,75568196
4,layer4.0.relu1,1804,29537272,False,371428986,136917100,21848195,39326255,187889747,16021406,21847097,8738724,75734661
5,layer4.0.relu1,1804,29537474,False,371433324,136918772,21848461,39326730,187891963,16021590,21847343,8738826,75735520
6,layer4.0.relu1,1804,29590934,False,372104904,137166318,21887966,39397837,188231735,16050565,21886845,8754625,75872465
0,layer4.0.conv2,8,26909729,False,338454192,124761224,19908428,35834626,171207425,14598880,19907286,7962790,69009881
1,layer4.0.conv2,8,26968691,False,338571774,124804986,19915413,35847248,171267818,14604029,19914285,7965602,69034234
2,layer4.0.conv2,8,26891917,False,338207214,124670734,19893987,35808679,171083521,14588316,19892879,7957042,68960082
3,layer4.0.conv2,8,26893503,False,338218026,124674662,19894614,35809805,171088915,14588774,19893508,7957293,68962255
4,layer4.0.conv2,8,26889855,False,338178864,124660287,19892311,35805665,171069110,14587085,19891199,7956365,68954207
5,layer4.0.conv2,8,26900286,False,338179392,124660489,19892336,35805708,171069310,14587104,19891229,7956380,68954329
6,layer4.0.conv2,8,26914049,False,338331342,124716466,19901283,35821818,171146307,14593668,19900179,7959961,68985340
0,layer4.0.bn2,1324,29413303,False,369896448,136351059,21757855,39163638,187112782,15955149,21756744,8702584,75421428
1,layer4.0.bn2,1324,29334245,False,368888268,135980407,21698728,39057181,186604115,15911772,21697588,8678921,75216301
2,layer4.0.bn2,1324,29472274,False,370618986,136618607,21800564,39240510,187480065,15986458,21799377,8719639,75569250
3,layer4.0.bn2,1324,29405684,False,369777102,136308247,21751019,39151336,187054028,15950140,21749916,8699853,75397768
4,layer4.0.bn2,1324,29400730,False,369713346,136284746,21747285,39144594,187021781,15947393,21746167,8698352,75384744
5,layer4.0.bn2,1324,29404478,False,369476748,136197484,21733352,39119538,186902078,15937184,21732250,8692783,75336498
6,layer4.0.bn2,1324,29366005,False,369278880,136124594,21721733,39098620,186802120,15928663,21720627,8688141,75296232
0,layer4.0.relu2,4015,29105957,False,366016122,134921772,21529794,38753125,185151430,15787903,21528678,8611360,74630833
1,layer4.0.relu2,4015,28867254,False,363008466,133813140,21352870,38434669,183629940,15658165,21351767,8540591,74017493
2,layer4.0.relu2,4015,29077827,False,365655648,134788949,21508585,38714955,184969069,15772355,21507480,8602882,74557351
3,layer4.0.relu2,4015,28731606,False,361303728,133184743,21252604,38254179,182767567,15584629,21251484,8500481,73669882
4,layer4.0.relu2,4015,29090801,False,365818272,134848919,21518165,38732196,185051435,15779376,21517046,8606708,74590503
5,layer4.0.relu2,4015,29037037,False,364891740,134507362,21463667,38634104,184582792,15739415,21462563,8584916,74401657
6,layer4.0.relu2,4015,29125537,False,366251724,135008698,21543666,38778093,185270737,15798075,21542553,8616902,74678856
0,layer4.0.conv3,25,29558838,False,371733684,137028951,21866044,39358374,188043096,16034479,21864924,8745842,75796334
1,layer4.0.conv3,25,29566621,False,371823222,137062452,21871370,39367967,188089027,16038397,21870258,8747993,75814960
2,layer4.0.conv3,25,29564398,False,371785314,137048530,21869167,39364006,188070099,16036779,21868054,8747113,75807353
3,layer4.0.conv3,25,29574598,False,371559414,136965220,21855875,39340085,187955790,16027032,21854764,8741795,75761237
4,layer4.0.conv3,25,29550296,False,371608620,136983398,21858763,39345267,187980585,16029147,21857652,8742951,75771287
5,layer4.0.conv3,25,29510054,False,371108790,136799153,21829359,39292335,187727672,16007584,21828249,8731190,75669348
6,layer4.0.conv3,25,29545547,False,371554896,136963600,21855618,39339614,187953513,16026841,21854485,8741683,75760305
0,layer4.0.bn3,576,29701676,False,373507584,137683116,21970432,39546268,188940900,16111034,21969314,8787612,76158302
1,layer4.0.bn3,576,29597768,False,372195672,137199662,21893286,39407419,188277539,16054470,21892185,8756764,75891008
2,layer4.0.bn3,576,29622439,False,372506010,137314207,21911561,39440308,188434543,16067856,21910436,8764063,75954252
3,layer4.0.bn3,576,29620882,False,372483954,137306074,21910268,39437977,188423504,16066918,21909147,8763547,75949760
4,layer4.0.bn3,576,29565187,False,371782182,137047386,21868987,39363680,188068544,16036640,21867871,8747038,75806697
5,layer4.0.bn3,576,29632745,False,372632562,137360818,21918999,39453703,188498628,16073321,21917891,8767047,75980117
6,layer4.0.bn3,576,29557393,False,371684442,137011352,21863237,39353328,188019048,16032425,21862105,8744732,75786702
0,layer4.0.downsample.0,10,28175373,False,354362796,130625765,20844244,37519112,179255535,15285151,20843113,8337132,72254063
1,layer4.0.downsample.0,10,28198448,False,354636624,130726695,20860362,37548151,179394193,15296977,20859237,8343583,72310048
2,layer4.0.downsample.0,10,28215103,False,354666942,130738108,20862190,37551445,179410083,15298333,20861082,8344323,72316512
3,layer4.0.downsample.0,10,28174868,False,354333906,130615486,20842616,37516213,179241712,15283972,20841490,8336482,72248551
4,layer4.0.downsample.0,10,28161994,False,354170388,130555187,20833001,37498902,179158933,15276914,20831876,8332634,72215206
5,layer4.0.downsample.0,10,28172256,False,354298278,130602244,20840510,37512414,179223573,15282429,20839395,8335649,72241332
6,layer4.0.downsample.0,10,28163058,False,354178662,130558208,20833482,37499767,179163049,15277269,20832364,8332826,72216845
0,layer4.0.downsample.1,597,29615995,False,372444978,137291078,21907873,39433670,188402943,16065159,21906758,8762590,75941448
1,layer4.0.downsample.1,597,29691610,False,373378884,137635913,21962898,39532691,188876015,16105499,21961769,8784596,76132209
2,layer4.0.downsample.1,597,29712449,False,373356396,137627669,21961573,39530336,188864718,16104540,21960461,8784073,76127679
3,layer4.0.downsample.1,597,29637437,False,372694416,137383635,21922646,39460262,188529985,16075999,21921542,8768507,75992779
4,layer4.0.downsample.1,597,29652682,False,372882168,137452869,21933689,39480145,188625005,16084101,21932590,8772926,76031069
5,layer4.0.downsample.1,597,29678560,False,373212510,137574611,21953103,39515085,188791913,16098326,21951985,8780678,76098261
6,layer4.0.downsample.1,597,29622186,False,372500124,137312044,21911218,39439695,188431720,16067618,21910111,8763935,75953152
0,layer4.0.add,1562,29309091,False,368577024,135865773,21680432,39024253,186446847,15898367,21679313,8671608,75152718
1,layer4.0.add,1562,29437428,False,369913812,136358539,21759029,39165753,187122902,15956013,21757918,8703056,75425478
2,layer4.0.add,1562,29384114,False,369505812,136208200,21735073,39122610,186916774,15938437,21733940,8693464,75342396
3,layer4.0.add,1562,29398731,False,369690900,136276396,21745955,39142212,187010408,15946423,21744839,8697823,75380160
4,layer4.0.add,1562,29377404,False,369421380,136177044,21730107,39113685,186874087,15934798,21728996,8691487,75325247
5,layer4.0.add,1562,29465924,False,370535370,136587673,21795606,39231593,187437450,15982835,21794497,8717689,75552351
6,layer4.0.add,1562,29355555,False,369145692,136075494,21713898,39084499,186734688,15922912,21712782,8685003,75269053
0,layer4.0.relu3,1795,29354941,False,369148632,136076519,21714063,39084808,186736141,15923035,21712951,8685071,75269662
1,layer4.0.relu3,1795,29402185,False,369405432,136171220,21729170,39111988,186865977,15934103,21728040,8691103,75321884
2,layer4.0.relu3,1795,29445840,False,370281732,136494253,21780713,39204788,187309323,15971911,21779597,8711724,75500652
3,layer4.0.relu3,1795,29282216,False,368226216,135736511,21659806,38987130,186269489,15883241,21658687,8663364,75081487
4,layer4.0.relu3,1795,29375297,False,369398358,136168621,21728762,39111260,186862537,15933811,21727650,8690950,75320610
5,layer4.0.relu3,1795,29322452,False,368730912,135922582,21689492,39040584,186524825,15905015,21688384,8675245,75184506
6,layer4.0.relu3,1795,29314502,False,368629140,135885086,21683516,39029834,186473464,15900623,21682382,8672843,75163639
0,layer4.1.conv1,25,29669256,False,372701490,137386171,21923051,39460999,188533327,16076283,21921914,8768652,75994023
1,layer4.1.conv1,25,29628958,False,372612978,137353545,21917843,39451623,188488729,16072480,21916738,8766579,75976067
2,layer4.1.conv1,25,29598766,False,372226596,137211216,21895127,39410731,188293292,16055803,21894003,8757490,75897287
3,layer4.1.conv1,25,29588815,False,372099252,137164265,21887623,39397226,188228821,16050318,21886514,8754496,75871336
4,layer4.1.conv1,25,29604904,False,372299532,137238071,21899417,39418456,188330254,16058964,21898309,8759215,75912229
5,layer4.1.conv1,25,29595266,False,372180126,137193865,21892359,39405741,188269484,16053780,21891242,8756385,75887712
6,layer4.1.conv1,25,29609342,False,372119100,137171599,21888798,39399339,188238916,16051178,21887691,8754963,75875377
0,layer4.1.bn1,1303,29548160,False,371585676,136974473,21857337,39342690,187968213,16028093,21856214,8742344,75765979
1,layer4.1.bn1,1303,29434540,False,370004796,136392087,21764419,39175449,187169171,15959960,21763304,8705201,75444093
2,layer4.1.bn1,1303,29501934,False,370990878,136755663,21822434,39279880,187667983,16002494,21821309,8728413,75645245
3,layer4.1.bn1,1303,29339359,False,368944932,136001492,21702091,39063265,186633212,15914257,21700982,8680283,75228164
4,layer4.1.bn1,1303,29445387,False,370281120,136494045,21780683,39204733,187309138,15971892,21779577,8711720,75500585
5,layer4.1.bn1,1303,29406117,False,369782478,136310166,21751345,39151917,187056741,15950362,21750213,8699976,75398824
6,layer4.1.bn1,1303,29421417,False,369886302,136348510,21757462,39162913,187109310,15954853,21756337,8702424,75420061
0,layer4.1.relu1,3967,28865867,False,362993574,133807604,21351997,38433089,183622339,15657503,21350857,8540232,74014383
1,layer4.1.relu1,3967,28803182,False,361981968,133434732,21292500,38325995,183110701,15613883,21291380,8516442,73808208
2,layer4.1.relu1,3967,28995373,False,364614720,134405243,21447370,38604769,184442604,15727450,21446234,8578384,74345028
3,layer4.1.relu1,3967,28822772,False,362445078,133605486,21319732,38375024,183344983,15633866,21318634,8527341,73902633
4,layer4.1.relu1,3967,29062327,False,365463870,134718239,21497314,38694664,184872125,15764087,21496209,8598365,74518201
5,layer4.1.relu1,3967,28891282,False,363310086,133924332,21370624,38466618,183782436,15671165,21369480,8547682,74078884
6,layer4.1.relu1,3967,29023533,False,364970874,134536558,21468322,38642466,184622667,15742813,21467194,8586765,74417668
0,layer4.1.conv2,9,27926384,False,350953926,129369026,20643711,37158161,177531059,15138108,20642598,8256919,71559011
1,layer4.1.conv2,9,27887549,False,350603352,129240073,20623142,37121161,177354135,15123012,20621997,8248686,71487657
2,layer4.1.conv2,9,27853655,False,350296914,129127183,20605120,37088721,177199302,15109815,20604019,8241492,71425315
3,layer4.1.conv2,9,27847876,False,350227038,129101566,20601034,37081366,177164144,15106820,20599933,8239862,71411147
4,layer4.1.conv2,9,27870179,False,350506236,129204497,20617436,37110857,177305049,15118832,20616313,8246413,71467903
5,layer4.1.conv2,9,27865731,False,350450454,129183851,20614151,37104980,177276978,15116438,20613029,8245097,71456551
6,layer4.1.conv2,9,27955859,False,351218820,129467153,20659377,37186382,177665824,15149594,20658256,8263188,71613332
0,layer4.1.bn2,1323,29520361,False,371238858,136846704,21836965,39306011,187793013,16013156,21835844,8734227,75695636
1,layer4.1.bn2,1323,29396771,False,369673074,136269905,21744915,39140344,187001499,15945660,21743791,8697405,75376559
2,layer4.1.bn2,1323,29481896,False,370737774,136662343,21807547,39253088,187540015,15991582,21806419,8722454,75593637
3,layer4.1.bn2,1323,29597782,False,372196530,137200133,21893361,39407552,188278147,16054524,21892255,8756789,75891215
4,layer4.1.bn2,1323,29414913,False,369897216,136352525,21758101,39164087,187114834,15955324,21756982,8702678,75422247
5,layer4.1.bn2,1323,29316406,False,368660364,135896497,21685326,39033096,186489054,15901966,21684226,8673581,75170059
6,layer4.1.bn2,1323,29326478,False,368782266,135941400,21692501,39046001,186550712,15907222,21691390,8676445,75194904
0,layer4.1.relu2,3960,29019695,False,364926786,134520235,21465720,38637799,184600466,15740920,21464616,8585735,74408755
1,layer4.1.relu2,3960,29014622,False,364591776,134396774,21443896,38598503,184412727,15724910,21442778,8577002,74333056
2,layer4.1.relu2,3960,29048869,False,365289642,134654044,21487072,38676227,184783773,15756550,21485924,8594257,74482613
3,layer4.1.relu2,3960,29496835,False,370919220,136729242,21818209,39272277,187631775,15999405,21817094,8726727,75630659
4,layer4.1.relu2,3960,29008444,False,364779726,134466073,21457071,38622220,184525883,15734563,21455940,8582264,74378644
5,layer4.1.relu2,3960,29112853,False,366094626,134950795,21534422,38761447,185191177,15791292,21533299,8613209,74646855
6,layer4.1.relu2,3960,29061459,False,365448270,134712543,21496402,38693024,184864291,15763418,21495294,8598008,74515118
0,layer4.1.conv3,25,29557296,False,371562234,136966041,21856007,39340307,187956858,16027129,21854884,8741837,75761626
1,layer4.1.conv3,25,29551933,False,371639658,136994823,21860600,39348582,187996410,16030501,21859485,8743683,75777643
2,layer4.1.conv3,25,29525683,False,371299152,136869317,21840574,39312540,187824164,16015808,21839463,8735674,75708224
3,layer4.1.conv3,25,29542362,False,371513346,136948279,21853172,39335216,187932548,16025041,21852052,8740709,75751810
4,layer4.1.conv3,25,29591225,False,371865594,137078123,21873894,39372511,188110716,16040244,21872783,8749002,75823729
5,layer4.1.conv3,25,29559556,False,371729328,137027910,21865875,39358079,188041749,16034360,21864757,8745786,75795851
6,layer4.1.conv3,25,29568321,False,371838654,137068175,21872301,39369633,188096940,16039074,21871188,8748354,75818107
0,layer4.1.bn3,592,29711772,False,373640658,137732140,21978258,39560318,189008023,16116755,21977109,8790729,76185313
1,layer4.1.bn3,592,29716937,False,373696404,137753006,21981585,39566362,189036925,16119221,21980478,8792082,76197098
2,layer4.1.bn3,592,29741704,False,374005716,137867044,21999782,39599106,189193328,16132562,21998662,8799353,76260097
3,layer4.1.bn3,592,29671011,False,373115694,137538949,21947423,39504858,188743023,16094165,21946309,8778414,76078631
4,layer4.1.bn3,592,29665254,False,372620022,137356244,21918269,39452380,188492305,16072780,21917146,8766747,75977523
5,layer4.1.bn3,592,29728142,False,373835826,137804331,21989775,39581081,189107241,16125222,21988651,8795350,76225383
6,layer4.1.bn3,592,29725354,False,373801986,137791928,21987784,39577515,189090179,16123768,21986679,8794561,76218541
0,layer4.1.add,1571,29420495,False,369977568,136381772,21762770,39172456,187154897,15958741,21761645,8704542,75438346
1,layer4.1.add,1571,29316568,False,368656188,135895061,21685105,39032657,186486983,15901788,21683980,8673482,75169165
2,layer4.1.add,1571,29361763,False,369225102,136104757,21718563,39092912,186774814,15926332,21717446,8686869,75285226
3,layer4.1.add,1571,29348235,False,369052884,136041273,21708437,39074686,186687707,15918897,21707293,8682808,75250043
4,layer4.1.add,1571,29377803,False,369059922,136043898,21708858,39075448,186691414,15919219,21707749,8682988,75251596
5,layer4.1.add,1571,29311009,False,368583696,135868347,21680837,39025012,186450450,15898674,21679726,8671781,75154449
6,layer4.1.add,1571,29352267,False,369100974,136058973,21711258,39079760,186712038,15920968,21710128,8683942,75259876
0,layer4.1.relu3,1803,29488028,False,370815576,136690923,21812098,39261268,187579173,15994918,21810971,8724272,75609385
1,layer4.1.relu3,1803,29357021,False,369165210,136082674,21715045,39086586,186744664,15923760,21713938,8685463,75273071
2,layer4.1.relu3,1803,29395438,False,369648600,136260889,21743480,39137766,186989194,15944612,21742371,8696838,75371650
3,layer4.1.relu3,1803,29413666,False,369874236,136344058,21756752,39161659,187103306,15954341,21755641,8702144,75417631
4,layer4.1.relu3,1803,29401649,False,369726264,136289517,21748051,39145996,187028458,15947961,21746936,8698663,75387452
5,layer4.1.relu3,1803,29288000,False,368291910,135760777,21663675,38994120,186302889,15886090,21662576,8664921,75095036
6,layer4.1.relu3,1803,29477371,False,370673694,136638740,21803765,39246271,187507565,15988816,21802655,8720952,75580614
0,layer4.2.conv1,25,29624094,False,372603474,137349889,21917262,39450566,188461473,16070155,21913570,8765313,75965057
1,layer4.2.conv1,25,29622553,False,372524178,137320896,21912617,39442214,188443686,16068640,21911505,8764490,75957952
2,layer4.2.conv1,25,29650715,False,372460326,137297338,21908865,39435457,188411460,16065892,21907759,8762994,75944989
3,layer4.2.conv1,25,29628399,False,372595794,137347304,21916844,39449814,188480028,16071733,21915722,8766175,75972563
4,layer4.2.conv1,25,29643357,False,372654144,137368771,21920269,39455989,188509534,16074254,21919158,8767552,75984477
5,layer4.2.conv1,25,29602706,False,372267906,137226426,21897546,39415088,188314179,16057597,21896445,8758468,75905778
6,layer4.2.conv1,25,29613725,False,372410208,137278892,21905931,39430180,188386276,16063745,21904831,8761823,75934844
0,layer4.2.bn1,1327,29573053,False,371892918,137087828,21875444,39375293,188123988,16041377,21874327,8749620,75829093
1,layer4.2.bn1,1327,29476076,False,370668186,136636628,21803442,39245699,187504863,15988573,21802324,8720817,75579433
2,layer4.2.bn1,1327,29662232,False,373004844,137498073,21940898,39493091,188686804,16089369,21939772,8775793,76055915
3,layer4.2.bn1,1327,29607736,False,372352716,137257605,21902528,39420924,188342046,16059970,21899683,8759762,75916999
4,layer4.2.bn1,1327,29713434,False,373648830,137735471,21978787,39561323,189012727,16117156,21977664,8790956,76187287
5,layer4.2.bn1,1327,29620857,False,372253944,137221251,21896726,39413608,188307079,16056981,21895606,8758132,75902844
6,layer4.2.bn1,1327,29543546,False,371511240,136947510,21853034,39334966,187931374,16024951,21851930,8740662,75751453
0,layer4.2.relu1,3897,28936537,False,363889602,134137513,21404646,38527869,184075233,15696133,21403543,8561294,74196911
1,layer4.2.relu1,3897,28344554,False,356438736,131391355,20966430,37739050,180306393,15374755,20965298,8386000,72677703
2,layer4.2.relu1,3897,28876520,False,363122922,133855354,21359622,38446818,183687944,15663111,21358515,8543297,74040959
3,layer4.2.relu1,3897,28475224,False,358078614,131995862,21062891,37912707,181136121,15445512,21061783,8424604,73012264
4,layer4.2.relu1,3897,28559451,False,359136450,132385820,21125119,38024718,181671288,15491149,21124019,8449497,73228001
5,layer4.2.relu1,3897,28577769,False,359153100,132391947,21126087,38026458,181679600,15491856,21124979,8449878,73231318
6,layer4.2.relu1,3897,28753038,False,361570884,133283217,21268320,38282482,182902826,15596160,21267208,8506772,73724397
0,layer4.2.conv2,9,27927089,False,351235650,129472971,20660305,37188050,177673824,15150276,20659190,8263561,71616556
1,layer4.2.conv2,9,27922556,False,350782506,129306223,20633694,37140150,177445006,15130767,20632587,8252925,71524389
2,layer4.2.conv2,9,27920484,False,351131010,129434793,20654209,37177084,177621441,15145812,20653072,8261118,71595397
3,layer4.2.conv2,9,27930837,False,351271098,129486424,20662451,37191895,177692228,15151848,20661334,8264417,71623996
4,layer4.2.conv2,9,27926200,False,351207000,129462816,20658683,37185135,177659935,15149095,20657581,8262923,71611047
5,layer4.2.conv2,9,27917260,False,351092178,129420456,20651910,37172942,177601667,15144125,20650803,8260210,71587509
6,layer4.2.conv2,9,27895810,False,350814990,129318286,20635616,37143607,177461551,15132161,20634486,8253682,71530951
0,layer4.2.bn2,1312,29266198,False,368044794,135668939,21649005,38967715,186176680,15875325,21647895,8659043,75044089
1,layer4.2.bn2,1312,29286048,False,368283612,135757525,21663157,38993173,186298337,15885698,21662034,8664703,75093138
2,layer4.2.bn2,1312,29282842,False,368233458,135739158,21660222,38987903,186273110,15883551,21659101,8663528,75082962
3,layer4.2.bn2,1312,29263309,False,367986918,135648335,21645735,38961824,186148518,15872927,21644618,8657737,75032765
4,layer4.2.bn2,1312,29293125,False,368364000,135787251,21667892,39001708,186339125,15889181,21666791,8666603,75109614
5,layer4.2.bn2,1312,29347218,False,368756634,135932064,21691004,39043310,186537883,15906129,21689898,8675846,75189712
6,layer4.2.bn2,1312,29387975,False,369583866,136237022,21739670,39127613,186940632,15940471,21736728,8694578,75352054
0,layer4.2.relu2,3945,28846852,False,362755158,133719599,21337952,38407817,183501610,15647218,21336842,8534620,73965742
1,layer4.2.relu2,3945,28553442,False,359063958,132359089,21120850,38017031,181634562,15488016,21119724,8447781,73213126
2,layer4.2.relu2,3945,28935122,False,363862680,134128033,21403133,38525144,184062175,15695019,21402008,8560693,74191720
3,layer4.2.relu2,3945,28681629,False,360534816,132901286,21207375,38172766,182378570,15551456,21206255,8482388,73513081
4,layer4.2.relu2,3945,28805577,False,362231922,133526899,21307207,38352474,183237243,15624674,21306096,8522326,73859202
5,layer4.2.relu2,3945,28437803,False,357605934,131821621,21035086,37862666,180897012,15425111,21033968,8413477,72915847
6,layer4.2.relu2,3945,28809387,False,362274594,133542618,21309714,38356979,183258750,15626513,21308603,8523330,73867919
0,layer4.2.conv3,25,29552635,False,371666844,137004409,21862112,39351285,188009320,16031599,21860995,8744281,75782772
1,layer4.2.conv3,25,29560425,False,371743734,137033209,21866724,39359607,188049101,16034991,21865620,8746131,75798825
2,layer4.2.conv3,25,29579097,False,371718210,137023689,21865199,39356860,188035900,16033865,21864081,8745522,75793566
3,layer4.2.conv3,25,29540930,False,371531472,136954963,21854238,39337123,187941642,16025819,21853113,8740257,75747939
4,layer4.2.conv3,25,29543591,False,371526996,136953280,21853965,39336642,187939344,16025623,21852846,8741028,75754627
5,layer4.2.conv3,25,29537229,False,371446560,136923687,21849251,39328152,187898750,16022172,21848140,8739144,75738289
6,layer4.2.conv3,25,29562695,False,371512416,136947903,21853111,39335099,187931983,16024997,21851994,8740684,75751645
0,layer4.2.bn3,587,29678749,False,373227408,137579683,21953930,39516567,188798940,16098930,21952808,8781012,76100901
1,layer4.2.bn3,587,29724960,False,373798314,137790562,21987580,39577143,189088427,16123618,21986449,8794468,76217773
2,layer4.2.bn3,587,29667045,False,373068162,137521440,21944624,39499826,188718969,16092111,21943510,8777294,76068927
3,layer4.2.bn3,587,29675967,False,373177824,137561845,21951045,39511352,188773947,16096802,21949909,8779851,76091078
4,layer4.2.bn3,587,29692343,False,373384146,137637898,21963214,39533279,188878832,16105738,21962075,8784716,76133253
5,layer4.2.bn3,587,29637626,False,372691884,137382612,21922478,39459960,188528513,16075866,21921358,8768433,75992140
6,layer4.2.bn3,587,29708470,False,373582806,137711141,21974899,39554317,188979354,16114317,21973778,8789402,76173839
0,layer4.2.add,1578,29571939,False,371550984,136961948,21855353,39339139,187951097,16026636,21854225,8741575,75759305
1,layer4.2.add,1578,29444370,False,370263750,136487637,21779666,39202905,187300409,15971147,21778563,8711315,75497120
2,layer4.2.add,1578,29432970,False,370117530,136433748,21771066,39187427,187226445,15964834,21769951,8707870,75467235
3,layer4.2.add,1578,29459373,False,370452846,136557347,21790772,39222884,187395871,15979290,21789656,8715750,75535545
4,layer4.2.add,1578,29479376,False,370701108,136648745,21805353,39249140,187521278,15989984,21804249,8721586,75586131
5,layer4.2.add,1578,29457342,False,370421256,136545698,21788933,39219585,187380040,15977937,21787813,8715015,75529174
6,layer4.2.add,1578,29442316,False,370232838,136476256,21777847,39199630,187284741,15969814,21776739,8710586,75490781
0,layer4.2.relu3,1812,29509825,False,370654452,136631490,21802591,39244152,187497460,15987952,21801480,8720481,75576535
1,layer4.2.relu3,1812,29494369,False,370895376,136720398,21816803,39269745,187619710,15998378,21815694,8726167,75625830
2,layer4.2.relu3,1812,29583426,False,372009588,137131142,21882349,39387728,188183425,16046437,21881225,8752380,75852991
3,layer4.2.relu3,1812,29531069,False,371350644,136888290,21843600,39317977,187850176,16018025,21842485,8736885,75718716
4,layer4.2.relu3,1812,29513530,False,370895808,136720649,21816846,39269826,187620089,15998408,21815738,8726186,75625979
5,layer4.2.relu3,1812,29455984,False,370413114,136542714,21788453,39218713,187375918,15977588,21787340,8714826,75527504
6,layer4.2.relu3,1812,29459654,False,370457652,136559123,21791057,39223397,187398208,15979483,21789913,8715853,75536419
0,avgpool,918,29459487,False,370471110,136563888,21791819,39224769,187404832,15980056,21790697,8716169,75539165
1,avgpool,918,29626868,False,372445956,137292045,21908015,39433930,188404188,16065269,21906903,8762648,75941765
2,avgpool,918,29465729,False,370547496,136592213,21796352,39232932,187443863,15983384,21795250,8717989,75554962
3,avgpool,918,29460882,False,370473396,136564916,21791992,39225091,187406404,15980187,21790889,8716243,75539813
4,avgpool,918,29446958,False,370299390,136500695,21781745,39206635,187318220,15972669,21780633,8712137,75504221
5,avgpool,918,29415679,False,369908910,136356840,21758793,39165330,187120741,15955829,21757666,8702952,75424577
6,avgpool,918,29388546,False,369567852,136231117,21738717,39129190,186948172,15941114,21737603,8694924,75355035
0,flatten,5613,28374807,False,356819718,131531771,20988835,37779405,180499204,15391205,20987728,8394981,72755547
1,flatten,5613,28199898,False,354356214,130623691,20843922,37518568,179252967,15284934,20842816,8337017,72253191
2,flatten,5613,28062482,False,352892028,130083970,20757786,37363504,178512125,15221756,20756651,8302551,71954482
3,flatten,5613,27996016,False,352047810,129772749,20708137,37274146,178085198,15185352,20707021,8282699,71782437
4,flatten,5613,27991629,False,351992610,129752411,20704881,37268286,178057155,15182966,20703770,8281396,71771076
5,flatten,5613,28006892,False,352185756,129823559,20716252,37288735,178154934,15191301,20715130,8285936,71810494
6,flatten,5613,28053828,False,352777686,130041688,20751061,37351415,178454381,15216838,20749953,8299864,71931195
0,fc,74,29343813,False,368713332,135915611,21688351,39038529,186514954,15904169,21687222,8674764,75180232
1,fc,74,29311414,False,368507196,135840136,21676342,39016923,186411799,15895378,21675241,8669987,75138927
2,fc,74,29297835,False,368437998,135814619,21672268,39009576,186376659,15892376,21671143,8668347,75124721
3,fc,74,29274622,False,368148630,135707877,21655221,38978903,186230182,15879894,21654126,8661471,75065125
4,fc,74,29291540,False,368360382,135785984,21667702,39001360,186337474,15889038,21666595,8666528,75108964
5,fc,74,29339895,False,368616288,135880322,21682758,39028442,186466826,15900062,21681626,8672541,75161010
6,fc,74,29280712,False,368228070,135737241,21659924,38987362,186270555,15883333,21658794,8663408,75081907
