rep,layer,calls,ns,multiplexed,cycles,tdg_slots,tdg_retiring,tdg_bad_spec,tdg_fe_bound,tdg_be_bound,tdg_mem_bound
0,conv1,13,28063242,False,58674325,352039638,113264946,1103549,8240356,229445238,43003086
1,conv1,13,28020011,False,58677458,352059852,113293129,1105788,8313914,229364562,42954354
2,conv1,13,27966429,False,58620059,351715404,113280394,926144,8040422,229480386,43040778
3,conv1,13,27978800,False,58612661,351671232,113296688,935417,7993013,229458060,43021152
4,conv1,13,27938634,False,58558486,351346212,113273695,887911,7753828,229440186,43010916
5,conv1,13,27940537,False,58563003,351373320,113275850,892875,7896963,229316610,42874902
6,conv1,13,27942208,False,58566034,351391482,113284340,854607,7714380,229544940,43066542
0,bn1,90,29601262,False,62045070,372264156,115651794,4398696,10703907,241577346,145213950
1,bn1,90,29615805,False,62073052,372433140,115637551,4372415,10491478,241998474,145525464
2,bn1,90,29542767,False,61920087,371515614,115612830,4249328,10500073,241217076,145239282
3,bn1,90,29583125,False,61951715,371705532,115628179,4268302,10740757,241133052,145017282
4,bn1,90,29554754,False,61944502,371662284,115624603,4259259,10401141,241442148,144961740
5,bn1,90,29549881,False,61933815,371598048,115612021,4290625,10328214,241428774,145006044
6,bn1,90,29540672,False,61913398,371475564,115610892,4262624,10267261,241398564,145071846
0,relu,174,29608019,False,62057071,372336816,83913197,778221,33239214,254412096,110699040
1,relu,174,29598224,False,62033842,372198306,83868420,711752,33109906,254509890,110724600
2,relu,174,29602539,False,62021454,372123936,83867817,697167,32976887,254583546,110638704
3,relu,174,29589060,False,62015012,372085320,83851826,692600,32928525,254613618,110872632
4,relu,174,29564463,False,61970376,371817576,83884201,710390,32932865,254291130,110323140
5,relu,174,29574253,False,61982803,371892048,83873851,678988,32757065,254583042,110741268
6,relu,174,29572820,False,61980214,371876478,83852114,691178,32893832,254441142,110691462
0,maxpool,2,20501510,False,42961414,257762178,80750531,95456176,71772715,12968430,325176
1,maxpool,2,20304148,False,42545696,255269214,80757012,94502199,70373017,12739824,387522
2,maxpool,2,20159798,False,42175250,253046466,80751130,93340290,69486975,12554670,311616
3,maxpool,2,20292810,False,42517599,255100254,80751074,93688218,71062475,12725190,358548
4,maxpool,2,20348190,False,42634870,255804168,80771635,94271164,71016954,12856554,405756
5,maxpool,2,20300599,False,42540672,255238890,80744654,93645747,71307642,12659370,346950
6,maxpool,2,20259785,False,42449407,254691450,80763950,94699207,69575885,12775788,360876
0,layer1.0.conv1,140,29749895,False,62305988,373829388,210647613,778814,13127945,149279274,3853920
1,layer1.0.conv1,140,29694067,False,62234260,373400802,210632038,699142,12890026,149180904,3756612
2,layer1.0.conv1,140,29712622,False,62272771,373631856,210638040,659456,12925786,149408844,3904494
3,layer1.0.conv1,140,29692070,False,62229012,373369344,210630636,636359,12853987,149248746,3810348
4,layer1.0.conv1,140,29730856,False,62263204,373574400,210638017,647327,12975045,149314542,3882054
5,layer1.0.conv1,140,29704579,False,62255672,373529304,210641287,645759,12925646,149317734,3912774
6,layer1.0.conv1,140,29713769,False,62274617,373642806,210639028,686627,12975647,149342178,3910578
0,layer1.0.bn1,479,29558078,False,61952243,371707842,180958611,10690078,36774051,143504502,16684170
1,layer1.0.bn1,479,29556404,False,61921267,371522772,180967180,10655609,36191333,143921100,16870164
2,layer1.0.bn1,479,29537604,False,61906700,371435322,180973478,10583546,36136318,143954484,16806288
3,layer1.0.bn1,479,29510383,False,61849537,371092464,180959196,10541552,35994217,143806620,16755012
4,layer1.0.bn1,479,29519551,False,61867971,371203074,180976680,10563649,35850422,144023490,16933518
5,layer1.0.bn1,479,29495233,False,61816002,370891296,180957083,10506726,35925839,143711676,16699146
6,layer1.0.bn1,479,29498699,False,61824460,370941984,180955313,10559067,36149320,143489286,16618026
0,layer1.0.relu1,1056,29593314,False,62029032,372169416,149924695,3383013,59421187,159460296,35088534
1,layer1.0.relu1,1056,29604474,False,62043893,372258528,149924916,3211968,59394045,159770568,35596548
2,layer1.0.relu1,1056,29565884,False,61963091,371773830,149891156,3165155,58988748,159773712,35825208
3,layer1.0.relu1,1056,29564958,False,61961089,371761794,149899492,3277604,58862966,159763068,35228850
4,layer1.0.relu1,1056,29591144,False,62015882,372090552,149905487,3357226,59214408,159655302,35469084
5,layer1.0.relu1,1056,29610582,False,62056611,372334938,149896023,3325573,59106986,160047804,35838540
6,layer1.0.relu1,1056,29627428,False,62092147,372548166,149902014,3387627,58991425,160306950,35702718
0,layer1.0.conv2,15,29233437,False,61275847,367648386,202774305,1599582,85539914,77767974,17287032
1,layer1.0.conv2,15,29157371,False,61113490,366676080,202717555,1397297,85149754,77437848,17046738
2,layer1.0.conv2,15,29137815,False,61070599,366418404,202693665,1317147,84990952,77440896,17011968
3,layer1.0.conv2,15,29150068,False,61096916,366576822,202721661,1364037,85077076,77439018,17008668
4,layer1.0.conv2,15,29136853,False,61071316,366423156,202699929,1319637,85012592,77415522,16980132
5,layer1.0.conv2,15,29122950,False,61041434,366243204,202681006,1288727,84897023,77398896,16981536
6,layer1.0.conv2,15,29129885,False,61054716,366323016,202705821,1290082,84937146,77413560,16964586
0,layer1.0.bn2,477,29527554,False,61887979,371322714,180072234,10828040,36537628,144104484,17269932
1,layer1.0.bn2,477,29505981,False,61766894,370596636,180078915,10580956,36735550,143419500,16947192
2,layer1.0.bn2,477,29489418,False,61804701,370823412,180103480,10734533,36807787,143390070,17076324
3,layer1.0.bn2,477,29504896,False,61837403,371019684,180070136,10616696,36992421,143553840,17175018
4,layer1.0.bn2,477,29421262,False,61662911,369972702,180081275,10571428,37089333,142445316,16521738
5,layer1.0.bn2,477,29415889,False,61651345,369903372,180053501,10479724,36912060,142672524,16573128
6,layer1.0.bn2,477,29464507,False,61753062,370513548,180073346,10575455,35954927,144120456,17269134
0,layer1.0.relu2,1059,29597819,False,62032411,372188646,150328652,3070022,59419067,159412860,34915164
1,layer1.0.relu2,1059,29675275,False,62193229,373154394,150357724,3352903,59614578,159870348,33883650
2,layer1.0.relu2,1059,29629668,False,62097385,372579612,150356084,3130487,59103141,160030332,34546812
3,layer1.0.relu2,1059,29664458,False,62102193,372608388,150353947,3095182,59348862,159854460,34841832
4,layer1.0.relu2,1059,29575837,False,61984368,371901480,150337454,2973899,59073624,159554352,34767024
5,layer1.0.relu2,1059,29585886,False,61967583,371800758,150352618,2965213,58659076,159859830,35245938
6,layer1.0.relu2,1059,29723817,False,62294605,373762896,150340874,3280097,58562841,161621472,35792826
0,layer1.0.conv3,34,29240335,False,61263085,367571592,178061524,558131,6680343,182282976,18743310
1,layer1.0.conv3,34,29228078,False,61259039,367549476,178053210,545367,6535086,182425704,18947706
2,layer1.0.conv3,34,29214457,False,61229516,367372308,178041118,542870,6384759,182414562,18915756
3,layer1.0.conv3,34,29212158,False,61224267,367340850,178014774,517757,6431147,182386572,18892800
4,layer1.0.conv3,34,29204903,False,61209215,367250586,178018787,530938,6350239,182360904,18849840
5,layer1.0.conv3,34,29251651,False,61229847,367374300,178052035,532082,6338136,182462808,18901842
6,layer1.0.conv3,34,29196206,False,61191393,367143600,178018505,506238,6324378,182304468,18849792
0,layer1.0.bn3,89,29447603,False,61723466,370334352,115112080,6818992,13113025,235437414,135463074
1,layer1.0.bn3,89,29444961,False,61715159,370286154,115084482,6748620,13029994,235570164,135818664
2,layer1.0.bn3,89,29449383,False,61680982,370081104,115075096,6728669,12911809,235514592,135843822
3,layer1.0.bn3,89,29438221,False,61702362,370209450,115071579,6733598,12735510,235817358,135944712
4,layer1.0.bn3,89,29426166,False,61674605,370042896,115078187,6696248,12773787,235642326,135899748
5,layer1.0.bn3,89,29437259,False,61697820,370182210,115111356,6674170,12486262,236058060,136109856
6,layer1.0.bn3,89,29431274,False,61685836,370110186,115089727,6703340,12814523,235651188,135549294
0,layer1.0.downsample.0,34,29227939,False,61260486,367556496,178077369,581845,6386605,182523492,18876846
1,layer1.0.downsample.0,34,29195532,False,61190504,367138230,178052924,539038,6249929,182306676,18739698
2,layer1.0.downsample.0,34,29179608,False,61156767,366935916,178029002,509557,6118132,182288898,18768018
3,layer1.0.downsample.0,34,29186800,False,61171601,367024866,178020162,532035,6164527,182318808,18707016
4,layer1.0.downsample.0,34,29184674,False,61167214,366998502,178022530,497843,6094950,182392266,18846246
5,layer1.0.downsample.0,34,29179516,False,61156157,366932184,178028572,507270,6064654,182341332,18819120
6,layer1.0.downsample.0,34,29229426,False,61194032,367159482,178039193,523938,6249976,182356626,18739050
0,layer1.0.downsample.1,90,29685560,False,62146661,372873990,116401943,6107966,12855554,237654246,140391162
1,layer1.0.downsample.1,90,29638508,False,62120874,372720384,116349564,6052926,13033204,237430110,140231580
2,layer1.0.downsample.1,90,29644759,False,62091037,372541392,116362660,6057257,12816703,237450192,139999308
3,layer1.0.downsample.1,90,29636147,False,62114381,372681594,116346324,6060972,12871526,237545970,140181474
4,layer1.0.downsample.1,90,29632422,False,62106047,372631548,116363844,6065332,12724646,237623436,140518794
5,layer1.0.downsample.1,90,29596728,False,62032359,372189408,116339809,6025878,12666887,237300798,140051250
6,layer1.0.downsample.1,90,29606014,False,62050432,372297528,116353727,6085973,12675490,237327216,140034114
0,layer1.0.add,94,29526752,False,61888719,371326896,50207971,374789,4545453,316195452,186329982
1,layer1.0.add,94,29483819,False,61796737,370775664,50144689,288237,4227694,316109316,186227280
2,layer1.0.add,94,29488891,False,61807719,370841538,50139902,307021,4219491,316169742,186273084
3,layer1.0.add,94,29472572,False,61772230,370628550,50130615,292865,4298527,315900684,186043092
4,layer1.0.add,94,29491886,False,61786633,370715034,50153855,308600,4340168,315907194,186061260
5,layer1.0.add,94,29470148,False,61766382,370593444,50145229,297071,4230940,315914274,186104814
6,layer1.0.add,94,29473414,False,61773164,370634232,50155705,313074,4180812,315978798,186107898
0,layer1.0.relu3,176,29729117,False,62310362,373856040,84849900,617015,33273858,255116148,111514530
1,layer1.0.relu3,176,29703862,False,62255112,373525854,84798516,629379,33226473,254871852,111362154
2,layer1.0.relu3,176,29685961,False,62217785,373301886,84799293,611010,32992078,254898900,111360462
3,layer1.0.relu3,176,29713785,False,62253798,373518108,84820729,644143,32916226,255136590,111233010
4,layer1.0.relu3,176,29691537,False,62228917,373368768,84814654,662959,33106753,254784654,110971284
5,layer1.0.relu3,176,29698860,False,62244776,373463934,84794279,675236,33269656,254724990,111003444
6,layer1.0.relu3,176,29687333,False,62220631,373319088,84807044,610360,33123761,254777706,111292962
0,layer1.1.conv1,37,29703883,False,62256446,373533186,208135206,647457,5185448,159568698,3513000
1,layer1.1.conv1,37,29692326,False,62230695,373379442,208097686,614274,5125310,159545046,3479598
2,layer1.1.conv1,37,29654348,False,62152471,372910146,208066515,591015,5004632,159249828,3270210
3,layer1.1.conv1,37,29664837,False,62173364,373035408,208096402,591767,4853817,159495852,3434466
4,layer1.1.conv1,37,29654942,False,62152825,372912234,208083997,606141,4936358,159288186,3329748
5,layer1.1.conv1,37,29657851,False,62158258,372944724,208062498,596297,4880145,159408336,3377160
6,layer1.1.conv1,37,29659068,False,62161291,372963006,208078040,600594,4840942,159446262,3389190
0,layer1.1.bn1,479,29480088,False,61788843,370727616,180676866,10717500,36771483,142778682,16439448
1,layer1.1.bn1,479,29418834,False,61658760,369947640,180678435,10496471,36465104,142514712,16332072
2,layer1.1.bn1,479,29425691,False,61671795,370026042,180683662,10509140,36693081,142351950,16240920
3,layer1.1.bn1,479,29396043,False,61609391,369651606,180672646,10451331,36650459,142087908,16145952
4,layer1.1.bn1,479,29485211,False,61728117,370363842,180695015,10537168,36841411,142503858,16404096
5,layer1.1.bn1,479,29451228,False,61725437,370347888,180684709,10455375,36723430,142691976,16353000
6,layer1.1.bn1,479,29445313,False,61712196,370268466,180674627,10520701,36757472,142524624,16324230
0,layer1.1.relu1,1057,29481673,False,61789226,370729878,149984210,3206706,59827105,157760232,35100306
1,layer1.1.relu1,1057,29506236,False,61838487,371026026,149978592,3269728,59607780,158215212,35178708
2,layer1.1.relu1,1057,29459288,False,61740372,370437414,149978158,2945678,59603991,157949574,34949160
3,layer1.1.relu1,1057,29475668,False,61774604,370642800,149968926,3146879,59467472,158095830,35602176
4,layer1.1.relu1,1057,29549631,False,61929419,371571738,149987952,3266665,59189782,159170712,35365350
5,layer1.1.relu1,1057,29450657,False,61721222,370322496,149988645,2845305,59348823,158176734,35112744
6,layer1.1.relu1,1057,29431085,False,61680197,370076388,149964076,2921710,58988291,158240148,35250480
0,layer1.1.conv2,15,29257803,False,61231111,367380018,202759875,1463503,85408471,77777520,17336370
1,layer1.1.conv2,15,29169824,False,61090055,366534708,202751729,1306799,84973437,77525982,17077950
2,layer1.1.conv2,15,29177936,False,61095988,366570882,202741890,1293352,85076310,77483844,17060310
3,layer1.1.conv2,15,29120374,False,61034732,366203616,202688258,1272644,84946349,77317200,16919100
4,layer1.1.conv2,15,29130467,False,61055422,366327792,202724946,1309861,84962749,77352816,16937706
5,layer1.1.conv2,15,29134690,False,61065123,366385974,202761866,1222253,84914162,77507994,17045640
6,layer1.1.conv2,15,29127939,False,61051063,366301650,202735910,1266698,85009243,77311806,16924086
0,layer1.1.bn2,480,29635179,False,62113360,372674244,181283331,10834221,37951600,142824498,16376604
1,layer1.1.bn2,480,29616134,False,62072062,372427206,181305893,10688343,37715538,142934892,16456716
2,layer1.1.bn2,480,29585615,False,62006535,372034488,181276782,10687155,37646430,142641426,16320132
3,layer1.1.bn2,480,29550446,False,61932829,371592282,181280429,10624691,36955477,142946262,16451994
4,layer1.1.bn2,480,29642657,False,62074952,372444984,181302332,10784629,37223848,143350512,16625754
5,layer1.1.bn2,480,29529881,False,61890015,371335368,181296025,10625505,36622979,143001930,16485114
6,layer1.1.bn2,480,29559023,False,61952230,371708622,181295462,10672863,36878635,143075364,16487280
0,layer1.1.relu2,1063,29612636,False,62063455,372376002,150839646,2866386,59831352,158885658,35155722
1,layer1.1.relu2,1063,29635679,False,62109984,372655098,150810529,2949344,59838270,159102354,35213256
2,layer1.1.relu2,1063,29612756,False,62062468,372370062,150833173,2913586,59510556,159153882,35499768
3,layer1.1.relu2,1063,29631145,False,62077788,372461730,150829147,2863275,59683374,159123624,35060388
4,layer1.1.relu2,1063,29605767,False,62046931,372276876,150819539,2935949,59828176,158733678,35048064
5,layer1.1.relu2,1063,29567321,False,61966087,371791860,150803426,2641501,59299799,159083778,35286750
6,layer1.1.relu2,1063,29679298,False,62201094,373201824,150814867,3145471,59945383,159339948,35245782
0,layer1.1.conv3,34,29264241,False,61299317,367790856,178081431,515733,6663206,182536752,18970686
1,layer1.1.conv3,34,29219147,False,61240167,367436250,178047746,567334,6515645,182317236,18706758
2,layer1.1.conv3,34,29264997,False,61250407,367497540,178059662,568529,6645673,182236320,18642756
3,layer1.1.conv3,34,29205314,False,61209867,367254504,178038952,554080,6381004,182290986,18676500
4,layer1.1.conv3,34,29186519,False,61170533,367018446,178019876,541553,6414477,182053452,18527754
5,layer1.1.conv3,34,29241040,False,61244228,367460670,178050222,549101,6518896,182353278,18752022
6,layer1.1.conv3,34,29211459,False,61223029,367333374,178028130,554440,6471705,182289420,18675666
0,layer1.1.bn3,89,29496949,False,61826297,370952478,115194064,6811455,13350723,235747002,135880614
1,layer1.1.bn3,89,29461350,False,61749846,370494360,115136629,6745505,13278722,235483542,135729324
2,layer1.1.bn3,89,29471288,False,61722861,370332330,115141442,6675538,13059699,235603476,135602076
3,layer1.1.bn3,89,29440316,False,61704549,370222548,115128989,6687739,12908608,235644318,135760290
4,layer1.1.bn3,89,29474739,False,61775730,370649592,115136358,6717428,12911236,236033652,135917346
5,layer1.1.bn3,89,29435887,False,61694415,370161804,115119479,6746493,12792844,235651032,135632814
6,layer1.1.bn3,89,29430426,False,61683374,370095528,115168370,6699540,12856509,235520670,135656460
0,layer1.1.add,94,29546137,False,61928725,371566038,50177263,390842,4258706,316735044,186638526
1,layer1.1.add,94,29552907,False,61917031,371497290,50162562,352846,4159605,316817556,186641574
2,layer1.1.add,94,29523596,False,61878364,371265402,50150622,310883,3844056,316954278,186850794
3,layer1.1.add,94,29527100,False,61886096,371311830,50148142,310959,4057585,316789446,186756174
4,layer1.1.add,94,29522173,False,61874511,371242266,50142439,299028,3802981,316991364,186884010
5,layer1.1.add,94,29518135,False,61867212,371198472,50151352,297730,3819719,316924182,186790812
6,layer1.1.add,94,29511460,False,61853670,371117292,50149544,296956,3968918,316695894,186713526
0,layer1.1.relu3,176,29769035,False,62393810,374357058,84850084,671412,33050797,255787458,112118412
1,layer1.1.relu3,176,29717315,False,62283418,373695816,84802733,610121,33083858,255200112,111469260
2,layer1.1.relu3,176,29744657,False,62340586,374038650,84816381,588846,32888530,255746082,111988422
3,layer1.1.relu3,176,29723432,False,62295122,373765950,84808190,583733,32979304,255394434,111682464
4,layer1.1.relu3,176,29727584,False,62303979,373819152,84800233,533224,32788750,255696258,111887418
5,layer1.1.relu3,176,29728601,False,62307041,373837476,84814226,551211,32815496,255656682,111890790
6,layer1.1.relu3,176,29733283,False,62316706,373895532,84805538,556686,32773087,255758682,111847476
0,layer1.2.conv1,37,29701617,False,62251986,373506648,208146919,642468,4991974,159729324,3636516
1,layer1.2.conv1,37,29663998,False,62172657,373031226,208071820,617028,4913801,159432030,3419412
2,layer1.2.conv1,37,29683194,False,62211952,373266942,208095120,617791,4840135,159716622,3598578
3,layer1.2.conv1,37,29668864,False,62181756,373085808,208086193,599376,4804787,159596442,3515190
4,layer1.2.conv1,37,29678644,False,62202616,373210944,208091287,593375,4848247,159679818,3590856
5,layer1.2.conv1,37,29672121,False,62188277,373124952,208071067,607904,4884492,159563442,3483954
6,layer1.2.conv1,37,29661333,False,62165952,372990972,208071443,610636,4867223,159444252,3381336
0,layer1.2.bn1,475,29377419,False,61573732,369436632,179324033,10791896,37067132,142475166,16808034
1,layer1.2.bn1,475,29339523,False,61492145,368947950,179323493,10626690,36642928,142572972,16864722
2,layer1.2.bn1,475,29327081,False,61464926,368784738,179302359,10651063,36644505,142401660,16748442
3,layer1.2.bn1,475,29346022,False,61504960,369024846,179316906,10639906,36874790,142406916,16887972
4,layer1.2.bn1,475,29318619,False,61447034,368677254,179311062,10533802,36402322,142640490,16910826
5,layer1.2.bn1,475,29331556,False,61474214,368840592,179311728,10542565,36628080,142571076,16824768
6,layer1.2.bn1,475,29337123,False,61485483,368908194,179307777,10644467,36381038,142789260,16847208
0,layer1.2.relu1,1061,29700721,False,62167113,372997758,150620420,3084000,59960446,159382398,36026634
1,layer1.2.relu1,1061,29650310,False,62141728,372845646,150582961,3125380,59898117,159285492,35612520
2,layer1.2.relu1,1061,29636283,False,62111000,372661320,150587778,2976387,59503562,159643758,35332020
3,layer1.2.relu1,1061,29604208,False,62043922,372258618,150573010,2884539,59444197,159399576,35543112
4,layer1.2.relu1,1061,29679543,False,62201715,373205514,150661299,3033086,59739772,159821808,36011922
5,layer1.2.relu1,1061,29640550,False,62076565,372454272,150600479,2929982,59231094,159730356,35456586
6,layer1.2.relu1,1061,29632544,False,62102920,372612828,150583820,2918303,59316060,159841890,35849274
0,layer1.2.conv2,15,29249052,False,61213134,367272540,202743904,1468459,85374370,77715804,17273754
1,layer1.2.conv2,15,29175399,False,61135524,366808398,202740188,1435827,85273014,77388822,16969200
2,layer1.2.conv2,15,29125933,False,61047198,366278052,202715941,1303276,84923700,77358960,16968858
3,layer1.2.conv2,15,29124403,False,61042829,366251946,202706764,1267547,84923206,77376150,16948338
4,layer1.2.conv2,15,29111731,False,61017858,366102438,202706986,1221725,84820864,77373762,16942962
5,layer1.2.conv2,15,29125396,False,61044404,366261558,202716281,1251355,84849064,77465880,16992594
6,layer1.2.conv2,15,29172357,False,61065181,366386352,202709160,1257576,84993822,77447700,17013534
0,layer1.2.bn2,479,29543807,False,61923530,371535246,180808296,10773597,37284184,142889958,16437540
1,layer1.2.bn2,479,29530670,False,61892863,371351988,180821836,10643558,37105297,142999320,16585452
2,layer1.2.bn2,479,29537050,False,61904755,371423568,180802956,10565680,36702936,143565510,16758780
3,layer1.2.bn2,479,29521336,False,61880259,371276838,180809366,10471971,36122074,144046122,16951788
4,layer1.2.bn2,479,29515503,False,61859336,371151306,180804651,10590930,36600610,143362728,16635606
5,layer1.2.bn2,479,29500443,False,61828281,370964868,180801780,10513070,36566810,143295942,16705116
6,layer1.2.bn2,479,29530468,False,61891064,371341638,180799327,10507299,36929613,143320080,16734414
0,layer1.2.relu2,1061,29691425,False,62228105,373362798,150591889,3349788,59844762,159629682,35458812
1,layer1.2.relu2,1061,29657247,False,62155274,372926886,150571595,3046293,59274126,160080102,35478912
2,layer1.2.relu2,1061,29726095,False,62298789,373788024,150579733,3244926,59535939,160476348,35620020
3,layer1.2.relu2,1061,29691953,False,62191116,373141998,150579764,3042803,59348900,160214778,35662314
4,layer1.2.relu2,1061,29738058,False,62266094,373591866,150588407,3267905,59348347,160435980,35844090
5,layer1.2.relu2,1061,29727366,False,62233119,373394016,150581463,3114056,59450838,160293726,35570916
6,layer1.2.relu2,1061,29693090,False,62229790,373373946,150608890,3175367,59602677,160035372,35201610
0,layer1.2.conv3,34,29199507,False,61201140,367201608,178053188,570259,6274646,182318790,18704640
1,layer1.2.conv3,34,29189970,False,61179057,367069404,178042789,585997,6238517,182217378,18708990
2,layer1.2.conv3,34,29223200,False,61205193,367226412,178041889,563353,6294503,182341632,18834486
3,layer1.2.conv3,34,29179853,False,61156990,366937236,178019903,559208,6215630,182156532,18655284
4,layer1.2.conv3,34,29171297,False,61139131,366830082,178014576,540369,6250160,182038722,18532590
5,layer1.2.conv3,34,29180894,False,61159953,366954942,178029261,541444,6104126,182292642,18732390
6,layer1.2.conv3,34,29183912,False,61165633,366988998,178022171,530413,6189740,182260446,18701364
0,layer1.2.bn3,89,29464335,False,61755933,370529514,115129434,6736304,13012359,235801530,135776136
1,layer1.2.bn3,89,29430865,False,61684592,370102824,115079316,6711942,13217711,235244802,135376644
2,layer1.2.bn3,89,29418665,False,61658485,369946158,115095642,6668544,12766203,235564974,135706476
3,layer1.2.bn3,89,29391639,False,61577933,369462918,115083669,6681909,12793825,235053012,135284070
4,layer1.2.bn3,89,29433259,False,61688282,370124934,115088728,6690016,13036909,235458210,135577956
5,layer1.2.bn3,89,29421591,False,61664533,369982494,115085870,6670588,12940631,235435188,135541758
6,layer1.2.bn3,89,29444228,False,61712214,370268550,115124837,6675809,13162924,235454376,135420330
0,layer1.2.add,94,29542370,False,61921058,371520882,50177764,381124,4552896,316406478,186472158
1,layer1.2.add,94,29510972,False,61851406,371103426,50134168,318168,4233901,316412526,186438054
2,layer1.2.add,94,29512431,False,61856133,371132046,50163457,311822,4054060,316597752,186665016
3,layer1.2.add,94,29498182,False,61825320,370947126,50131438,315854,4083988,316410504,186358896
4,layer1.2.add,94,29505109,False,61839562,371032680,50141044,298691,4085261,316501362,186529080
5,layer1.2.add,94,29502422,False,61833739,370997664,50141916,332148,4037315,316480770,186466794
6,layer1.2.add,94,29514036,False,61858171,371144262,50154192,301253,3982324,316700466,186666882
0,layer1.2.relu3,176,29738889,False,62331114,373980858,84819194,701631,33450951,255010758,111386994
1,layer1.2.relu3,176,29720951,False,62291693,373745394,84804250,606534,33367520,254967678,111193944
2,layer1.2.relu3,176,29723377,False,62296350,373773432,84813558,555045,33243956,255161544,111630642
3,layer1.2.relu3,176,29688661,False,62222544,373330542,84794471,572086,33271501,254692470,111116202
4,layer1.2.relu3,176,29703207,False,62252258,373508808,84795694,542695,33163243,255006486,111353766
5,layer1.2.relu3,176,29695892,False,62237366,373419450,84790848,558701,33064050,255005664,111311100
6,layer1.2.relu3,176,29716193,False,62280234,373676658,84793544,559597,32995904,255326658,111830280
0,layer2.0.conv1,18,28534904,False,59807020,358835706,201377940,536120,3034369,153887622,2520192
1,layer2.0.conv1,18,28531826,False,59798903,358788582,201387331,530480,3116047,153754134,2442756
2,layer2.0.conv1,18,28573218,False,59823860,358938432,201373551,556939,3168297,153841800,2503596
3,layer2.0.conv1,18,28531940,False,59799980,358795098,201370178,529553,2981379,153914604,2535168
4,layer2.0.conv1,18,28533526,False,59803047,358813560,201380106,532920,2956503,153945198,2562222
5,layer2.0.conv1,18,28520442,False,59775282,358646844,201358022,522461,2946461,153819936,2442624
6,layer2.0.conv1,18,28527745,False,59790557,358738554,201362753,516280,2941411,153918840,2556012
0,layer2.0.bn1,177,29612596,False,62066871,372395886,120886985,6891326,18006674,226765806,124856664
1,layer2.0.bn1,177,29576925,False,61991079,371941440,120848424,6788595,17306482,227148936,125235810
2,layer2.0.bn1,177,29592649,False,62022238,372128670,120828365,6760947,17214621,227473062,125154756
3,layer2.0.bn1,177,29570838,False,61975845,371850282,120854956,6798981,17365416,226980408,125005182
4,layer2.0.bn1,177,29550039,False,61932529,371590380,120834288,6748293,17340826,226817562,124584624
5,layer2.0.bn1,177,29564290,False,61962185,371768370,120836840,6710964,17151941,227218350,124866192
6,layer2.0.bn1,177,29559243,False,61951943,371706972,120836431,6754323,17147122,227117772,124802040
0,layer2.0.relu1,524,29642533,False,62079079,372469692,133675208,1492664,54055180,183265908,50069880
1,layer2.0.relu1,524,29598178,False,62032918,372192804,133651209,1425952,53963777,183168582,50542494
2,layer2.0.relu1,524,29580736,False,61974735,371843688,133664726,1340179,53928565,182928306,49835940
3,layer2.0.relu1,524,29565769,False,61964297,371780826,133686368,1264215,53965662,182880312,50166702
4,layer2.0.relu1,524,29554334,False,61939938,371634924,133650130,1245329,53899340,182854170,50165316
5,layer2.0.relu1,524,29544880,False,61920713,371519574,133657467,1244541,54145904,182488554,49989156
6,layer2.0.relu1,524,29542366,False,61914512,371482308,133651148,1270052,53964856,182611104,50257416
0,layer2.0.conv2,13,27598555,False,57849406,347090418,166650530,1507864,59665203,119298780,30034296
1,layer2.0.conv2,13,27595111,False,57792343,346749342,166642697,1360717,59654583,119119578,29892918
2,layer2.0.conv2,13,27602818,False,57732279,346388412,166622509,1271410,59426136,119092080,30006588
3,layer2.0.conv2,13,27544964,False,57734355,346400832,166651328,1298799,59404173,119070834,29961390
4,layer2.0.conv2,13,27608207,False,57782935,346692840,166659927,1362342,59355315,119340366,30024570
5,layer2.0.conv2,13,27568919,False,57784760,346703874,166666350,1407184,59515026,119143344,29868630
6,layer2.0.conv2,13,27571422,False,57722070,346327590,166662688,1308258,59248577,119132874,29890320
0,layer2.0.bn2,857,29456055,False,61736292,370411422,196557437,7663712,44966602,121284888,13759152
1,layer2.0.bn2,857,29488280,False,61779961,370674984,196543204,7578871,45448389,121157424,13766100
2,layer2.0.bn2,857,29463859,False,61750991,370501260,196559893,7512291,44639068,121842426,13976028
3,layer2.0.bn2,857,29424820,False,61668672,370007298,196540187,7471168,45110464,120937554,13669656
4,layer2.0.bn2,857,29429404,False,61678249,370064820,196549869,7311760,44837913,121414212,13894464
5,layer2.0.bn2,857,29460402,False,61742522,370450458,196546182,7441199,45518665,120991596,13856868
6,layer2.0.bn2,857,29505049,False,61836720,371015616,196572812,7437363,44485851,122569674,14271150
0,layer2.0.relu2,1825,29507416,False,61842565,371050692,155865038,5174187,66747136,143345514,33920658
1,layer2.0.relu2,1825,29492499,False,61751950,370506930,155836778,5054141,66962589,142729890,33316602
2,layer2.0.relu2,1825,29543466,False,61916860,371496402,155902241,5224600,66662386,143788344,34171686
3,layer2.0.relu2,1825,29526985,False,61881706,371285484,155828783,4875228,66247065,144407784,33779532
4,layer2.0.relu2,1825,29562166,False,61956073,371731464,155874709,5215024,66465303,144257724,33948612
5,layer2.0.relu2,1825,29467674,False,61713150,370274202,155863796,4929874,66781398,142773534,33721002
6,layer2.0.relu2,1825,29570251,False,61972091,371827830,155886190,5376826,66272336,144370248,33834132
0,layer2.0.conv3,35,29224975,False,61260246,367555860,184146726,399157,5842817,177167580,13933836
1,layer2.0.conv3,35,29212213,False,61225294,367347054,184113948,390547,5918165,176925576,13709310
2,layer2.0.conv3,35,29260235,False,61277806,367662060,184130662,393825,5802674,177335580,13981776
3,layer2.0.conv3,35,29216283,False,61232722,367391436,184101765,363974,5781470,177144090,13834356
4,layer2.0.conv3,35,29220047,False,61241120,367441986,184108987,380283,5794674,177158448,13883592
5,layer2.0.conv3,35,29228582,False,61258513,367546314,184111211,383984,5691422,177360216,14073486
6,layer2.0.conv3,35,29232532,False,61245192,367466454,184109317,369372,5800346,177187698,13913244
0,layer2.0.bn3,175,29528503,False,61889508,371331486,122744128,4381491,15985600,228266844,124255566
1,layer2.0.bn3,175,29513264,False,61857811,371142078,122713081,4359628,16048128,228066606,123979716
2,layer2.0.bn3,175,29544595,False,61922432,371529840,122732725,4407480,16185210,228251616,124163952
3,layer2.0.bn3,175,29499845,False,61828651,370966950,122730365,4336499,15694685,228249258,124042440
4,layer2.0.bn3,175,29484596,False,61795989,370771122,122723090,4307741,15750247,228035412,123951864
5,layer2.0.bn3,175,29480207,False,61786515,370714110,122723551,4321265,15619577,228093726,123737502
6,layer2.0.bn3,175,29503738,False,61835456,371008002,122741494,4317670,15659180,228332916,124145526
0,layer2.0.downsample.0,13,29730285,False,62314811,373881870,145606204,1486712,9488734,217334376,86959056
1,layer2.0.downsample.0,13,29703278,False,62257316,373539054,145623998,1313800,9305532,217323726,86933742
2,layer2.0.downsample.0,13,29719569,False,62291864,373746432,145635146,1346779,9331019,217463040,87042396
3,layer2.0.downsample.0,13,29747708,False,62278861,373668324,145644172,1383467,9429932,217240806,86876676
4,layer2.0.downsample.0,13,29712910,False,62277533,373660344,145639793,1282162,9244483,217519980,87056724
5,layer2.0.downsample.0,13,29756095,False,62234109,373399902,145617400,1245824,9078651,217483734,87068340
6,layer2.0.downsample.0,13,29736014,False,62249427,373491804,145620098,1268970,9179949,217448766,87051300
0,layer2.0.downsample.1,176,29688354,False,62227931,373360902,123529682,3843037,15829457,230196108,126587928
1,layer2.0.downsample.1,176,29686240,False,62219908,373314654,123485153,3806476,15522426,230534946,126438720
2,layer2.0.downsample.1,176,29713918,False,62276553,373654608,123481157,3811886,15776603,230620164,126761472
3,layer2.0.downsample.1,176,29687297,False,62219948,373314924,123500342,3745328,15675197,230425134,126723696
4,layer2.0.downsample.1,176,29691106,False,62227671,373361322,123518573,3747687,15574941,230552442,126792972
5,layer2.0.downsample.1,176,29643920,False,62130021,372775266,123487982,3689225,15346199,230282490,126605664
6,layer2.0.downsample.1,176,29708995,False,62201879,373206546,123503906,3719376,15646908,230368056,126800910
0,layer2.0.add,193,29664187,False,62174800,373043640,54295449,600876,8008860,310140090,177985338
1,layer2.0.add,193,29620602,False,62080520,372478356,54231521,517841,7486134,310241586,178171146
2,layer2.0.add,193,29622747,False,62085237,372506640,54238260,514765,7401609,310350576,178183050
3,layer2.0.add,193,29637177,False,62114952,372684960,54274310,520502,7546080,310341840,178192932
4,layer2.0.add,193,29595150,False,62026412,372153672,54228169,502818,7420662,309999642,177908496
5,layer2.0.add,193,29604220,False,62045653,372268854,54232060,485987,7387213,310161798,178034442
6,layer2.0.add,193,29599409,False,62035552,372208638,54234806,496993,7435740,310039788,177971628
0,layer2.0.relu3,525,29621958,False,62006343,372032778,133918912,1523565,54072994,182538786,48250290
1,layer2.0.relu3,525,29523224,False,61876400,371253696,133867370,1355169,53894203,182155692,48083232
2,layer2.0.relu3,525,29604431,False,61999702,371993478,133891887,1467676,53806173,182847750,49068114
3,layer2.0.relu3,525,29548726,False,61928972,371569014,133893284,1360736,53854230,182477100,48478410
4,layer2.0.relu3,525,29577243,False,61988924,371928780,133887754,1484738,53813532,182762568,48457764
5,layer2.0.relu3,525,29556321,False,61922655,371531268,133897797,1307179,53727510,182615700,48464448
6,layer2.0.relu3,525,29569246,False,61970889,371820618,133886164,1409937,53672418,182870124,48940362
0,layer2.1.conv1,37,29733783,False,62319810,373913160,210222995,721388,4698057,158278080,2843196
1,layer2.1.conv1,37,29718154,False,62285348,373707378,210171421,711337,4761216,158068968,2690922
2,layer2.1.conv1,37,29712038,False,62271707,373625532,210177508,625601,4626786,158199798,2795376
3,layer2.1.conv1,37,29711685,False,62271186,373622394,210176532,666145,4722860,158062482,2689422
4,layer2.1.conv1,37,29732184,False,62272043,373627530,210168099,640459,4690476,158133798,2725932
5,layer2.1.conv1,37,29717105,False,62282699,373691484,210165543,648707,4689215,158191902,2792538
6,layer2.1.conv1,37,29741889,False,62291585,373744686,210177862,659645,4816048,158096166,2726982
0,layer2.1.bn1,859,29620001,False,62078450,372465354,197062615,7647586,46548379,121271478,13734828
1,layer2.1.bn1,859,29597859,False,62031862,372186228,197049453,7514111,45963327,121722720,13896960
2,layer2.1.bn1,859,29648226,False,62136710,372815472,197067497,7758157,46211518,121838478,13938504
3,layer2.1.bn1,859,29591501,False,62017833,372102264,197041199,7443898,45941743,121732266,13931850
4,layer2.1.bn1,859,29674858,False,62192345,373149372,197070577,7726025,46671610,121748832,13954746
5,layer2.1.bn1,859,29602308,False,62040291,372237012,197154984,7445776,46064906,121623594,13762014
6,layer2.1.bn1,859,29736080,False,62320280,373916946,197289961,7630800,46227193,122824656,14224674
0,layer2.1.relu1,1826,29430505,False,61681530,370083690,155930851,5299652,68728506,140215656,33022476
1,layer2.1.relu1,1826,29628257,False,62094625,372562902,156358862,5848432,68749378,141704646,32296410
2,layer2.1.relu1,1826,29501370,False,61828048,370963572,156093619,5521536,67748767,141680826,33736602
3,layer2.1.relu1,1826,29474649,False,61715312,370287072,155955862,5110408,67530248,141769644,33407340
4,layer2.1.relu1,1826,29401557,False,61619769,369713868,155933189,4956941,67159313,141741240,33310428
5,layer2.1.relu1,1826,29407701,False,61564993,369385296,155951884,4934275,67379396,141196818,33159060
6,layer2.1.relu1,1826,29456910,False,61735365,370407426,155937522,5337615,66842803,142362444,33807486
0,layer2.1.conv2,15,28434886,False,59608296,357643356,199172711,1645221,76681887,80183028,10289346
1,layer2.1.conv2,15,28462709,False,59573974,357438558,199164792,1594601,76519330,80195814,10214298
2,layer2.1.conv2,15,28446631,False,59541704,357245280,199173967,1512577,76395333,80167008,10262514
3,layer2.1.conv2,15,28415311,False,59497669,356981112,199155296,1514069,76354467,79989384,10120830
4,layer2.1.conv2,15,28443714,False,59507772,357041952,199146125,1455839,76276793,80192616,10202112
5,layer2.1.conv2,15,28389171,False,59502750,357011832,199156939,1456310,76186995,80241720,10241490
6,layer2.1.conv2,15,28387767,False,59499192,356990424,199146607,1444820,76160123,80268198,10237206
0,layer2.1.bn2,860,29577418,False,61990893,371939244,197205064,7511556,45730782,121553388,13922874
1,layer2.1.bn2,860,29681653,False,62164020,372978774,197239027,7571782,46281650,121950510,14069376
2,layer2.1.bn2,860,29555464,False,61942184,371648304,197209617,7465608,46372199,120654804,13655682
3,layer2.1.bn2,860,29525631,False,61879720,371273592,197222277,7584183,46131318,120391980,13480200
4,layer2.1.bn2,860,29544255,False,61918721,371507538,197220407,7591918,46312070,120439938,13468560
5,layer2.1.bn2,860,29568341,False,61969745,371813784,197241493,7548072,46631069,120451896,13547748
6,layer2.1.bn2,860,29595475,False,62025983,372151188,197245883,7627618,46154743,121181412,13858830
0,layer2.1.relu2,1832,29624047,False,62087524,372519972,156448330,5834683,67085312,143244126,33466146
1,layer2.1.relu2,1832,29546292,False,61922752,371531424,156428837,5527024,67015156,142648008,33292908
2,layer2.1.relu2,1832,29626448,False,62090537,372538416,156440688,5715250,67239463,143233518,33360642
3,layer2.1.relu2,1832,29564825,False,61960816,371760114,156428901,5579329,67368256,142471380,32822034
4,layer2.1.relu2,1832,29597043,False,62028645,372167142,156449049,5612587,67182649,143009472,33459486
5,layer2.1.relu2,1832,29583394,False,61999853,371994402,156444579,5608610,67308144,142718862,33269208
6,layer2.1.relu2,1832,29561808,False,61955262,371726886,156445907,5568296,66770233,143030112,33443754
0,layer2.1.conv3,35,29236894,False,61279809,367672980,184159644,452033,6085079,176980530,13860966
1,layer2.1.conv3,35,29230768,False,61264196,367580400,184116375,381087,6063055,177021006,13917120
2,layer2.1.conv3,35,29209571,False,61219859,367314342,184100770,366666,5881454,176966034,13882230
3,layer2.1.conv3,35,29240595,False,61283483,367696152,184132934,456112,5855281,177258078,14130450
4,layer2.1.conv3,35,29221124,False,61242386,367449564,184102347,435379,5751443,177166428,14037108
5,layer2.1.conv3,35,29218289,False,61237358,367419414,184101041,434422,5700498,177190596,14006874
6,layer2.1.conv3,35,29209917,False,61219617,367312974,184100066,425328,5807236,176986134,13821444
0,layer2.1.bn3,176,29697915,False,62246513,373473354,123437921,4392445,16194642,229498236,125093850
1,layer2.1.bn3,176,29690432,False,62167015,372997302,123411767,4324300,16428157,228882768,124764936
2,layer2.1.bn3,176,29641870,False,62126371,372753384,123411890,4283687,16344353,228761412,124896036
3,layer2.1.bn3,176,29657997,False,62158913,372948738,123435321,4325045,16492058,228743214,124726770
4,layer2.1.bn3,176,29643693,False,62129283,372770910,123419619,4257535,16202622,228937242,124848354
5,layer2.1.bn3,176,29628248,False,62096091,372571812,123397396,4279325,16378952,228562290,124653948
6,layer2.1.bn3,176,29621977,False,62082966,372493068,123413530,4236268,16258739,228630012,124711014
0,layer2.1.add,193,29707378,False,62265550,373587498,54272247,607841,7554956,311153880,178968642
1,layer2.1.add,193,29674688,False,62193156,373154184,54226005,517141,7142215,311266308,179038770
2,layer2.1.add,193,29682413,False,62209488,373252236,54238860,485397,7157552,311368698,179139588
3,layer2.1.add,193,29677763,False,62199907,373194708,54248892,493395,7312369,311138586,178951350
4,layer2.1.add,193,29682632,False,62209262,373250850,54248565,503369,7208864,311288172,179056086
5,layer2.1.add,193,29684625,False,62214681,373283328,54238453,547661,7391332,311105190,178922682
6,layer2.1.add,193,29686667,False,62218371,373305414,54250030,562458,7458573,311032470,178911702
0,layer2.1.relu3,520,29690098,False,62173252,373033590,132641877,1315263,54080897,185017080,51769890
1,layer2.1.relu3,520,29645675,False,62134050,372799248,132629991,1250804,53779876,185154270,51364938
2,layer2.1.relu3,520,29631636,False,62102131,372608070,132617853,1282905,53565358,185158194,51477846
3,layer2.1.relu3,520,29642834,False,62125158,372746238,132617751,1252632,53581919,185311002,51554016
4,layer2.1.relu3,520,29661603,False,62165033,372985446,132622597,1289154,53518264,185572206,51597222
5,layer2.1.relu3,520,29623034,False,62084063,372499674,132617399,1249610,53531928,185115180,51199830
6,layer2.1.relu3,520,29660675,False,62121325,372723246,132637047,1280527,53732107,185089944,51291918
0,layer2.2.conv1,37,29747056,False,62347257,374078226,210214241,781962,4833740,158257182,2805312
1,layer2.2.conv1,37,29755787,False,62321532,373924452,210187642,667726,4763183,158311548,2872734
2,layer2.2.conv1,37,29726016,False,62301777,373805904,210171402,707855,4805511,158127834,2736606
3,layer2.2.conv1,37,29728979,False,62306917,373836738,210173636,750465,4819048,158100672,2714562
4,layer2.2.conv1,37,29738582,False,62326912,373956738,210183977,670953,4803510,158302650,2846058
5,layer2.2.conv1,37,29717429,False,62283085,373693728,210177877,646928,4766346,158106330,2712234
6,layer2.2.conv1,37,29716960,False,62281838,373686330,210156778,627018,4740561,158166186,2746128
0,layer2.2.bn1,866,29667993,False,62159134,372949542,198085650,7553464,46366763,120999546,13584618
1,layer2.2.bn1,866,29691205,False,62227088,373357722,198069123,7657283,46781265,120911346,13560906
2,layer2.2.bn1,866,29782854,False,62418934,374508768,198050316,7728394,46716056,122072796,14018130
3,layer2.2.bn1,866,29732565,False,62313882,373878576,198050379,7769867,46408195,121708686,13858002
4,layer2.2.bn1,866,29730725,False,62309578,373852740,198069589,7686317,46422058,121727592,13848246
5,layer2.2.bn1,866,29710342,False,62266312,373592958,198051308,7641609,46415097,121540974,13783518
6,layer2.2.bn1,866,29753940,False,62305996,373831284,198065214,7663592,46344458,121811844,13920018
0,layer2.2.relu1,1831,29538875,False,61908116,371443650,156231322,5862060,69245175,140201862,32844204
1,layer2.2.relu1,1831,29401378,False,61619402,369711624,156195823,5169551,68378189,140051886,32575404
2,layer2.2.relu1,1831,29377718,False,61569568,369412632,156210963,5339920,68559234,139385580,32371896
3,layer2.2.relu1,1831,29310296,False,61427858,368562402,156167380,4859553,67730638,139879872,32637654
4,layer2.2.relu1,1831,29400682,False,61554161,369320250,156242253,5186255,68387300,139588104,32411634
5,layer2.2.relu1,1831,29319636,False,61446905,368676690,156170669,4999609,68033284,139549836,32316750
6,layer2.2.relu1,1831,29370525,False,61513481,369076116,156210351,5180097,68204762,139562856,32509176
0,layer2.2.conv2,15,28440897,False,59612963,357672192,199173860,1506387,76662258,80361252,10417938
1,layer2.2.conv2,15,28385975,False,59497006,356977032,199159368,1470445,76321856,80056368,10158300
2,layer2.2.conv2,15,28391112,False,59508142,357043818,199168961,1483258,76345778,80076210,10152378
3,layer2.2.conv2,15,28373676,False,59471769,356825694,199132660,1469214,76255401,79998168,10098102
4,layer2.2.conv2,15,28415863,False,59482497,356890314,199149215,1421583,76261140,80086716,10138236
5,layer2.2.conv2,15,28361529,False,59444183,356660352,199120047,1405277,76093629,80067792,10119192
6,layer2.2.conv2,15,28387222,False,59471708,356825478,199121165,1359587,76210854,80159334,10212180
0,layer2.2.bn2,860,29652485,False,62148500,372885360,197393966,7673533,46740239,121135734,13721142
1,layer2.2.bn2,860,29705672,False,62258923,373548318,197375345,7711182,47076004,121453572,13902930
2,layer2.2.bn2,860,29700652,False,62253214,373514316,197399147,7689054,47584223,120881280,13768986
3,layer2.2.bn2,860,29737897,False,62324824,373944132,197391420,7840363,47875890,120901590,13798668
4,layer2.2.bn2,860,29700484,False,62246497,373474242,197383787,7726073,47790587,120634890,13610028
5,layer2.2.bn2,860,29637162,False,62113357,372675462,197388724,7560979,47325146,120464700,13600200
6,layer2.2.bn2,860,29667977,False,62178514,373066416,197383751,7722819,47893355,120128490,13569744
0,layer2.2.relu2,1823,29344675,False,61501983,369006936,155580463,5569902,69348979,138596160,31521996
1,layer2.2.relu2,1823,29381478,False,61577763,369461184,155545516,5554168,69673591,138777492,32102886
2,layer2.2.relu2,1823,29388625,False,61592114,369547992,155548257,5657012,69224793,139203102,32193432
3,layer2.2.relu2,1823,29379250,False,61572907,369432666,155561759,5727835,69282573,138948402,32090442
4,layer2.2.relu2,1823,29422682,False,61663995,369978732,155538807,5649853,68128431,140742402,32785836
5,layer2.2.relu2,1823,29325005,False,61459337,368751078,155547244,5356076,68316404,139611570,31992258
6,layer2.2.relu2,1823,29276902,False,61357326,368139288,155558685,5112678,68521996,139025664,32198694
0,layer2.2.conv3,35,29233121,False,61270953,367619382,184146997,426846,6090072,176959242,13790604
1,layer2.2.conv3,35,29271869,False,61290813,367739886,184127200,468710,6081378,177068628,13910376
2,layer2.2.conv3,35,29243302,False,61290344,367737156,184150780,455724,5906203,177229248,13990860
3,layer2.2.conv3,35,29238249,False,61279664,367673256,184131589,444878,5924790,177176904,13977570
4,layer2.2.conv3,35,29276941,False,61298306,367785000,184149716,442747,6048995,177148518,14003004
5,layer2.2.conv3,35,29220677,False,61242246,367448622,184122339,385423,6067945,176873340,13720992
6,layer2.2.conv3,35,29230937,False,61263914,367578798,184149341,373699,5984713,177071184,13896678
0,layer2.2.bn3,176,29675937,False,62200313,373195722,123558259,4407912,16769857,228508494,124625898
1,layer2.2.bn3,176,29681875,False,62210402,373257582,123539598,4352229,16415650,228996276,124631598
2,layer2.2.bn3,176,29639773,False,62121633,372724980,123538086,4287381,16252762,228691758,124819596
3,layer2.2.bn3,176,29655629,False,62155123,372925914,123564521,4328650,16450376,228630516,124476780
4,layer2.2.bn3,176,29644303,False,62130690,372779442,123552692,4295075,16280736,228697332,124675542
5,layer2.2.bn3,176,29680826,False,62128899,372768576,123548138,4285566,16261271,228716598,124652682
6,layer2.2.bn3,176,29655283,False,62153700,372917478,123559763,4316220,16365618,228721938,124871226
0,layer2.2.add,192,29552051,False,61939507,371632158,53989519,528619,7363427,309750822,178153242
1,layer2.2.add,192,29570472,False,61976321,371853210,53988253,510341,7484787,309869646,178275348
2,layer2.2.add,192,29583492,False,61951835,371706258,53994871,486938,7423187,309800388,178221462
3,layer2.2.add,192,29534172,False,61899098,371389902,53967478,463637,7280177,309676350,178238286
4,layer2.2.add,192,29555624,False,61944466,371661996,53980885,492315,7405617,309780336,178203690
5,layer2.2.add,192,29532671,False,61895708,371369556,53979213,450026,7269189,309669114,178171980
6,layer2.2.add,192,29549537,False,61930615,371578932,53978636,453244,7292651,309851802,178272090
0,layer2.2.relu3,518,29559483,False,61953383,371715120,132146334,1418040,53556947,184613064,51210558
1,layer2.2.relu3,518,29541660,False,61914533,371482404,132125801,1394959,53308944,184673064,51200820
2,layer2.2.relu3,518,29546164,False,61924463,371542086,132120677,1457728,53426978,184556028,51379554
3,layer2.2.relu3,518,29547507,False,61925565,371548680,132103521,1379868,53334877,184748160,51550122
4,layer2.2.relu3,518,29569398,False,61904238,371420718,132130395,1343915,53435716,184526394,50992812
5,layer2.2.relu3,518,29525531,False,61879691,371273352,132118948,1374032,53287307,184510236,51110382
6,layer2.2.relu3,518,29538591,False,61907300,371439126,132128180,1341442,53224182,184760160,51261564
0,layer2.3.conv1,37,29731414,False,62313912,373877574,210216783,677099,4812383,158176728,2789604
1,layer2.3.conv1,37,29746242,False,62343467,374056050,210207276,673161,4724271,158456826,2967624
2,layer2.3.conv1,37,29736336,False,62322588,373930800,210193568,657570,4754958,158329980,2871228
3,layer2.3.conv1,37,29740658,False,62331405,373983702,210198396,644905,4605747,158538090,3011874
4,layer2.3.conv1,37,29713523,False,62274556,373642668,210183640,633862,4577980,158251344,2802768
5,layer2.3.conv1,37,29732076,False,62313096,373873902,210188196,650259,4559927,158479134,2953620
6,layer2.3.conv1,37,29720591,False,62288533,373726446,210166110,637130,4498038,158428176,2908332
0,layer2.3.bn1,854,29555573,False,61943390,371655066,196123244,7628738,45883396,122080098,14177004
1,layer2.3.bn1,854,29432250,False,61685146,370106028,196104838,7504205,44707001,121843548,14054616
2,layer2.3.bn1,854,29570631,False,61872684,371231388,196160475,7785373,45902686,121446234,14032992
3,layer2.3.bn1,854,29457628,False,61738104,370423524,196131190,7666798,45839300,120849108,13755336
4,layer2.3.bn1,854,29460073,False,61703664,370217268,196130590,7774594,45598705,120768024,13656720
5,layer2.3.bn1,854,29472853,False,61773954,370638924,196139171,7632966,46414606,120511212,13673310
6,layer2.3.bn1,854,29493664,False,61812336,370869240,196125204,7739250,46821406,120245184,13519128
0,layer2.3.relu1,1826,29444196,False,61696965,370176588,155823951,5610180,69114022,139719960,32564514
1,layer2.3.relu1,1826,29347662,False,61505993,369031200,155797162,5366638,68805704,139152894,32262924
2,layer2.3.relu1,1826,29388054,False,61590826,369540294,155835828,5525677,68551742,139719474,32333676
3,layer2.3.relu1,1826,29332843,False,61474638,368843052,155801843,5297131,68694294,139139064,32064006
4,layer2.3.relu1,1826,29336087,False,61481837,368886228,155795384,5451306,68542683,139184664,31915596
5,layer2.3.relu1,1826,29301867,False,61409712,368453490,155809553,5500200,67948715,139290936,31961094
6,layer2.3.relu1,1826,29326028,False,61460770,368759862,155793237,5561396,67911250,139589538,32086476
0,layer2.3.conv2,15,28458977,False,59651897,357905790,199179514,1709650,76779632,80275530,10392138
1,layer2.3.conv2,15,28440081,False,59581615,357484680,199170441,1657676,76626522,80065038,10180278
2,layer2.3.conv2,15,28413785,False,59555055,357325134,199192674,1549483,76351226,80263506,10267842
3,layer2.3.conv2,15,28400486,False,59526338,357153216,199154495,1508972,76243202,80277156,10313592
4,layer2.3.conv2,15,28396926,False,59519501,357112302,199157966,1540635,76292789,80151912,10245528
5,layer2.3.conv2,15,28397052,False,59519560,357112650,199160129,1531605,76302485,80149506,10228890
6,layer2.3.conv2,15,28369194,False,59460160,356756172,199138764,1467862,76183917,79994022,10114392
0,layer2.3.bn2,854,29522162,False,61876385,371252502,196344324,7550460,46353033,121067130,13977534
1,layer2.3.bn2,854,29547503,False,61927784,371561628,196348261,7619801,45824948,121834722,14149866
2,layer2.3.bn2,854,29529175,False,61886857,371316450,196352583,7634212,45705166,121687980,14164566
3,layer2.3.bn2,854,29497757,False,61821285,370922928,196350734,7594043,45072162,121959618,14221770
4,layer2.3.bn2,854,29465650,False,61754693,370523376,196345785,7450506,45076406,121706820,14117940
5,layer2.3.bn2,854,29442063,False,61704871,370224486,196343077,7526395,44993101,121415244,14022480
6,layer2.3.bn2,854,29512847,False,61853348,371115312,196374681,7553788,44994733,122244234,14380284
0,layer2.3.relu2,1823,29568511,False,61970704,371819472,155661400,6145271,69149017,140965806,32743548
1,layer2.3.relu2,1823,29512379,False,61851101,371101878,155604695,5823498,69282366,140486028,32054628
2,layer2.3.relu2,1823,29433082,False,61685533,370108488,155652967,5532378,67945613,141066162,32644764
3,layer2.3.relu2,1823,29285433,False,61382031,368287470,155616656,4914602,66743403,141077310,33047256
4,layer2.3.relu2,1823,29349792,False,61510830,369060318,155625490,5078760,66754500,141681108,32974998
5,layer2.3.relu2,1823,29301837,False,61410040,368455578,155605644,5016616,67366745,140543214,32611722
6,layer2.3.relu2,1823,29304307,False,61415420,368487606,155649820,5009593,67168219,140737818,32719800
0,layer2.3.conv3,35,29278712,False,61301445,367803456,184153081,456992,6103152,177093876,13920114
1,layer2.3.conv3,35,29229647,False,61261703,367565394,184119866,438788,5934699,177074256,13918380
2,layer2.3.conv3,35,29229563,False,61261631,367564992,184129807,410654,5756754,177270252,14080278
3,layer2.3.conv3,35,29217881,False,61236877,367416510,184115796,416520,5813275,177073644,13975074
4,layer2.3.conv3,35,29208611,False,61216973,367297176,184112508,384220,5765518,177036594,13942026
5,layer2.3.conv3,35,29228982,False,61259588,367552812,184129728,425284,5852757,177147408,13936152
6,layer2.3.conv3,35,29210214,False,61220444,367317930,184102871,396641,5836052,176984262,13855116
0,layer2.3.bn3,176,29666659,False,62187536,373120356,123587629,4372389,16127425,229080384,124301328
1,layer2.3.bn3,176,29650685,False,62145913,372870720,123534880,4353004,16203598,228825330,124131510
2,layer2.3.bn3,176,29669001,False,62184184,373100262,123557216,4320447,16176658,229090512,124575732
3,layer2.3.bn3,176,29645549,False,62132651,372791136,123541100,4233272,16084051,228976416,124559802
4,layer2.3.bn3,176,29663749,False,62170487,373018152,123555564,4261636,15886089,229357350,124596846
5,layer2.3.bn3,176,29662204,False,62114685,372683352,123563648,4215682,16052415,228894060,124468434
6,layer2.3.bn3,176,29701019,False,62249140,373490076,123568275,4336091,16071490,229559550,124931808
0,layer2.3.add,192,29591248,False,61998020,371983374,54014640,680744,7774089,309516162,177975762
1,layer2.3.add,192,29583632,False,62003904,372018714,54028689,711966,7471623,309809064,178086918
2,layer2.3.add,192,29566317,False,61968228,371804598,53997050,636752,7337528,309834234,178182954
3,layer2.3.add,192,29533125,False,61896981,371376996,53973702,593773,7214407,309594642,178006950
4,layer2.3.add,192,29560107,False,61952524,371710386,54001642,559736,7308847,309839976,178248756
5,layer2.3.add,192,29531579,False,61892977,371352990,53967309,585310,7275505,309524724,177969276
6,layer2.3.add,192,29591282,False,61973428,371835666,53992139,614047,7278248,309951426,178328706
0,layer2.3.relu3,519,29719569,False,62292338,373748442,132422009,1576265,53703809,186068262,51431748
1,layer2.3.relu3,519,29749927,False,62354697,374123508,132416138,1569526,54253677,185905908,51459162
2,layer2.3.relu3,519,29718677,False,62287144,373718124,132410138,1564041,53971910,185794314,51498846
3,layer2.3.relu3,519,29698016,False,62241634,373444944,132393184,1533123,53688489,185850930,51420570
4,layer2.3.relu3,519,29692801,False,62230006,373375242,132417896,1561842,53732637,185682906,51271314
5,layer2.3.relu3,519,29721289,False,62290059,373735644,132414081,1503595,54129967,185708946,51515172
6,layer2.3.relu3,519,29758890,False,62345868,374070474,132429863,1560434,53994512,186107418,51434160
0,layer3.0.conv1,17,29026629,False,60839198,365029980,176491089,251004,4024805,184258716,24228582
1,layer3.0.conv1,17,29045716,False,60876146,365252010,176495804,226594,3998535,184525806,24507480
2,layer3.0.conv1,17,29020073,False,60822205,364928532,176478578,221387,3904202,184318704,24357942
3,layer3.0.conv1,17,28991198,False,60761787,364565958,176460390,205740,3882895,184010982,24151002
4,layer3.0.conv1,17,29002722,False,60785325,364707216,176469772,203680,3873777,184154046,24243078
5,layer3.0.conv1,17,29094171,False,60908311,365444994,176485000,213660,3986524,184712742,24624624
6,layer3.0.conv1,17,29021885,False,60825603,364948962,176461889,199589,3947612,184333986,24385380
0,layer3.0.bn1,465,29608525,False,62056920,372335400,180010587,6954525,34795398,150639000,21587700
1,layer3.0.bn1,465,29515689,False,61860120,371155938,179940960,6800149,34250136,150225690,21305070
2,layer3.0.bn1,465,29546356,False,61883883,371298558,179964489,6997304,34081054,150319602,21195090
3,layer3.0.bn1,465,29501288,False,61829536,370971894,179966895,6835894,33822608,150409080,21315330
4,layer3.0.bn1,465,29530762,False,61891878,371346480,179951319,6871488,33910346,150674124,21448968
5,layer3.0.bn1,465,29500693,False,61828396,370965528,179959885,6790884,33824495,150452358,21415062
6,layer3.0.bn1,465,29488511,False,61756215,370532490,179957733,6842082,33861700,149932110,21092208
0,layer3.0.relu1,1058,29631035,False,62101253,372602082,150163931,3128273,58848468,160505292,35500092
1,layer3.0.relu1,1058,29611146,False,62058964,372349002,150174728,3027098,58507232,160679208,35329026
2,layer3.0.relu1,1058,29619484,False,62075318,372447156,150181935,3041986,58556407,160706964,35206086
3,layer3.0.relu1,1058,29630154,False,62097848,372582384,150174744,3058241,58684663,160708992,35881134
4,layer3.0.relu1,1058,29604163,False,62022387,372129576,150181063,3039980,58565553,160383186,35257920
5,layer3.0.relu1,1058,29612162,False,62060418,372357804,150184092,2992063,58885226,160336806,35436384
6,layer3.0.relu1,1058,29617940,False,62072257,372428790,150183920,3020310,58669882,160596486,35705358
0,layer3.0.conv2,13,28343624,False,59412062,356466450,190934911,1564485,71684756,92315196,25095744
1,layer3.0.conv2,13,28286013,False,59288144,355723728,190937764,1496782,71425238,91891326,24754860
2,layer3.0.conv2,13,28285667,False,59287185,355718082,190935952,1482760,71325019,92001456,24776532
3,layer3.0.conv2,13,28267622,False,59249130,355489896,190897347,1490949,71364659,91764354,24640710
4,layer3.0.conv2,13,28256109,False,59223709,355337538,190896665,1419612,71177762,91869078,24622362
5,layer3.0.conv2,13,28276815,False,59267138,355598088,190898155,1422534,71314925,91987752,24736764
6,layer3.0.conv2,13,28267906,False,59248658,355487184,190899723,1427974,71466992,91718364,24594900
0,layer3.0.bn2,1121,29464180,False,61756789,370534134,183370532,8702784,58380867,120163782,19359636
1,layer3.0.bn2,1121,29415849,False,61653698,369917388,183368606,8657078,58259503,119713920,19130640
2,layer3.0.bn2,1121,29412935,False,61654254,369920790,183397129,8691887,58283076,119600814,19096686
3,layer3.0.bn2,1121,29384008,False,61585693,369508650,183384253,8689465,57234172,120275694,19374390
4,layer3.0.bn2,1121,29439845,False,61702409,370209594,183382603,8872679,57948564,120092760,19414146
5,layer3.0.bn2,1121,29386702,False,61591203,369542532,183373814,8510027,57785131,119951478,19242474
6,layer3.0.bn2,1121,29489898,False,61807429,370839906,183416131,8849611,58144836,120511716,19513908
0,layer3.0.relu2,2866,29330108,False,61470992,368820738,163625088,8327633,77969438,119021502,30679062
1,layer3.0.relu2,2866,29086361,False,60959701,365753502,163625744,7779060,77240335,117222996,29916174
2,layer3.0.relu2,2866,29165361,False,61124713,366743562,163628736,7980281,77287377,117958380,30287286
3,layer3.0.relu2,2866,29208487,False,61155029,366925422,163660230,8014531,76412373,118947744,30337704
4,layer3.0.relu2,2866,29171973,False,61138342,366825096,163625995,8013874,76784116,118509882,30051306
5,layer3.0.relu2,2866,29126942,False,61044487,366262200,163647058,7993913,76559659,118173396,29989188
6,layer3.0.relu2,2866,29256809,False,61315985,367891236,163645623,8229491,75964226,120161760,30496332
0,layer3.0.conv3,32,29791331,False,62440185,374634900,188271649,322091,5531313,180508308,18449802
1,layer3.0.conv3,32,29821935,False,62502349,375009384,188296252,318836,5533385,180858090,18686070
2,layer3.0.conv3,32,29801975,False,62460468,374758056,188241628,299190,5364905,180848958,18703314
3,layer3.0.conv3,32,29795793,False,62447280,374679018,188243708,326462,5464812,180641106,18560376
4,layer3.0.conv3,32,29769194,False,62391082,374341698,188258334,300484,5317055,180461448,18422112
5,layer3.0.conv3,32,29828517,False,62463670,374777244,188258301,331441,5431568,180753924,18562914
6,layer3.0.conv3,32,29777502,False,62409545,374452560,188235857,302514,5311610,180599070,18482604
0,layer3.0.bn3,424,29551508,False,61938711,371626122,184779527,6572225,33056446,147291072,17202372
1,layer3.0.bn3,424,29554149,False,61941196,371642376,184756071,6432988,32462044,148062432,17475828
2,layer3.0.bn3,424,29577314,False,61932030,371587434,184774673,6512268,32787906,147583098,17292072
3,layer3.0.bn3,424,29534034,False,61898111,371383860,184769695,6429008,32379228,147874158,17314038
4,layer3.0.bn3,424,29549837,False,61931682,371585286,184801332,6535368,31908485,148409730,17390340
5,layer3.0.bn3,424,29552499,False,61937347,371619270,184789542,6504570,32341787,148052202,17376564
6,layer3.0.bn3,424,29539075,False,61909372,371451474,184768361,6478187,32402342,147870246,17411478
0,layer3.0.downsample.0,13,28351092,False,59424296,356539374,142551937,1343053,9409471,203264160,69730008
1,layer3.0.downsample.0,13,28348342,False,59419095,356509380,142547493,1249395,9224058,203514228,69929484
2,layer3.0.downsample.0,13,28320981,False,59361569,356163894,142536095,1145483,8988264,203515044,69954318
3,layer3.0.downsample.0,13,28329109,False,59378486,356266188,142542479,1187305,9025778,203533572,69955338
4,layer3.0.downsample.0,13,28380080,False,59407275,356438964,142574376,1160801,9189873,203535288,70003446
5,layer3.0.downsample.0,13,28289233,False,59294345,355761378,142475526,1067385,8936432,203300136,69812886
6,layer3.0.downsample.0,13,28276815,False,59267056,355597608,142479132,1010557,8738570,203385882,69871740
0,layer3.0.downsample.1,423,29426723,False,61678094,370061922,184490461,6484607,32648263,146512596,16816056
1,layer3.0.downsample.1,423,29338957,False,61490823,368940144,184483958,6276277,32312130,145931412,16523604
2,layer3.0.downsample.1,423,29338718,False,61489619,368932716,184483008,6308573,32913352,145292250,16383672
3,layer3.0.downsample.1,423,29308654,False,61425741,368549676,184474995,6340369,32276991,145522806,16310376
4,layer3.0.downsample.1,423,29339635,False,61490458,368938002,184499918,6222713,32189801,146085858,16661424
5,layer3.0.downsample.1,423,29303792,False,61415919,368490738,184484160,6190868,32497087,145377612,16328976
6,layer3.0.downsample.1,423,29332873,False,61476805,368856036,184498072,6320267,32250877,145849242,16446762
0,layer3.0.add,752,29414873,False,61650013,369893802,116310642,1728913,23311009,228570384,62967024
1,layer3.0.add,752,29468850,False,61696828,370176198,116318051,1649740,23174183,229056726,63135642
2,layer3.0.add,752,29396833,False,61610341,369657324,116317851,1650385,23040690,228667734,63006684
3,layer3.0.add,752,29436730,False,61645827,369870288,116332655,1705733,22693916,229156296,63169722
4,layer3.0.add,752,29381512,False,61578316,369465120,116292786,1688682,22768875,228733086,63012594
5,layer3.0.add,752,29390965,False,61556477,369334140,116324142,1631201,22557510,228841458,62963910
6,layer3.0.add,752,29362977,False,61539350,369231324,116306993,1594793,22774762,228574530,62868510
0,layer3.0.relu3,1062,29656175,False,62154805,372922974,150672314,2899958,59958992,159436818,36134766
1,layer3.0.relu3,1062,29598568,False,62031987,372187242,150667743,2826492,59841549,158894580,35671980
2,layer3.0.relu3,1062,29682233,False,62207239,373238688,150698045,3025945,59835776,159722706,35702922
3,layer3.0.relu3,1062,29633093,False,62103703,372617514,150669493,2879518,59845916,159266982,35742666
4,layer3.0.relu3,1062,29615443,False,62066834,372396312,150663506,2901893,59849995,159023274,35260968
5,layer3.0.relu3,1062,29610436,False,62056784,372335910,150682240,2863403,59943634,158889198,35477196
6,layer3.0.relu3,1062,29665176,False,62149804,372893958,150679126,2963682,59756653,159539958,35909430
0,layer3.1.conv1,30,29546130,False,61925585,371548488,176955688,332079,5481418,188776254,37359834
1,layer3.1.conv1,30,29559779,False,61953004,371713188,176927848,312929,5356109,189112986,37442310
2,layer3.1.conv1,30,29557479,False,61948068,371683638,176927578,298002,5305908,189148398,37437492
3,layer3.1.conv1,30,29534118,False,61899540,371392398,176909106,273418,5268220,188937282,37304334
4,layer3.1.conv1,30,29518141,False,61865534,371188470,176909325,262042,5164461,188848158,37260798
5,layer3.1.conv1,30,29543370,False,61917957,371503038,176902479,263194,5230192,189103380,37423806
6,layer3.1.conv1,30,29525393,False,61880390,371277546,176929690,261986,5311337,188770314,37164456
0,layer3.1.bn1,1115,29391827,False,61604457,369621096,183212628,8614934,58006835,119864274,19137150
1,layer3.1.bn1,1115,29306906,False,61424242,368540610,183187402,8223093,58507328,118701198,18761832
2,layer3.1.bn1,1115,29367368,False,61551003,369301254,183214613,8610645,57863656,119683146,19113744
3,layer3.1.bn1,1115,29233206,False,61269307,367611042,183194806,8207507,58023494,118259052,18562464
4,layer3.1.bn1,1115,29363121,False,61541672,369245304,183206565,8586792,57274405,120258216,19317534
5,layer3.1.bn1,1115,29301592,False,61412623,368471010,183208179,8422995,57976569,118933788,18832218
6,layer3.1.bn1,1115,29443531,False,61709580,370252680,183227946,8641439,58498051,119968728,19206954
0,layer3.1.relu1,2883,29352966,False,61518493,369105504,164569327,7893644,77784466,118979214,30386052
1,layer3.1.relu1,2883,29233537,False,61272831,367632288,164536968,7748478,77811292,117656796,30009990
2,layer3.1.relu1,2883,29284984,False,61375307,368246844,164565349,8003475,77175460,118621770,30263730
3,layer3.1.relu1,2883,29148921,False,61089943,366534972,164524248,7632235,77154497,117332412,29986488
4,layer3.1.relu1,2883,29304145,False,61415086,368485734,164567913,8175703,76783038,119082354,30409104
5,layer3.1.relu1,2883,29158588,False,61109552,366652500,164502653,7579895,76709022,117973908,30056364
6,layer3.1.relu1,2883,29289425,False,61384468,368302122,164576340,8118862,76787877,118937736,30555210
0,layer3.1.conv2,14,28440315,False,59614556,357681864,169862113,1864086,37449511,148547550,19166328
1,layer3.1.conv2,14,28419377,False,59567932,357402144,169887667,1735444,37012074,148804776,19223172
2,layer3.1.conv2,14,28387201,False,59499200,356990172,169859094,1750850,37049723,148367418,18942996
3,layer3.1.conv2,14,28399900,False,59526041,357151476,169874207,1714907,36928043,148669782,19127946
4,layer3.1.conv2,14,28412334,False,59551850,357306438,169889317,1714436,37031936,148705452,19244070
5,layer3.1.conv2,14,28397415,False,59519649,357113148,169874198,1655043,36903407,148714314,19227732
6,layer3.1.conv2,14,28400609,False,59525609,357148908,169869430,1593714,36870474,148847016,19276914
0,layer3.1.bn2,1197,29541532,False,61891620,371343384,194999568,8185196,61277632,106965990,13027644
1,layer3.1.bn2,1197,29475670,False,61776059,370651674,194989816,8034506,60740753,106961688,13075458
2,layer3.1.bn2,1197,29526537,False,61881509,371284296,195001481,8157392,61005074,107204022,13061142
3,layer3.1.bn2,1197,29451929,False,61724689,370343424,194992042,8062621,60793873,106562964,12873732
4,layer3.1.bn2,1197,29646361,False,62133006,372793230,195032789,8320835,60527863,108991002,13953984
5,layer3.1.bn2,1197,29544110,False,61864499,371182314,195007703,8207134,60930892,107107752,13151880
6,layer3.1.bn2,1197,29494721,False,61814849,370884312,195029013,8261824,61161734,106508928,12837420
0,layer3.1.relu2,2876,29241747,False,61286435,367713882,164179721,7774228,76781490,119102724,30579090
1,layer3.1.relu2,2876,29291338,False,61388754,368327664,164161658,7802568,76769516,119721408,30304740
2,layer3.1.relu2,2876,29238145,False,61277694,367660608,164167051,7881740,76980316,118762008,30289662
3,layer3.1.relu2,2876,29296913,False,61400379,368397546,164160002,7801440,76602074,119959830,30633834
4,layer3.1.relu2,2876,29376109,False,61566096,369391662,164156756,8219698,77389399,119750694,30507510
5,layer3.1.relu2,2876,29221045,False,61246835,367476336,164189444,7761501,76564143,119085180,30503862
6,layer3.1.relu2,2876,29265291,False,61332980,367993182,164166068,7820857,77038125,119093148,30516606
0,layer3.1.conv3,32,29889544,False,62595680,375567240,188299557,364387,5485205,181416780,19272186
1,layer3.1.conv3,32,29831285,False,62521480,375123990,188262085,332465,5439122,181088352,19023528
2,layer3.1.conv3,32,29833639,False,62526535,375154542,188258502,317076,5415308,181161072,19072770
3,layer3.1.conv3,32,29835086,False,62529277,375170964,188256610,315636,5400285,181195740,19148712
4,layer3.1.conv3,32,29824295,False,62506599,375034884,188250908,312425,5379510,181089318,18997458
5,layer3.1.conv3,32,29853889,False,62547133,375278052,188265465,309883,5361943,181338162,19269360
6,layer3.1.conv3,32,29840267,False,62494650,374963166,188252291,306105,5375298,181025868,19038162
0,layer3.1.bn3,425,29566847,False,61969490,371811108,185029496,6366379,32867027,147615786,17018202
1,layer3.1.bn3,425,29530354,False,61891888,371346576,185042125,6334181,33230521,146806020,16915800
2,layer3.1.bn3,425,29508905,False,61846309,371073168,185038330,6378960,32482411,147237414,16811934
3,layer3.1.bn3,425,29536959,False,61904293,371420790,185028772,6348921,32184519,147920082,17156436
4,layer3.1.bn3,425,29535687,False,61902184,371408412,185052443,6405246,31655506,148357356,17143122
5,layer3.1.bn3,425,29551642,False,61873202,371234454,185045929,6379361,31717429,148156596,17032440
6,layer3.1.bn3,425,29533279,False,61896600,371374806,185066577,6304635,33033082,147035256,17005872
0,layer3.1.add,746,29280563,False,61367975,368202564,115376378,1792985,22352660,228706440,63282486
1,layer3.1.add,746,29275094,False,61355173,368126268,115371657,1827511,22304734,228642606,63341136
2,layer3.1.add,746,29325833,False,61415928,368490768,115395666,1697950,22335349,229084038,63692712
3,layer3.1.add,746,29325125,False,61459461,368752044,115389897,1852518,22281370,229246128,63721326
4,layer3.1.add,746,29304780,False,61417454,368500032,115368770,1874027,22524046,228753798,63482232
5,layer3.1.add,746,29337024,False,61440765,368639826,115378748,1870635,22818528,228592332,63418068
6,layer3.1.add,746,29321936,False,61453196,368714412,115384415,1910711,22682684,228757062,63398790
0,layer3.1.relu3,1060,29614282,False,62066836,372394716,150395693,3172858,59906743,158963562,35699220
1,layer3.1.relu3,1060,29737742,False,62324435,373941558,150378141,3672939,59472534,160466874,35278110
2,layer3.1.relu3,1060,29615231,False,62025999,372150966,150415749,3145377,59733013,158901912,35067336
3,layer3.1.relu3,1060,29611143,False,62058378,372345456,150400494,3132783,59854505,158999946,35613102
4,layer3.1.relu3,1060,29600132,False,62015027,372085440,150406608,3148639,59368305,159205710,35605284
5,layer3.1.relu3,1060,29571662,False,61975489,371848248,150414333,3063028,59908620,158508786,35149152
6,layer3.1.relu3,1060,29575317,False,61983225,371894664,150414856,3141180,59494004,158885472,35639274
0,layer3.2.conv1,30,29564025,False,61964309,371780292,176946465,295842,5461031,189073680,37487346
1,layer3.2.conv1,30,29569687,False,61973966,371839104,176921677,286437,5474302,189153156,37572222
2,layer3.2.conv1,30,29546455,False,61925154,371546130,176918394,288184,5401185,188933688,37317588
3,layer3.2.conv1,30,29544517,False,61920118,371516022,176899219,291844,5292877,189028080,37426998
4,layer3.2.conv1,30,29554121,False,61940472,371638128,176925550,275972,5306549,189125988,37521144
5,layer3.2.conv1,30,29555788,False,61943997,371659218,176918949,282426,5328279,189125550,37438020
6,layer3.2.conv1,30,29549874,False,61931665,371585220,176920127,300937,5305299,189055476,37408860
0,layer3.2.bn1,1119,29325929,False,61465816,368789136,182379971,9420745,58753212,118337334,18544164
1,layer3.2.bn1,1119,29349395,False,61514859,369084432,182375725,9437207,59431946,117935574,18494226
2,layer3.2.bn1,1119,29344957,False,61503742,369017664,182383050,9435862,59567935,117724908,18523374
3,layer3.2.bn1,1119,29315885,False,61442738,368651736,182359126,9386598,59579319,117425214,18372696
4,layer3.2.bn1,1119,29336111,False,61485313,368907120,182366598,9369830,59601420,117667548,18413910
5,layer3.2.bn1,1119,29417438,False,61662407,369969666,182362438,9532925,58760245,119409816,19038714
6,layer3.2.bn1,1119,29308756,False,61427662,368561274,182391249,9404587,58823860,118041336,18510486
0,layer3.2.relu1,2867,29221869,False,61245545,367468590,163705311,7957782,77110852,118818012,30624000
1,layer3.2.relu1,2867,29025593,False,60831848,364986306,163622844,7317844,75836419,118310994,30353706
2,layer3.2.relu1,2867,29192362,False,61181688,367085388,163672438,8039054,77006628,118491300,30202038
3,layer3.2.relu1,2867,29077733,False,60865935,365190324,163638693,7488880,76857201,117313044,30378306
4,layer3.2.relu1,2867,29397650,False,61611666,369665268,163866500,8524260,77480808,119923104,30697542
5,layer3.2.relu1,2867,29380455,False,61575267,369446718,164336388,9267909,81377331,114609792,28704372
6,layer3.2.relu1,2867,29040910,False,60864385,365181354,163891906,8009593,78605288,114789048,29343456
0,layer3.2.conv2,14,28474454,False,59685787,358108920,169955840,1921954,37599836,148677558,19263030
1,layer3.2.conv2,14,28412972,False,59560970,357359736,169925834,1839676,37035752,148566894,19103418
2,layer3.2.conv2,14,28423192,False,59574911,357444300,169949151,1893749,37213480,148430958,19098996
3,layer3.2.conv2,14,28482868,False,59619809,357713658,169942983,1854162,37232508,148724946,19212582
4,layer3.2.conv2,14,28430174,False,59589833,357534042,169944102,1904859,37281973,148445508,19105230
5,layer3.2.conv2,14,28405244,False,59536896,357216582,169916181,1832551,36961354,148547640,19089048
6,layer3.2.conv2,14,28411929,False,59550285,357296886,169899929,1842201,36902691,148693236,19235700
0,layer3.2.bn2,1193,29523847,False,61878747,371266644,194406911,8555700,62407797,105987228,12662508
1,layer3.2.bn2,1193,29500390,False,61771866,370626438,194419434,8084061,61765120,106430760,12978360
2,layer3.2.bn2,1193,29438501,False,61698047,370183512,194403412,8174250,62046517,105634080,12489258
3,layer3.2.bn2,1193,29382334,False,61579061,369469584,194376810,7860596,61875861,105432438,12519618
4,layer3.2.bn2,1193,29424696,False,61668491,370006248,194419793,8141741,62056168,105461964,12542982
5,layer3.2.bn2,1193,29404887,False,61627067,369757614,194390647,7920430,61452249,106072578,12542736
6,layer3.2.bn2,1193,29425983,False,61670973,370020906,194394803,8159343,61326672,106211400,12590214
0,layer3.2.relu2,2881,29329242,False,61468902,368808624,164522896,8316725,78392100,117704190,30243966
1,layer3.2.relu2,2881,29216209,False,61231892,367386546,164460978,7794810,77628778,117616446,30068388
2,layer3.2.relu2,2881,29487142,False,61728860,370368444,164545385,8358976,77475954,120104478,31049370
3,layer3.2.relu2,2881,29128951,False,61048624,366287028,164473502,7481649,77150805,117283668,30167904
4,layer3.2.relu2,2881,29241135,False,61283125,367694022,164509260,7855589,77065443,118383546,30400452
5,layer3.2.relu2,2881,29117042,False,61023669,366137226,164442289,7451081,76780926,117568854,30166314
6,layer3.2.relu2,2881,29339848,False,61490259,368936796,164508390,7767575,76111538,120660054,31082676
0,layer3.2.conv3,31,28898133,False,60576382,363452418,182403633,309694,5295176,175397652,18302682
1,layer3.2.conv3,31,28901019,False,60572498,363430254,182380939,310164,5283706,175452942,18275844
2,layer3.2.conv3,31,28895699,False,60561055,363361542,182363388,295475,5136010,175563636,18346272
3,layer3.2.conv3,31,28871149,False,60510290,363056922,182369890,305601,5180925,175197246,18189192
4,layer3.2.conv3,31,28875606,False,60519165,363110112,182359986,271466,5106854,175367328,18266484
5,layer3.2.conv3,31,28871652,False,60510779,363059868,182362495,283250,5150284,175260468,18248766
6,layer3.2.conv3,31,28890784,False,60550739,363299700,182398073,277930,5180902,175438704,18425112
0,layer3.2.bn3,428,29708000,False,62264340,373579830,186181045,6669314,32369534,148430760,16941828
1,layer3.2.bn3,428,29840571,False,62427110,374557860,186210200,6816838,33133426,148469562,16955328
2,layer3.2.bn3,428,29773311,False,62400353,374397348,186251442,6785244,32802475,148627440,17122506
3,layer3.2.bn3,428,29767698,False,62342707,374051514,186202834,6667476,32758106,148486224,17039934
4,layer3.2.bn3,428,29693157,False,62232179,373388364,186191902,6651967,32759888,147853194,16718730
5,layer3.2.bn3,428,29739747,False,62289370,373731492,186189560,6664960,32725013,148216392,16801020
6,layer3.2.bn3,428,29744335,False,62339737,374033484,186218290,6709916,32582456,148590378,17130288
0,layer3.2.add,749,29294752,False,61399047,368388222,115855039,1764828,22423589,228367326,62934744
1,layer3.2.add,749,29316360,False,61442433,368649876,115861578,1863746,22646003,228290094,63032292
2,layer3.2.add,749,29280624,False,61366505,368194278,115881163,1790528,22902832,227635584,62623932
3,layer3.2.add,749,29312207,False,61432445,368589894,115864023,1878394,22549389,228310980,63002388
4,layer3.2.add,749,29297023,False,61400598,368398788,115846948,1873456,22834033,227861490,62710908
5,layer3.2.add,749,29279333,False,61363273,368174952,115864735,1995618,22576064,227762442,62561328
6,layer3.2.add,749,29252898,False,61308506,367846332,115853049,1947094,22654318,227411784,62574492
0,layer3.2.relu3,1060,29693623,False,62210045,373254720,150446559,3493061,60240294,159122508,36444210
1,layer3.2.relu3,1060,29648209,False,62136385,372813180,150438523,3248051,59914286,159258852,35845152
2,layer3.2.relu3,1060,29565727,False,61962563,371770650,150431552,2831861,59661300,158887386,35976414
3,layer3.2.relu3,1060,29579356,False,61991205,371942352,150415887,2943508,59595856,159029334,35655888
4,layer3.2.relu3,1060,29595642,False,62025670,372149256,150404475,3006187,59608476,159169434,35669154
5,layer3.2.relu3,1060,29596915,False,62028263,372164778,150436438,3072852,59526094,159169452,36120642
6,layer3.2.relu3,1060,29602590,False,62040263,372236886,150419392,3118354,59794436,158948880,35788386
0,layer3.3.conv1,30,29573132,False,61984359,371899164,176950313,336019,5456279,189154458,37550172
1,layer3.3.conv1,30,29561775,False,61958091,371743806,176937479,314985,5452892,189035838,37369608
2,layer3.3.conv1,30,29529785,False,61889949,371334636,176918125,287455,5291260,188834010,37228734
3,layer3.3.conv1,30,29514505,False,61857636,371141022,176928639,290730,5315570,188601882,37075536
4,layer3.3.conv1,30,29520208,False,61869472,371212086,176907340,281271,5217164,188801844,37249146
5,layer3.3.conv1,30,29534657,False,61899841,371394228,176921791,273024,5224660,188970048,37291386
6,layer3.3.conv1,30,29538836,False,61908460,371445996,176922296,277173,5242779,188999136,37364004
0,layer3.3.bn1,1114,29466666,False,61761243,370561620,182248322,8903681,58416857,121080360,19667310
1,layer3.3.bn1,1114,29415277,False,61652334,369908562,182244775,8818853,58052753,120871278,19476000
2,layer3.3.bn1,1114,29301923,False,61413686,368477250,182213284,8600366,57242799,120495102,19240056
3,layer3.3.bn1,1114,29352267,False,61519246,369110676,182234438,8587932,56713256,121640562,19704468
4,layer3.3.bn1,1114,29319583,False,61458164,368744082,182242429,8679164,56981925,120909708,19383750
5,layer3.3.bn1,1114,29351923,False,61518518,369106392,182255905,8610515,56684941,121628094,19868082
6,layer3.3.bn1,1114,29431392,False,61617492,369700194,182248320,8927072,57399606,121192290,19592700
0,layer3.3.relu1,2866,29258113,False,61321150,367920702,163695259,8208513,77648858,118483482,30610338
1,layer3.3.relu1,2866,29233085,False,61266462,367593558,163654147,8119181,75955514,119967438,30801552
2,layer3.3.relu1,2866,29368686,False,61550410,369297690,163664753,8498738,74844181,122405982,31114332
3,layer3.3.relu1,2866,29155669,False,61103621,366616800,163654261,7987498,76309822,118769382,30628932
4,layer3.3.relu1,2866,29240739,False,61282200,367688502,163675568,8160650,76617793,119342634,30676182
5,layer3.3.relu1,2866,29279935,False,61364272,368180910,163666390,8370469,75117361,121141536,30475728
6,layer3.3.relu1,2866,29190470,False,61176895,367056588,163654810,8163932,75762704,119586330,30569322
0,layer3.3.conv2,14,28476595,False,59690868,358139346,169948851,1922678,37602476,148709784,19289826
1,layer3.3.conv2,14,28464054,False,59591576,357543804,169929916,1892656,37210230,148552878,19175616
2,layer3.3.conv2,14,28410512,False,59548340,357284886,169913944,1765445,37031521,148612086,19148370
3,layer3.3.conv2,14,28429069,False,59531685,357185190,169912763,1780697,37023171,148507434,19049928
4,layer3.3.conv2,14,28408154,False,59542331,357249222,169891842,1809293,36931715,148655724,19189842
5,layer3.3.conv2,14,28398177,False,59521366,357123408,169893374,1759360,37105033,148402524,19056234
6,layer3.3.conv2,14,28396256,False,59490831,356940150,169890009,1640395,36866516,148577628,19081992
0,layer3.3.bn2,1194,29688453,False,62222851,373330998,195226701,8476361,62250293,107453046,13338414
1,layer3.3.bn2,1194,29653104,False,62147325,372878982,195230446,8376517,61485499,107858550,13345350
2,layer3.3.bn2,1194,29523818,False,61876087,371251776,195200830,8355103,60572647,107193096,12973800
3,layer3.3.bn2,1194,29598591,False,62032601,372190806,195209958,8435284,60667274,107945970,13272072
4,layer3.3.bn2,1194,29634312,False,62107149,372638208,195216818,8424742,60882962,108181560,13443342
5,layer3.3.bn2,1194,29703681,False,62203146,373214184,195226754,8641290,61961137,107456424,13267242
6,layer3.3.bn2,1194,29705053,False,62255982,373531158,195217274,8678205,60349531,109363260,13804926
0,layer3.3.relu2,2873,29414272,False,61648173,369883608,164124938,8806038,76924579,120156516,30982092
1,layer3.3.relu2,2873,29378392,False,61571943,369426942,164086102,8233350,75282745,121930488,31574376
2,layer3.3.relu2,2873,29541469,False,61912896,371472642,164137702,8996441,76370999,122092920,31041840
3,layer3.3.relu2,2873,29279307,False,61363939,368178768,164087778,7957967,75401628,120838002,30955644
4,layer3.3.relu2,2873,29326274,False,61462595,368770848,164113836,8436306,76446869,119894682,30744618
5,layer3.3.relu2,2873,29263651,False,61309653,367853226,164084131,7815227,75722091,120331800,30991566
6,layer3.3.relu2,2873,29292492,False,61390657,368339202,164116167,8140814,76534154,119659800,30830730
0,layer3.3.conv3,31,28861828,False,60492988,362951214,182400271,325753,5278912,174943638,18076548
1,layer3.3.conv3,31,28877803,False,60524876,363144366,182400352,349743,5306482,175085658,18169974
2,layer3.3.conv3,31,28853741,False,60473414,362835732,182374649,307559,5241127,174908916,18110214
3,layer3.3.conv3,31,28851968,False,60469592,362812758,182364387,297227,5145351,175002582,18140922
4,layer3.3.conv3,31,28907539,False,60509340,363051354,182366919,310986,5256858,175114116,18253560
5,layer3.3.conv3,31,28880072,False,60527811,363162096,182378954,309907,5252767,175217190,18216096
6,layer3.3.conv3,31,28875441,False,60519145,363110154,182389486,299756,5203000,175214808,18364410
0,layer3.3.bn3,424,29565204,False,61967373,371798916,184631349,6616116,33423470,147197928,17315772
1,layer3.3.bn3,424,29556860,False,61895018,371365236,184625650,6566196,33113024,147129174,17174820
2,layer3.3.bn3,424,29525960,False,61890173,371291634,184640077,6552809,33061854,147104472,17205312
3,layer3.3.bn3,424,29530515,False,61891924,371346672,184630995,6669835,32465444,147647958,17198154
4,layer3.3.bn3,424,29529766,False,61890339,371337204,184615394,6601116,32921620,147263808,17271594
5,layer3.3.bn3,424,29555435,False,61894472,371362068,184639222,6690096,32990332,147110406,17125176
6,layer3.3.bn3,424,29511183,False,61850871,371100456,184646272,6635855,33122774,146761080,17017608
0,layer3.3.add,746,29355759,False,61525411,369147480,115397877,1735064,22022186,230010648,64102266
1,layer3.3.add,746,29217478,False,61234976,367405152,115398548,1655977,21965131,228403740,63205488
2,layer3.3.add,746,29291150,False,61366371,368193504,115428510,1679422,21850257,229252182,63614958
3,layer3.3.add,746,29247395,False,61296771,367775880,115436893,1747017,21765066,228848094,63375450
4,layer3.3.add,746,29260777,False,61325017,367945350,115414635,1694000,21965863,228891936,63310098
5,layer3.3.add,746,29262927,False,61328780,367967874,115415373,1653732,21736849,229179576,63523956
6,layer3.3.add,746,29230228,False,61260847,367560312,115399727,1608684,21832018,228737010,63284652
0,layer3.3.relu3,1058,29609027,False,62038285,372224964,150138021,3350407,59643676,159137742,35308044
1,layer3.3.relu3,1058,29593226,False,62020666,372119208,150132730,3354716,59695012,158985270,35059524
2,layer3.3.relu3,1058,29546913,False,61928561,371566572,150125719,3319771,59273592,158883942,35662854
3,layer3.3.relu3,1058,29538495,False,61905300,371427006,150126743,3372958,59109457,158859672,35212446
4,layer3.3.relu3,1058,29559989,False,61950712,371699544,150123947,3412421,59091729,159119082,35172924
5,layer3.3.relu3,1058,29596447,False,62027647,372161148,150136409,3452235,59163656,159459096,35281776
6,layer3.3.relu3,1058,29583854,False,62000942,372000858,150136215,3335668,59072443,159502146,35477340
0,layer3.4.conv1,30,29584345,False,62007623,372040170,176962501,318982,5501373,189254274,37547322
1,layer3.4.conv1,30,29557585,False,61948551,371686602,176929748,288692,5427109,189037632,37376184
2,layer3.4.conv1,30,29543348,False,61918307,371505084,176909543,279501,5364563,188947314,37261914
3,layer3.4.conv1,30,29551736,False,61935460,371607990,176916179,271051,5318818,189097290,37506996
4,layer3.4.conv1,30,29538891,False,61909110,371449926,176918779,286962,5330760,188909058,37343046
5,layer3.4.conv1,30,29535122,False,61900825,371400132,176899572,268113,5177925,189049638,37286430
6,layer3.4.conv1,30,29534099,False,61906412,371433510,176908892,272625,5324296,188908212,37308852
0,layer3.4.bn1,1121,29419336,False,61661794,369965616,182729638,8867802,57718820,120739818,19418028
1,layer3.4.bn1,1121,29321356,False,61455023,368725350,182690112,8731705,57454820,119928180,19158294
2,layer3.4.bn1,1121,29365638,False,61479881,368874612,182715531,8755775,56707827,120782598,19251444
3,layer3.4.bn1,1121,29281554,False,61370485,368218158,182723544,8658970,57457224,119462238,18793164
4,layer3.4.bn1,1121,29425238,False,61671774,370025904,182723587,8973898,57957292,120457818,19384038
5,layer3.4.bn1,1121,29298150,False,61405758,368429796,182679394,8602185,56804985,120430926,19166328
6,layer3.4.bn1,1121,29420675,False,61663061,369973656,182694444,8998732,57989168,120385116,19141128
0,layer3.4.relu1,2882,29346933,False,61455043,368725182,164581205,7682430,77112858,119468388,30393414
1,layer3.4.relu1,2882,29335007,False,61480469,368878020,164579817,7860212,76900844,119652030,30711018
2,layer3.4.relu1,2882,29296477,False,61398814,368388120,164572418,7699494,76823546,119408556,30342504
3,layer3.4.relu1,2882,29244384,False,61289706,367733406,164570964,7608131,75954669,119710002,30656820
4,layer3.4.relu1,2882,29330744,False,61406084,368431788,164599353,7750213,76043138,120151740,30803352
5,layer3.4.relu1,2882,29227337,False,61253904,367518666,164572130,7585517,76256229,119211804,30411048
6,layer3.4.relu1,2882,29297372,False,61401204,368402520,164576493,7900065,76517207,119521746,30579120
0,layer3.4.conv2,14,28442597,False,59619070,357707880,169900353,1766804,37322137,148758354,19269846
1,layer3.4.conv2,14,28476654,False,59631994,357786882,169920431,1895660,37408324,148605582,19116876
2,layer3.4.conv2,14,28423668,False,59577209,357458364,169892597,1843467,37180528,148581672,19154298
3,layer3.4.conv2,14,28408565,False,59544611,357262902,169917473,1788895,37092092,148504680,19041420
4,layer3.4.conv2,14,28411700,False,59550372,357297480,169890855,1734780,37062216,148646964,19086516
5,layer3.4.conv2,14,28393610,False,59513314,357075090,169882111,1664713,37084909,148477986,19020198
6,layer3.4.conv2,14,28404297,False,59534120,357199980,169889562,1744042,37094709,148510014,19028910
0,layer3.4.bn2,1194,29496180,False,61820150,370914654,194549966,8077203,63063351,105313344,12360270
1,layer3.4.bn2,1194,29494229,False,61814091,370879470,194560845,8001251,63655197,104750562,12224226
2,layer3.4.bn2,1194,29554349,False,61939659,371633280,194541255,8005618,62677585,106492056,13011276
3,layer3.4.bn2,1194,29601742,False,61987091,371917614,194568902,8041368,62389950,107004894,13297818
4,layer3.4.bn2,1194,29523013,False,61873488,371236248,194550645,8014900,63352780,105404742,12515838
5,layer3.4.bn2,1194,29545551,False,61926511,371554362,194575127,7929365,62556543,106550994,12976740
6,layer3.4.bn2,1194,29524456,False,61876996,371257218,194557662,7802798,62668549,106310094,12799284
0,layer3.4.relu2,2877,29301237,False,61410814,368460144,164300554,8162696,76526786,119585346,30725556
1,layer3.4.relu2,2877,29155497,False,61104530,366622476,164233819,7586007,76449425,118458672,30070752
2,layer3.4.relu2,2877,29274002,False,61352594,368110872,164309172,7999622,76583115,119336634,30431508
3,layer3.4.relu2,2877,29119342,False,61028145,366164106,164236174,7426027,76352639,118253832,30277410
4,layer3.4.relu2,2877,29249553,False,61301100,367801836,164285309,8130265,77225829,118272894,30244386
5,layer3.4.relu2,2877,29336034,False,61483009,368893368,164338713,8000556,76656838,120009180,30897438
6,layer3.4.relu2,2877,29286368,False,61383115,368293878,164342391,7861675,76642668,119558976,30377004
0,layer3.4.conv3,32,29854069,False,62506595,375033738,188289685,350128,5513487,180879192,18890898
1,layer3.4.conv3,32,29864977,False,62522127,375127338,188279916,352097,5594520,180900222,18850254
2,layer3.4.conv3,32,29816287,False,62490761,374939892,188275317,341491,5409890,180911994,18825210
3,layer3.4.conv3,32,29798997,False,62454567,374722680,188243698,321756,5374692,180780168,18715554
4,layer3.4.conv3,32,29849793,False,62490075,374935752,188251940,318447,5267889,181095564,18864150
5,layer3.4.conv3,32,29796231,False,62447443,374679840,188251738,303942,5255937,180865866,18733446
6,layer3.4.conv3,32,29807450,False,62471127,374822004,188257125,313747,5512312,180736884,18748758
0,layer3.4.bn3,424,29606482,False,62052614,372309912,184633445,6681747,33023323,148041528,17545134
1,layer3.4.bn3,424,29603603,False,62045585,372268794,184645543,6591417,31908046,149187414,17896698
2,layer3.4.bn3,424,29557010,False,61946539,371674434,184638344,6459107,31750996,148893342,17712594
3,layer3.4.bn3,424,29543986,False,61918383,371505564,184647578,6398331,32739415,147781980,17539554
4,layer3.4.bn3,424,29552856,False,61936975,371617074,184625782,6475596,31775974,148801860,17619468
5,layer3.4.bn3,424,29568452,False,61970187,371816412,184642913,6447291,31733725,149057832,17746734
6,layer3.4.bn3,424,29600044,False,62035859,372210432,184665798,6477345,32598453,148532328,17733762
0,layer3.4.add,749,29331738,False,61474854,368844420,115848272,1877784,22592856,228551172,62961690
1,layer3.4.add,749,29274979,False,61356242,368132730,115852077,1861672,22692026,227751624,62531886
2,layer3.4.add,749,29303257,False,61414009,368479074,115849617,1816821,22678504,228157002,62928522
3,layer3.4.add,749,29287340,False,61380348,368277354,115849652,1763704,22387630,228296178,62866950
4,layer3.4.add,749,29311293,False,61430614,368578950,115865199,1821577,22565252,228351612,62947446
5,layer3.4.add,749,29277856,False,61360382,368157510,115861125,1877397,22323709,228112560,62659026
6,layer3.4.add,749,29351534,False,61514922,369084816,115874403,2081802,22632084,228516630,62933136
0,layer3.4.relu3,1058,29579133,False,61992938,371951742,150154423,3156534,59663332,159018444,35598570
1,layer3.4.relu3,1058,29687529,False,62219506,373312032,150254062,3447220,59686767,159971256,35954772
2,layer3.4.relu3,1058,29788145,False,62429447,374571954,150433088,3572661,59075919,161533410,35777628
3,layer3.4.relu3,1058,29644928,False,62129271,372770484,150264574,3431529,59263557,159861024,35694144
4,layer3.4.relu3,1058,29614666,False,62066510,372394338,150211945,3197188,59208808,159822120,36009468
5,layer3.4.relu3,1058,29601978,False,62038762,372227892,150204536,3191996,59352965,159521682,35570670
6,layer3.4.relu3,1058,29607156,False,62049341,372291294,150197048,3248909,59134592,159756768,35501916
0,layer3.5.conv1,30,29571947,False,61980503,371877204,176971715,311465,5548836,189042096,37448532
1,layer3.5.conv1,30,29561682,False,61957860,371742246,176939575,302387,5443687,189053658,37424640
2,layer3.5.conv1,30,29518540,False,61866177,371192292,176911226,292931,5396121,188589072,37033644
3,layer3.5.conv1,30,29534148,False,61898672,371387346,176910528,275564,5282890,188914812,37382628
4,layer3.5.conv1,30,29545582,False,61922672,371531328,176927129,277525,5328326,188994042,37408398
5,layer3.5.conv1,30,29578470,False,61926705,371555496,176920171,287742,5457672,188887194,37316580
6,layer3.5.conv1,30,29534593,False,61900091,371395782,176914614,257339,5431873,188788176,37228332
0,layer3.5.bn1,1107,29227120,False,61258855,367547466,181160427,8984578,57760785,119738502,19266390
1,layer3.5.bn1,1107,29100803,False,60993192,365954460,181100640,8559972,56974107,119402880,19104366
2,layer3.5.bn1,1107,29259391,False,61324974,367945092,181116609,8934338,57093250,120885330,19622922
3,layer3.5.bn1,1107,29154463,False,61104204,366620502,181101673,8960239,57223161,119426580,19004538
4,layer3.5.bn1,1107,29178380,False,61163494,366976200,181151497,8734807,57413061,119746224,19319724
5,layer3.5.bn1,1107,29144131,False,61083272,366494250,181092830,8898926,56827208,119770050,19281804
6,layer3.5.bn1,1107,29178948,False,61155165,366926178,181119587,8678491,56834329,120380352,19395870
0,layer3.5.relu1,2876,29305893,False,61420484,368517630,164254251,8206060,76854751,119313648,30775002
1,layer3.5.relu1,2876,29347931,False,61507405,369039684,164257139,8566129,76295257,120037812,30808248
2,layer3.5.relu1,2876,29270920,False,61346010,368071302,164250529,8138761,76092553,119702688,30334848
3,layer3.5.relu1,2876,29251113,False,61304061,367819506,164260460,8105475,76191245,119372430,30786396
4,layer3.5.relu1,2876,29277843,False,61309642,367853142,164270386,8251578,76655470,118790538,30341604
5,layer3.5.relu1,2876,29229617,False,61258738,367547664,164239852,7987786,76457783,118969836,30321096
6,layer3.5.relu1,2876,29271056,False,61345268,368066904,164258772,8181748,76456292,119281812,30502308
0,layer3.5.conv2,14,28435610,False,59603089,357612612,169914841,1869614,37478513,148392330,19248210
1,layer3.5.conv2,14,28384002,False,59494108,356959194,169914293,1758840,37152425,148173294,19009002
2,layer3.5.conv2,14,28379470,False,59483556,356896566,169924247,1819683,37152098,148040958,18866676
3,layer3.5.conv2,14,28366927,False,59456834,356736312,169895496,1673192,36935389,148268820,19002012
4,layer3.5.conv2,14,28367896,False,59457562,356740368,169885705,1711917,37181406,147998406,18927618
5,layer3.5.conv2,14,28398699,False,59523196,357134460,169894448,1819174,37037463,148422534,19164606
6,layer3.5.conv2,14,28396828,False,59519743,357113730,169915421,1785397,37347388,148103490,19021068
0,layer3.5.bn2,1193,29643522,False,62077472,372458118,195123799,8169734,61706405,107536686,13248510
1,layer3.5.bn2,1193,29459748,False,61742650,370450920,195091962,7844280,59979946,107600028,13158510
2,layer3.5.bn2,1193,29566826,False,61965972,371791074,195139260,8039271,61053393,107636244,13244148
3,layer3.5.bn2,1193,29511047,False,61848514,371086326,195110227,8049712,60674249,107323482,13229238
4,layer3.5.bn2,1193,29565238,False,61944419,371661600,195134284,8195676,61188431,107214354,13063308
5,layer3.5.bn2,1193,29563364,False,61958301,371745108,195148114,8024400,59893472,108750654,13656414
6,layer3.5.bn2,1193,29512290,False,61851269,371102712,195145532,8150302,61014458,106863114,12863196
0,layer3.5.relu2,2829,28899601,False,60568355,363405366,161576094,8198731,75539749,118204872,30215976
1,layer3.5.relu2,2829,28831444,False,60425268,362546886,161540935,7608967,74916010,118588884,30486762
2,layer3.5.relu2,2829,28840593,False,60443654,362657166,161561768,7694051,74312284,119194002,30547800
3,layer3.5.relu2,2829,28801336,False,60303264,361814916,161551942,7533581,74658465,118176600,30434658
4,layer3.5.relu2,2829,28874677,False,60514981,363085182,161537955,7672269,75345208,118643652,30305322
5,layer3.5.relu2,2829,28928756,False,60628496,363766314,161593214,7780962,74977308,119522082,30574062
6,layer3.5.relu2,2829,28819334,False,60398822,362388240,161526859,7723306,74880651,118362846,29979594
0,layer3.5.conv3,32,29825242,False,62511495,375062820,188293857,340630,5384151,181042272,18760260
1,layer3.5.conv3,32,29824825,False,62463794,374778102,188275170,328311,5331022,180841080,18763026
2,layer3.5.conv3,32,29803268,False,62463176,374774394,188243209,312084,5273970,180942396,18805338
3,layer3.5.conv3,32,29804086,False,62420538,374518482,188266200,310967,5351990,180586548,18474714
4,layer3.5.conv3,32,29795443,False,62446191,374672418,188242439,295738,5216029,180915240,18712704
5,layer3.5.conv3,32,29795622,False,62446306,374673084,188258534,311265,5197532,180903060,18806514
6,layer3.5.conv3,32,29805561,False,62468262,374804862,188260878,318349,5273363,180949746,18741594
0,layer3.5.bn3,424,29537648,False,61908453,371445948,184454453,6617027,32072081,148369812,17623878
1,layer3.5.bn3,424,29562017,False,61959526,371752326,184487845,6491334,31745765,149094066,17957268
2,layer3.5.bn3,424,29508324,False,61845355,371067354,184469349,6395118,31460019,148806336,17824086
3,layer3.5.bn3,424,29557070,False,61946903,371676672,184465803,6489650,31466129,149315964,17971920
4,layer3.5.bn3,424,29531472,False,61892937,371352888,184481245,6369223,32037490,148532394,17721504
5,layer3.5.bn3,424,29498341,False,61823374,370935504,184467067,6314523,31298440,148918806,17691288
6,layer3.5.bn3,424,29500398,False,61827559,370960584,184450364,6369960,31427352,148777020,17598390
0,layer3.5.add,747,29411793,False,61643913,369858012,115574714,1977696,22377423,229954710,63777414
1,layer3.5.add,747,29373509,False,61562559,369370692,115527913,1960738,22630739,229274280,63539616
2,layer3.5.add,747,29401230,False,61620556,369718608,115557434,1965220,22957812,229265196,63635130
3,layer3.5.add,747,29379284,False,61572904,369432672,115531552,2053846,22758712,229114752,63531198
4,layer3.5.add,747,29386592,False,61588306,369524844,115555348,1960257,22609131,229426932,63614190
5,layer3.5.add,747,29381217,False,61577200,369458514,115525738,1995066,22952986,229008360,63505020
6,layer3.5.add,747,29405987,False,61628554,369766620,115534940,1992455,22658056,229608960,63607818
0,layer3.5.relu3,1057,29584519,False,62004354,372020964,150009988,3258442,59438181,159361326,36450954
1,layer3.5.relu3,1057,29522158,False,61872698,371231460,149975326,3019417,59095306,159183618,36256332
2,layer3.5.relu3,1057,29508817,False,61843748,371057676,149982476,2950323,58881298,159283872,36011736
3,layer3.5.relu3,1057,29455919,False,61733143,370393944,149966196,2739611,58958421,158764746,36287412
4,layer3.5.relu3,1057,29551223,False,61932756,371591736,150000060,2940479,58990010,159703764,36205728
5,layer3.5.relu3,1057,29494091,False,61812719,370871532,149965851,2900259,59201383,158839020,36031434
6,layer3.5.relu3,1057,29504182,False,61834039,370999392,149973241,2913062,59038970,159112980,36048150
0,layer4.0.conv1,15,29374006,False,61550515,369297792,175537170,257613,4191402,189307758,38553138
1,layer4.0.conv1,15,29368111,False,61491015,368941368,175533155,258057,4258562,188888508,38180226
2,layer4.0.conv1,15,29328029,False,61467462,368800104,175523947,252960,4053297,188965974,38192442
3,layer4.0.conv1,15,29339792,False,61492381,368949552,175528626,239575,4044817,189132186,38421096
4,layer4.0.conv1,15,29330234,False,61472541,368830464,175502059,212659,3926679,189183456,38510454
5,layer4.0.conv1,15,29348907,False,61511761,369065862,175513660,228141,3983964,189335004,38645172
6,layer4.0.conv1,15,29323442,False,61458690,368747340,175503746,212797,3984652,189040848,38351718
0,layer4.0.bn1,766,29571062,False,61976554,371853048,194911610,7563004,41590366,127843740,15346920
1,layer4.0.bn1,766,29555926,False,61944048,371659608,194920931,7572271,41634753,127594458,15167982
2,layer4.0.bn1,766,29630327,False,62030747,372179808,194920302,7497709,41489607,128328918,15595248
3,layer4.0.bn1,766,29571066,False,61974643,371843118,194897476,7545027,41865560,127587288,15277500
4,layer4.0.bn1,766,29593863,False,62022731,372131670,194887657,7567678,41551219,128180634,15386496
5,layer4.0.bn1,766,29563234,False,61958928,371748594,194935099,7661733,41831632,127379370,15098100
6,layer4.0.bn1,766,29617322,False,62028056,372163602,194928798,7559707,41382964,128348940,15414996
0,layer4.0.relu1,1824,29520546,False,61870138,371216070,155735239,5719794,66213408,143634144,33615396
1,layer4.0.relu1,1824,29591867,False,62018837,372108264,155762866,5453109,66390548,144583242,33853878
2,layer4.0.relu1,1824,29484745,False,61794018,370759416,155748196,5253506,66276834,143559594,33095742
3,layer4.0.relu1,1824,29501593,False,61828348,370965420,155728902,5197262,66466791,143651304,33626748
4,layer4.0.relu1,1824,29477765,False,61778494,370666152,155756760,5213539,65696680,144070776,33934812
5,layer4.0.relu1,1824,29496583,False,61818173,370904280,155738504,5401250,65535121,144303366,33570798
6,layer4.0.relu1,1824,29583208,False,62000094,371995830,155759063,5700787,65218176,145395738,34219284
0,layer4.0.conv2,8,26962398,False,56436828,338615706,135296414,897440,19304727,183131082,32324358
1,layer4.0.conv2,8,26870668,False,56325097,337945524,135297047,733609,18985451,182937138,32302926
2,layer4.0.conv2,8,26836066,False,56249627,337492974,135278374,702676,18896609,182622762,32000820
3,layer4.0.conv2,8,26862391,False,56303014,337813248,135284875,705840,18832130,182997342,32174790
4,layer4.0.conv2,8,26845644,False,56268507,337606350,135278210,669419,18820107,182843820,32188572
5,layer4.0.conv2,8,26865286,False,56309290,337851036,135289830,727850,18886458,182954508,32194272
6,layer4.0.conv2,8,26863762,False,56313707,337877538,135294292,694152,18830610,183064896,32254602
0,layer4.0.bn2,1380,29391916,False,61602317,369607164,200093104,8993674,73550514,87069162,11505576
1,layer4.0.bn2,1380,29386256,False,61588541,369526440,200088973,8789712,72861607,87883536,11753784
2,layer4.0.bn2,1380,29435159,False,61690003,370135314,200117431,8868031,71612962,89632422,12572526
3,layer4.0.bn2,1380,29286496,False,61378829,368268204,200102775,8837190,71738769,87680844,11609856
4,layer4.0.bn2,1380,29283350,False,61372154,368228202,200079323,8672803,71495821,88064604,11787414
5,layer4.0.bn2,1380,29347340,False,61505916,369030774,200122724,8746526,71812809,88436076,12043266
6,layer4.0.bn2,1380,29218665,False,61236636,367415088,200078178,8635384,71761143,87021624,11284434
0,layer4.0.relu2,4041,29061417,False,60859007,365148504,173517804,10694945,84270473,96775860,28490586
1,layer4.0.relu2,4041,28901149,False,60571013,363421158,173474411,9913788,83318133,96816552,28212660
2,layer4.0.relu2,4041,28985498,False,60703965,364218972,173498271,10335821,83680200,96815514,28442976
3,layer4.0.relu2,4041,28836497,False,60434625,362603022,173420181,9957497,83457313,95865312,27925548
4,layer4.0.relu2,4041,29023048,False,60787845,364722342,173514158,10594519,83509709,97214274,28560282
5,layer4.0.relu2,4041,28759172,False,60273866,361638534,173420841,9628089,83124481,95561898,28042512
6,layer4.0.relu2,4041,28952752,False,60678819,364068198,173504861,10147703,83136564,97381956,28613082
0,layer4.0.conv3,25,29495524,False,61821310,370922100,203464509,487192,5716650,161254950,8452422
1,layer4.0.conv3,25,29525784,False,61841241,371042790,203469046,436227,5753351,161383572,8573628
2,layer4.0.conv3,25,29489845,False,61806599,370834848,203433877,466934,5636722,161297142,8464464
3,layer4.0.conv3,25,29494375,False,61816094,370891842,203444159,416433,5554174,161475252,8645412
4,layer4.0.conv3,25,29488980,False,61804822,370824156,203442817,431980,5413187,161534406,8668266
5,layer4.0.conv3,25,29508229,False,61820385,370917606,203449664,435345,5545006,161486700,8600844
6,layer4.0.conv3,25,29480090,False,61786113,370711920,203454324,424946,5465831,161365524,8547636
0,layer4.0.bn3,594,29627805,False,62101707,372604710,209805621,6643297,37136988,119034234,12872598
1,layer4.0.bn3,594,29616900,False,62071501,372423978,209802718,6411739,36486026,119764878,13272714
2,layer4.0.bn3,594,29647094,False,62139735,372833694,209800697,6462429,36161779,120450642,13509402
3,layer4.0.bn3,594,29649432,False,62139801,372834114,209794885,6546234,36927179,119609700,13390254
4,layer4.0.bn3,594,29575136,False,61983226,371894238,209826427,6375650,37172489,118557936,12737508
5,layer4.0.bn3,594,29618744,False,62074198,372440436,209803311,6487575,36607415,119582430,13202340
6,layer4.0.bn3,594,29556513,False,61948223,371684574,209795665,6414215,37187300,118322922,12790524
0,layer4.0.downsample.0,10,28281669,False,59282838,355691298,119936193,1231903,8054753,226495182,112149114
1,layer4.0.downsample.0,10,28205477,False,59119622,354712218,119885526,1075542,7535325,226235142,111956916
2,layer4.0.downsample.0,10,28180329,False,59066178,354392334,119874297,954004,7416509,226163358,111910374
3,layer4.0.downsample.0,10,28200461,False,59108006,354643302,119903765,1008733,7508483,226240110,111971448
4,layer4.0.downsample.0,10,28243792,False,59199918,355194750,119938822,1067262,7653447,226554732,111785988
5,layer4.0.downsample.0,10,28213837,False,59135217,354806562,119897239,985154,7454214,226487112,111634692
6,layer4.0.downsample.0,10,28213178,False,59135092,354805848,119887937,977020,7515870,226440708,111526284
0,layer4.0.downsample.1,597,29641572,False,62124852,372742260,210652239,6258649,37574980,118310352,12725358
1,layer4.0.downsample.1,597,29586505,False,62008448,372045750,210652352,6135231,37921815,117384120,12526110
2,layer4.0.downsample.1,597,29593551,False,62022569,372130428,210625466,6179176,37175436,118194720,12804762
3,layer4.0.downsample.1,597,29596318,False,62027909,372162660,210619417,6136011,37113204,118339122,12711018
4,layer4.0.downsample.1,597,29612447,False,61999226,371990610,210659684,6112129,37329367,117932694,12794850
5,layer4.0.downsample.1,597,29584693,False,62003532,372016338,210619853,6043103,38206391,117193398,12550512
6,layer4.0.downsample.1,597,29573448,False,61978973,371869146,210655020,6126929,38017546,117115416,12392382
0,layer4.0.add,1587,29524851,False,61883151,371293650,145660163,4045935,32054830,189592050,32220852
1,layer4.0.add,1587,29441887,False,61704304,370221150,145652887,3959800,31386613,189271410,32136906
2,layer4.0.add,1587,29494753,False,61814317,370881204,145663474,4283861,31961790,189023604,32105376
3,layer4.0.add,1587,29412912,False,61646893,369876654,145642544,3804781,31564787,188912784,32116122
4,layer4.0.add,1587,29460290,False,61741660,370445046,145651869,4124545,31635260,189086358,32139390
5,layer4.0.add,1587,29461355,False,61744276,370460910,145647542,3905556,31395305,189563802,32255352
6,layer4.0.add,1587,29447853,False,61715705,370289460,145679549,4292644,32068113,188306772,31996608
0,layer4.0.relu3,1821,29358896,False,61531246,369182622,155403400,5535440,67570694,140753358,32578806
1,layer4.0.relu3,1821,29387569,False,61590286,369536988,155387312,5875114,67943431,140409732,32677002
2,layer4.0.relu3,1821,29402599,False,61569207,369410574,155432125,5771360,67907792,140374170,32433198
3,layer4.0.relu3,1821,29395682,False,61606914,369636684,155395079,5648010,66973154,141693036,33186654
4,layer4.0.relu3,1821,29327353,False,61443504,368656320,155419298,5290012,67211029,140820306,32360436
5,layer4.0.relu3,1821,29267855,False,61338584,368026824,155387957,4937979,67190686,140586774,32402388
6,layer4.0.relu3,1821,29345300,False,61501867,369006408,155411672,5268612,67016099,141390954,32395440
0,layer4.1.conv1,25,29606179,False,62054464,372321246,202829954,663750,5607121,163223502,9235176
1,layer4.1.conv1,25,29607931,False,62055526,372328458,202841357,651080,5659950,163179072,9236514
2,layer4.1.conv1,25,29602705,False,62043001,372253248,202822053,590578,5545447,163297584,9304350
3,layer4.1.conv1,25,29621500,False,62035744,372209712,202801244,589635,5581841,163238190,9246576
4,layer4.1.conv1,25,29589112,False,62015387,372087588,202806783,577792,5470863,163232802,9224874
5,layer4.1.conv1,25,29599602,False,62037708,372221484,202818290,617304,5497404,163290336,9244896
6,layer4.1.conv1,25,29609100,False,62057416,372339714,202812263,611941,5517632,163399674,9399108
0,layer4.1.bn1,1320,29272119,False,61349761,368093268,191043041,10396489,72045207,94722402,15743286
1,layer4.1.bn1,1320,29137351,False,61066807,366396018,191070449,10300022,72437081,92702136,15033474
2,layer4.1.bn1,1320,29151701,False,61075927,366450882,191081818,10210611,72596559,92670786,15133980
3,layer4.1.bn1,1320,29168364,False,61112999,366673134,191073465,10172945,71708224,93829278,15557028
4,layer4.1.bn1,1320,29047352,False,60876763,365255802,191041099,10009089,71740923,92568060,14968548
5,layer4.1.bn1,1320,29049853,False,60882413,365289696,191055713,10003579,71983339,92355648,14738436
6,layer4.1.bn1,1320,29091633,False,60969628,365813028,191057326,10033684,71914633,92910348,15091326
0,layer4.1.relu1,4120,29409065,False,61635826,369810000,176684184,10999391,85803603,96421188,27892920
1,layer4.1.relu1,4120,29400265,False,61616965,369697044,176686607,10837659,85832200,96453678,27372906
2,layer4.1.relu1,4120,29082817,False,60892056,365347560,176677027,9720394,86416702,92644254,26735430
3,layer4.1.relu1,4120,29078220,False,60941805,365646018,176677805,9944437,87069616,92067666,26645214
4,layer4.1.relu1,4120,29171641,False,61137767,366821850,176708320,10572837,87408848,92238642,26603802
5,layer4.1.relu1,4120,29053872,False,60890128,365336022,176664346,9987864,86844712,91947486,26652270
6,layer4.1.relu1,4120,29020273,False,60778698,364667442,176673222,9785845,87039880,91281720,26459730
0,layer4.1.conv2,9,28007762,False,58709323,352249458,121917730,1027649,6355770,222966612,35792688
1,layer4.1.conv2,9,27961983,False,58562059,351367152,121890945,944903,6290323,222254958,35255856
2,layer4.1.conv2,9,27938159,False,58563446,351375936,121887442,905422,6152837,222443700,35323152
3,layer4.1.conv2,9,27915464,False,58514872,351084498,121886045,841494,5985721,222382008,35286042
4,layer4.1.conv2,9,27954770,False,58544394,351261648,121906632,860650,6037658,222468030,35364342
5,layer4.1.conv2,9,27939738,False,58564808,351384138,121895830,878141,6061516,222560292,35432760
6,layer4.1.conv2,9,27905273,False,58492496,350950278,121888486,839578,5951910,222281238,35241642
0,layer4.1.bn2,1416,29549985,False,61933347,371591682,204155495,8549582,74655383,84325428,10229502
1,layer4.1.bn2,1416,29551506,False,61905966,371431074,204155355,8453203,75288236,83629968,10033236
2,layer4.1.bn2,1416,29539391,False,61908723,371447454,204128430,8344064,74871088,84200700,10219554
3,layer4.1.bn2,1416,29507783,False,61842410,371049642,204144185,8258322,73716862,85014636,10546266
4,layer4.1.bn2,1416,29607405,False,62051365,372303438,204174451,8448094,74029429,85745082,10862382
5,layer4.1.bn2,1416,29558362,False,61948017,371683404,204138300,8342462,74100739,85194894,10523340
6,layer4.1.bn2,1416,29485772,False,61795917,370770660,204135587,8272214,74581574,83863230,9917334
0,layer4.1.relu2,4077,29087048,False,60962633,365769786,175117862,10138364,85729309,94898352,27664458
1,layer4.1.relu2,4077,28992909,False,60763555,364576284,175050276,9710963,85343596,94575828,27373098
2,layer4.1.relu2,4077,29225290,False,61250779,367499892,175108070,10904349,86974575,94649316,27436680
3,layer4.1.relu2,4077,29036842,False,60862360,365130534,175058491,10453764,87260286,92489928,26845134
4,layer4.1.relu2,4077,29269443,False,61342715,368051574,175115026,11177729,86932521,94977786,27561276
5,layer4.1.relu2,4077,29088738,False,60911255,365462820,175086198,10590366,87799780,92117574,26694624
6,layer4.1.relu2,4077,29265588,False,61334556,368002404,175107726,11166999,88294760,93584064,27169692
0,layer4.1.conv3,25,29512172,False,61857784,371141370,203473822,522197,5848294,161297832,8493150
1,layer4.1.conv3,25,29526349,False,61884460,371301804,203484695,505248,5912927,161399466,8588766
2,layer4.1.conv3,25,29494307,False,61816497,370894284,203431230,462661,5718382,161281818,8512434
3,layer4.1.conv3,25,29514581,False,61859399,371151648,203444604,501005,5771555,161433408,8590374
4,layer4.1.conv3,25,29505320,False,61839726,371033544,203446069,482843,5578380,161525796,8689308
5,layer4.1.conv3,25,29510983,False,61851811,371106150,203459139,428394,5783942,161432868,8616642
6,layer4.1.conv3,25,29487120,False,61801266,370802634,203436076,445372,5513294,161406576,8553546
0,layer4.1.bn3,602,29579452,False,61994423,371960910,212615816,5953689,37832423,115605996,11467686
1,layer4.1.bn3,602,29651331,False,62081335,372483336,212622828,5950001,36984174,116969160,11983716
2,layer4.1.bn3,602,29643774,False,62127384,372759570,212662452,5935239,37040587,117165318,12182676
3,layer4.1.bn3,602,29547180,False,61924184,371540208,212623080,5894388,36816436,116248824,11562336
4,layer4.1.bn3,602,29667135,False,62176100,373051794,212623119,5991860,37248914,117231864,12177570
5,layer4.1.bn3,602,29710152,False,62219783,373313886,212641761,6031139,37698037,116996094,12089244
6,layer4.1.bn3,602,29663025,False,62167550,373000548,212627398,6024719,37381202,117018732,12153042
0,layer4.1.add,1591,29397094,False,61610987,369661200,146048724,3681630,31226753,188755410,31869966
1,layer4.1.add,1591,29339438,False,61488573,368926722,146044283,3366658,31352292,188208696,31768920
2,layer4.1.add,1591,29491926,False,61731590,370384812,146091970,3853628,31648604,188835084,32034000
3,layer4.1.add,1591,29413308,False,61643265,369854820,146030418,3761803,31991026,188116560,31732326
4,layer4.1.add,1591,29413383,False,61643503,369856338,146051764,4007090,30739489,189102426,32002398
5,layer4.1.add,1591,29320824,False,61449431,368691828,146063078,3670462,30868156,188127144,31758234
6,layer4.1.add,1591,29317365,False,61442121,368648028,146078650,3603020,30667486,188336418,31853934
0,layer4.1.relu3,1834,29480881,False,61737112,370417128,156555189,5292810,68394689,140268750,32288844
1,layer4.1.relu3,1834,29377937,False,61569263,369410838,156556819,4875294,68051511,140008212,32341944
2,layer4.1.relu3,1834,29454885,False,61730947,370380924,156564528,5024730,68406078,140468712,32426118
3,layer4.1.relu3,1834,29478629,False,61780881,370680390,156540344,5090314,68320439,140808948,32583432
4,layer4.1.relu3,1834,29365781,False,61543991,369259206,156542835,4936104,68138799,139723542,32116692
5,layer4.1.relu3,1834,29341286,False,61492087,368947776,156582461,4647210,66914885,140877678,32669586
6,layer4.1.relu3,1834,29357081,False,61525228,369146646,156577947,4715702,66732176,141194166,32541516
0,layer4.2.conv1,25,29627924,False,62098764,372584628,202838645,637334,5855246,163255080,9229656
1,layer4.2.conv1,25,29689317,False,62148722,372887364,202870226,686843,5985354,163349754,9335658
2,layer4.2.conv1,25,29607384,False,62055057,372325596,202831375,647898,5688292,163161162,9153402
3,layer4.2.conv1,25,29593249,False,62024035,372139470,202820204,633316,5615967,163073310,9101778
4,layer4.2.conv1,25,29607899,False,62055204,372326592,202831921,648166,5502157,163347978,9314484
5,layer4.2.conv1,25,29571470,False,61978226,371864622,202799628,607614,5384788,163075902,9121350
6,layer4.2.conv1,25,29595096,False,62027991,372163254,202814760,640559,5608857,163103550,9167412
0,layer4.2.bn1,1323,29309080,False,61428023,368562924,191305170,10455274,71650094,95259684,15782022
1,layer4.2.bn1,1323,29271894,False,61349030,368089290,191278251,10526608,71789336,94586520,15601260
2,layer4.2.bn1,1323,29300436,False,61408264,368444754,191307268,10489804,71307793,95448198,15868566
3,layer4.2.bn1,1323,29153056,False,61099142,366590070,191305941,10133191,71234134,94013088,15286206
4,layer4.2.bn1,1323,29236949,False,61274744,367643616,191303797,10407076,70795120,95237706,15487998
5,layer4.2.bn1,1323,29235452,False,61271540,367624506,191275833,10278161,71077824,95095710,15660072
6,layer4.2.bn1,1323,29260761,False,61262979,367573080,191319460,10354519,70640770,95358642,15674556
0,layer4.2.relu1,4073,29271927,False,61275315,367646628,174903444,10937371,85985820,95874972,28128960
1,layer4.2.relu1,4073,28950095,False,60672939,364032864,174761411,10505829,86079059,92702826,26914248
2,layer4.2.relu1,4073,29176479,False,61108348,366645366,174855288,10724069,85500624,95612982,27820224
3,layer4.2.relu1,4073,28987882,False,60752331,364509210,174788552,10414625,86741108,92582778,26957376
4,layer4.2.relu1,4073,29158194,False,61109674,366653142,174862826,10536195,86118673,95175252,27829116
5,layer4.2.relu1,4073,28847139,False,60457043,362737368,174775776,9681723,85551591,92743944,26985876
6,layer4.2.relu1,4073,28981209,False,60738701,364427382,174870799,10224778,86613376,92748528,26937084
0,layer4.2.conv2,9,27990853,False,58671231,352021614,121871622,1074980,6344043,222750708,35280804
1,layer4.2.conv2,9,27975341,False,58601341,351603006,121877641,905093,6135838,222698796,35241624
2,layer4.2.conv2,9,27941526,False,58565034,351385422,121877889,854794,6019630,222645954,35223996
3,layer4.2.conv2,9,27975547,False,58606353,351633444,121894102,877896,6122751,222752658,35211174
4,layer4.2.conv2,9,27946270,False,58575758,351449796,121917927,865621,5944081,222733734,35301816
5,layer4.2.conv2,9,27949373,False,58581928,351486828,121897989,808179,5933044,222857298,35418918
6,layer4.2.conv2,9,27929171,False,58539137,351230112,121863072,774678,5852975,222748164,35263074
0,layer4.2.bn2,1402,29205444,False,61211587,367262916,202587533,8218325,74834735,81721266,9620664
1,layer4.2.bn2,1402,29206188,False,61210914,367260288,202612552,8232231,73923465,82577574,9877848
2,layer4.2.bn2,1402,29212525,False,61223421,367335828,202571533,8029520,74252568,82572756,9826884
3,layer4.2.bn2,1402,29203528,False,61204039,367219482,202578982,8047230,73954479,82734996,9834096
4,layer4.2.bn2,1402,29275668,False,61355347,368127330,202610426,8120329,73592507,83900424,10591200
5,layer4.2.bn2,1402,29214304,False,61226889,367356618,202581197,8302378,73586872,82978068,9982836
6,layer4.2.bn2,1402,29236737,False,61273950,367638960,202572551,8275514,74579986,82309032,9688170
0,layer4.2.relu2,4103,29272565,False,61350103,368095692,176163680,10298702,86598952,95159838,27658878
1,layer4.2.relu2,4103,28983088,False,60742887,364452588,176073262,9375818,85955523,93146178,26967894
2,layer4.2.relu2,4103,29301104,False,61358542,368146476,176172710,10360974,86674474,95053320,27612660
3,layer4.2.relu2,4103,28968495,False,60712173,364268316,176051504,9314002,85626728,93371706,27021498
4,layer4.2.relu2,4103,29497075,False,61819860,370914366,176174736,11728615,87036939,96072204,28116612
5,layer4.2.relu2,4103,29158777,False,61110150,366656118,176092544,9934982,85536373,95184240,27684546
6,layer4.2.relu2,4103,29358354,False,61528601,369166842,176151901,10868047,86164042,96098682,27857724
0,layer4.2.conv3,25,29498309,False,61828788,370966620,203487081,442275,5771084,161264946,8552472
1,layer4.2.conv3,25,29544789,False,61899525,371392434,203493824,595838,5880041,161424882,8593596
2,layer4.2.conv3,25,29508469,False,61845950,371071014,203461597,468197,5678495,161461650,8560044
3,layer4.2.conv3,25,29485467,False,61797110,370777944,203427895,409805,5424577,161513322,8615370
4,layer4.2.conv3,25,29532455,False,61829816,370974168,203440180,516079,5612221,161407938,8506572
5,layer4.2.conv3,25,29518714,False,61867627,371201058,203493619,486936,5589799,161630844,8670498
6,layer4.2.conv3,25,29477420,False,61781313,370683162,203442445,462332,5342387,161435418,8563764
0,layer4.2.bn3,600,29633142,False,62106257,372632688,212040539,6430728,37285282,116917716,11828820
1,layer4.2.bn3,600,29630928,False,62100890,372600624,212078061,6325770,37429082,116808468,11759460
2,layer4.2.bn3,600,29595219,False,62024749,372143772,212043866,6303768,36980033,116854554,11687928
3,layer4.2.bn3,600,29592201,False,62018265,372104916,212037262,6176480,37032980,116894322,11780370
4,layer4.2.bn3,600,29574894,False,61982491,371890260,212041052,6172413,37263696,116450658,11661222
5,layer4.2.bn3,600,29664602,False,62170407,373017654,212075846,6193699,37221261,117564468,12186606
6,layer4.2.bn3,600,29595640,False,62025317,372147108,212037945,6193104,37036878,116916498,11741766
0,layer4.2.add,1590,29416379,False,61602288,369608598,145935106,3819754,31384873,188520642,31923618
1,layer4.2.add,1590,29366984,False,61547218,369278322,145934674,3693254,31620875,188082390,31750728
2,layer4.2.add,1590,29403544,False,61576015,369451338,145977250,3588076,32545477,187396938,31647408
3,layer4.2.add,1590,29422015,False,61661298,369963054,145927785,3644525,31971876,188470686,31895856
4,layer4.2.add,1590,29432675,False,61683992,370099206,145943100,3896569,32115381,188205276,31759734
5,layer4.2.add,1590,29397260,False,61609821,369653898,145960522,3656074,31546368,188538198,32008698
6,layer4.2.add,1590,29449927,False,61719924,370314840,145994008,3844206,31836588,188693928,32136024
0,layer4.2.relu3,1828,29318983,False,61446486,368674194,156038174,5197207,67821009,139705872,32117862
1,layer4.2.relu3,1828,29315814,False,61439620,368633022,156011286,5273437,67926897,139509882,32143224
2,layer4.2.relu3,1828,29341119,False,61492786,368951748,156054312,5176619,68157461,139652652,32082696
3,layer4.2.relu3,1828,29260099,False,61323063,367933710,155993489,5171803,67512991,139342824,32116986
4,layer4.2.relu3,1828,29340573,False,61450026,368694978,156075083,5201375,67939903,139566390,32153952
5,layer4.2.relu3,1828,29287263,False,61380521,368278392,155996788,5105932,67666259,139601544,32081328
6,layer4.2.relu3,1828,29342605,False,61495616,368968818,156039619,5281578,67695565,140041896,32442942
0,avgpool,936,29547016,False,61926531,371554254,237139411,4229134,65388216,64854396,8366142
1,avgpool,936,29496170,False,61818255,370904466,237101040,4047471,64967215,64841904,8421078
2,avgpool,936,29534845,False,61863069,371173692,237129021,4111284,65141906,64846344,8309058
3,avgpool,936,29456040,False,61732835,370392246,237102425,3978359,64477529,64884564,8315370
4,avgpool,936,29469174,False,61760807,370560138,237118086,4038950,65009087,64448142,8194884
5,avgpool,936,29413473,False,61644532,369862416,237099219,3953301,64985527,63875622,7977618
6,avgpool,936,29488076,False,61800518,370798392,237140887,3988245,64848344,64868208,8346990
0,flatten,5716,27506003,False,57653316,345915180,178905404,9595967,130517497,26947362,7467666
1,flatten,5716,27318707,False,57254241,343520754,178797689,9600140,128912252,26284200,7145886
2,flatten,5716,27501258,False,57541540,345244530,178912746,9004045,131412070,25992024,7276230
3,flatten,5716,27453337,False,57536459,345214062,178825360,8748164,132858794,24857382,7077246
4,flatten,5716,27556817,False,57752627,346510854,178912000,9893973,129077133,28704318,7871640
5,flatten,5716,27454702,False,57539010,345229356,178789880,8951805,131617802,25937826,7296978
6,flatten,5716,27507801,False,57650246,345896724,178899340,9034150,131903588,26130654,7251762
0,fc,74,29074170,False,60891526,365344386,32437311,333854,11452840,321115722,243623232
1,fc,74,29002169,False,60786670,364715118,32375270,305830,11005506,321023298,243579318
2,fc,74,29046874,False,60836161,365011902,32385515,285400,11136535,321198216,243790686
3,fc,74,29030250,False,60844651,365063160,32398903,272875,10939254,321445788,243904806
4,fc,74,29029305,False,60841859,365046378,32373237,269025,11095922,321301986,243869034
5,fc,74,29023066,False,60829007,364969218,32389873,289781,10930318,321353004,243855018
6,fc,74,29006714,False,60794419,364761834,32376973,241808,11063997,321072012,243626808
