rep,layer,calls,ns,multiplexed,cycles,tdg_slots,tdg_retiring,tdg_bad_spec,tdg_fe_bound,tdg_be_bound,tdg_mem_bound
0,conv1,1,2456209,False,5109446,30649074,8761001,318048,2547772,19020696,4392594
1,conv1,1,2457076,False,5118393,30704310,8738682,231846,2511372,19216188,4530312
2,conv1,1,2359277,False,4910832,29459670,8737679,176907,1678336,18859716,4277748
3,conv1,1,2358768,False,4919185,29508396,8738197,175224,1748826,18837636,4261122
4,conv1,1,2261194,False,4732652,28389690,8745917,149708,1200827,18283542,3857682
5,conv1,1,2282211,False,4748452,28484766,8736809,123448,1272159,18340374,3896742
6,conv1,1,2236769,False,4674123,28039032,8744400,102867,972774,18207780,3787650
0,bn1,1,368797,False,796946,4775868,1305181,118054,419693,2923830,1650144
1,bn1,1,542820,False,1170776,7019100,1312327,116565,800937,4776744,2841732
2,bn1,1,485797,False,1045862,6269868,1304913,95154,458531,4398960,2521884
3,bn1,1,477117,False,1026758,6155106,1312911,74198,382308,4372734,2489748
4,bn1,1,461182,False,989670,5932650,1304738,58507,291242,4267044,2405022
5,bn1,1,453047,False,972125,5826840,1304771,54201,264172,4190928,2333268
6,bn1,1,485096,False,1043692,6254100,1314359,67220,480378,4380690,2484852
0,relu,1,202599,False,448361,2685360,503960,33738,364836,1768416,909264
1,relu,1,202935,False,446377,2672520,503867,24112,352201,1780254,920892
2,relu,1,197206,False,433073,2592630,503763,10109,290138,1775922,908478
3,relu,1,210152,False,462148,2767146,503781,7100,336016,1906254,1053900
4,relu,1,205706,False,451000,2700102,503776,7102,303759,1870944,1013058
5,relu,1,205110,False,447800,2681790,503753,7102,283048,1875642,1013550
6,relu,1,203168,False,444571,2662248,503776,6017,287709,1852464,995772
0,maxpool,1,10175554,False,21343652,128055528,40392578,46831063,35784603,6601944,393774
1,maxpool,1,10275346,False,21548659,129286230,40389050,47730381,35986844,6769650,408726
2,maxpool,1,10233856,False,21466280,128792592,40398138,46430448,36681558,6834486,563274
3,maxpool,1,10226145,False,21448554,128686260,40388565,46644538,36376163,6838068,571230
4,maxpool,1,10170155,False,21332755,127991406,40391788,46519948,35837437,6793980,562614
5,maxpool,1,10173296,False,21337653,128020818,40388657,46651030,35723050,6803178,593808
6,maxpool,1,10211018,False,21418118,128502786,40395915,47540366,35252099,6876318,608454
0,layer1.0.conv1,1,286865,False,576234,3450894,1525996,58474,496786,1356684,224220
1,layer1.0.conv1,1,302876,False,618677,3705186,1533652,43172,588356,1525560,311082
2,layer1.0.conv1,1,293317,False,582269,3488646,1535246,25806,426840,1488588,309048
3,layer1.0.conv1,1,288080,False,574135,3439050,1533678,13845,347494,1530048,356934
4,layer1.0.conv1,1,282170,False,569779,3413304,1533258,14359,340826,1511724,327570
5,layer1.0.conv1,1,3384691,False,815074,4884990,1541943,17120,750677,2563122,695106
6,layer1.0.conv1,1,312642,False,639907,3833574,1525644,13871,596957,1685082,343062
0,layer1.0.bn1,1,160802,False,383392,2294442,417455,111669,524346,1230972,731376
1,layer1.0.bn1,1,155849,False,346733,2075610,401614,67492,340394,1254594,752256
2,layer1.0.bn1,1,147110,False,335103,2005272,409173,53736,290252,1240662,737364
3,layer1.0.bn1,1,171949,False,381107,2279070,401438,41440,466295,1358064,851568
4,layer1.0.bn1,1,160741,False,362910,2172114,408647,36316,264181,1451148,915366
5,layer1.0.bn1,1,158040,False,350929,2099622,409069,33891,244675,1400250,868734
6,layer1.0.bn1,1,156693,False,347883,2081664,401318,33834,268738,1366182,849198
0,layer1.0.relu1,1,90621,False,210764,1258464,165058,29789,318437,731514,480594
1,layer1.0.relu1,1,83956,False,193116,1153698,164977,18639,218715,739284,490944
2,layer1.0.relu1,1,88388,False,202219,1207440,174707,16555,239081,761652,501528
3,layer1.0.relu1,1,80498,False,185141,1104468,165145,13053,212262,701760,449442
4,layer1.0.relu1,1,83234,False,192188,1147548,164132,19427,223817,728334,477744
5,layer1.0.relu1,1,76881,False,178031,1062636,163154,8741,164654,713862,464904
6,layer1.0.relu1,1,78998,False,181738,1084596,163094,7683,169743,731016,469284
0,layer1.0.conv2,1,2105100,False,4400836,26399712,13539430,221977,6448318,6184290,2092200
1,layer1.0.conv2,1,2203112,False,4586658,27513162,13541255,202555,7136968,6626310,2522442
2,layer1.0.conv2,1,2124672,False,4440334,26636448,13543641,194919,6429486,6460668,2345322
3,layer1.0.conv2,1,2106115,False,4366336,26192142,13542233,136667,6160248,6342522,2235696
4,layer1.0.conv2,1,2092394,False,4361522,26163750,13552089,137938,6217565,6246084,2137278
5,layer1.0.conv2,1,2130404,False,4451394,26703420,13543477,131900,6620256,6397746,2295300
6,layer1.0.conv2,1,2090075,False,4345947,26070420,13541151,123149,6157563,6239034,2144724
0,layer1.0.bn2,1,148708,False,333543,1993980,400626,86870,407425,1086636,636750
1,layer1.0.bn2,1,143102,False,318941,1908300,400430,61280,340426,1094160,648990
2,layer1.0.bn2,1,157923,False,350630,2097768,407878,53586,407287,1217076,727926
3,layer1.0.bn2,1,147613,False,327097,1957062,409775,47320,287955,1200756,719850
4,layer1.0.bn2,1,136994,False,311996,1866744,407438,35347,248165,1162200,685212
5,layer1.0.bn2,1,135874,False,303592,1816224,400237,32346,209938,1161114,677232
6,layer1.0.bn2,1,136989,False,304591,1822200,400205,30683,224407,1154154,678240
0,layer1.0.relu2,1,97653,False,225546,1347678,163318,36295,420807,715176,457974
1,layer1.0.relu2,1,87483,False,200811,1199514,163276,27373,249451,745818,485106
2,layer1.0.relu2,1,86729,False,200374,1196400,163227,11720,214858,793554,521490
3,layer1.0.relu2,1,85972,False,198074,1182840,163203,7177,177255,818796,546654
4,layer1.0.relu2,1,87657,False,201285,1201122,163217,6680,228563,786744,519870
5,layer1.0.relu2,1,86405,False,197397,1179180,163202,6124,180834,816798,547248
6,layer1.0.relu2,1,88167,False,200536,1197690,163299,5955,179955,833124,567864
0,layer1.0.conv3,1,994802,False,2071282,12421284,5259669,66750,585954,6495756,1069884
1,layer1.0.conv3,1,4052852,False,2057536,12339366,5269502,54160,667174,6335898,990810
2,layer1.0.conv3,1,973661,False,2026892,12156462,5259603,28752,501062,6355512,1012524
3,layer1.0.conv3,1,987749,False,2040342,12236130,5259546,27776,492275,6445068,1063608
4,layer1.0.conv3,1,987685,False,2059203,12349698,5261645,31968,598221,6446340,1048854
5,layer1.0.conv3,1,980341,False,2030765,12179382,5260277,25527,473124,6409038,1041330
6,layer1.0.conv3,1,1079019,False,2254460,13520520,5269289,33756,807475,7398816,1268916
0,layer1.0.bn3,1,421988,False,917167,5495286,1315002,135218,534771,3498138,2105214
1,layer1.0.bn3,1,450598,False,973629,5833998,1322263,120722,607178,3772662,2052924
2,layer1.0.bn3,1,427890,False,921871,5525970,1324331,99810,383052,3706740,1970556
3,layer1.0.bn3,1,462428,False,995613,5966586,1322100,94037,525181,4013970,2205828
4,layer1.0.bn3,1,443196,False,951465,5703600,1323949,85608,345840,3937746,2144868
5,layer1.0.bn3,1,438653,False,943358,5654928,1314595,78409,312295,3938652,2165760
6,layer1.0.bn3,1,508875,False,1096637,6573522,1324282,88898,625370,4522830,2617068
0,layer1.0.downsample.0,1,981305,False,2027062,12156480,5261398,52659,519590,6310302,914352
1,layer1.0.downsample.0,1,1011392,False,2103416,12613920,5259944,39215,645933,6656964,1026060
2,layer1.0.downsample.0,1,997485,False,2060305,12356376,5260220,27649,447545,6608508,1033776
3,layer1.0.downsample.0,1,1016940,False,2096149,12569286,5259404,25877,588377,6681312,1063494
4,layer1.0.downsample.0,1,1011437,False,2071961,12426522,5260205,23280,440209,6691002,1091394
5,layer1.0.downsample.0,1,1074188,False,2230799,13375872,5262010,27266,733837,7340556,1235472
6,layer1.0.downsample.0,1,1056205,False,2199050,13188090,5259374,24220,483388,7409826,1284948
0,layer1.0.downsample.1,1,511346,False,1104866,6619722,1323244,143119,777274,4366578,2485260
1,layer1.0.downsample.1,1,476722,False,1026085,6151068,1314892,107539,456503,4261032,2394918
2,layer1.0.downsample.1,1,484739,False,1043103,6249672,1322292,100126,462460,4355040,2488896
3,layer1.0.downsample.1,1,476794,False,1025155,6144942,1323994,84639,329038,4396818,2510472
4,layer1.0.downsample.1,1,541451,False,1168784,7006446,1314965,103784,703672,4871130,2970030
5,layer1.0.downsample.1,1,494654,False,1062613,6370422,1324922,89348,443241,4502280,2589726
6,layer1.0.downsample.1,1,470549,False,1008844,6048366,1314552,79819,347781,4295808,2426268
0,layer1.0.add,1,395859,False,862448,5167398,554270,35621,268362,4295280,2835138
1,layer1.0.add,1,388170,False,838127,5023020,563779,25211,194495,4226604,2766888
2,layer1.0.add,1,418736,False,863607,5175642,567307,19931,231462,4343946,2869632
3,layer1.0.add,1,385523,False,830845,4979496,554298,12155,143197,4255170,2795580
4,layer1.0.add,1,438201,False,948387,5683026,560351,12255,341714,4755366,3249480
5,layer1.0.add,1,421566,False,910239,5456046,552309,7601,156677,4724496,3224166
6,layer1.0.add,1,437945,False,945699,5667582,560077,14087,293167,4786674,3276108
0,layer1.0.relu3,1,209766,False,465322,2786946,503931,31588,380929,1857630,1017474
1,layer1.0.relu3,1,203421,False,450363,2695824,503840,17723,318202,1841754,999486
2,layer1.0.relu3,1,218784,False,481755,2884422,511290,12022,383477,1964268,1103664
3,layer1.0.relu3,1,211931,False,466375,2792238,513383,11672,308996,1945662,1091406
4,layer1.0.relu3,1,265189,False,583478,3494616,503853,10539,414112,2554038,1593816
5,layer1.0.relu3,1,258052,False,565286,3386184,503782,7417,302960,2557362,1592640
6,layer1.0.relu3,1,267219,False,587120,3514872,511400,14385,429545,2546496,1587282
0,layer1.1.conv1,1,898083,False,1868906,11207652,5647767,71173,543957,4934286,533472
1,layer1.1.conv1,1,916542,False,1890647,11338356,5649611,50921,637012,4988130,555582
2,layer1.1.conv1,1,895636,False,1858115,11142924,5647834,42683,470766,4969404,548496
3,layer1.1.conv1,1,934596,False,1882398,11289156,5648797,43403,555424,5027934,596712
4,layer1.1.conv1,1,902720,False,1856051,11130876,5646147,35884,430496,5005626,582612
5,layer1.1.conv1,1,4000933,False,2106928,12635748,5657567,48874,1037302,5880864,1037232
6,layer1.1.conv1,1,950573,False,1953831,11718042,5646959,30205,684879,5342010,727572
0,layer1.1.bn1,1,162055,False,362300,2167242,401296,79834,388044,1287000,787980
1,layer1.1.bn1,1,174411,False,385952,2309352,401314,61975,539008,1291866,790686
2,layer1.1.bn1,1,160869,False,357048,2136912,401221,47105,347656,1328112,817092
3,layer1.1.bn1,1,165488,False,365765,2189244,401169,39565,376309,1360740,851892
4,layer1.1.bn1,1,156030,False,347595,2080176,401196,32554,234509,1395714,878868
5,layer1.1.bn1,1,187096,False,414149,2478114,407575,42227,549451,1465572,944892
6,layer1.1.bn1,1,167374,False,371448,2223390,408529,34844,274076,1492626,954084
0,layer1.1.relu1,1,89711,False,209183,1248924,165032,27403,334136,708606,461430
1,layer1.1.relu1,1,84766,False,195846,1169814,164974,17577,213615,759186,506460
2,layer1.1.relu1,1,86607,False,199449,1191384,172682,9591,211026,785034,521382
3,layer1.1.relu1,1,86804,False,198599,1185330,164961,7428,247047,753498,497988
4,layer1.1.relu1,1,85524,False,196291,1172532,164933,5856,168984,819522,555534
5,layer1.1.relu1,1,85848,False,196668,1174704,164929,5919,168318,822222,559128
6,layer1.1.relu1,1,92275,False,212026,1265700,164952,7477,291349,788748,529944
0,layer1.1.conv2,1,2112560,False,4413226,26472318,13543169,261390,6498284,6164202,2054802
1,layer1.1.conv2,1,2080948,False,4352636,26110362,13537579,170602,6292840,6101310,2008494
2,layer1.1.conv2,1,2081002,False,4320439,25917270,13539291,132660,6210951,6025008,1947960
3,layer1.1.conv2,1,2128698,False,4441675,26642376,13541191,156693,6688042,6247950,2148960
4,layer1.1.conv2,1,2097625,False,4348613,26086332,13539027,130826,6192831,6212694,2107356
5,layer1.1.conv2,1,2067643,False,4321243,25922172,13541023,119478,6085007,6166524,2068194
6,layer1.1.conv2,1,2070946,False,4301143,25801428,13537116,114213,6144146,5996046,1920618
0,layer1.1.bn2,1,178180,False,399436,2389788,408195,95673,684996,1191402,707634
1,layer1.1.bn2,1,151699,False,349482,2091018,409681,67791,382571,1218654,721314
2,layer1.1.bn2,1,146159,False,325188,1945590,400301,38726,263384,1229640,744294
3,layer1.1.bn2,1,141243,False,315903,1889616,400307,30384,241683,1204278,718134
4,layer1.1.bn2,1,180900,False,401015,2400516,400373,36030,509475,1440426,932100
5,layer1.1.bn2,1,158618,False,354564,2121462,400339,37387,270936,1399122,877410
6,layer1.1.bn2,1,158542,False,351198,2101578,400337,31416,222449,1435260,900030
0,layer1.1.relu2,1,79838,False,185268,1106268,165119,26259,222852,679320,435384
1,layer1.1.relu2,1,79457,False,182160,1087176,165042,20584,203652,684690,438378
2,layer1.1.relu2,1,92034,False,211116,1259016,165084,16935,329960,735174,476628
3,layer1.1.relu2,1,89895,False,204022,1219218,165125,13630,220982,806508,536298
4,layer1.1.relu2,1,84068,False,194039,1158708,163448,8467,188008,785346,523404
5,layer1.1.relu2,1,86760,False,199142,1189530,172321,9782,182524,810936,538722
6,layer1.1.relu2,1,86799,False,199355,1189866,163171,7116,240528,765690,505806
0,layer1.1.conv3,1,1009798,False,2074126,12438732,5259635,58658,648766,6459696,1013730
1,layer1.1.conv3,1,988895,False,2046851,12275820,5261759,42924,530059,6429696,1047450
2,layer1.1.conv3,1,980720,False,2034432,12201294,5259508,25152,482005,6422952,1063926
3,layer1.1.conv3,1,992706,False,2028019,12162396,5261838,22640,458869,6406740,1071000
4,layer1.1.conv3,1,1086178,False,2239509,13430520,5268526,29095,789184,7330944,1258554
5,layer1.1.conv3,1,1059694,False,2201116,13201152,5260029,24543,501096,7401960,1315530
6,layer1.1.conv3,1,1049455,False,2193027,13152282,5261562,24508,477111,7377420,1281240
0,layer1.1.bn3,1,415273,False,900538,5396712,1323598,122823,519352,3420552,2000922
1,layer1.1.bn3,1,475638,False,1024664,6141486,1314102,104285,622866,4089870,2275494
2,layer1.1.bn3,1,456556,False,982422,5888958,1313968,90088,341485,4131930,2332356
3,layer1.1.bn3,1,454342,False,976093,5851224,1322165,86421,321241,4109844,2285142
4,layer1.1.bn3,1,442209,False,957992,5742570,1321393,87401,311832,4010604,2218902
5,layer1.1.bn3,1,463787,False,996546,5973906,1313942,82945,379039,4187376,2395644
6,layer1.1.bn3,1,437916,False,942439,5649324,1314131,78427,296682,3948138,2155248
0,layer1.1.add,1,357045,False,773134,4632888,554403,31619,244888,3788994,2377302
1,layer1.1.add,1,355971,False,768545,4605246,563139,30680,241796,3756432,2340486
2,layer1.1.add,1,351820,False,758094,4543092,554285,16563,173778,3785670,2374428
3,layer1.1.add,1,371967,False,802896,4811226,554243,9927,187491,4046028,2610576
4,layer1.1.add,1,371470,False,800364,4796742,561920,8681,136101,4076466,2630586
5,layer1.1.add,1,364974,False,794391,4760592,561631,9574,140888,4036332,2577726
6,layer1.1.add,1,364301,False,783609,4696278,554216,6308,110307,4012614,2576616
0,layer1.1.relu3,1,200125,False,442127,2647410,502135,28247,342107,1762230,918588
1,layer1.1.relu3,1,199514,False,437890,2621952,502050,15901,303150,1788582,942600
2,layer1.1.relu3,1,258580,False,569834,3412458,502002,10647,409734,2475984,1520874
3,layer1.1.relu3,1,256752,False,563176,3373590,501996,8961,319630,2530536,1570074
4,layer1.1.relu3,1,251901,False,552073,3306522,502055,10136,300382,2481852,1522194
5,layer1.1.relu3,1,250991,False,550082,3294600,502050,9669,311323,2458218,1506660
6,layer1.1.relu3,1,255088,False,556766,3335238,511418,10654,312811,2486742,1521216
0,layer1.2.conv1,1,965586,False,1987461,11916294,5649490,70142,856729,5328996,702516
1,layer1.2.conv1,1,932746,False,1918905,11508048,5647899,46535,502279,5299800,706836
2,layer1.2.conv1,1,913477,False,1893965,11358270,5639542,28232,387296,5291604,712260
3,layer1.2.conv1,1,911521,False,1895245,11366472,5647740,24540,381710,5299806,736218
4,layer1.2.conv1,1,926805,False,1922574,11528406,5647077,27779,535769,5305044,721098
5,layer1.2.conv1,1,908956,False,1886846,11315718,5640321,22632,362721,5278314,712464
6,layer1.2.conv1,1,919698,False,1893933,11358090,5648955,25920,389368,5282280,732720
0,layer1.2.bn1,1,157899,False,352342,2108508,401100,76148,446001,1174920,687276
1,layer1.2.bn1,1,173065,False,383990,2297094,408376,72203,527754,1277322,774114
2,layer1.2.bn1,1,161515,False,359762,2152476,411501,52608,359835,1317126,811038
3,layer1.2.bn1,1,150916,False,335343,2006388,400697,33203,259741,1300050,797088
4,layer1.2.bn1,1,147330,False,327755,1961016,400694,33933,236512,1277418,784212
5,layer1.2.bn1,1,144588,False,322109,1927434,400719,33291,226823,1254924,752682
6,layer1.2.bn1,1,179183,False,396532,2372844,400830,45689,530311,1382790,864696
0,layer1.2.relu1,1,82981,False,191938,1146816,163273,27853,264267,677814,436038
1,layer1.2.relu1,1,88495,False,204853,1222656,163213,22845,316043,709008,460692
2,layer1.2.relu1,1,82958,False,189454,1131318,163217,13999,192494,749568,494664
3,layer1.2.relu1,1,84319,False,192596,1150164,163108,5997,179054,787770,536142
4,layer1.2.relu1,1,85788,False,197571,1180068,163148,5228,203696,794490,538278
5,layer1.2.relu1,1,83579,False,191435,1143222,163114,6591,160147,800112,543984
6,layer1.2.relu1,1,85724,False,195879,1169586,170774,6899,179565,798720,537156
0,layer1.2.conv2,1,2105432,False,4403629,26416452,13538409,241340,6469645,6161346,2069400
1,layer1.2.conv2,1,2186060,False,4563776,27374670,13537660,178241,7112535,6538482,2425980
2,layer1.2.conv2,1,2117868,False,4393550,26356458,13539027,160662,6216765,6426264,2314446
3,layer1.2.conv2,1,2087729,False,4350795,26099430,13539315,135650,6167295,6247710,2158314
4,layer1.2.conv2,1,2084327,False,4325481,25947588,13538923,129231,6075137,6195684,2094366
5,layer1.2.conv2,1,2152984,False,4470536,26816808,13539417,131870,6722546,6413406,2309208
6,layer1.2.conv2,1,2087716,False,4357134,26136618,13538553,143557,6203518,6241530,2143038
0,layer1.2.bn2,1,148891,False,333001,1992234,400774,86865,401705,1092558,631818
1,layer1.2.bn2,1,139747,False,310757,1859160,400498,56420,326607,1063818,617304
2,layer1.2.bn2,1,134985,False,299508,1791732,400295,36294,267878,1074780,624102
3,layer1.2.bn2,1,146193,False,324323,1939986,400565,41135,334163,1151742,680808
4,layer1.2.bn2,1,138151,False,306554,1834242,398508,33133,227696,1161948,684072
5,layer1.2.bn2,1,134189,False,298278,1784328,398145,32261,224854,1116294,644346
6,layer1.2.bn2,1,131959,False,293397,1754952,398012,27799,192671,1124820,649806
0,layer1.2.relu2,1,99924,False,231002,1377456,165197,38244,439226,720690,458724
1,layer1.2.relu2,1,89978,False,206435,1231764,165087,17988,224786,808524,541536
2,layer1.2.relu2,1,88277,False,201541,1204374,165053,9729,199549,816642,549102
3,layer1.2.relu2,1,89061,False,203825,1217502,165037,7321,193574,837552,567054
4,layer1.2.relu2,1,87868,False,199783,1193256,165055,5547,169920,840498,568026
5,layer1.2.relu2,1,92423,False,211887,1263960,165096,8874,290513,787494,525204
6,layer1.2.relu2,1,86007,False,197980,1182912,165021,5296,163337,836868,563646
0,layer1.2.conv3,1,1000285,False,2082536,12489402,5261255,59601,653700,6504336,1035516
1,layer1.2.conv3,1,985999,False,2053993,12318642,5260057,47503,510364,6490152,1082238
2,layer1.2.conv3,1,1011218,False,2076863,12455586,5260137,34844,625073,6524430,1069938
3,layer1.2.conv3,1,994137,False,2051990,12306222,5261071,28183,459654,6546054,1124322
4,layer1.2.conv3,1,991542,False,2039707,12232386,5259703,24245,407144,6478044,1097730
5,layer1.2.conv3,1,971006,False,2019659,12113034,5260866,22457,412665,6405678,1046904
6,layer1.2.conv3,1,990042,False,2051664,12304194,5259936,28562,605945,6398490,1005744
0,layer1.2.bn3,1,401445,False,868146,5203176,1311854,108912,487261,3285420,1957026
1,layer1.2.bn3,1,398709,False,856929,5136042,1320770,98340,400923,3306012,1931136
2,layer1.2.bn3,1,394237,False,848063,5082486,1319265,92487,358262,3302484,1984308
3,layer1.2.bn3,1,391450,False,842106,5047128,1319779,82682,317872,3316008,1965540
4,layer1.2.bn3,1,504439,False,1087559,6517644,1311618,94833,629743,4471764,2545218
5,layer1.2.bn3,1,490473,False,1053729,6317022,1318972,78492,466835,4442430,2619870
6,layer1.2.bn3,1,484162,False,1040830,6239724,1311491,75972,326420,4515180,2609886
0,layer1.2.add,1,352219,False,763745,4577088,572382,28203,228226,3736494,2318010
1,layer1.2.add,1,389096,False,845632,5067432,554338,26173,327774,4142214,2694558
2,layer1.2.add,1,379876,False,819571,4912062,554247,12284,186411,4147044,2694228
3,layer1.2.add,1,374247,False,809063,4848828,554233,7712,140902,4130400,2678844
4,layer1.2.add,1,378404,False,815015,4884666,561903,9455,169493,4131684,2680080
5,layer1.2.add,1,385547,False,831133,4980696,554239,7231,217576,4189554,2735658
6,layer1.2.add,1,376469,False,813416,4875024,554251,8201,149079,4150194,2698380
0,layer1.2.relu3,1,204108,False,450083,2694984,503960,22547,363284,1791672,952764
1,layer1.2.relu3,1,200820,False,440177,2635398,503874,13393,315562,1790148,942600
2,layer1.2.relu3,1,198701,False,437066,2617026,503885,10984,291260,1797594,956250
3,layer1.2.relu3,1,265168,False,582138,3485220,511615,9577,383872,2567022,1598376
4,layer1.2.relu3,1,261163,False,571490,3423474,511237,11004,312140,2576952,1606710
5,layer1.2.relu3,1,252534,False,564006,3378162,513019,12405,304811,2535900,1571640
6,layer1.2.relu3,1,252440,False,551108,3301092,503980,8442,298762,2476296,1524510
0,layer2.0.conv1,1,1756819,False,3649062,21888456,11213410,75395,826822,9760734,832386
1,layer2.0.conv1,1,1668563,False,3484833,20903526,11205003,60154,535666,9091962,531318
2,layer2.0.conv1,1,1677017,False,3470196,20813598,11211199,38048,462022,9089886,552888
3,layer2.0.conv1,1,1650111,False,3448518,20685522,11204253,35894,401188,9032664,516822
4,layer2.0.conv1,1,1678961,False,3507761,21039630,11214409,40419,552908,9220830,590796
5,layer2.0.conv1,1,1660233,False,3463339,20774574,11214000,36779,432596,9078402,538272
6,layer2.0.conv1,1,1660058,False,3440423,20637024,11204719,36224,381159,9002592,496602
0,layer2.0.bn1,1,232038,False,510417,3056466,703185,91526,417636,1834104,1094766
1,layer2.0.bn1,1,301116,False,660936,3957312,712145,87150,691826,2454894,1455888
2,layer2.0.bn1,1,267771,False,585749,3509154,702979,61700,392085,2341308,1370520
3,layer2.0.bn1,1,265028,False,579090,3468870,702848,54808,287634,2412030,1458822
4,layer2.0.bn1,1,281317,False,617058,3696060,702815,53376,439704,2487792,1505838
5,layer2.0.bn1,1,271857,False,594943,3564030,702866,52469,320528,2476554,1501128
6,layer2.0.bn1,1,287819,False,629600,3770232,712357,52564,462732,2531178,1550796
0,layer2.0.relu1,1,120229,False,273494,1635948,278068,27946,281725,1035660,597108
1,layer2.0.relu1,1,155571,False,347849,2080140,278053,22701,429138,1336152,846816
2,layer2.0.relu1,1,149817,False,334868,2003658,285753,15927,278762,1410924,905076
3,layer2.0.relu1,1,148547,False,332185,1986756,278089,13830,339519,1340496,845952
4,layer2.0.relu1,1,140091,False,313255,1874262,277970,6608,200181,1376934,872814
5,layer2.0.relu1,1,143252,False,320540,1916916,278011,8549,239147,1378386,876648
6,layer2.0.relu1,1,139992,False,311398,1862640,278009,5625,206148,1359120,858702
0,layer2.0.conv2,1,2361636,False,4924268,29538288,12840890,263241,5762016,10666176,3688212
1,layer2.0.conv2,1,2435689,False,5104138,30618294,12851950,219675,5916241,11625018,4613658
2,layer2.0.conv2,1,2315349,False,4827795,28961268,12842520,166268,5141039,10803882,3803394
3,layer2.0.conv2,1,2327271,False,4872127,29226504,12850556,158493,5401598,10805226,3823434
4,layer2.0.conv2,1,2282885,False,4749137,28488078,12843879,148441,5042114,10445826,3464250
5,layer2.0.conv2,1,2298692,False,4790388,28735416,12843736,163963,5336270,10382136,3397092
6,layer2.0.conv2,1,2446050,False,5105303,30625380,12848743,167444,5802882,11797224,4753182
0,layer2.0.bn2,1,114517,False,260008,1553610,253369,74981,403008,809070,530130
1,layer2.0.bn2,1,125809,False,282843,1691316,260638,61041,540795,818532,536838
2,layer2.0.bn2,1,110564,False,260528,1557660,262247,35606,347937,900270,601542
3,layer2.0.bn2,1,115148,False,258306,1545030,252886,24356,361451,894186,614916
4,layer2.0.bn2,1,108796,False,244975,1464516,252801,19137,238375,942150,647850
5,layer2.0.bn2,1,113171,False,255529,1526292,252856,18085,339508,902808,621828
6,layer2.0.bn2,1,111880,False,251505,1503300,260874,18935,241307,967854,668190
0,layer2.0.relu2,1,60431,False,143893,858078,108682,25052,200814,510840,365574
1,layer2.0.relu2,1,61124,False,145452,867060,108597,19164,215162,510762,362256
2,layer2.0.relu2,1,67896,False,159427,948918,108608,11807,311824,504684,357300
3,layer2.0.relu2,1,60431,False,143518,855528,108572,5718,148814,579354,421176
4,layer2.0.relu2,1,62482,False,148091,882084,108584,8740,217584,534084,386748
5,layer2.0.relu2,1,60681,False,145119,864060,108605,8105,155763,579618,428004
6,layer2.0.relu2,1,62380,False,147423,879000,108567,5554,153000,599478,441210
0,layer2.0.conv3,1,3976569,False,1997996,11982738,5290255,59222,772287,5846502,1042650
1,layer2.0.conv3,1,937682,False,1946188,11671680,5282513,38701,590313,5749098,980460
2,layer2.0.conv3,1,925390,False,1911390,11462352,5284910,30420,449957,5684406,937872
3,layer2.0.conv3,1,917566,False,1903574,11416758,5281869,26951,440802,5655648,904956
4,layer2.0.conv3,1,916694,False,1889707,11332758,5274857,18383,386038,5641974,902460
5,layer2.0.conv3,1,995290,False,2043412,12254148,5284207,27303,730984,6200334,1307778
6,layer2.0.conv3,1,951636,False,1958874,11747478,5282536,23650,450982,5977926,1157046
0,layer2.0.bn3,1,236906,False,523392,3133962,723990,71309,424352,1902570,1157898
1,layer2.0.bn3,1,230723,False,506445,3032892,723723,54362,361751,1882200,1133964
2,layer2.0.bn3,1,278045,False,610228,3652764,723763,51622,529398,2335596,1374414
3,layer2.0.bn3,1,266511,False,583259,3494136,731195,39835,335206,2375526,1422972
4,layer2.0.bn3,1,260001,False,567632,3400122,731311,36148,302657,2318058,1356702
5,layer2.0.bn3,1,248663,False,544340,3260340,723509,28071,255099,2241738,1307034
6,layer2.0.bn3,1,264107,False,579024,3468792,723524,33170,401281,2298852,1341618
0,layer2.0.downsample.0,1,2419537,False,5032184,30185586,11225057,230249,1512171,17212872,7098018
1,layer2.0.downsample.0,1,2388901,False,4987906,29921196,11228303,180719,1335941,17168598,7056984
2,layer2.0.downsample.0,1,2377164,False,4929094,29568906,11214064,153056,1108512,17083860,6981318
3,layer2.0.downsample.0,1,5395423,False,4988034,29923458,11234516,166943,1406304,17108916,7003386
4,layer2.0.downsample.0,1,2581519,False,5369332,32209452,11231323,170880,2133963,18661626,8427594
5,layer2.0.downsample.0,1,2477000,False,5156043,30930918,11218974,147310,1293930,18262068,8024244
6,layer2.0.downsample.0,1,2449078,False,5102605,30610200,11227601,142121,1231370,17997300,7793586
0,layer2.0.downsample.1,1,273097,False,611880,3663588,732241,117838,695199,2068686,1150260
1,layer2.0.downsample.1,1,263837,False,578383,3465576,723899,74621,489789,2166864,1230120
2,layer2.0.downsample.1,1,251257,False,550550,3298134,724014,52809,377777,2132058,1229736
3,layer2.0.downsample.1,1,266035,False,582179,3486348,731540,51599,415220,2276748,1333800
4,layer2.0.downsample.1,1,254258,False,555406,3326370,733350,38849,345321,2196336,1298136
5,layer2.0.downsample.1,1,243029,False,531531,3183864,723790,35871,276329,2133726,1246116
6,layer2.0.downsample.1,1,240003,False,524416,3141798,723731,32331,220786,2150766,1231788
0,layer2.0.add,1,186195,False,413702,2476800,303367,30074,235205,1894530,1181034
1,layer2.0.add,1,243000,False,539116,3228672,312869,27525,384971,2489538,1716078
2,layer2.0.add,1,232934,False,513341,3074742,303253,17812,174835,2566956,1787496
3,layer2.0.add,1,228316,False,503682,3016698,303273,12197,175197,2513964,1743120
4,layer2.0.add,1,222321,False,489326,2930670,303243,9250,128163,2477370,1708116
5,layer2.0.add,1,238772,False,525443,3146298,303236,10667,256756,2563542,1790052
6,layer2.0.add,1,237026,False,520241,3116130,312828,10866,187243,2592084,1804278
0,layer2.0.relu3,1,130801,False,294726,1763034,278026,27377,271384,1174434,713868
1,layer2.0.relu3,1,127611,False,285344,1705950,278027,21538,258655,1130556,680064
2,layer2.0.relu3,1,123128,False,275913,1650102,277987,10505,216432,1132914,678540
3,layer2.0.relu3,1,134763,False,302586,1809096,277949,11677,286231,1219950,745176
4,layer2.0.relu3,1,131802,False,294385,1760412,277978,7405,200757,1261992,779142
5,layer2.0.relu3,1,129051,False,287387,1719066,277939,7552,191505,1230114,754902
6,layer2.0.relu3,1,126544,False,282443,1689144,277948,6369,198175,1194318,717600
0,layer2.1.conv1,1,900875,False,1861447,11162112,5701309,68042,686371,4692732,412320
1,layer2.1.conv1,1,888895,False,1823227,10934022,5704440,45847,472718,4700022,418176
2,layer2.1.conv1,1,880022,False,1811324,10862622,5702726,34511,426301,4686300,407976
3,layer2.1.conv1,1,875328,False,1799864,10793388,5703931,27916,400157,4648110,375690
4,layer2.1.conv1,1,877874,False,1793902,10757982,5702693,26575,358585,4658274,386346
5,layer2.1.conv1,1,909670,False,1884379,11299872,5702369,31852,681321,4872024,557448
6,layer2.1.conv1,1,902467,False,1845924,11070120,5704726,26628,446977,4879008,573108
0,layer2.1.bn1,1,109864,False,250474,1496298,254258,88647,430850,711654,446976
1,layer2.1.bn1,1,104805,False,236121,1411752,254073,59943,358028,728946,468564
2,layer2.1.bn1,1,112875,False,253114,1513926,254063,39230,459352,749964,489918
3,layer2.1.bn1,1,103956,False,233870,1397820,254040,28477,307586,794598,525792
4,layer2.1.bn1,1,102662,False,230942,1380198,259554,21347,291453,795840,526410
5,layer2.1.bn1,1,98973,False,223874,1337436,251635,16253,234014,821250,561684
6,layer2.1.bn1,1,102287,False,230202,1375782,251696,14544,212947,884490,609894
0,layer2.1.relu1,1,64834,False,156100,928212,108681,27880,327742,451266,311388
1,layer2.1.relu1,1,60843,False,143337,855282,108618,23020,200884,509898,366852
2,layer2.1.relu1,1,58759,False,147302,878490,115894,14688,160359,532662,389310
3,layer2.1.relu1,1,57862,False,137323,818580,108548,8298,155237,532068,385248
4,layer2.1.relu1,1,69205,False,175493,1045740,117967,16504,342622,555372,397092
5,layer2.1.relu1,1,62630,False,148112,883242,108537,9208,183908,568380,418824
6,layer2.1.relu1,1,59991,False,141623,844326,108542,5267,140984,575838,425370
0,layer2.1.conv2,1,2066507,False,4311639,25862886,13301992,261246,5876255,6418644,1653504
1,layer2.1.conv2,1,2083015,False,4350956,26099430,13298852,205711,6128204,6459750,1708368
2,layer2.1.conv2,1,2047883,False,4272441,25629144,13302778,190680,5724735,6403146,1643346
3,layer2.1.conv2,1,2039933,False,4251531,25503804,13299531,147628,5625328,6419592,1648518
4,layer2.1.conv2,1,2035864,False,4225543,25347330,13301071,138253,5590939,6308706,1544592
5,layer2.1.conv2,1,2099360,False,4331947,25982316,13303498,186042,6029336,6457038,1684542
6,layer2.1.conv2,1,2043698,False,4247766,25480578,13304367,159965,5673548,6334542,1553196
0,layer2.1.bn2,1,115875,False,273272,1632666,259875,69838,437936,836568,564186
1,layer2.1.bn2,1,101822,False,229583,1372536,250325,38993,328489,742482,479322
2,layer2.1.bn2,1,99541,False,224221,1340010,250331,23936,262775,790794,522858
3,layer2.1.bn2,1,120875,False,272513,1628442,250296,24853,520771,817896,545580
4,layer2.1.bn2,1,116755,False,262064,1566672,257973,25118,348267,922500,634188
5,layer2.1.bn2,1,120691,False,273376,1633818,250359,37422,535223,796374,515712
6,layer2.1.bn2,1,122178,False,275957,1649844,250315,31037,503402,852510,566688
0,layer2.1.relu2,1,72441,False,174608,1039518,108677,40643,403603,473442,326604
1,layer2.1.relu2,1,68183,False,162422,967812,108666,26820,314587,505332,358800
2,layer2.1.relu2,1,65403,False,154212,918894,108603,14379,262460,519048,372792
3,layer2.1.relu2,1,70698,False,165766,988656,108595,13802,340070,511704,364098
4,layer2.1.relu2,1,72376,False,172013,1024260,116275,10408,308086,574950,415920
5,layer2.1.relu2,1,67237,False,159303,948480,108538,9706,293793,524292,372402
6,layer2.1.relu2,1,64097,False,153342,912456,108543,8455,220127,562986,408120
0,layer2.1.conv3,1,976032,False,2018518,12101616,5284138,62474,859879,5884176,1082490
1,layer2.1.conv3,1,971942,False,2022349,12125694,5286535,45802,888645,5893842,1090470
2,layer2.1.conv3,1,988900,False,2044868,12262854,5283908,32226,745087,6189330,1287072
3,layer2.1.conv3,1,992899,False,2024396,12140664,5284650,27068,655425,6161070,1262040
4,layer2.1.conv3,1,975828,False,2015178,12083904,5284087,30044,861965,5895366,1095654
5,layer2.1.conv3,1,969189,False,1981891,11884248,5284782,22075,677690,5884998,1080384
6,layer2.1.conv3,1,995771,False,2042844,12247830,5282956,23037,740416,6188688,1276872
0,layer2.1.bn3,1,291072,False,641662,3844350,729600,102299,712706,2290536,1328442
1,layer2.1.bn3,1,276634,False,606768,3633936,721691,68740,533737,2296782,1340298
2,layer2.1.bn3,1,315800,False,691843,4146234,729379,59953,705997,2636904,1638156
3,layer2.1.bn3,1,287740,False,630202,3774738,721540,40652,555252,2444844,1486764
4,layer2.1.bn3,1,298114,False,655601,3927330,729145,42344,579234,2562672,1568724
5,layer2.1.bn3,1,291103,False,639050,3827922,721566,40350,569227,2484264,1491186
6,layer2.1.bn3,1,284571,False,622879,3731898,721510,34780,419232,2544594,1544148
0,layer2.1.add,1,199299,False,446444,2673918,303381,37651,297945,2021586,1299660
1,layer2.1.add,1,241062,False,533117,3189612,303261,18461,308312,2545794,1769838
2,layer2.1.add,1,237129,False,521878,3124974,303288,15207,261223,2533308,1761402
3,layer2.1.add,1,3289668,False,612048,3667320,319011,20439,509903,2806116,2014812
4,layer2.1.add,1,240412,False,529957,3173304,303285,9896,249681,2598300,1825644
5,layer2.1.add,1,235174,False,517186,3097620,303313,8424,254639,2517714,1744914
6,layer2.1.add,1,237437,False,525056,3142140,303277,7833,250367,2565444,1792986
0,layer2.1.relu3,1,150036,False,338476,2025372,278047,30697,415347,1288914,804528
1,layer2.1.relu3,1,149977,False,335840,2008764,278072,27581,377582,1309620,820842
2,layer2.1.relu3,1,157082,False,350375,2095296,278082,20398,444546,1338234,844404
3,layer2.1.relu3,1,147368,False,329681,1972782,277965,10001,290517,1379544,882702
4,layer2.1.relu3,1,153577,False,343211,2052852,278036,14613,353847,1393590,894930
5,layer2.1.relu3,1,150855,False,337364,2017602,278009,11673,327805,1387788,892812
6,layer2.1.relu3,1,148575,False,332777,1990764,277934,9273,318240,1371660,872838
0,layer2.2.conv1,1,927324,False,1936811,11612754,5704590,78068,973862,4845294,530610
1,layer2.2.conv1,1,912236,False,1940005,11633184,5705281,65168,916300,4935888,608178
2,layer2.2.conv1,1,941730,False,1907615,11438586,5705994,48744,836642,4834932,528564
3,layer2.2.conv1,1,943634,False,1927638,11559480,5705460,44146,855442,4940898,621120
4,layer2.2.conv1,1,917602,False,1891051,11339580,5702733,32967,732437,4857804,543324
5,layer2.2.conv1,1,907023,False,1892986,11352552,5704376,40635,679534,4915116,602424
6,layer2.2.conv1,1,917857,False,1904156,11417376,5702772,34761,749002,4918356,605766
0,layer2.2.bn1,1,134692,False,304799,1822218,260971,70537,677279,803238,519492
1,layer2.2.bn1,1,127415,False,287216,1716492,252991,47254,554620,849528,570822
2,layer2.2.bn1,1,137744,False,310743,1858002,252989,34643,667089,890562,609522
3,layer2.2.bn1,1,122574,False,275060,1645470,260283,25064,442142,906366,616776
4,layer2.2.bn1,1,119621,False,268142,1602432,260924,28334,406874,893724,606912
5,layer2.2.bn1,1,108973,False,246068,1471152,252807,17586,255038,933714,642852
6,layer2.2.bn1,1,108431,False,244509,1461852,252905,17984,225066,952818,653988
0,layer2.2.relu1,1,61920,False,156921,936240,117851,29874,262597,513096,361866
1,layer2.2.relu1,1,62368,False,146962,877044,108617,20160,192656,543780,393006
2,layer2.2.relu1,1,69872,False,167416,998412,108567,12345,324358,539664,393444
3,layer2.2.relu1,1,62383,False,148000,883068,108570,8241,200200,553644,397902
4,layer2.2.relu1,1,58975,False,140555,837384,108530,4886,158149,550560,401688
5,layer2.2.relu1,1,64267,False,151074,900336,115979,8154,170494,593478,432894
6,layer2.2.relu1,1,66633,False,157722,939996,108567,10482,247997,558864,406086
0,layer2.2.conv2,1,2051779,False,4293872,25756644,13297690,244255,5836130,6369720,1599132
1,layer2.2.conv2,1,2037584,False,4252532,25509810,13299214,195242,5740809,6267336,1504530
2,layer2.2.conv2,1,2024815,False,4224829,25343748,13301252,158706,5584058,6291810,1517394
3,layer2.2.conv2,1,2100421,False,4364523,26180886,13302445,160275,6233053,6475704,1699194
4,layer2.2.conv2,1,2060816,False,4301921,25806150,13308286,143003,5798563,6547770,1750974
5,layer2.2.conv2,1,5187998,False,4436907,26614902,13308288,157995,6283468,6856992,2033880
6,layer2.2.conv2,1,2148822,False,4468579,26804946,13304635,169324,6632207,6690840,1919988
0,layer2.2.bn2,1,112359,False,255673,1527774,252895,73810,407058,783258,510744
1,layer2.2.bn2,1,105168,False,237452,1419372,252736,43761,300693,810882,531834
2,layer2.2.bn2,1,112316,False,252151,1506996,252558,31088,375167,835278,557304
3,layer2.2.bn2,1,107510,False,244496,1461636,252559,24026,284800,886692,604332
4,layer2.2.bn2,1,104558,False,237463,1419402,252524,15453,250812,887184,611088
5,layer2.2.bn2,1,106705,False,241180,1440816,252611,22242,350224,803934,542010
6,layer2.2.bn2,1,105768,False,238650,1426494,252518,15865,246162,898932,617826
0,layer2.2.relu2,1,61094,False,146083,871596,108682,29199,217775,504516,358194
1,layer2.2.relu2,1,62381,False,148858,887796,108664,17872,203931,544560,392934
2,layer2.2.relu2,1,65734,False,156602,931716,108605,13832,279717,516186,369378
3,layer2.2.relu2,1,61123,False,145126,864498,108618,10015,146044,587952,433824
4,layer2.2.relu2,1,58698,False,139746,832908,108594,6355,145591,557586,403848
5,layer2.2.relu2,1,64015,False,151973,905388,108614,7384,207507,568656,410838
6,layer2.2.relu2,1,61371,False,146762,874752,108563,7928,145975,598914,441342
0,layer2.2.conv3,1,938451,False,1938140,11623338,5282493,57456,576496,5694066,930972
1,layer2.2.conv3,1,929307,False,1922421,11528868,5284440,36977,495267,5698830,925278
2,layer2.2.conv3,1,924273,False,1931126,11580930,5282152,31319,585167,5667528,905730
3,layer2.2.conv3,1,922700,False,1909571,11451882,5282394,21110,457132,5678532,926316
4,layer2.2.conv3,1,921749,False,1905515,11428302,5282029,20551,410491,5703582,936330
5,layer2.2.conv3,1,996796,False,2041704,12242316,5282634,25180,724415,6196938,1290042
6,layer2.2.conv3,1,940430,False,1956242,11731728,5283962,19797,478133,5937318,1124712
0,layer2.2.bn3,1,242132,False,534831,3203046,724173,73974,507119,1887186,1134984
1,layer2.2.bn3,1,270484,False,593872,3556992,723779,56898,521518,2243820,1312014
2,layer2.2.bn3,1,256580,False,563467,3375510,731376,44969,356320,2231148,1285674
3,layer2.2.bn3,1,252215,False,551549,3303552,733926,36749,281733,2237004,1296978
4,layer2.2.bn3,1,265613,False,582134,3486528,731972,41740,409974,2289258,1342914
5,layer2.2.bn3,1,246293,False,539672,3232188,723676,31790,314204,2150058,1253634
6,layer2.2.bn3,1,242473,False,531521,3184308,723710,34375,247347,2167098,1251492
0,layer2.2.add,1,192646,False,426771,2555862,310741,32023,239151,1961676,1238934
1,layer2.2.add,1,243496,False,540648,3236910,303281,23006,432679,2466444,1702164
2,layer2.2.add,1,228295,False,504064,3018582,303237,14397,165905,2522112,1747902
3,layer2.2.add,1,225181,False,495994,2970132,303219,8250,144108,2501304,1731240
4,layer2.2.add,1,234773,False,518422,3104142,303252,10995,230783,2546874,1770756
5,layer2.2.add,1,228010,False,503003,3012186,303233,9105,162161,2520900,1744632
6,layer2.2.add,1,223836,False,492954,2952462,303194,6633,126703,2502594,1729260
0,layer2.2.relu3,1,133949,False,301324,1802490,278076,36721,297538,1178394,724404
1,layer2.2.relu3,1,137197,False,307287,1837494,278017,20549,337558,1189476,727332
2,layer2.2.relu3,1,131905,False,295331,1766610,277940,11362,245207,1220262,757398
3,layer2.2.relu3,1,130260,False,291512,1743702,278076,11637,221196,1220334,753516
4,layer2.2.relu3,1,157781,False,354266,2116236,276357,9546,394174,1424004,924306
5,layer2.2.relu3,1,144581,False,322098,1925934,276132,14450,302368,1320930,835938
6,layer2.2.relu3,1,138078,False,307959,1841934,276132,8424,210532,1333830,842286
0,layer2.3.conv1,1,899497,False,1836992,11016372,5704494,55836,530638,4711614,423690
1,layer2.3.conv1,1,924505,False,1886804,11313864,5706740,52895,713101,4829496,532110
2,layer2.3.conv1,1,895489,False,1848554,11086026,5704653,35561,469389,4864860,559572
3,layer2.3.conv1,1,890861,False,1825102,10945290,5706502,31478,386057,4808694,516438
4,layer2.3.conv1,1,890705,False,1846978,11076498,5703677,30336,464147,4864872,557592
5,layer2.3.conv1,1,891442,False,1828430,10965222,5704173,28750,401771,4817934,524592
6,layer2.3.conv1,1,887752,False,1804615,10821936,5697318,24262,367652,4720512,447474
0,layer2.3.bn1,1,136631,False,309013,1843686,260553,69336,649980,850908,560226
1,layer2.3.bn1,1,119382,False,267965,1602486,262438,44914,403546,880518,587988
2,layer2.3.bn1,1,116167,False,261170,1561674,260626,29164,309555,947556,647010
3,layer2.3.bn1,1,108480,False,243549,1455978,252807,18500,256052,914826,621720
4,layer2.3.bn1,1,123534,False,277625,1659396,262581,24497,477430,882174,587124
5,layer2.3.bn1,1,113401,False,255139,1525368,260327,23621,297082,932406,631752
6,layer2.3.bn1,1,107718,False,250144,1495014,260464,19363,257305,944940,645900
0,layer2.3.relu1,1,63414,False,151639,902796,106802,26856,292649,463848,322260
1,layer2.3.relu1,1,62357,False,147466,878340,114227,21414,223235,507504,356628
2,layer2.3.relu1,1,59634,False,142772,851172,106696,9170,169308,552882,405396
3,layer2.3.relu1,1,57738,False,138375,824754,106702,6864,138041,560208,409032
4,layer2.3.relu1,1,62514,False,149381,890376,106694,6359,233912,529632,381918
5,layer2.3.relu1,1,58549,False,139841,833670,106649,5441,148888,559590,408936
6,layer2.3.relu1,1,63704,False,150270,896016,116299,8768,187594,571272,415194
0,layer2.3.conv2,1,2156017,False,4480106,26874096,13301249,273476,6670394,6624396,1846308
1,layer2.3.conv2,1,2085604,False,4333251,25993842,13302227,226675,5849857,6609072,1812162
2,layer2.3.conv2,1,2122938,False,4401403,26402190,13315573,201544,6240013,6638238,1836780
3,layer2.3.conv2,1,2088149,False,4324636,25942356,13313144,178756,5907271,6534060,1744932
4,layer2.3.conv2,1,2053770,False,4280963,25680222,13301139,157859,5690684,6475044,1705182
5,layer2.3.conv2,1,2116782,False,4397017,26375184,13301187,139428,6337756,6587982,1812336
6,layer2.3.conv2,1,2098716,False,4391637,26341572,13303869,158735,6313999,6557700,1783434
0,layer2.3.bn2,1,129849,False,292665,1750206,253241,79455,624692,780858,511914
1,layer2.3.bn2,1,117189,False,263262,1573716,252988,48607,444191,816300,546426
2,layer2.3.bn2,1,107409,False,243011,1452162,252953,37479,315262,835014,565488
3,layer2.3.bn2,1,126322,False,283940,1696248,252962,48320,542380,839322,558792
4,layer2.3.bn2,1,126861,False,285177,1704018,252889,29619,537973,871938,588936
5,layer2.3.bn2,1,117387,False,265266,1584372,252932,22184,404199,890040,600042
6,layer2.3.bn2,1,109875,False,247802,1481454,252942,17961,259131,939306,650436
0,layer2.3.relu2,1,72254,False,172275,1025946,106838,36799,377728,492474,346284
1,layer2.3.relu2,1,63508,False,149534,891324,106790,16756,243045,512754,369210
2,layer2.3.relu2,1,61257,False,144894,864048,106792,14694,214290,516324,367296
3,layer2.3.relu2,1,64820,False,154130,918408,106798,13648,276416,508674,362040
4,layer2.3.relu2,1,61458,False,145089,865164,106757,8466,206774,530940,380454
5,layer2.3.relu2,1,58064,False,140064,834576,106750,8441,154721,550164,402522
6,layer2.3.relu2,1,61234,False,146218,871914,106751,6109,154566,591318,435912
0,layer2.3.conv3,1,940522,False,1926923,11556690,5286336,58350,580435,5619774,868608
1,layer2.3.conv3,1,935299,False,1912294,11468496,5284553,39139,490524,5642136,887472
2,layer2.3.conv3,1,926247,False,1909549,11452092,5284876,25923,411796,5717034,950232
3,layer2.3.conv3,1,941553,False,1924167,11539350,5284027,25303,564343,5654058,893088
4,layer2.3.conv3,1,929698,False,1908977,11448870,5284546,22839,459190,5669634,918534
5,layer2.3.conv3,1,915172,False,1902948,11412246,5285892,23041,424470,5667336,905514
6,layer2.3.conv3,1,989333,False,2059506,12349914,5284600,31527,784831,6236628,1321824
0,layer2.3.bn3,1,241004,False,534252,3199848,724343,91505,424150,1948614,1184838
1,layer2.3.bn3,1,234881,False,516001,3090216,724154,60652,374899,1918494,1168062
2,layer2.3.bn3,1,267648,False,586043,3510846,724021,45282,530460,2197878,1260930
3,layer2.3.bn3,1,251996,False,551753,3305100,724036,37270,314446,2217642,1295424
4,layer2.3.bn3,1,247228,False,542802,3251520,723980,31063,274443,2209242,1292094
5,layer2.3.bn3,1,241536,False,529757,3173190,724010,33241,257044,2146338,1227810
6,layer2.3.bn3,1,255969,False,560150,3355572,731565,46419,432045,2133894,1220712
0,layer2.3.add,1,187308,False,415569,2487432,303344,31012,216244,1924632,1212384
1,layer2.3.add,1,190451,False,420046,2515554,310973,22078,206467,1964388,1244286
2,layer2.3.add,1,241684,False,539737,3230490,303303,19684,298704,2595918,1824240
3,layer2.3.add,1,232152,False,512702,3070818,303392,14488,168616,2571120,1794036
4,layer2.3.add,1,230444,False,506460,3033318,301672,10909,146549,2560422,1783422
5,layer2.3.add,1,235330,False,519274,3108558,301417,13245,235468,2543832,1772970
6,layer2.3.add,1,223342,False,489208,2929932,301408,10569,186948,2417808,1651896
0,layer2.3.relu3,1,134272,False,301695,1804782,278122,36162,302675,1176066,723546
1,layer2.3.relu3,1,128631,False,288011,1722822,278045,19037,256063,1156104,703008
2,layer2.3.relu3,1,138109,False,308453,1844592,278075,11635,298038,1244652,775434
3,layer2.3.relu3,1,133011,False,296533,1773870,277982,8246,208046,1267080,788406
4,layer2.3.relu3,1,128725,False,287147,1717464,277979,6858,190210,1229076,761442
5,layer2.3.relu3,1,126362,False,282831,1691664,277975,6882,194551,1198080,729036
6,layer2.3.relu3,1,150890,False,336807,2014572,278039,11256,363384,1349886,856878
0,layer3.0.conv1,1,1833597,False,3810106,22853934,10404453,61134,626830,11748792,2172612
1,layer3.0.conv1,1,1837882,False,3788266,22724040,10404925,47482,552164,11705874,2128314
2,layer3.0.conv1,1,1872557,False,3891127,23340318,10402959,31907,778422,12115656,2477850
3,layer3.0.conv1,1,1850686,False,3830636,22978452,10403622,25537,578480,11955522,2385468
4,layer3.0.conv1,1,1831797,False,3807186,22837800,10404962,23900,492145,11904198,2334714
5,layer3.0.conv1,1,1862431,False,3875416,23246088,10406663,23593,684058,12116250,2526408
6,layer3.0.conv1,1,1847446,False,3841878,23046024,10398376,28098,578338,11974620,2414700
0,layer3.0.bn1,1,151345,False,339843,2033160,410937,94761,446370,1068576,630660
1,layer3.0.bn1,1,147426,False,329307,1967436,410592,60721,376889,1108302,653496
2,layer3.0.bn1,1,139972,False,312075,1867170,410347,37584,310864,1095564,664476
3,layer3.0.bn1,1,180673,False,400997,2394966,410352,28645,469001,1474596,943134
4,layer3.0.bn1,1,177404,False,394375,2359638,410296,33072,482817,1418382,888726
5,layer3.0.bn1,1,168881,False,374812,2243472,410255,27198,300246,1492692,956466
6,layer3.0.bn1,1,166334,False,371081,2221152,410293,26042,292453,1479426,951090
0,layer3.0.relu1,1,91459,False,211942,1265286,165129,32305,348246,705102,452610
1,layer3.0.relu1,1,89981,False,206363,1232538,165111,16596,272733,764154,508866
2,layer3.0.relu1,1,86207,False,197768,1181190,165038,10957,207384,785592,530376
3,layer3.0.relu1,1,85650,False,197174,1177752,165022,7559,192123,799572,538644
4,layer3.0.relu1,1,82790,False,190623,1138392,165038,7309,170285,783294,519276
5,layer3.0.relu1,1,87616,False,201437,1203366,165030,5717,229777,790494,530892
6,layer3.0.relu1,1,85458,False,196280,1171644,165033,7436,189212,796812,541392
0,layer3.0.conv2,1,2341540,False,4900457,29396286,14713039,259495,6277764,8141436,2832936
1,layer3.0.conv2,1,2319086,False,4839665,29032302,14716304,185678,6049550,8071998,2754504
2,layer3.0.conv2,1,2549415,False,5340308,32032464,14706191,249508,6923109,10147296,4770816
3,layer3.0.conv2,1,2493452,False,5190777,31138554,14714992,242639,6384832,9789900,4392780
4,layer3.0.conv2,1,2415735,False,5055637,30329088,14708743,162276,6068848,9380748,4005876
5,layer3.0.conv2,1,5464495,False,5138497,30825270,14723066,194226,6333674,9568176,4176510
6,layer3.0.conv2,1,2445175,False,5087891,30521964,14708108,149576,6307376,9348192,3953790
0,layer3.0.bn2,1,85628,False,199405,1190826,186354,64636,381696,545370,382818
1,layer3.0.bn2,1,82764,False,190865,1139820,193989,40502,321213,571746,398676
2,layer3.0.bn2,1,83151,False,191833,1145598,193759,22355,288714,627912,452142
3,layer3.0.bn2,1,88793,False,204052,1218006,186162,24941,411581,583344,418092
4,layer3.0.bn2,1,83722,False,192044,1146816,186051,15677,251097,681120,507762
5,layer3.0.bn2,1,80671,False,185616,1108146,185981,13587,232558,662886,489114
6,layer3.0.bn2,1,79235,False,183242,1094136,186050,12525,231100,652188,476256
0,layer3.0.relu2,1,58533,False,143229,853494,80531,45464,411532,304074,219420
1,layer3.0.relu2,1,51421,False,125033,745494,80473,20784,236101,395328,304158
2,layer3.0.relu2,1,48006,False,118213,703326,80374,10391,166244,433116,336150
3,layer3.0.relu2,1,47716,False,116107,691392,80463,9844,188143,399684,306216
4,layer3.0.relu2,1,46056,False,112959,672030,78778,10558,161372,409404,314922
5,layer3.0.relu2,1,51151,False,125760,747468,78574,7547,282820,364908,278490
6,layer3.0.relu2,1,45184,False,110103,654378,78505,7112,162155,394194,302124
0,layer3.0.conv3,1,1053492,False,2180485,13076580,5906607,59516,586705,6513318,1194630
1,layer3.0.conv3,1,1041728,False,2151846,12905826,5907783,36551,508524,6439386,1133820
2,layer3.0.conv3,1,1050582,False,2142744,12851178,5906135,23352,458453,6451614,1177824
3,layer3.0.conv3,1,1071454,False,2190928,13139016,5905740,26057,632618,6563004,1246518
4,layer3.0.conv3,1,1047939,False,2161608,12964128,5908052,20013,469803,6554388,1239372
5,layer3.0.conv3,1,1045048,False,2158246,12944304,5905628,18762,426530,6581238,1251180
6,layer3.0.conv3,1,1051548,False,2147121,12877542,5906254,19739,419995,6519792,1208202
0,layer3.0.bn3,1,146843,False,326540,1953246,459545,78954,395319,1008432,516558
1,layer3.0.bn3,1,190324,False,429758,2572854,466724,65777,643048,1363662,839826
2,layer3.0.bn3,1,174919,False,386676,2315334,459381,44022,351083,1449522,891552
3,layer3.0.bn3,1,168476,False,371882,2225232,459272,38936,280000,1434450,881784
4,layer3.0.bn3,1,172753,False,384024,2298360,466889,31864,248915,1536726,963666
5,layer3.0.bn3,1,171327,False,378761,2266764,471637,29758,260636,1492854,922548
6,layer3.0.bn3,1,181194,False,401195,2402472,459404,44420,516579,1368666,840546
0,layer3.0.downsample.0,1,2345986,False,4885060,29304372,10986850,251334,1492009,16569342,6075168
1,layer3.0.downsample.0,1,2321114,False,4844222,29059542,10997340,202156,1317144,16534878,6061740
2,layer3.0.downsample.0,1,2311113,False,4801895,28806102,10994732,192105,1309094,16302924,5848728
3,layer3.0.downsample.0,1,2432949,False,5067987,30402708,10990427,171240,1877752,17355270,6768336
4,layer3.0.downsample.0,1,2343553,False,4874604,29242338,10985874,138114,1212108,16896756,6287034
5,layer3.0.downsample.0,1,2328063,False,4856316,29132232,10996433,152946,1180940,16792092,6180072
6,layer3.0.downsample.0,1,2304271,False,4822301,28928358,10989044,131903,1101544,16697334,6092514
0,layer3.0.downsample.1,1,207680,False,461371,2762886,459543,94278,803009,1392564,850668
1,layer3.0.downsample.1,1,177011,False,394256,2360256,459143,64269,385001,1440042,878346
2,layer3.0.downsample.1,1,175808,False,389950,2333724,466961,42098,332730,1478172,906042
3,layer3.0.downsample.1,1,166644,False,369613,2211996,459028,34318,286377,1419276,884796
4,layer3.0.downsample.1,1,174724,False,386594,2313804,459079,34937,329049,1478952,946716
5,layer3.0.downsample.1,1,165230,False,365804,2189418,459074,29343,334565,1353516,825738
6,layer3.0.downsample.1,1,162906,False,358735,2147064,459165,28026,255667,1392300,842916
0,layer3.0.add,1,119548,False,271347,1622610,177828,37216,264086,1130160,749358
1,layer3.0.add,1,115315,False,259743,1553064,177784,17064,196091,1149240,766518
2,layer3.0.add,1,124418,False,278251,1664130,177734,10883,218063,1243092,852552
3,layer3.0.add,1,117963,False,264900,1584270,177713,6364,137780,1249146,856422
4,layer3.0.add,1,116087,False,259804,1552914,177667,6848,109374,1245870,852684
5,layer3.0.add,1,115654,False,263325,1574604,177729,6923,125047,1251612,862872
6,layer3.0.add,1,115441,False,258707,1546548,177734,8968,120187,1225854,836070
0,layer3.0.relu3,1,99773,False,231686,1383696,163328,36511,457492,713964,451818
1,layer3.0.relu3,1,88636,False,203233,1214706,163248,17021,248552,772968,506964
2,layer3.0.relu3,1,86372,False,197431,1179900,163224,10012,202590,791670,527328
3,layer3.0.relu3,1,87283,False,199875,1193448,163261,15220,210849,790224,529506
4,layer3.0.relu3,1,90867,False,209114,1247334,163248,15383,298847,756576,489654
5,layer3.0.relu3,1,85482,False,196598,1173984,163244,12486,202557,782466,516366
6,layer3.0.relu3,1,84237,False,194197,1159674,163235,9293,160465,814266,548718
0,layer3.1.conv1,1,1118644,False,2297143,13778130,5922194,57417,612908,7171962,1967088
1,layer3.1.conv1,1,1101770,False,2254326,13520124,5919653,39581,499098,7050792,1912944
2,layer3.1.conv1,1,1117706,False,2330454,13976160,5935000,28846,608266,7391646,2162520
3,layer3.1.conv1,1,1097612,False,2257619,13540446,5921099,21973,438043,7147620,2013732
4,layer3.1.conv1,1,1098066,False,2255991,13530150,5919927,17782,405971,7174770,2035980
5,layer3.1.conv1,1,1098733,False,2246577,13473636,5919631,20440,397870,7123854,2008428
6,layer3.1.conv1,1,1096020,False,2271959,13625646,5922169,23582,594595,7072044,1971174
0,layer3.1.bn1,1,82318,False,189659,1131282,188131,68334,363223,501102,338370
1,layer3.1.bn1,1,76764,False,176318,1052484,187831,33777,264198,554832,388308
2,layer3.1.bn1,1,74871,False,172575,1030164,187841,19627,259317,551442,381756
3,layer3.1.bn1,1,75291,False,173714,1036710,187948,21471,232145,582828,413376
4,layer3.1.bn1,1,97322,False,224392,1339380,186165,27668,537572,574932,422574
5,layer3.1.bn1,1,85992,False,198071,1182648,185633,16283,274625,694140,514194
6,layer3.1.bn1,1,87194,False,199825,1193142,185570,14068,218627,762852,577482
0,layer3.1.relu1,1,47882,False,119325,710592,80447,26006,208170,382308,291882
1,layer3.1.relu1,1,52856,False,130107,773796,80399,19331,268686,392178,302874
2,layer3.1.relu1,1,46110,False,112544,670080,80320,11353,131854,433590,340542
3,layer3.1.relu1,1,47583,False,116896,695952,80296,8540,144739,447216,350010
4,layer3.1.relu1,1,45574,False,112337,668178,80304,7770,127891,440064,344280
5,layer3.1.relu1,1,47877,False,116779,694602,80324,5657,185290,410136,313698
6,layer3.1.relu1,1,48915,False,118561,704970,80355,8306,185349,418812,323832
0,layer3.1.conv2,1,2186790,False,4568386,27403716,12155961,269607,3428931,11543220,2200350
1,layer3.1.conv2,1,2158295,False,4506996,27036498,12156113,168377,3207092,11495076,2151354
2,layer3.1.conv2,1,2409739,False,5087641,30519486,12158440,208773,4262968,13883454,4557066
3,layer3.1.conv2,1,2284147,False,4782518,28689858,12169134,204854,3442912,12865074,3463554
4,layer3.1.conv2,1,2248345,False,4675022,28043310,12157749,187735,3137157,12552834,3174312
5,layer3.1.conv2,1,2232447,False,4634386,27800928,12159317,174703,3135594,12322794,2957052
6,layer3.1.conv2,1,2318793,False,4754435,28520232,12158343,172783,3549138,12631566,3257418
0,layer3.1.bn2,1,80874,False,186260,1111944,185646,59608,366208,489780,329052
1,layer3.1.bn2,1,82594,False,189456,1131288,185506,45377,317616,571836,412506
2,layer3.1.bn2,1,76375,False,176441,1052580,185529,30093,275964,547680,385872
3,layer3.1.bn2,1,81990,False,186503,1113114,192787,19157,243151,645150,462054
4,layer3.1.bn2,1,90523,False,207708,1240116,194817,38875,395214,598770,426186
5,layer3.1.bn2,1,83684,False,191012,1140720,193142,22426,270894,641322,467796
6,layer3.1.bn2,1,81226,False,186060,1110960,192699,15362,240982,649842,465252
0,layer3.1.relu2,1,48011,False,128367,764466,89525,33751,209311,368658,279072
1,layer3.1.relu2,1,55736,False,134941,803958,80489,24095,379669,307086,226206
2,layer3.1.relu2,1,46508,False,114314,680448,80371,13799,146515,424878,332292
3,layer3.1.relu2,1,46123,False,113678,676818,80337,6543,121974,455676,355752
4,layer3.1.relu2,1,46543,False,115114,685260,80388,8214,184841,399540,305502
5,layer3.1.relu2,1,46314,False,114562,682212,80338,6483,153955,427938,334362
6,layer3.1.relu2,1,51379,False,125613,746916,80364,9850,226131,417462,325410
0,layer3.1.conv3,1,1064416,False,2175596,13047204,5907490,51568,572080,6504294,1208598
1,layer3.1.conv3,1,1054106,False,2161557,12964008,5906870,37665,524576,6481188,1177194
2,layer3.1.conv3,1,1037824,False,2147572,12880134,5905905,23032,425630,6511890,1193934
3,layer3.1.conv3,1,1066593,False,2184350,13099758,5908263,20225,576260,6582282,1254156
4,layer3.1.conv3,1,1041318,False,2151483,12903570,5906254,15957,431377,6536718,1230084
5,layer3.1.conv3,1,1049479,False,2157164,12937092,5914854,16579,454301,6537486,1234590
6,layer3.1.conv3,1,1053059,False,2152583,12909954,5906369,16748,474383,6499590,1190166
0,layer3.1.bn3,1,156309,False,349145,2089338,457830,68624,488554,1062678,568698
1,layer3.1.bn3,1,146554,False,325368,1946814,457626,52079,354862,1071036,571146
2,layer3.1.bn3,1,148818,False,329152,1969416,457613,38236,406704,1054554,590178
3,layer3.1.bn3,1,166339,False,367686,2199672,457534,29562,469074,1231644,733140
4,layer3.1.bn3,1,154561,False,341608,2044314,457568,28614,271983,1272960,746946
5,layer3.1.bn3,1,182770,False,405834,2428578,457569,38614,502227,1417914,870432
6,layer3.1.bn3,1,172318,False,380820,2279520,457558,31849,286537,1490598,918864
0,layer3.1.add,1,121895,False,277525,1659786,177827,33903,210557,1219626,829224
1,layer3.1.add,1,133800,False,300990,1799568,177778,18718,279440,1309710,916050
2,layer3.1.add,1,122684,False,286861,1715568,187053,15915,191128,1260234,865164
3,layer3.1.add,1,126094,False,281601,1684902,185481,8620,131281,1347168,939588
4,layer3.1.add,1,121515,False,272613,1630044,177679,6696,138609,1294896,893784
5,layer3.1.add,1,123486,False,279011,1667670,177797,9681,197363,1268640,873294
6,layer3.1.add,1,125684,False,282473,1689618,184400,9609,124148,1357080,946674
0,layer3.1.relu3,1,86734,False,201619,1204314,165098,30011,261537,735120,475890
1,layer3.1.relu3,1,88526,False,202295,1208118,165071,19308,213206,798648,534078
2,layer3.1.relu3,1,103015,False,234898,1402722,165040,12898,326060,886584,605346
3,layer3.1.relu3,1,89797,False,204451,1221360,165019,8773,230554,802728,537096
4,layer3.1.relu3,1,90418,False,206663,1234584,174317,11721,173195,861330,589854
5,layer3.1.relu3,1,87475,False,200123,1196058,164998,7162,178264,832302,567318
6,layer3.1.relu3,1,84302,False,193359,1154094,165046,7457,170797,796638,535122
0,layer3.2.conv1,1,1134049,False,2334674,14000370,5919467,61931,861206,7146162,1882026
1,layer3.2.conv1,1,1117815,False,2290079,13735164,5919963,29801,517843,7255878,2032014
2,layer3.2.conv1,1,1094259,False,2256694,13535430,5920954,19283,433041,7147548,1989522
3,layer3.2.conv1,1,1086639,False,2249141,13489182,5928111,24550,415390,7071624,1971576
4,layer3.2.conv1,1,1107218,False,2304952,13823550,5927042,22638,567773,7292082,2071272
5,layer3.2.conv1,1,1093972,False,2268942,13608294,5927409,20791,443404,7204782,2062098
6,layer3.2.conv1,1,1084232,False,2249038,13488600,5918469,17997,415461,7123314,2011140
0,layer3.2.bn1,1,82266,False,189990,1133670,188281,60619,349929,524166,357432
1,layer3.2.bn1,1,77610,False,178670,1066626,188148,34178,281015,551778,381894
2,layer3.2.bn1,1,98667,False,226576,1352994,188031,27251,524143,598278,441480
3,layer3.2.bn1,1,85406,False,197571,1179948,188106,17677,289887,669258,492870
4,layer3.2.bn1,1,84521,False,194474,1161450,188051,13223,264124,681336,508902
5,layer3.2.bn1,1,88168,False,201439,1203888,196168,18114,273710,704244,519228
6,layer3.2.bn1,1,100350,False,228373,1363554,197683,28837,446555,677940,493524
0,layer3.2.relu1,1,49398,False,121680,724866,80376,24471,212233,394890,303894
1,layer3.2.relu1,1,45350,False,112302,668064,80420,14474,166451,391602,299232
2,layer3.2.relu1,1,44115,False,118206,704280,89670,10253,145760,445212,345228
3,layer3.2.relu1,1,47794,False,116620,694728,80282,6891,140608,453804,359100
4,layer3.2.relu1,1,48662,False,119185,708288,80362,5977,211348,396960,307146
5,layer3.2.relu1,1,47666,False,117427,699006,80280,6147,163985,435306,343578
6,layer3.2.relu1,1,46169,False,112883,671340,80339,6197,131433,440094,348846
0,layer3.2.conv2,1,2191918,False,4559367,27349812,12160209,271994,3484991,11426052,2084946
1,layer3.2.conv2,1,2366076,False,4925933,29545986,12161653,259269,4042945,13074366,3684792
2,layer3.2.conv2,1,2258779,False,4721741,28324920,12157372,200402,3304931,12655026,3287238
3,layer3.2.conv2,1,2255515,False,4705481,28227642,12171926,196654,3129411,12721158,3319248
4,layer3.2.conv2,1,2334038,False,4881310,29281188,12167486,156558,3815615,13129482,3730566
5,layer3.2.conv2,1,2246958,False,4682436,28089402,12160654,131454,3227413,12560058,3185082
6,layer3.2.conv2,1,2250649,False,4710569,28257276,12154390,161556,3422252,12510480,3157230
0,layer3.2.bn2,1,104699,False,239879,1432884,186321,88007,585182,561120,391866
1,layer3.2.bn2,1,87956,False,202731,1210302,186216,44001,407323,559134,400440
2,layer3.2.bn2,1,85396,False,196134,1171284,186117,28587,299943,642900,469866
3,layer3.2.bn2,1,99416,False,234855,1401702,193481,28923,515920,650406,474444
4,layer3.2.bn2,1,84517,False,195242,1165668,186035,14327,256913,695118,516348
5,layer3.2.bn2,1,90484,False,206564,1233786,193812,16735,265373,743946,563322
6,layer3.2.bn2,1,92348,False,212407,1267476,186120,20811,450683,595824,429726
0,layer3.2.relu2,1,49276,False,121944,726684,80459,32568,219150,381630,289548
1,layer3.2.relu2,1,46528,False,114373,680406,80397,20307,186438,381636,294318
2,layer3.2.relu2,1,44009,False,108699,646818,80356,9689,139969,404670,313242
3,layer3.2.relu2,1,44932,False,111721,665040,80417,7519,125735,438582,343998
4,layer3.2.relu2,1,45451,False,111378,662916,80363,7906,164167,398238,307206
5,layer3.2.relu2,1,46552,False,113218,674136,80361,7735,152174,421734,329826
6,layer3.2.relu2,1,45730,False,112554,669756,80309,6418,159183,410628,313656
0,layer3.2.conv3,1,1059308,False,2172197,13027752,5905514,51559,560803,6498120,1185354
1,layer3.2.conv3,1,1077922,False,2248041,13481850,5904375,39185,851624,6672528,1354998
2,layer3.2.conv3,1,1058800,False,2199674,13192224,5903597,27568,515766,6732690,1405494
3,layer3.2.conv3,1,1055168,False,2189729,13132608,5906003,24798,492520,6697182,1370316
4,layer3.2.conv3,1,1075992,False,2210842,13257636,5904282,23428,638563,6678786,1349370
5,layer3.2.conv3,1,1059356,False,2192162,13147794,5904732,19543,568305,6642330,1313346
6,layer3.2.conv3,1,1043309,False,2177231,13057968,5905301,13921,448891,6677940,1338804
0,layer3.2.bn3,1,178545,False,399371,2389146,466218,74134,570199,1263036,726816
1,layer3.2.bn3,1,160395,False,356349,2132784,467999,50231,358155,1244280,724770
2,layer3.2.bn3,1,156809,False,346880,2075400,466256,38601,271449,1286166,754956
3,layer3.2.bn3,1,150907,False,334102,1999158,465921,27449,240401,1251828,719496
4,layer3.2.bn3,1,179397,False,398090,2382300,458376,29951,489243,1390950,844446
5,layer3.2.bn3,1,169628,False,376235,2251698,458297,30123,260134,1491402,918114
6,layer3.2.bn3,1,167157,False,372998,2232648,458479,31570,241882,1486302,924630
0,layer3.2.add,1,117083,False,266064,1591110,177833,27509,192140,1181166,796482
1,layer3.2.add,1,133550,False,302105,1804290,177788,26291,286913,1299600,906642
2,layer3.2.add,1,126623,False,285179,1705752,177749,14845,159274,1340916,937596
3,layer3.2.add,1,124127,False,286652,1714632,185299,15496,166100,1335780,917424
4,layer3.2.add,1,127519,False,287359,1719210,185183,10950,144640,1364052,953034
5,layer3.2.add,1,128485,False,287910,1721574,177757,7439,194438,1329792,926154
6,layer3.2.add,1,125183,False,280914,1680060,177755,8343,141417,1340430,943032
0,layer3.2.relu3,1,88024,False,201482,1203486,165053,27227,216062,783372,519366
1,layer3.2.relu3,1,92754,False,210758,1259322,175125,16776,208891,845598,567504
2,layer3.2.relu3,1,86680,False,197890,1181850,164997,8346,172449,822480,554976
3,layer3.2.relu3,1,88535,False,202135,1206942,165177,13050,239047,776424,516042
4,layer3.2.relu3,1,86372,False,196776,1175274,163400,10031,196345,793428,531108
5,layer3.2.relu3,1,81885,False,187243,1118760,163137,7343,164078,772050,507618
6,layer3.2.relu3,1,88318,False,201660,1204716,163143,6832,147757,872634,601170
0,layer3.3.conv1,1,1165071,False,2399210,14387070,5928299,64329,986154,7396662,2057628
1,layer3.3.conv1,1,1111164,False,2299319,13790646,5919736,36316,566371,7190994,1964610
2,layer3.3.conv1,1,1104607,False,2294957,13764294,5922149,18996,463816,7347612,2142816
3,layer3.3.conv1,1,1089615,False,2266113,13591218,5927306,18951,406242,7225332,2089722
4,layer3.3.conv1,1,1113986,False,2304546,13819872,5929483,18944,621335,7238112,2033604
5,layer3.3.conv1,1,1108295,False,2283970,13699128,5920120,17716,433154,7316466,2140770
6,layer3.3.conv1,1,1092644,False,2265275,13586190,5920248,16953,417041,7220016,2075664
0,layer3.3.bn1,1,83930,False,196130,1171488,187383,66239,362287,543264,377244
1,layer3.3.bn1,1,89387,False,205485,1225620,187086,42510,411371,572484,405456
2,layer3.3.bn1,1,80794,False,186728,1114986,187034,26547,261085,627348,451110
3,layer3.3.bn1,1,83333,False,190600,1138248,196648,21063,250684,657948,471978
4,layer3.3.bn1,1,78005,False,181444,1083132,187069,23025,247043,612756,433878
5,layer3.3.bn1,1,84064,False,202422,1207788,194486,20284,301892,657882,484686
6,layer3.3.bn1,1,78759,False,181994,1086678,186981,11341,226055,648558,471672
0,layer3.3.relu1,1,46236,False,114745,683736,86221,30680,191875,360936,267642
1,layer3.3.relu1,1,44255,False,108724,646356,78580,21801,217324,316944,236760
2,layer3.3.relu1,1,41637,False,103443,614430,78580,18618,165765,339528,256200
3,layer3.3.relu1,1,42414,False,105052,624276,78474,11383,145018,376014,285540
4,layer3.3.relu1,1,41452,False,103165,613152,78483,9414,121952,391218,298992
5,layer3.3.relu1,1,43492,False,107124,637998,78441,8429,134696,404214,309450
6,layer3.3.relu1,1,38733,False,98110,582738,78514,8371,118395,365106,272622
0,layer3.3.conv2,1,2183058,False,4536187,27209646,12168768,273643,3345395,11416638,2099238
1,layer3.3.conv2,1,2174299,False,4501493,27003516,12168506,213632,3229902,11383878,2081076
2,layer3.3.conv2,1,2146374,False,4464051,26778648,12171950,168322,3112170,11317470,1994190
3,layer3.3.conv2,1,2129929,False,4449770,26693142,12167280,159151,3082943,11273592,1928940
4,layer3.3.conv2,1,2136720,False,4446294,26672520,12159414,166599,3045387,11290332,1997370
5,layer3.3.conv2,1,2153684,False,4468984,26808558,12159904,167322,3114169,11357442,2060712
6,layer3.3.conv2,1,2131572,False,4453640,26716482,12164341,156807,3080860,11304402,1968078
0,layer3.3.bn2,1,89907,False,207329,1238376,187051,73843,470441,494598,331140
1,layer3.3.bn2,1,81510,False,186483,1113630,186865,37202,318038,558894,399438
2,layer3.3.bn2,1,76485,False,175609,1048074,186678,22286,266453,560922,393852
3,layer3.3.bn2,1,72196,False,166266,991854,186626,12353,225768,553986,393042
4,layer3.3.bn2,1,75314,False,173411,1035072,186792,15289,214420,606384,433134
5,layer3.3.bn2,1,74683,False,172347,1028700,186700,11805,213968,603018,431082
6,layer3.3.bn2,1,76417,False,183939,1098318,186654,10934,184651,653196,471180
0,layer3.3.relu2,1,40048,False,101016,600876,78585,28726,186336,295086,213714
1,layer3.3.relu2,1,39562,False,98081,583218,78531,19882,149956,317748,232860
2,layer3.3.relu2,1,36504,False,92055,547146,78508,6736,147892,300828,215826
3,layer3.3.relu2,1,36318,False,90584,538296,78540,6141,111049,329334,244512
4,layer3.3.relu2,1,36219,False,90317,536280,78476,4418,102905,337680,249570
5,layer3.3.relu2,1,35743,False,89206,530040,78477,5628,105734,327708,241398
6,layer3.3.relu2,1,37668,False,93985,558366,78499,5286,100399,360978,266880
0,layer3.3.conv3,1,1033429,False,2147110,12877866,5906455,43960,513732,6400932,1115646
1,layer3.3.conv3,1,1037958,False,2140572,12838212,5905905,31920,455577,6433350,1135080
2,layer3.3.conv3,1,1038165,False,2145097,12865920,5906519,31184,528270,6384264,1094100
3,layer3.3.conv3,1,1037124,False,2121746,12725052,5905820,19231,415561,6372384,1079808
4,layer3.3.conv3,1,1045366,False,2134931,12804282,5911765,22101,458976,6398556,1083120
5,layer3.3.conv3,1,1022240,False,2123042,12733320,5906570,15852,420565,6378444,1104492
6,layer3.3.conv3,1,1032997,False,2128090,12763344,5914259,18305,406285,6412782,1092324
0,layer3.3.bn3,1,142641,False,316847,1894680,458860,72522,396545,956844,497286
1,layer3.3.bn3,1,139480,False,308465,1844952,466093,52165,309420,1005798,510066
2,layer3.3.bn3,1,132362,False,292489,1749264,458552,36052,250121,992712,516570
3,layer3.3.bn3,1,130926,False,288182,1723686,458500,24235,213839,1014972,527808
4,layer3.3.bn3,1,130012,False,287027,1716684,458449,24467,198370,1021062,524262
5,layer3.3.bn3,1,128473,False,283828,1698060,458485,26573,212806,987972,496146
6,layer3.3.bn3,1,129532,False,285847,1709514,458444,22654,208990,1006266,506742
0,layer3.3.add,1,109437,False,245591,1467972,177842,31392,203802,1042656,670620
1,layer3.3.add,1,109032,False,244190,1460040,185318,22184,191746,1049064,672912
2,layer3.3.add,1,104035,False,232224,1388046,177740,9252,142314,1046370,670170
3,layer3.3.add,1,102990,False,229997,1374702,177847,10328,122491,1051938,674112
4,layer3.3.add,1,102391,False,228774,1367454,176096,9763,129507,1039782,661536
5,layer3.3.add,1,101749,False,227189,1357872,175836,8148,130508,1031340,656742
6,layer3.3.add,1,101638,False,227090,1357602,175844,7069,131665,1030158,656106
0,layer3.3.relu3,1,81412,False,186174,1112112,165068,22182,231462,681804,423006
1,layer3.3.relu3,1,78733,False,179294,1070028,165011,14762,187539,690882,434322
2,layer3.3.relu3,1,78415,False,177540,1060182,164972,7762,156044,719040,457344
3,layer3.3.relu3,1,77739,False,176397,1052634,164994,6109,165273,703584,445020
4,layer3.3.relu3,1,76921,False,174578,1041870,164963,6598,154869,702918,438360
5,layer3.3.relu3,1,76657,False,174616,1042182,164945,5557,142765,716634,452592
6,layer3.3.relu3,1,77496,False,176038,1050954,164956,6287,161620,705858,443310
0,layer3.4.conv1,1,1094097,False,2260677,13559352,5925084,48368,567636,7007424,1827564
1,layer3.4.conv1,1,1089592,False,2252401,13508292,5920165,35551,511120,7029882,1874670
2,layer3.4.conv1,1,1084031,False,2234310,13401096,5919985,22517,421587,7024956,1913382
3,layer3.4.conv1,1,1091119,False,2228576,13366020,5919834,13857,391741,7028004,1914120
4,layer3.4.conv1,1,1087218,False,2224946,13344318,5919593,15663,406436,6990750,1889850
5,layer3.4.conv1,1,1085508,False,2228512,13365528,5919911,18057,373579,7041978,1928916
6,layer3.4.conv1,1,1093062,False,2234315,13400718,5919226,13650,392481,7063032,1933632
0,layer3.4.bn1,1,77930,False,179596,1071984,187892,66430,376831,430188,273654
1,layer3.4.bn1,1,79379,False,181073,1080900,195059,45494,323804,503220,340914
2,layer3.4.bn1,1,71080,False,163420,975042,187390,22387,255638,497454,331542
3,layer3.4.bn1,1,71112,False,162840,971814,187332,15887,238627,517956,351408
4,layer3.4.bn1,1,68819,False,158325,944328,187215,14191,223825,506634,340152
5,layer3.4.bn1,1,68779,False,157577,940116,187298,12444,198948,529332,354768
6,layer3.4.bn1,1,71530,False,171872,1025958,194347,11673,211288,554256,390000
0,layer3.4.relu1,1,40165,False,100903,598980,80427,25615,187320,293028,205596
1,layer3.4.relu1,1,40808,False,99858,592812,80361,17050,192101,291354,207372
2,layer3.4.relu1,1,39497,False,98083,583050,80319,10577,149405,327294,238518
3,layer3.4.relu1,1,38067,False,94807,563136,80289,8142,142696,317724,226020
4,layer3.4.relu1,1,37115,False,91983,546684,80284,5992,125228,320760,232494
5,layer3.4.relu1,1,36960,False,91128,541842,80275,6135,128696,313158,222414
6,layer3.4.relu1,1,36122,False,91233,542112,80306,9160,116801,322716,229056
0,layer3.4.conv2,1,2195637,False,4581652,27485154,12169798,286443,3550778,11472954,2138442
1,layer3.4.conv2,1,2174747,False,4521277,27121710,12155973,235861,3280503,11444208,2123592
2,layer3.4.conv2,1,2149628,False,4476430,26853750,12160653,178603,3146793,11360694,2044764
3,layer3.4.conv2,1,2139977,False,4475216,26845674,12170843,170487,3112879,11383686,2027058
4,layer3.4.conv2,1,2140059,False,4456988,26736612,12158531,166932,3094960,11307678,1996806
5,layer3.4.conv2,1,2142569,False,4481423,26883222,12173389,132698,3068015,11497944,2118036
6,layer3.4.conv2,1,2155097,False,4480557,26877450,12157084,144208,3123736,11444016,2114004
0,layer3.4.bn2,1,82300,False,189890,1134108,186794,65812,381784,489348,327192
1,layer3.4.bn2,1,76889,False,176296,1052868,186525,39600,280686,534486,364566
2,layer3.4.bn2,1,77219,False,177457,1059282,186484,30021,318407,512508,350214
3,layer3.4.bn2,1,76005,False,182980,1092360,194405,22378,288077,575244,399186
4,layer3.4.bn2,1,73129,False,168346,1004754,186423,13241,222887,569688,396696
5,layer3.4.bn2,1,77241,False,176288,1051878,194427,16390,241554,587274,405240
6,layer3.4.bn2,1,73146,False,167085,996732,186500,15544,207122,573972,397362
0,layer3.4.relu2,1,40187,False,100782,598932,80465,25626,184801,295182,211158
1,layer3.4.relu2,1,38747,False,96583,574218,80404,13043,189990,278418,195486
2,layer3.4.relu2,1,37804,False,93741,557364,80348,8276,158401,297018,213990
3,layer3.4.relu2,1,38040,False,94161,559548,80480,8411,177702,280494,198132
4,layer3.4.relu2,1,38841,False,95885,569562,78783,7802,133007,337548,241638
5,layer3.4.relu2,1,37322,False,92474,549324,78482,8284,140399,309222,221094
6,layer3.4.relu2,1,34725,False,86382,513030,78500,4870,113428,303864,215520
0,layer3.4.conv3,1,1048973,False,2146345,12872142,5905737,57223,569044,6327768,1042278
1,layer3.4.conv3,1,1063103,False,2179025,13068726,5922450,35296,543817,6555504,1257798
2,layer3.4.conv3,1,1029990,False,2131492,12783102,5905687,20504,444936,6400314,1107234
3,layer3.4.conv3,1,1021573,False,2121991,12726564,5906397,15154,414669,6378342,1072506
4,layer3.4.conv3,1,1020546,False,2119154,12709152,5906461,16174,404670,6369786,1091376
5,layer3.4.conv3,1,1031939,False,2107481,12639066,5905616,18390,384849,6318222,1038618
6,layer3.4.conv3,1,1026917,False,2111956,12666408,5906413,16677,397791,6333126,1038102
0,layer3.4.bn3,1,143235,False,318215,1903842,458467,71542,394801,968520,485112
1,layer3.4.bn3,1,133836,False,295919,1769664,458217,44070,283844,972030,493764
2,layer3.4.bn3,1,133021,False,293043,1752900,458103,27844,260937,994260,506196
3,layer3.4.bn3,1,131598,False,290361,1736430,458101,23138,223027,1020066,528756
4,layer3.4.bn3,1,138710,False,306117,1831056,465804,26631,241036,1084662,577182
5,layer3.4.bn3,1,133199,False,293572,1756254,458079,22590,217253,1046106,550692
6,layer3.4.bn3,1,133925,False,294713,1762908,465630,27043,254474,1003698,511296
0,layer3.4.add,1,111624,False,251619,1504314,177798,26468,201304,1083894,709752
1,layer3.4.add,1,106333,False,238376,1424904,177766,16787,166250,1052046,677940
2,layer3.4.add,1,103997,False,233008,1392744,177744,8465,125480,1068726,693174
3,layer3.4.add,1,104568,False,234022,1398714,177769,10596,137321,1059162,682422
4,layer3.4.add,1,102978,False,230339,1377132,177726,7468,105993,1073538,691404
5,layer3.4.add,1,115196,False,255811,1529262,199758,15721,155356,1145028,745950
6,layer3.4.add,1,103591,False,231982,1385982,177733,8178,126216,1061526,685842
0,layer3.4.relu3,1,78452,False,180934,1080336,163248,23999,233587,647562,394188
1,layer3.4.relu3,1,78775,False,179429,1070946,163237,19655,230706,645264,395220
2,layer3.4.relu3,1,76401,False,173980,1038222,163207,10583,193648,658272,403926
3,layer3.4.relu3,1,75672,False,173202,1033698,163136,7933,167696,682866,425178
4,layer3.4.relu3,1,82389,False,186430,1113804,170958,8521,185909,736008,468120
5,layer3.4.relu3,1,76761,False,175343,1046472,163135,6369,172908,689946,432294
6,layer3.4.relu3,1,75535,False,172737,1030626,163159,6868,157970,689496,431352
0,layer3.5.conv1,1,1096175,False,2253131,13513392,5926973,43115,583579,6947400,1754586
1,layer3.5.conv1,1,1077437,False,2239228,13429800,5919800,25729,455690,7017462,1854060
2,layer3.5.conv1,1,1088342,False,2255337,13526730,5920383,19432,446258,7128966,1964718
3,layer3.5.conv1,1,1097445,False,2270279,13616148,5919976,17003,490082,7175718,1988736
4,layer3.5.conv1,1,1121071,False,2308774,13846356,5918555,17718,622983,7274928,2005572
5,layer3.5.conv1,1,1133521,False,2332143,13986618,5919740,18355,641943,7394970,2078730
6,layer3.5.conv1,1,1101843,False,2280975,13680576,5919378,18594,442792,7286748,2078448
0,layer3.5.bn1,1,86076,False,199066,1187934,186760,50708,340330,597150,430740
1,layer3.5.bn1,1,84432,False,192962,1152432,186580,41366,301506,610602,438594
2,layer3.5.bn1,1,83330,False,190748,1138836,186581,27690,296942,614736,449010
3,layer3.5.bn1,1,80725,False,185042,1104846,186528,15825,246112,642078,463074
4,layer3.5.bn1,1,81271,False,185912,1110126,186421,11382,216585,683544,503424
5,layer3.5.bn1,1,81449,False,185879,1109370,186492,13436,243551,653934,480588
6,layer3.5.bn1,1,81575,False,187755,1121154,186404,13886,243536,663366,486756
0,layer3.5.relu1,1,47027,False,116581,693708,78567,33031,233783,336114,248724
1,layer3.5.relu1,1,46078,False,112492,669048,78605,18779,197386,361968,271632
2,layer3.5.relu1,1,43660,False,106985,636618,78504,9912,140546,395286,306150
3,layer3.5.relu1,1,43020,False,106371,632574,78516,8254,158146,375456,285288
4,layer3.5.relu1,1,43021,False,105530,627318,78513,7628,138306,389652,298764
5,layer3.5.relu1,1,45812,False,110769,659376,85939,9368,137204,413472,312618
6,layer3.5.relu1,1,40350,False,99665,592662,78447,7107,129309,365454,277380
0,layer3.5.conv2,1,2181741,False,4535911,27209406,12161826,267981,3398541,11375670,2087736
1,layer3.5.conv2,1,2169742,False,4511923,27064338,12172310,220651,3268254,11397648,2112030
2,layer3.5.conv2,1,2148427,False,4472357,26828898,12166392,158303,3088909,11374224,2044842
3,layer3.5.conv2,1,2144924,False,4467415,26799654,12175267,169774,3077041,11369406,2043486
4,layer3.5.conv2,1,2144822,False,4444346,26660796,12159272,159101,3042428,11292426,1974486
5,layer3.5.conv2,1,2124785,False,4429158,26569416,12156465,155548,3023012,11226564,1915308
6,layer3.5.conv2,1,2120792,False,4431786,26585430,12159211,145429,3027616,11244840,1938786
0,layer3.5.bn2,1,85277,False,196583,1173330,187476,77694,377812,520266,356346
1,layer3.5.bn2,1,80081,False,183728,1096788,187207,44251,336550,517320,353340
2,layer3.5.bn2,1,77828,False,178971,1068522,187141,29562,286508,553686,387264
3,layer3.5.bn2,1,77229,False,175321,1046430,187233,19601,245673,581844,409488
4,layer3.5.bn2,1,72176,False,165405,986994,185325,15421,195053,578970,402078
5,layer3.5.bn2,1,72385,False,166268,992280,184870,12232,217179,565902,396222
6,layer3.5.bn2,1,75845,False,173503,1035720,192344,13491,212431,605082,425022
0,layer3.5.relu2,1,42541,False,113332,674376,87957,38189,245973,290418,197982
1,layer3.5.relu2,1,40798,False,99993,594420,80398,22610,191468,287178,203640
2,layer3.5.relu2,1,40177,False,98297,584370,80436,14605,174439,301302,220740
3,layer3.5.relu2,1,39888,False,97914,582024,80358,8520,158877,322098,231312
4,layer3.5.relu2,1,40194,False,98535,585582,80388,10232,150159,332760,247530
5,layer3.5.relu2,1,41159,False,100487,597708,80367,4904,141655,358200,267714
6,layer3.5.relu2,1,48175,False,117217,695790,80364,8227,208428,386670,290502
0,layer3.5.conv3,1,1048200,False,2175877,13049418,5906363,54184,552492,6468444,1168482
1,layer3.5.conv3,1,1040388,False,2152711,12911202,5906275,33069,500357,6460212,1164504
2,layer3.5.conv3,1,1040448,False,2138405,12825510,5905808,22298,407501,6478224,1185792
3,layer3.5.conv3,1,1048729,False,2136288,12813012,5906766,25615,460090,6408972,1115136
4,layer3.5.conv3,1,1023657,False,2131567,12784140,5904726,16447,422672,6427542,1132842
5,layer3.5.conv3,1,1031272,False,2133959,12798324,5906173,16972,409203,6454092,1152030
6,layer3.5.conv3,1,1030505,False,2135813,12809076,5906563,20338,420049,6450372,1140204
0,layer3.5.bn3,1,156733,False,347089,2077212,465256,66507,443083,1089978,602766
1,layer3.5.bn3,1,142120,False,315289,1886472,457135,61805,372800,983928,508680
2,layer3.5.bn3,1,133295,False,294950,1763844,457039,34422,255030,1005684,506586
3,layer3.5.bn3,1,131817,False,291936,1746282,457066,30099,236900,1010568,515040
4,layer3.5.bn3,1,133266,False,294204,1759980,456922,23258,227076,1040802,545910
5,layer3.5.bn3,1,131428,False,290633,1738338,456991,25248,236582,1007658,514170
6,layer3.5.bn3,1,130134,False,288163,1723680,457031,24762,196155,1033842,534726
0,layer3.5.add,1,111236,False,250844,1499460,177898,30302,194456,1085358,705588
1,layer3.5.add,1,111808,False,249764,1492740,185619,23467,186326,1085556,700134
2,layer3.5.add,1,106836,False,239511,1431552,177828,13168,141475,1087014,708012
3,layer3.5.add,1,103513,False,232627,1390044,177809,7558,128239,1063056,683412
4,layer3.5.add,1,102859,False,230022,1374330,177842,6156,101495,1076514,697386
5,layer3.5.add,1,102972,False,230971,1380084,177799,7814,110667,1070556,693624
6,layer3.5.add,1,104355,False,233759,1397160,177788,6703,127082,1071912,689100
0,layer3.5.relu3,1,81760,False,188459,1126026,165331,30828,224192,694350,436008
1,layer3.5.relu3,1,79822,False,182317,1088568,165134,19438,207777,683118,425976
2,layer3.5.relu3,1,81071,False,184649,1102578,165075,12838,183590,728808,465000
3,layer3.5.relu3,1,99434,False,227169,1356672,165173,18388,431802,728772,477492
4,layer3.5.relu3,1,89326,False,214235,1229112,165139,9752,262467,779208,524532
5,layer3.5.relu3,1,90037,False,205335,1226772,172808,10380,171775,858552,580986
6,layer3.5.relu3,1,90040,False,205394,1226688,165213,6178,174228,868842,599766
0,layer4.0.conv1,1,2047581,False,4279924,25672734,11721377,63215,739584,13137102,2874906
1,layer4.0.conv1,1,2044804,False,4276169,25650804,11722181,52107,649075,13215396,3078300
2,layer4.0.conv1,1,2039567,False,4262726,25570494,11723486,37625,567286,13229796,3093426
3,layer4.0.conv1,1,2069500,False,4322604,25928784,11724105,36669,815041,13339788,3080046
4,layer4.0.conv1,1,2050210,False,4264898,25583736,11724404,25843,561242,13259274,3139602
5,layer4.0.conv1,1,2042460,False,4242928,25452240,11723758,25748,505255,13185216,3079308
6,layer4.0.conv1,1,2034956,False,4241823,25445508,11724044,22687,514387,13171554,3046224
0,layer4.0.bn1,1,141128,False,318409,1904826,276729,78570,703017,835518,549642
1,layer4.0.bn1,1,116950,False,264063,1578456,276485,51901,367127,871848,571362
2,layer4.0.bn1,1,132489,False,299430,1789506,286021,45610,613572,832212,545274
3,layer4.0.bn1,1,112527,False,254471,1521762,276413,32366,323814,876198,586782
4,layer4.0.bn1,1,114175,False,257857,1541346,276293,22260,298876,930036,619602
5,layer4.0.bn1,1,110554,False,251210,1501578,276356,17552,266075,928608,616764
6,layer4.0.bn1,1,117305,False,263242,1573074,276342,16984,367034,899772,610398
0,layer4.0.relu1,1,63203,False,152438,909180,108723,30738,260110,497238,347406
1,layer4.0.relu1,1,59990,False,144270,860034,108625,17221,186356,534528,385176
2,layer4.0.relu1,1,59600,False,142011,846264,108610,11097,153987,560382,410022
3,layer4.0.relu1,1,59638,False,140967,839922,108575,7510,130910,580686,427146
4,layer4.0.relu1,1,62433,False,148822,886938,108597,5772,176430,579168,428160
5,layer4.0.relu1,1,61044,False,144910,864144,108589,7344,196116,539982,390444
6,layer4.0.relu1,1,60040,False,142527,849792,108576,7022,153144,568650,417966
0,layer4.0.conv2,1,3593349,False,7520145,45115458,16934564,269478,3382057,24524916,5566074
1,layer4.0.conv2,1,4049437,False,8464691,50779872,16935951,218496,3792800,29730366,10378566
2,layer4.0.conv2,1,4069457,False,8501799,51004020,16937443,250645,3895856,29913282,10521774
3,layer4.0.conv2,1,3894751,False,8149770,48893082,16952139,198643,3276282,28457418,9164448
4,layer4.0.conv2,1,3908582,False,8187881,49117764,16933019,168390,3471630,28536018,9345978
5,layer4.0.conv2,1,3812400,False,7977595,47860308,16938429,161228,3104054,27649398,8420862
6,layer4.0.conv2,1,3859465,False,8049785,48292368,16940649,155365,3259792,27927024,8746566
0,layer4.0.bn2,1,94346,False,193154,1151934,168404,84602,482865,405084,289392
1,layer4.0.bn2,1,80658,False,186544,1112832,175833,52472,407001,465294,343008
2,layer4.0.bn2,1,72968,False,169394,1011102,178707,29510,309373,480630,352848
3,layer4.0.bn2,1,69869,False,168885,1007808,175814,20591,237344,562128,430128
4,layer4.0.bn2,1,72312,False,167730,1001064,175649,17350,259816,534930,398826
5,layer4.0.bn2,1,88953,False,204766,1222122,168018,28001,568984,444018,325110
6,layer4.0.bn2,1,74100,False,173322,1033638,168044,19031,287740,544440,420720
0,layer4.0.relu2,1,43528,False,111320,662646,66381,31515,221819,331440,265512
1,layer4.0.relu2,1,48057,False,119282,710376,66354,25499,316970,286290,225300
2,layer4.0.relu2,1,43245,False,106375,632484,66300,10717,175085,368190,300648
3,layer4.0.relu2,1,40763,False,102463,609432,66217,5971,139858,385236,317070
4,layer4.0.relu2,1,57645,False,140247,831018,66222,7228,317684,426942,357828
5,layer4.0.relu2,1,38877,False,97478,579690,66218,5283,139730,355152,290520
6,layer4.0.relu2,1,38077,False,96004,570276,66238,6041,153496,331092,269442
0,layer4.0.conv3,1,1339231,False,2764059,16578264,8156195,67830,825164,7516824,1176432
1,layer4.0.conv3,1,1475288,False,3058962,18347400,8170721,56870,1190125,8918208,2303466
2,layer4.0.conv3,1,1339972,False,2765850,16589808,8157488,34763,692320,7693896,1302684
3,layer4.0.conv3,1,1295241,False,2679719,16072884,8158033,23857,519291,7359018,1052628
4,layer4.0.conv3,1,1275780,False,2655957,15930426,8155370,25928,444830,7289688,1011750
5,layer4.0.conv3,1,1273511,False,2630773,15779154,8154929,23462,432148,7156752,915378
6,layer4.0.conv3,1,1404605,False,2920181,17514660,8173475,34675,889506,8404404,1869126
0,layer4.0.bn3,1,110787,False,251532,1504422,376221,64370,380022,673176,384222
1,layer4.0.bn3,1,109024,False,245922,1470204,376115,46915,335605,699210,403788
2,layer4.0.bn3,1,104946,False,236065,1411698,376000,30923,277784,715326,413784
3,layer4.0.bn3,1,114337,False,257276,1537296,376026,27190,353667,766458,463896
4,layer4.0.bn3,1,116479,False,260968,1560396,385476,25069,290024,848082,534132
5,layer4.0.bn3,1,115283,False,258565,1546020,383695,19403,266443,863328,542580
6,layer4.0.bn3,1,107481,False,240580,1438116,375938,18333,242783,788886,479328
0,layer4.0.downsample.0,1,3185067,False,6670392,40015902,12017472,280991,2140136,25574970,13853166
1,layer4.0.downsample.0,1,3058940,False,6371627,38225082,12016293,211448,1395316,24595836,12774114
2,layer4.0.downsample.0,1,3028445,False,6306012,37830546,12013533,183614,1300608,24324804,12497010
3,layer4.0.downsample.0,1,2999548,False,6253220,37513776,12011622,142389,1130225,24221994,12381426
4,layer4.0.downsample.0,1,3430003,False,7168327,43001784,12014114,181846,2188809,28609866,16693206
5,layer4.0.downsample.0,1,3193147,False,6673089,40032402,12014705,152209,1290080,26563344,14739012
6,layer4.0.downsample.0,1,3321508,False,6924958,41544126,12016003,169894,1904357,27445716,15587388
0,layer4.0.downsample.1,1,122112,False,275680,1648512,376300,94066,447516,721212,409542
1,layer4.0.downsample.1,1,116584,False,261890,1566564,376126,54531,368420,754560,446892
2,layer4.0.downsample.1,1,122665,False,273585,1636674,376024,38020,408936,801024,487488
3,layer4.0.downsample.1,1,116000,False,259658,1552446,375908,26807,262927,874926,551256
4,layer4.0.downsample.1,1,111287,False,248914,1488150,375874,19963,245395,834774,514890
5,layer4.0.downsample.1,1,110834,False,248182,1483782,375970,20328,221277,854304,535674
6,layer4.0.downsample.1,1,138496,False,310777,1858242,375999,28921,552583,887226,551376
0,layer4.0.add,1,82760,False,192734,1149432,115146,35331,216097,771552,555288
1,layer4.0.add,1,84287,False,194072,1159182,115118,26891,208577,795852,580782
2,layer4.0.add,1,86841,False,198280,1184976,115043,12004,173959,871812,654924
3,layer4.0.add,1,78594,False,181542,1083978,115020,6216,115155,835488,616014
4,layer4.0.add,1,87698,False,203473,1214274,115045,8805,245740,831336,609336
5,layer4.0.add,1,80725,False,186174,1111596,115059,5899,148620,828828,608844
6,layer4.0.add,1,80192,False,185310,1106496,114981,5755,161535,809664,587448
0,layer4.0.relu3,1,66726,False,157132,936300,108740,28984,284099,501564,352800
1,layer4.0.relu3,1,65163,False,153429,915282,108656,19435,223730,551520,399456
2,layer4.0.relu3,1,61025,False,145326,866094,108631,10223,178139,555630,400404
3,layer4.0.relu3,1,60283,False,142513,850338,108540,6314,146719,575400,419190
4,layer4.0.relu3,1,71281,False,167238,996828,116848,9539,292915,563448,406128
5,layer4.0.relu3,1,64975,False,152897,912054,115113,9303,174937,597456,434028
6,layer4.0.relu3,1,65098,False,151513,903666,118142,8163,140555,623658,455310
0,layer4.1.conv1,1,1278481,False,2674008,16038432,8130895,68452,644824,7182000,919152
1,layer4.1.conv1,1,1352719,False,2796645,16774416,8138950,61740,951581,7609482,1272570
2,layer4.1.conv1,1,1286260,False,2668482,16005012,8140232,43353,555567,7253490,981126
3,layer4.1.conv1,1,1279627,False,2643864,15857274,8140368,35200,477698,7191168,943074
4,layer4.1.conv1,1,1266239,False,2627591,15760800,8138297,32327,447135,7131474,890556
5,layer4.1.conv1,1,1319731,False,2733909,16396542,8141703,41589,730785,7471206,1163112
6,layer4.1.conv1,1,1274060,False,2633724,15796806,8132276,32081,470844,7148430,899922
0,layer4.1.bn1,1,75039,False,176382,1052646,169042,79617,406223,387744,270144
1,layer4.1.bn1,1,69326,False,161344,962694,168587,42901,329854,410154,297168
2,layer4.1.bn1,1,91335,False,211441,1261170,168463,38269,578696,460776,339762
3,layer4.1.bn1,1,74713,False,174058,1037850,168468,21875,289960,543756,414090
4,layer4.1.bn1,1,71969,False,168449,1005054,166569,17338,263411,545508,411984
5,layer4.1.bn1,1,69601,False,163542,975978,166164,14505,250353,531732,405762
6,layer4.1.bn1,1,68750,False,161920,966162,166196,13758,226660,547380,413094
0,layer4.1.relu1,1,49111,False,124251,737994,66314,31460,354530,274008,213180
1,layer4.1.relu1,1,42989,False,107469,638916,66239,15764,198144,346812,284568
2,layer4.1.relu1,1,39238,False,98939,588444,66183,7800,157711,340452,274938
3,layer4.1.relu1,1,39311,False,99368,589752,66154,5470,130123,370464,298326
4,layer4.1.relu1,1,42654,False,106753,634470,66140,4343,164077,385608,317076
5,layer4.1.relu1,1,44185,False,110234,656178,73991,9163,176461,383388,308472
6,layer4.1.relu1,1,39976,False,100649,598470,66203,7042,152042,360900,296154
0,layer4.1.conv2,1,3347302,False,6973850,41835540,13563148,255842,1640734,26368788,5437032
1,layer4.1.conv2,1,3431479,False,7178829,43067658,13563103,212970,1792784,27488448,6503856
2,layer4.1.conv2,1,3298911,False,6897297,41379090,13561117,162244,1262064,26385918,5444760
3,layer4.1.conv2,1,3291246,False,6842896,41051544,13566844,175597,1250687,26046972,5137440
4,layer4.1.conv2,1,3254979,False,6811080,40860534,13573927,197631,1283072,25798620,4875744
5,layer4.1.conv2,1,3808856,False,7959610,47749332,13585852,188810,2187359,31778502,10532214
6,layer4.1.conv2,1,3387930,False,7089454,42531372,13563714,136518,1285983,27534912,6508878
0,layer4.1.bn2,1,73073,False,171707,1024608,165124,64865,378357,406104,294858
1,layer4.1.bn2,1,68083,False,159529,951864,164900,38308,312969,424380,311100
2,layer4.1.bn2,1,76558,False,177436,1059180,164894,26372,413574,440724,331650
3,layer4.1.bn2,1,66380,False,155133,925464,164718,13855,249335,483732,366528
4,layer4.1.bn2,1,70676,False,163943,977952,164684,12425,263385,524484,406326
5,layer4.1.bn2,1,66738,False,156852,935742,164693,11667,246435,500010,380040
6,layer4.1.bn2,1,71435,False,167057,994128,164691,14064,325281,478056,360114
0,layer4.1.relu2,1,42246,False,106196,631860,66362,31092,219919,301974,243054
1,layer4.1.relu2,1,39303,False,99562,590934,66309,16515,173164,321978,260616
2,layer4.1.relu2,1,39476,False,98799,587520,66213,7999,137047,364014,300102
3,layer4.1.relu2,1,44304,False,111572,663036,66245,7151,256996,317814,258018
4,layer4.1.relu2,1,40859,False,101923,606174,66197,5273,128398,394044,324390
5,layer4.1.relu2,1,39236,False,98413,585132,66224,5614,121950,376590,311586
6,layer4.1.relu2,1,40086,False,100922,599664,66201,4276,115178,399522,331008
0,layer4.1.conv3,1,1470598,False,3050997,18299772,8158761,79470,1208369,8843688,2235834
1,layer4.1.conv3,1,1385024,False,2879747,17271048,8168638,50841,798210,8241324,1727526
2,layer4.1.conv3,1,1338947,False,2780580,16678206,8166941,36938,594073,7863012,1448478
3,layer4.1.conv3,1,1289586,False,2684413,16101096,8157106,27857,499300,7404216,1096110
4,layer4.1.conv3,1,1394818,False,2883751,17296212,8159004,34204,761014,8330784,1791594
5,layer4.1.conv3,1,1290794,False,2689096,16128660,8160101,24911,488355,7441482,1120470
6,layer4.1.conv3,1,1283932,False,2661777,15964740,8158527,23111,450320,7321026,1019214
0,layer4.1.bn3,1,110720,False,249559,1491456,374384,73092,396374,637170,362898
1,layer4.1.bn3,1,100653,False,227223,1357380,374030,43182,303630,623778,344622
2,layer4.1.bn3,1,101062,False,228290,1363770,374088,36389,328134,613608,340512
3,layer4.1.bn3,1,97795,False,221042,1320918,373828,22438,249072,663582,370980
4,layer4.1.bn3,1,94599,False,213878,1277364,373858,16057,234882,640254,359118
5,layer4.1.bn3,1,97622,False,220155,1315488,373757,14099,196888,718614,428196
6,layer4.1.bn3,1,137842,False,308223,1842960,374021,27134,531224,897510,568632
0,layer4.1.add,1,81902,False,191214,1141950,115089,33526,218183,761700,546942
1,layer4.1.add,1,78835,False,182888,1091892,115096,22077,175239,767850,553182
2,layer4.1.add,1,78434,False,181207,1080468,115029,6548,143350,803256,581850
3,layer4.1.add,1,84348,False,195075,1164210,115080,8863,242253,785466,568434
4,layer4.1.add,1,76580,False,176568,1054080,115098,7728,107810,810462,593298
5,layer4.1.add,1,77900,False,180961,1080420,115040,6984,160224,783126,568458
6,layer4.1.add,1,79919,False,185310,1106574,115024,5142,142903,831366,608838
0,layer4.1.relu3,1,59040,False,141036,840960,108716,29079,193049,497496,352476
1,layer4.1.relu3,1,65843,False,155603,925320,108666,20677,264296,519054,370548
2,layer4.1.relu3,1,60785,False,143837,857724,108616,8963,172738,554130,405150
3,layer4.1.relu3,1,58347,False,139509,831714,108631,7513,171030,532188,385074
4,layer4.1.relu3,1,59451,False,140861,839850,108548,5296,136530,577176,425670
5,layer4.1.relu3,1,69695,False,165141,983802,116228,10573,285492,558030,397044
6,layer4.1.relu3,1,61194,False,144811,863430,108583,6690,175291,558036,407706
0,layer4.2.conv1,1,1293062,False,2698547,16184022,8133627,81668,701034,7256826,990324
1,layer4.2.conv1,1,1268783,False,2646110,15870690,8135068,54988,594052,7074510,833910
2,layer4.2.conv1,1,1331146,False,2764383,16580766,8132452,57129,850068,7527960,1217478
3,layer4.2.conv1,1,1279647,False,2667314,15998616,8133306,45924,544694,7262532,988908
4,layer4.2.conv1,1,1277900,False,2639134,15829542,8133815,44840,487042,7150488,904050
5,layer4.2.conv1,1,1269642,False,2645317,15864438,8141194,44843,461596,7204590,921960
6,layer4.2.conv1,1,1295895,False,2681336,16081008,8137884,36765,625574,7269198,1009218
0,layer4.2.bn1,1,72832,False,170914,1019730,168406,69334,380057,391482,285930
1,layer4.2.bn1,1,65904,False,154312,920394,168034,41705,294458,402834,288840
2,layer4.2.bn1,1,65275,False,159885,954024,167914,23262,277184,426000,312534
3,layer4.2.bn1,1,66475,False,154304,920124,168083,20903,294388,423474,310524
4,layer4.2.bn1,1,62600,False,145532,868140,167922,13660,220465,454140,335718
5,layer4.2.bn1,1,68157,False,157265,938280,175484,11657,222074,516732,385056
6,layer4.2.bn1,1,63870,False,148892,888030,167984,12046,213519,482214,357498
0,layer4.2.relu1,1,51811,False,130134,774252,66296,31289,361594,302046,239604
1,layer4.2.relu1,1,42891,False,106658,633522,66194,14055,248323,291690,232968
2,layer4.2.relu1,1,39075,False,106539,633822,75711,12904,163434,368430,295230
3,layer4.2.relu1,1,37524,False,94298,560772,66149,4424,116232,360180,295320
4,layer4.2.relu1,1,38341,False,97628,580182,66107,6186,139306,355002,291384
5,layer4.2.relu1,1,47605,False,117146,696066,66159,12575,281900,320904,261084
6,layer4.2.relu1,1,38890,False,97909,581682,66149,6820,127222,369354,302262
0,layer4.2.conv2,1,3378466,False,7003269,42012300,13569845,275101,1677666,26485404,5580672
1,layer4.2.conv2,1,3647908,False,7606668,45633234,13582071,229653,2011100,29805792,8691342
2,layer4.2.conv2,1,3482706,False,7260236,43556478,13559398,165405,1371738,28450236,7425246
3,layer4.2.conv2,1,3404233,False,7109515,42651354,13576905,158096,1290145,27617424,6631854
4,layer4.2.conv2,1,6852364,False,8214112,49279278,13584001,175320,2129174,33383460,12265470
5,layer4.2.conv2,1,3738030,False,7826971,46956864,13570259,150216,1819177,31407012,10226436
6,layer4.2.conv2,1,3521356,False,7370934,44220204,13563280,136900,1317966,29193204,8156376
0,layer4.2.bn2,1,82081,False,191616,1143066,176727,85972,414470,456318,333126
1,layer4.2.bn2,1,76962,False,177311,1057614,174895,47843,332090,490992,363198
2,layer4.2.bn2,1,92609,False,213359,1273662,166881,44204,575657,474012,356418
3,layer4.2.bn2,1,76008,False,175321,1045590,166941,26352,348361,490626,371646
4,layer4.2.bn2,1,70685,False,163858,977814,166897,20352,252102,526380,400584
5,layer4.2.bn2,1,70003,False,163987,978018,166866,15844,269828,513510,390102
6,layer4.2.bn2,1,70850,False,164728,982494,166809,13780,253328,535272,408396
0,layer4.2.relu2,1,48980,False,121075,719964,66287,28552,305018,305808,246204
1,layer4.2.relu2,1,45024,False,111376,661998,66234,16609,209315,357084,294402
2,layer4.2.relu2,1,41005,False,102418,609054,66192,8998,181579,338766,273348
3,layer4.2.relu2,1,39217,False,98575,585864,66176,6513,140097,360762,294084
4,layer4.2.relu2,1,42884,False,106510,632796,66223,8166,227010,319374,259056
5,layer4.2.relu2,1,40973,False,101621,604362,66209,6332,137944,381858,316788
6,layer4.2.relu2,1,41882,False,103659,615612,66144,4168,151456,381474,313014
0,layer4.2.conv3,1,1324446,False,2736084,16410486,8158229,81908,751254,7409238,1100328
1,layer4.2.conv3,1,1447773,False,3031200,18180666,8166604,58156,1137283,8805942,2217978
2,layer4.2.conv3,1,1303055,False,2724664,16342698,8156830,38550,615257,7520478,1194750
3,layer4.2.conv3,1,1286182,False,2679100,16069170,8156168,34168,517469,7350072,1063146
4,layer4.2.conv3,1,1278844,False,2656903,15936084,8158262,24889,502705,7238538,985938
5,layer4.2.conv3,1,1361903,False,2802565,16808850,8155880,36365,738186,7867266,1459848
6,layer4.2.conv3,1,1280557,False,2671128,16021476,8165504,28729,502714,7311636,1035486
0,layer4.2.bn3,1,112190,False,255152,1523928,375974,90384,429486,618108,328272
1,layer4.2.bn3,1,102769,False,230925,1379538,375618,47104,332927,612588,329898
2,layer4.2.bn3,1,109797,False,246604,1473372,375629,36177,387482,661422,371820
3,layer4.2.bn3,1,106586,False,239606,1431708,384755,18575,256705,758262,459486
4,layer4.2.bn3,1,101465,False,227374,1358436,375369,15519,235956,719022,414564
5,layer4.2.bn3,1,103044,False,231972,1386042,375437,19331,269132,708990,408498
6,layer4.2.bn3,1,103205,False,231468,1383120,375507,16714,207815,769950,462120
0,layer4.2.add,1,89742,False,210617,1257354,115195,37742,335623,756186,541182
1,layer4.2.add,1,83754,False,192879,1151868,115034,22464,210621,788760,574602
2,layer4.2.add,1,79097,False,182746,1090644,115060,10086,144941,807390,585924
3,layer4.2.add,1,80975,False,195265,1165758,122344,10252,129581,846288,623814
4,layer4.2.add,1,79389,False,182564,1089816,115030,6401,131601,823356,601242
5,layer4.2.add,1,92957,False,212714,1269108,124387,18702,283946,830340,608700
6,layer4.2.add,1,85405,False,195382,1167348,122888,16525,160352,855024,629412
0,layer4.2.relu3,1,66184,False,155803,930036,108980,38772,257282,512712,363444
1,layer4.2.relu3,1,67593,False,159426,950394,118096,25591,243911,549474,391794
2,layer4.2.relu3,1,65478,False,154961,923466,108615,14353,227417,560988,405762
3,layer4.2.relu3,1,62349,False,148811,887460,108760,13594,221829,531276,383928
4,layer4.2.relu3,1,60432,False,143146,853608,107038,7164,170223,554628,405312
5,layer4.2.relu3,1,60292,False,142240,848520,106769,6107,164654,558798,409176
6,layer4.2.relu3,1,57121,False,136035,810936,106851,7569,138539,545712,398508
0,avgpool,1,126272,False,285497,1706670,276803,58344,733228,627948,409308
1,avgpool,1,109972,False,247875,1481658,276868,45555,472283,674724,454296
2,avgpool,1,105355,False,239205,1429728,276905,23184,413328,704460,483786
3,avgpool,1,109268,False,247116,1476870,286248,19520,342647,813996,565572
4,avgpool,1,102027,False,231861,1385622,276670,11667,345436,739710,516582
5,avgpool,1,122668,False,276077,1650174,276714,16495,664835,676050,462444
6,avgpool,1,106975,False,239330,1430196,276738,9021,405702,725874,503214
0,flatten,1,35051,False,91082,540516,54643,32981,229249,210132,176958
1,flatten,1,42482,False,108238,641250,54630,18012,344553,211182,177654
2,flatten,1,39948,False,102695,606126,54562,8965,271407,258954,221772
3,flatten,1,35625,False,93213,552822,54560,7730,221440,254976,220746
4,flatten,1,39297,False,99930,593238,54540,7166,257273,259752,226356
5,flatten,1,36475,False,93595,555066,54620,8654,255716,221382,191508
6,flatten,1,38536,False,98636,585252,54540,5354,261191,249792,214356
0,fc,1,587114,False,1193407,7151166,467304,54144,807965,5808234,4703040
1,fc,1,565812,False,1174846,7042050,465117,33426,655653,5874024,4767144
2,fc,1,557303,False,1159039,6948480,465209,18978,477968,5970870,4858830
3,fc,1,584735,False,1179524,7070730,476319,23659,747810,5807916,4697616
4,fc,1,562106,False,1155573,6926004,457412,18216,636013,5801574,4703130
5,fc,1,580122,False,1172332,7027512,471759,17233,609720,5914902,4798248
6,fc,1,567770,False,1151041,6898314,464877,14294,582006,5820990,4714842
