iter,layer,ns,multiplexed,slots,td_retiring,td_bad_spec,td_fe_bound,td_be_bound,td_heavy_ops,td_br_mispredict,td_fetch_lat,td_mem_bound
0,conv1,2176161,False,27453990,11410299,2798270,3981418,10758755,2151384,2796317,1612970,3225394
0,bn1,329513,False,4270932,1756692,430407,611821,1651739,329976,428489,246922,493288
0,relu,175894,False,2292186,950843,232716,330489,891346,177891,230773,132863,265153
0,maxpool,10167970,False,127908612,37528145,44320119,34196918,3233567,1114,44318198,7522078,0
0,layer1.0.conv1,254733,False,3010422,1237446,329441,446399,1137689,222491,327354,175078,337951
0,layer1.0.bn1,88596,False,1186242,486528,129224,174676,444075,86632,127142,67835,130615
0,layer1.0.relu1,33339,False,488334,199166,52599,70679,178543,34620,50487,26769,51214
0,layer1.0.conv2,1993263,False,25149726,10353830,2760510,3745699,9559507,1872121,2758389,1477433,2855825
0,layer1.0.bn2,82147,False,1109256,454795,120759,163196,414765,80885,118682,63304,121855
0,layer1.0.relu2,32757,False,480738,195915,51722,69491,175574,34035,49643,26315,50339
0,layer1.0.conv3,857087,False,10858818,4469343,1191305,1616065,4123449,807335,1189242,636821,1230656
0,layer1.0.bn3,320268,False,4113822,1691990,450681,610935,1557674,304747,448583,240040,463546
0,layer1.0.downsample.0,863747,False,10943286,4504137,1200591,1628659,4155562,813619,1198494,641775,1240233
0,layer1.0.downsample.1,327375,False,4202346,1728453,460396,624128,1591373,311363,458337,245263,473647
0,layer1.0.add,453221,False,5783322,2379434,633995,859721,2192777,429157,631894,338239,653395
0,layer1.0.relu3,175137,False,2285550,939170,249924,338453,862165,168523,247823,132480,255593
0,layer1.1.conv1,802670,False,10223874,4207884,1121578,1521441,3881897,760020,1114509,596776,1153236
0,layer1.1.bn1,93307,False,1246800,511439,135868,183655,466986,91123,133768,71369,137449
0,layer1.1.relu1,32678,False,527466,215255,56887,76502,193469,34291,50023,26520,50739
0,layer1.1.conv2,1979671,False,24981864,10284718,2742051,3720652,9495686,1859627,2739987,1467567,2836761
0,layer1.1.bn2,80995,False,1094106,448550,119064,160871,408858,79726,116968,62384,120070
0,layer1.1.relu2,32830,False,482766,196745,51945,69794,176358,34189,49867,26419,50540
0,layer1.1.conv3,852273,False,10798560,4444536,1184677,1607071,4100473,802834,1182587,633253,1223749
0,layer1.1.bn3,320572,False,4114926,1692454,450804,611099,1558042,304834,448716,240108,463669
0,layer1.1.add,449981,False,5745384,2363817,629826,854067,2178294,426326,627726,336008,649072
0,layer1.1.relu3,174451,False,2276808,935585,248960,337131,858749,167858,246854,131949,254570
0,layer1.2.conv1,808183,False,10247370,4217566,1124134,1524908,3890734,761748,1122062,600830,1161042
0,layer1.2.bn1,91357,False,1223358,501819,133286,180154,458098,89379,131200,70008,134787
0,layer1.2.relu1,32226,False,474894,193587,51102,68648,173429,33616,48982,25967,49675
0,layer1.2.conv2,1976259,False,24936390,10265835,2737046,3713855,9478341,1856227,2734978,1464887,2831583
0,layer1.2.bn2,81183,False,1096914,449736,119415,161370,410047,79970,117334,62581,120457
0,layer1.2.relu2,32478,False,478818,195202,51535,69213,174886,33897,49415,26197,50104
0,layer1.2.conv3,852273,False,10799454,4444890,1184783,1607211,4100826,802902,1182710,633320,1223879
0,layer1.2.bn3,320932,False,4123890,1696148,451796,612440,1561534,305505,449700,240631,464685
0,layer1.2.add,453694,False,5792364,2383147,634993,861049,2196163,429823,632908,338761,654411
0,layer1.2.relu3,175497,False,2287878,940120,250187,338835,863138,168713,248110,132625,255868
0,layer2.0.conv1,1593775,False,20125392,8285004,2208786,2996940,7648259,1497759,2206695,1181885,2284437
0,layer2.0.bn1,172819,False,2254518,926216,246473,333795,850275,166194,244403,130648,252050
0,layer2.0.relu1,78442,False,1057086,433353,115035,155405,394925,77005,112963,60238,115930
0,layer2.0.conv2,2129558,False,26865678,11060403,2948924,4001411,10212345,2000008,2946863,1578398,3051025
0,layer2.0.bn2,44128,False,626484,255985,67739,91230,231086,44914,65668,34905,66949
0,layer2.0.relu2,17973,False,296712,120259,31526,42080,105623,20343,29464,15491,29416
0,layer2.0.conv3,843563,False,10688982,4399398,1172635,1590707,4058656,794646,1170546,626802,1211283
0,layer2.0.bn3,177767,False,2315334,951448,253198,342914,873461,170742,251085,134229,258977
0,layer2.0.downsample.0,2310483,False,29141094,11997241,3198747,4340464,11077845,2169537,3196692,1712239,3309799
0,layer2.0.downsample.1,173049,False,2257194,927506,246812,334253,851441,166428,244687,130802,252351
0,layer2.0.add,230245,False,2977884,1224228,325948,441657,1125623,220134,323900,173240,334394
0,layer2.0.relu3,85532,False,1148298,470902,125038,168970,429530,83776,122945,65573,126247
0,layer2.1.conv1,819479,False,10381680,4272870,1138892,1544942,3941898,771776,1136841,608737,1176355
0,layer2.1.bn1,50577,False,709086,290030,76811,103515,262453,51059,74720,39737,76289
0,layer2.1.relu1,17127,False,283482,114801,30093,40136,100574,19347,27998,14723,27923
0,layer2.1.conv2,1922263,False,24251118,9983815,2661823,3611757,9217664,1805147,2659703,1424568,2753625
0,layer2.1.bn2,41128,False,585900,239313,63293,85200,215701,41893,61223,32520,62342
0,layer2.1.relu2,18005,False,296346,120098,31489,42019,105458,20304,29409,15474,29377
0,layer2.1.conv3,847862,False,10745394,4422617,1178815,1599121,4080133,798852,1176738,630120,1217693
0,layer2.1.bn3,170425,False,2224164,913912,243197,329340,838913,163972,241125,128883,248629
0,layer2.1.add,226682,False,2932704,1205637,320984,434926,1108436,216748,318899,170563,329221
0,layer2.1.relu3,82816,False,1114884,457130,121360,163986,416826,81296,119280,63620,122388
0,layer2.2.conv1,815147,False,10330236,4251673,1133261,1537255,3922262,767927,1131152,605693,1170442
0,layer2.2.bn1,47036,False,660726,270094,71508,96320,244091,47453,69384,36894,70795
0,layer2.2.relu1,16779,False,279774,113232,29671,39575,99246,19088,27609,14513,27519
0,layer2.2.conv2,1918590,False,24204438,9964609,2656715,3604851,9200059,1801724,2654657,1421861,2748399
0,layer2.2.bn2,43092,False,609942,249218,65941,88795,224893,43686,63864,33936,65061
0,layer2.2.relu2,18264,False,298158,120819,31679,42279,106115,20432,29593,15570,29558
0,layer2.2.conv3,842852,False,10681578,4396236,1171806,1589585,4055803,794086,1169708,626349,1210409
0,layer2.2.bn3,173615,False,2264154,930357,247581,335268,854033,166932,245494,131239,253191
0,layer2.2.add,228879,False,2960010,1216876,323974,438972,1118718,218783,321884,172159,332305
0,layer2.2.relu3,83758,False,1123398,460636,122317,165267,420070,81926,120206,64117,123399
0,layer2.3.conv1,817639,False,10358604,4263359,1136383,1541534,3933169,770057,1134283,607376,1173731
0,layer2.3.bn1,48160,False,675834,276345,73181,98617,249954,48610,71119,37826,72589
0,layer2.3.relu1,16974,False,282378,114339,29974,39980,100223,19274,27880,14662,27804
0,layer2.3.conv2,1918173,False,24201048,9963218,2656333,3604303,9198686,1801446,2654213,1421624,2747928
0,layer2.3.bn2,41956,False,597018,243911,64503,86847,219898,42723,62444,33179,63597
0,layer2.3.relu2,17725,False,291360,117976,30947,41291,103617,19925,28847,15177,28812
0,layer2.3.conv3,848048,False,10743552,4421876,1178657,1598899,4079540,798731,1176559,630020,1217499
0,layer2.3.bn3,171657,False,2240022,920422,244929,331693,844899,165130,242836,129817,250443
0,layer2.3.add,228256,False,2953218,1214089,323217,437958,1116123,218272,321122,171753,331520
0,layer2.3.relu3,83395,False,1118238,458516,121734,164513,418159,81557,119665,63831,122872
0,layer3.0.conv1,1712834,False,21621216,8900919,2373035,3219847,8217303,1609225,2370973,1269890,2454567
0,layer3.0.bn1,84431,False,1134552,465221,123517,166935,424326,82759,121446,64787,124711
0,layer3.0.relu1,32310,False,475878,194005,51197,68784,173794,33692,49129,26044,49795
0,layer3.0.conv2,2201775,False,27773454,11434189,3048585,4136656,10557550,2067616,3046503,1631776,3154227
0,layer3.0.bn2,36143,False,524478,213993,56542,76027,192270,37310,54467,28903,55335
0,layer3.0.relu2,11690,False,215826,86940,22671,30065,74920,14328,20597,10758,20259
0,layer3.0.conv3,970648,False,12284826,5056536,1347878,1828564,4665837,913577,1345809,720694,1392808
0,layer3.0.bn3,92904,False,1242792,509762,135410,183081,465507,90835,133345,71162,137048
0,layer3.0.downsample.0,2225655,False,28075116,11558420,3081727,4181624,10672362,2090115,3079633,1649525,3188541
0,layer3.0.downsample.1,91478,False,1226328,503024,133599,180619,459252,89605,131536,70191,135164
0,layer3.0.add,107528,False,1428618,586320,155837,210795,536314,104701,153772,82102,158200
0,layer3.0.relu3,37266,False,537720,219462,58001,78020,197376,38312,55923,29686,56860
0,layer3.1.conv1,1016670,False,12862998,5294601,1411369,1914733,4885819,956666,1409309,754713,1458579
0,layer3.1.bn1,32503,False,477384,194650,51374,69034,174445,33815,49316,26145,50001
0,layer3.1.relu1,10831,False,204210,82140,21386,28330,70561,13467,19321,10070,18941
0,layer3.1.conv2,2039348,False,25731456,10593361,2824352,3832352,9780789,1915472,2822283,1511642,2921962
0,layer3.1.bn2,32724,False,481980,196402,51856,69673,176004,34118,49761,26383,50450
0,layer3.1.relu2,11987,False,218286,87953,22938,30426,75893,14515,20873,10906,20542
0,layer3.1.conv3,972581,False,12309120,5066531,1350559,1832201,4675138,915379,1348465,722110,1395539
0,layer3.1.bn3,97141,False,1292790,530401,140918,190554,484635,94580,138845,74102,142720
0,layer3.1.add,106440,False,1417398,581683,154596,209111,531948,103844,152508,81425,156883
0,layer3.1.relu3,36177,False,523182,213400,56386,75816,191750,37211,54317,28823,55196
0,layer3.2.conv1,1008880,False,12764754,5254039,1400562,1900056,4848348,949323,1398488,748914,1447370
0,layer3.2.bn1,31595,False,466512,190173,50194,67390,170240,32994,48105,25481,48734
0,layer3.2.relu1,11082,False,206850,83145,21650,28686,71446,13645,19591,10216,19210
0,layer3.2.conv2,2088082,False,25825368,10632009,2834687,3846380,9816562,1922481,2832619,1517202,2932717
0,layer3.2.bn2,34304,False,501456,204535,54028,72617,183577,35601,51941,27546,52724
0,layer3.2.relu2,12453,False,224592,90411,23586,31265,77981,14926,21483,11233,21170
0,layer3.2.conv3,973667,False,12323844,5072592,1352159,1834342,4680580,916466,1350059,722970,1397180
0,layer3.2.bn3,92237,False,1233024,505779,134335,181594,461747,90097,132256,70578,135917
0,layer3.2.add,98537,False,1316730,540253,143525,194086,493669,96345,141465,75490,145406
0,layer3.2.relu3,35988,False,520554,212416,56130,75485,190915,37046,54079,28695,54947
0,layer3.3.conv1,1007589,False,12749526,5247873,1398884,1897784,4842536,948189,1396815,748018,1445637
0,layer3.3.bn1,32501,False,477180,194559,51365,69008,174354,33803,49304,26140,49996
0,layer3.3.relu1,11260,False,209406,84287,21954,29036,72337,13817,19836,10348,19461
0,layer3.3.conv2,2039884,False,25735428,10595004,2824819,3832987,9782427,1915794,2822757,1511913,2922502
0,layer3.3.bn2,34018,False,497232,202818,53563,72001,181969,35288,51493,27303,52247
0,layer3.3.relu2,11671,False,216174,87076,22677,30064,74959,14336,20614,10768,20274
0,layer3.3.conv3,968822,False,12260508,5046402,1345184,1824900,4656520,911739,1343091,719238,1389986
0,layer3.3.bn3,94823,False,1265004,518900,137833,186348,473876,92471,135760,72452,139540
0,layer3.3.add,106146,False,1413348,580015,154157,208485,530412,103533,152053,81181,156414
0,layer3.3.relu3,39629,False,567558,231734,61286,82434,208648,40514,59194,31438,60240
0,layer3.4.conv1,1006047,False,12729408,5239545,1396688,1894777,4834861,946687,1394595,746812,1443308
0,layer3.4.bn1,32182,False,472614,192625,50846,68297,172533,33447,48778,25857,49459
0,layer3.4.relu1,11014,False,207918,83684,21795,28874,71839,13722,19698,10265,19284
0,layer3.4.conv2,2039597,False,25731912,10593564,2824408,3832403,9780923,1915496,2822310,1511672,2922007
0,layer3.4.bn2,33096,False,486600,198430,52368,70361,177816,34482,50303,26672,51025
0,layer3.4.relu2,11613,False,215754,86886,22627,30006,74817,14305,20560,10738,20209
0,layer3.4.conv3,968116,False,12252402,5043152,1344309,1823717,4653489,911151,1342225,718774,1389100
0,layer3.4.bn3,92185,False,1231782,505253,134217,181419,461307,90011,132136,70515,135797
0,layer3.4.add,93791,False,1254120,514460,136668,184781,469861,91682,134598,71831,138345
0,layer3.4.relu3,35864,False,519858,212144,56033,75348,190527,36967,53964,28632,54823
0,layer3.5.conv1,1005303,False,12719844,5235658,1395667,1893423,4831423,946015,1393589,746280,1442272
0,layer3.5.bn1,32404,False,476160,194139,51255,68858,173952,33721,49157,26058,49846
0,layer3.5.relu1,11458,False,251832,101759,26617,35420,74124,14163,20354,10626,20008
0,layer3.5.conv2,2037173,False,25699776,10580326,2820909,3827684,9768836,1913135,2818826,1509806,2918417
0,layer3.5.bn2,33630,False,492300,200750,53020,71248,180096,34924,50940,27016,51698
0,layer3.5.relu2,11262,False,210840,84849,22106,29272,72921,13927,19999,10430,19636
0,layer3.5.conv3,975597,False,12348102,5082578,1354842,1838014,4689982,918299,1352770,724426,1400019
0,layer3.5.bn3,94269,False,1258614,516323,137127,185404,471479,91996,135059,72061,138777
0,layer3.5.add,104675,False,1394952,572435,152128,205746,523282,102152,150018,80093,154288
0,layer3.5.relu3,36785,False,532440,217325,57438,77234,195303,37906,55345,29373,56255
0,layer4.0.conv1,1960978,False,24739488,10184924,2715467,3684584,9403568,1841584,2713404,1453333,2809234
0,layer4.0.bn1,51928,False,724926,296550,78553,105898,268505,52234,76423,40669,78085
0,layer4.0.relu1,17097,False,284748,115292,30233,40288,101008,19434,28126,14788,28054
0,layer4.0.conv2,3436953,False,43300998,17827792,4753554,6450554,16464093,3224571,4751479,2545150,4920091
0,layer4.0.bn2,31127,False,458904,187018,49357,66273,167397,32441,47295,25064,47921
0,layer4.0.relu2,8915,False,179346,71919,18661,24623,61072,11614,16573,8601,16082
0,layer4.0.conv3,1248860,False,15788934,6499401,1732651,2350728,5998697,1174647,1730547,926796,1791250
0,layer4.0.bn3,58705,False,808974,331170,87796,118451,300552,58520,85724,45649,87713
0,layer4.0.downsample.0,2890864,False,36434748,15000624,3999649,5427386,13852335,2712984,3997541,2141263,4139237
0,layer4.0.downsample.1,56312,False,778152,318491,84414,113861,288818,56221,82318,43823,84176
0,layer4.0.add,39240,False,564066,230314,60875,81908,207295,40249,58795,31223,59808
0,layer4.0.relu3,17744,False,292350,118341,31033,41426,103920,20008,28960,15224,28888
0,layer4.1.conv1,1222083,False,15451182,6360314,1695572,2300433,5870326,1149505,1693469,906937,1752877
0,layer4.1.bn1,30214,False,449022,182977,48254,64790,163611,31698,46194,24468,46762
0,layer4.1.relu1,8206,False,171048,68457,17707,23334,57771,10963,15630,8082,15091
0,layer4.1.conv2,3163327,False,39860556,16411248,4375807,5937865,34741491,2968217,4373689,2342757,4528795
0,layer4.1.bn2,29939,False,444468,181094,47780,64147,163633,31373,45721,24221,46292
0,layer4.1.relu2,8506,False,177186,71010,18410,24249,60726,11408,16290,8440,15757
0,layer4.1.conv3,1243196,False,15716940,6469722,1724740,2340020,6032981,1169297,1722655,922574,1783084
0,layer4.1.bn3,59017,False,814044,333267,88361,119207,305627,58900,86286,45948,88291
0,layer4.1.add,38284,False,551640,225120,59515,80062,204682,39334,57447,30500,58428
0,layer4.1.relu3,17454,False,287616,116480,30519,40710,103151,19645,28427,14940,28339
0,layer4.2.conv1,1210470,False,15304620,6299956,1679448,2278549,5874459,1138574,1677373,898314,1736184
0,layer4.2.bn1,28008,False,420420,171177,45098,60504,154217,29551,43032,22773,43493
0,layer4.2.relu1,7743,False,165930,66375,17182,22619,56482,10600,15106,7806,14554
0,layer4.2.conv2,3152631,False,39726900,16356208,4361130,5917973,35135082,2958272,4359020,2334912,4513627
0,layer4.2.bn2,31081,False,460320,187602,49487,66472,171275,32524,47407,25120,48005
0,layer4.2.relu2,8827,False,179808,72104,18704,24649,62386,11623,16612,8620,16107
0,layer4.2.conv3,1240993,False,15685860,6456957,1721335,2335386,6082473,1166994,1719256,920754,1779589
0,layer4.2.bn3,60157,False,826308,338307,89697,120997,313401,59786,87579,46637,89629
0,layer4.2.add,35728,False,519294,211880,55984,75281,194276,36932,53873,28585,54731
0,layer4.2.relu3,17685,False,289428,117262,30750,41026,105064,19812,28677,15087,28637
0,avgpool,82476,False,1108992,454605,120719,163134,423178,80864,118639,63276,121802
0,flatten,8538,False,177474,70889,18387,24246,61331,11410,16294,8452,15798
0,fc,504733,False,6432612,2646785,705273,956448,2489971,477516,703190,376433,727235
1,conv1,2183469,False,27548022,11341372,3023810,4103037,10687635,2050810,3021729,1618496,3128547
1,bn1,336691,False,4324584,1778767,473797,642301,1671540,320451,471725,252417,487455
1,relu,177349,False,2309820,949148,252590,342102,889430,170349,250522,133929,258396
1,maxpool,10264113,False,129113214,32546474,55407783,39854102,8887137,9618418,55405708,7592937,0
1,layer1.0.conv1,267098,False,2952774,1201926,346143,449225,1115537,218152,343901,171656,319910
1,layer1.0.bn1,88768,False,1192110,484265,139109,180104,446038,86999,136785,68115,126613
1,layer1.0.relu1,33433,False,489456,197703,56476,72700,179046,34714,54258,26839,49585
1,layer1.0.conv2,1996509,False,25193844,10273179,2962860,3850996,9576246,1875402,2960611,1480029,2762204
1,layer1.0.bn2,83101,False,1119612,454700,130575,169012,418560,81624,128314,63881,118723
1,layer1.0.relu2,32764,False,481188,194316,55498,71427,175824,34091,53266,26356,48685
1,layer1.0.conv3,858545,False,10878564,4434827,1278703,1661550,4130790,808773,1276445,637926,1190273
1,layer1.0.bn3,320754,False,4117368,1677307,483292,627560,1559086,305022,481058,240252,447953
1,layer1.0.downsample.0,866057,False,10973490,4473566,1289898,1676150,4166992,815862,1287624,643535,1200749
1,layer1.0.downsample.1,324862,False,4170246,1698907,489513,635656,1579217,308977,487279,243361,453757
1,layer1.0.add,453435,False,5783964,2356990,679350,882439,2192953,429198,677117,338283,630953
1,layer1.0.relu3,175043,False,2282490,928884,267374,346869,860895,168279,265145,132260,246369
1,layer1.1.conv1,809739,False,10263966,4184170,1206421,1567635,3897198,763012,1204195,601824,1122898
1,layer1.1.bn1,92525,False,1237722,502880,144466,187065,463464,90429,142218,70818,131681
1,layer1.1.relu1,31857,False,470238,189860,54189,69734,171614,33265,51957,25695,47435
1,layer1.1.conv2,1985670,False,25053360,10215903,2946327,3829500,9522828,1864947,2944092,1471754,2746759
1,layer1.1.bn2,84361,False,1134192,460534,132299,171267,424196,82743,130094,64772,120392
1,layer1.1.relu2,32674,False,480330,193980,55378,71253,175422,34012,53148,26291,48556
1,layer1.1.conv3,885643,False,10906494,4446227,1282017,1665871,4141521,810876,1279779,639605,1193414
1,layer1.1.bn3,321100,False,4122150,1679267,483853,628261,1560817,305372,481612,240532,448481
1,layer1.1.add,447751,False,5714766,2328812,671222,871877,2166699,424053,668998,334217,623342
1,layer1.1.relu3,174047,False,2320662,944557,271911,345470,857352,167576,264039,131736,245384
1,layer1.2.conv1,810085,False,10268670,4186070,1206961,1568330,3898934,763352,1204728,602090,1123366
1,layer1.2.bn1,91665,False,1223670,497149,142829,184950,458212,89394,140588,70012,130145
1,layer1.2.relu1,31736,False,466608,188348,53779,69198,170271,32992,51538,25495,47065
1,layer1.2.conv2,1984361,False,25037208,10209345,2944435,3827058,9516772,1863743,2942199,1470826,2745029
1,layer1.2.bn2,79464,False,1073628,435943,125201,161994,401076,78205,122927,61185,113700
1,layer1.2.relu2,32287,False,475128,191852,54795,70501,173447,33619,52532,25981,47982
1,layer1.2.conv3,855245,False,10836570,4417724,1273790,1655210,4115032,805679,1271536,635491,1185720
1,layer1.2.bn3,321366,False,4128114,1681697,484525,629162,1563058,305816,482307,240878,449120
1,layer1.2.add,455316,False,5811780,2368361,682602,886666,2203491,431262,680389,339921,634000
1,layer1.2.relu3,174627,False,2277336,926870,266803,346127,859094,167924,264590,132020,245928
1,layer2.0.conv1,1595348,False,20143560,8213492,2368695,3078588,7655222,1499127,2366497,1182971,2207700
1,layer2.0.bn1,171798,False,2240472,911804,262435,340449,844987,165161,260206,129820,241818
1,layer2.0.relu1,77984,False,1052742,427447,122739,158845,393236,76677,120516,59982,111449
1,layer2.0.conv2,2131514,False,26890104,10965029,3162441,4110453,10221634,2001823,3160220,1579833,2948508
1,layer2.0.bn2,43227,False,612966,248091,71006,91589,226010,43908,68761,34102,63146
1,layer2.0.relu2,17505,False,287394,115305,32704,41800,102176,19660,30477,14960,27413
1,layer2.0.conv3,848799,False,10753236,4383713,1263977,1642447,4083235,799458,1261736,630595,1176594
1,layer2.0.bn3,174023,False,2268600,923312,265761,344774,855690,167259,263537,131492,244930
1,layer2.0.downsample.0,2317983,False,29238822,11922940,3438758,4469665,11115059,2176828,3436535,1717988,3206395
1,layer2.0.downsample.1,176237,False,2298810,935619,269282,349348,867095,169489,267066,133257,248232
1,layer2.0.add,227413,False,2944854,1199091,345326,448199,1112958,217647,343058,171247,319118
1,layer2.0.relu3,91141,False,1218450,495014,142237,184188,456291,89025,140012,69733,129646
1,layer2.1.conv1,817022,False,10352256,4220190,1216792,1581060,3930567,769556,1214529,606985,1132515
1,layer2.1.bn1,53001,False,736758,298561,85567,110521,273085,53135,83338,41396,76751
1,layer2.1.relu1,17277,False,286170,114813,32568,41621,101681,19564,30309,14876,27243
1,layer2.1.conv2,1925257,False,24291006,9904994,2856630,3712901,9232850,1808146,2854409,1426911,2663052
1,layer2.1.bn2,43296,False,615036,248910,71251,91898,226779,44071,69027,34222,63368
1,layer2.1.relu2,16844,False,280956,112680,31953,40813,99614,19163,29694,14559,26634
1,layer2.1.conv3,845891,False,10720194,4370129,1260064,1637374,4070610,796985,1257841,628644,1172948
1,layer2.1.bn3,170150,False,2219418,903270,260008,337250,837003,163598,257754,128596,239526
1,layer2.1.add,226314,False,2930466,1193274,343629,446000,1107484,216581,341405,170427,317607
1,layer2.1.relu3,83792,False,1124454,456680,131178,169819,420589,82035,128954,64197,119324
1,layer2.2.conv1,817077,False,10352424,4220247,1216820,1581153,3930775,769580,1214574,607012,1132573
1,layer2.2.bn1,47759,False,670206,271423,77729,100331,247735,48178,75485,37468,69422
1,layer2.2.relu1,17550,False,288576,115783,32845,41974,102492,19714,30571,15011,27506
1,layer2.2.conv2,1916960,False,24183570,9861060,2843988,3696465,9191989,1800134,2841758,1420604,2651285
1,layer2.2.bn2,42043,False,598374,242126,69291,89331,220373,42816,67045,33246,61545
1,layer2.2.relu2,17939,False,294852,118335,33579,42934,104975,20208,31356,15392,28217
1,layer2.2.conv3,844383,False,10698042,4361166,1257457,1633980,4062209,795319,1255211,627326,1170497
1,layer2.2.bn3,173451,False,2260620,920048,264835,343540,852648,166666,262602,131012,244037
1,layer2.2.add,228285,False,2952102,1201986,346164,449287,1115674,218175,343932,171678,319943
1,layer2.2.relu3,83890,False,1125906,457295,131354,170046,421149,82144,129148,64298,119504
1,layer2.3.conv1,814428,False,10318248,4206298,1212793,1575917,3917800,767036,1210555,605002,1128799
1,layer2.3.bn1,48783,False,684810,277374,79463,102591,253389,49281,77260,38345,71065
1,layer2.3.relu1,17342,False,286830,115014,32622,41691,101880,19590,30371,14909,27278
1,layer2.3.conv2,1918807,False,24208362,9871298,2846940,3700297,9201519,1802009,2844730,1422082,2654036
1,layer2.3.bn2,43377,False,618240,250234,71628,92391,227916,44283,69367,34401,63659
1,layer2.3.relu2,17681,False,292524,117395,33312,42572,103995,20017,31037,15244,27915
1,layer2.3.conv3,847294,False,10736676,4376966,1262040,1639933,4077024,798236,1259818,629632,1174801
1,layer2.3.bn3,170925,False,2229984,907535,261240,338893,841008,164376,258992,129204,240650
1,layer2.3.add,229075,False,2965266,1207418,347740,451309,1120693,219165,345499,172471,321432
1,layer2.3.relu3,83578,False,1121376,455410,130820,169354,419423,81806,128607,64024,118981
1,layer3.0.conv1,1749674,False,22081692,9003956,2596744,3375044,8392538,1643551,2594527,1296978,2420518
1,layer3.0.bn1,86042,False,1194126,485107,139353,180441,447003,87209,132588,66018,122702
1,layer3.0.relu1,32500,False,477684,192919,55070,70844,174399,33811,52830,26092,48187
1,layer3.0.conv2,2190816,False,27631368,11267348,3249642,4223813,10503573,2057043,3247410,1623428,3029883
1,layer3.0.bn2,36409,False,526554,212835,60834,78333,193051,37461,58595,29014,53633
1,layer3.0.relu2,12019,False,220254,87903,24795,31499,76559,14646,22540,10983,19973
1,layer3.0.conv3,970710,False,12283884,5007986,1444059,1876559,4665538,913518,1441843,720647,1344685
1,layer3.0.bn3,91889,False,1227732,498762,143310,185585,459735,89683,141042,70246,130608
1,layer3.0.downsample.0,2218786,False,28027272,11428798,3296216,4284359,10654190,2086554,3293982,1646715,3073355
1,layer3.0.downsample.1,90929,False,1215954,494014,141944,183766,455293,88825,139697,69573,129343
1,layer3.0.add,107891,False,1436106,583760,167827,217456,539044,105222,165581,82515,153505
1,layer3.0.relu3,37505,False,541842,219085,62634,80704,198948,38620,60421,29936,55370
1,layer3.1.conv1,1021369,False,12923976,5269032,1519350,1974434,4908973,961205,1517119,758286,1414953
1,layer3.1.bn1,33506,False,488574,197333,56342,72517,178585,34626,54124,26772,49461
1,layer3.1.relu1,11280,False,210714,84013,23658,30022,72866,13921,21423,10422,18941
1,layer3.1.conv2,2036729,False,25695510,10477824,3021894,3927745,9767134,1912794,3019647,1509545,2817275
1,layer3.1.bn2,31715,False,467184,188617,53851,69272,170522,33052,51637,25544,47163
1,layer3.1.relu2,11896,False,218676,87274,24609,31276,75995,14534,22397,10924,19876
1,layer3.1.conv3,966698,False,12235944,4988422,1438412,1869221,4647320,909950,1436214,717827,1339430
1,layer3.1.bn3,94885,False,1310166,532421,152996,198178,491094,95836,150757,75085,139645
1,layer3.1.add,105734,False,1405278,571236,164230,212780,527406,102960,162019,80729,150169
1,layer3.1.relu3,36227,False,523860,211690,60472,77879,191893,37237,58226,28833,53307
1,layer3.2.conv1,1007962,False,12755118,5200156,1499500,1948633,4844810,948630,1497288,748370,1396434
1,layer3.2.bn1,31887,False,468792,189283,54032,69529,171151,33172,51776,25610,47275
1,layer3.2.relu1,11400,False,210492,83930,23649,30031,72907,13912,21403,10421,18937
1,layer3.2.conv2,2031905,False,25636062,10453576,3014874,3918607,9744480,1908361,3012647,1506047,2810748
1,layer3.2.bn2,33332,False,486252,196403,56101,72213,177830,34485,53897,26674,49280
1,layer3.2.relu2,11806,False,216486,86376,24359,30948,75176,14354,22114,10774,19596
1,layer3.2.conv3,967703,False,12247428,4993104,1439766,1870981,4651666,910795,1437472,718455,1340599
1,layer3.2.bn3,91713,False,1225950,498084,143125,185312,459130,89582,140894,70173,130452
1,layer3.2.add,94390,False,1264620,513824,147668,191249,473880,92472,145457,72454,134731
1,layer3.2.relu3,35935,False,565710,228793,65443,77711,191396,37139,58069,28755,53138
1,layer3.3.conv1,1007198,False,12746478,5196647,1498479,1947284,4841450,947953,1496212,747824,1395420
1,layer3.3.bn1,32323,False,474288,191502,54684,70372,173149,33567,52445,25925,47875
1,layer3.3.relu1,10867,False,205308,81818,23040,29231,70810,13515,20787,10121,18355
1,layer3.3.conv2,2030026,False,25611852,10443697,3012048,3914938,9735372,1906567,3009812,1504629,2808120
1,layer3.3.bn2,32855,False,481182,194343,55476,71408,175801,34085,53245,26330,48619
1,layer3.3.relu2,11756,False,216606,86420,24373,30947,75181,14368,22130,10789,19624
1,layer3.3.conv3,970762,False,12286644,5009053,1444353,1876935,4666467,913697,1442121,720787,1344955
1,layer3.3.bn3,93674,False,1250814,508234,146055,189162,468663,91453,143825,71638,133209
1,layer3.3.add,104995,False,1397064,567869,163259,211510,524275,102327,161008,80229,149251
1,layer3.3.relu3,35984,False,520596,210374,60105,77422,190786,37019,57898,28674,53013
1,layer3.4.conv1,1009281,False,12772158,5207133,1501499,1951199,4851193,949881,1499252,749338,1398250
1,layer3.4.bn1,36162,False,523440,211426,60437,77844,191793,37209,58200,28817,53276
1,layer3.4.relu1,11550,False,213222,85015,23968,30441,73930,14125,21745,10597,19257
1,layer3.4.conv2,2032309,False,25638432,10454504,3015139,3918955,9745359,1908529,3012908,1506179,2811022
1,layer3.4.bn2,32922,False,483606,195309,55777,71782,176686,34252,53530,26486,48927
1,layer3.4.relu2,12185,False,220602,88065,24844,31567,76730,14671,22609,11028,20065
1,layer3.4.conv3,970028,False,12277734,5005471,1443333,1875608,4663153,913047,1441072,720261,1343959
1,layer3.4.bn3,92355,False,1235580,501860,144207,186757,462717,90274,141982,70699,131457
1,layer3.4.add,94515,False,1265034,514024,147721,191322,474049,92505,145506,72478,134778
1,layer3.4.relu3,35177,False,511188,206535,59026,76020,187258,36324,56791,28121,51978
1,layer3.5.conv1,1006775,False,12742668,5195057,1498012,1946683,4839912,947667,1495737,747591,1394985
1,layer3.5.bn1,32265,False,473526,191209,54576,70232,172897,33511,52363,25906,47844
1,layer3.5.relu1,10383,False,198780,79172,22268,28222,68377,13044,20019,9731,17639
1,layer3.5.conv2,2033386,False,25654206,10460984,3017016,3921405,9751449,1909732,3014806,1507129,2812766
1,layer3.5.bn2,33272,False,525096,212253,56270,72422,178263,34568,54029,26742,49389
1,layer3.5.relu2,12077,False,219732,87707,24722,31417,76351,14604,22507,10977,19975
1,layer3.5.conv3,972227,False,12305958,5016994,1446659,1879922,4673930,915145,1444405,721925,1347049
1,layer3.5.bn3,93539,False,1247322,506671,145609,188574,467244,91173,143405,71423,132808
1,layer3.5.add,106003,False,1412754,574247,165065,213870,530131,103484,162835,81142,150926
1,layer3.5.relu3,36147,False,523548,211607,60490,77925,192021,37265,58273,28863,53365
1,layer4.0.conv1,1959693,False,24720048,10080008,2907126,3778527,9396095,1840123,2904906,1452180,2710209
1,layer4.0.bn1,50678,False,707376,286480,82089,105994,261811,50935,79874,39661,73513
1,layer4.0.relu1,17314,False,285786,114617,32491,41489,101418,19520,30269,14861,27227
1,layer4.0.conv2,3448519,False,43445760,17717140,5110164,6642459,16519215,3235371,5107926,2553689,4766332
1,layer4.0.bn2,31259,False,463614,187031,53399,68710,169102,32771,51182,25301,46703
1,layer4.0.relu2,9017,False,181296,72020,20189,25532,61703,11731,17972,8703,15732
1,layer4.0.conv3,1248889,False,15789312,6437649,1856465,2412689,5998982,1174707,1854249,926847,1729592
1,layer4.0.bn3,58479,False,804138,326058,93505,120841,298739,58166,91286,45361,84163
1,layer4.0.downsample.0,2894228,False,36477594,14875125,4290351,5576739,13868533,2716166,4288134,2143787,4001215
1,layer4.0.downsample.1,57198,False,789498,320078,91779,118561,293084,57058,89542,44492,82482
1,layer4.0.add,36933,False,533880,215823,61708,79502,195940,38031,59495,29473,54506
1,layer4.0.relu3,17956,False,292854,117523,33348,42639,104260,20061,31125,15286,28010
1,layer4.1.conv1,1213784,False,15390408,6274941,1809499,2351612,5847062,1144953,1807266,903338,1685719
1,layer4.1.bn1,29966,False,445200,179639,51250,65904,162106,31396,49013,24232,44720
1,layer4.1.relu1,9130,False,184524,73326,20603,26058,63032,11995,18366,8903,16101
1,layer4.1.conv2,3177799,False,40041450,16328724,4709643,6121812,15224211,2981707,4707412,2353432,4392558
1,layer4.1.bn2,29504,False,439704,177385,50614,65029,159945,30981,48363,23894,44089
1,layer4.1.relu2,8220,False,172116,68283,19141,24163,58214,11054,16892,8164,14699
1,layer4.1.conv3,1247947,False,15773904,6431357,1854645,2410310,5993071,1173541,1852414,925924,1727873
1,layer4.1.bn3,58721,False,808788,327921,94045,121540,300513,58510,91812,45632,84667
1,layer4.1.add,38809,False,557052,225269,64421,83026,204702,39748,62209,30829,57032
1,layer4.1.relu3,17464,False,286848,114987,32615,41689,101923,19617,30424,14924,27349
1,layer4.2.conv1,1209465,False,15292128,6234868,1797962,2336628,5809834,1137661,1795759,897604,1675013
1,layer4.2.bn1,28991,False,433236,174774,49867,64101,157640,30523,47636,23542,43420
1,layer4.2.relu1,7914,False,167790,66504,18588,23441,56507,10716,16368,7909,14246
1,layer4.2.conv2,3156108,False,39771942,16218702,4677920,6080583,15121691,2961633,4675715,2337576,4362945
1,layer4.2.bn2,31353,False,462498,186694,53275,68535,168670,32681,51040,25233,46559
1,layer4.2.relu2,8848,False,219396,87566,24709,31400,76327,14600,22504,10970,19964
1,layer4.2.conv3,1244678,False,15734748,6415305,1850013,2404300,5978110,1170616,1847777,923611,1723552
1,layer4.2.bn3,60741,False,832440,337577,96824,125162,309519,60278,94555,47001,87212
1,layer4.2.add,35985,False,521340,210721,60227,77540,191065,37074,57975,28707,53073
1,layer4.2.relu3,17047,False,281424,112815,31982,40867,99869,19208,29780,14615,26770
1,avgpool,83155,False,1116444,453418,130243,168600,417559,81439,128021,63736,118461
1,flatten,9026,False,181896,72259,20264,25620,61898,11770,18025,8732,15785
1,fc,504574,False,6433590,2621942,755756,981759,2440000,477590,753509,376478,702238
2,conv1,2175322,False,27447702,11192453,3228012,4195691,10433646,2043345,3225774,1612609,3009665
2,bn1,329808,False,4236636,1725981,497325,645806,1604416,313910,495063,247258,461027
2,relu,175388,False,2330712,948659,273068,347709,862990,168687,265800,132623,247024
2,maxpool,10281060,False,129340128,52748561,40810740,45374630,7251,9635334,40808503,7606275,0
2,layer1.0.conv1,248524,False,2961552,1205460,358750,462171,1095864,218824,356459,172205,309475
2,layer1.0.bn1,93645,False,1252662,508971,151130,194271,459625,91575,148841,71741,128638
2,layer1.0.relu1,33975,False,496278,200480,59154,75587,177784,35206,56865,27239,48534
2,layer1.0.conv2,1994490,False,25167384,10262397,3058388,3945561,9368976,1873447,3056096,1478482,2660768
2,layer1.0.bn2,82739,False,1115208,452826,134382,172665,408343,81319,132105,63646,114069
2,layer1.0.relu2,33295,False,488442,197314,58219,74389,174896,34630,55895,26769,47676
2,layer1.0.conv3,857702,False,10869438,4431108,1320237,1702787,4042373,808107,1317918,637428,1146847
2,layer1.0.bn3,319401,False,4100214,1670328,497289,640920,1520414,303733,494998,239240,430109
2,layer1.0.downsample.0,866293,False,10974144,4473789,1332967,1719187,4081263,815899,1330628,643577,1157941
2,layer1.0.downsample.1,322458,False,4141572,1687191,502346,647422,1535824,306809,499998,241655,434437
2,layer1.0.add,452738,False,5834958,2377819,708184,913051,2166420,432906,705738,341209,613624
2,layer1.0.relu3,175676,False,2289372,931764,277169,356908,845904,168829,274891,132737,238426
2,layer1.1.conv1,809003,False,10258458,4181948,1245947,1606941,3814731,762598,1243658,601491,1082187
2,layer1.1.bn1,92539,False,1237206,502656,149259,191854,453890,90431,146971,70838,127009
2,layer1.1.relu1,32599,False,479226,193443,57077,72915,171382,33921,54773,26229,46711
2,layer1.1.conv2,1984315,False,25037880,10209614,3042681,3925304,9320803,1863806,3040377,1470876,2647080
2,layer1.1.bn2,80542,False,1086870,441362,130959,168236,397789,79205,128650,61937,110987
2,layer1.1.relu2,36638,False,532392,215211,63562,81271,191243,37895,61248,29362,52360
2,layer1.1.conv3,848393,False,10754484,4384217,1306269,1684734,3999500,799536,1303932,630660,1134684
2,layer1.1.bn3,325551,False,4179468,1702656,506944,653375,1550002,309641,504622,243894,438516
2,layer1.1.add,446141,False,5696034,2321169,691316,891250,2114982,422650,689021,333120,599093
2,layer1.1.relu3,177583,False,2313906,941755,280149,360730,854991,170641,277853,134172,241018
2,layer1.2.conv1,803945,False,10193064,4155155,1237982,1596664,3790339,757716,1235699,597644,1075271
2,layer1.2.bn1,95255,False,1272324,516983,153536,197336,466928,93033,151223,72888,130678
2,layer1.2.relu1,32994,False,486498,196497,57959,74030,174031,34456,55635,26623,47426
2,layer1.2.conv2,1979162,False,24968784,10181439,3034246,3914423,9295010,1858652,3031931,1466781,2639708
2,layer1.2.bn2,80967,False,1092066,443452,131608,169080,399825,79616,129327,62300,111642
2,layer1.2.relu2,32021,False,472206,190646,56254,71853,168917,33439,53992,25850,46033
2,layer1.2.conv3,861647,False,10914498,4449480,1325722,1709866,4059140,811477,1323392,640074,1151636
2,layer1.2.bn3,321807,False,4132110,1683336,501187,645941,1532328,306114,498880,241118,433505
2,layer1.2.add,455209,False,5812284,2368580,705413,909464,2158235,431299,703119,339941,611391
2,layer1.2.relu3,173652,False,2265666,922084,274269,353163,836979,167023,271932,131302,235845
2,layer2.0.conv1,1592693,False,20108088,8198993,2443353,3151930,7484038,1496456,2441015,1180849,2125032
2,layer2.0.bn1,173098,False,2258124,919054,273376,351953,834132,166476,271048,130876,235048
2,layer2.0.relu1,79053,False,1066602,433044,128512,165077,390298,77708,126218,60799,108945
2,layer2.0.conv2,2132111,False,26892612,10966041,3268151,4216179,10011643,2001974,3265801,1579937,2843383
2,layer2.0.bn2,43449,False,616266,249426,73747,94419,222450,44136,71433,34289,61229
2,layer2.0.relu2,17498,False,288756,115816,33949,43036,100469,19747,31647,15037,26572
2,layer2.0.conv3,846635,False,10726848,4372938,1302873,1680397,3989188,797480,1300570,629032,1131765
2,layer2.0.bn3,169220,False,2210148,899473,267509,344440,816287,162903,265211,128053,229995
2,layer2.0.downsample.0,2305459,False,29077962,11857331,3533815,4558989,10825847,2164817,3531499,1708514,3074793
2,layer2.0.downsample.1,173600,False,2263632,921281,274018,352840,836237,166898,271741,131195,235653
2,layer2.0.add,226256,False,2929290,1192760,354960,457279,1084294,216489,352635,170343,306123
2,layer2.0.relu3,86110,False,1153308,468455,139068,178696,422657,84172,136756,65895,118115
2,layer2.1.conv1,819112,False,10377288,4230375,1260364,1625522,3858857,771422,1258065,608468,1094740
2,layer2.1.bn1,49467,False,693120,280761,83112,106513,251191,49890,80831,38815,69373
2,layer2.1.relu1,17840,False,291336,116922,34280,43466,101493,19947,31975,15190,26845
2,layer2.1.conv2,1916592,False,24178362,9859067,2938160,3790438,9000499,1799746,2935847,1420291,2556025
2,layer2.1.bn2,41586,False,593628,240174,70980,90850,213989,42452,68693,32949,58816
2,layer2.1.relu2,18150,False,335022,134728,39592,50339,117807,23208,37300,15589,27557
2,layer2.1.conv3,841894,False,10669740,4349662,1295951,1671453,3967922,793235,1293654,625688,1125730
2,layer2.1.bn3,331937,False,2360928,960957,285873,368127,872549,174161,283586,136944,246004
2,layer2.1.add,227372,False,2944530,1198861,356779,459599,1089759,217603,354461,171237,307720
2,layer2.1.relu3,83372,False,1119342,454585,134924,173346,409933,81637,132621,63891,114511
2,layer2.2.conv1,821404,False,10408458,4242975,1264159,1630439,3870553,773757,1261873,610303,1098047
2,layer2.2.bn1,50369,False,706968,286426,84807,108686,256355,50909,82492,39632,70841
2,layer2.2.relu1,18058,False,296904,119164,34914,44311,103467,20344,32617,15493,27392
2,layer2.2.conv2,1930481,False,24355338,9931234,2959683,3818195,9066385,1812919,2957352,1430701,2574747
2,layer2.2.bn2,42611,False,605334,244931,72421,92711,218419,43329,70127,33646,60070
2,layer2.2.relu2,17918,False,294990,118389,34712,44046,102825,20216,32379,15390,27207
2,layer2.2.conv3,849032,False,10760742,4386786,1307019,1685703,4001798,800013,1304721,631040,1135360
2,layer2.2.bn3,174879,False,2278500,927332,275821,355158,841706,167988,273486,132057,237209
2,layer2.2.add,228870,False,2959572,1205132,358628,462012,1095529,218756,356348,172132,309335
2,layer2.2.relu3,84099,False,1128936,458486,136075,174817,413445,82337,133765,64445,115475
2,layer2.3.conv1,818004,False,10363206,4224634,1258697,1623376,3853741,770396,1256384,607655,1093283
2,layer2.3.bn1,48470,False,678684,274846,81354,104237,245797,48808,79067,37983,67850
2,layer2.3.relu1,16666,False,277698,111290,32595,41293,96296,18897,30260,14363,25351
2,layer2.3.conv2,1920854,False,24234816,9882063,2945009,3799276,9021513,1803949,2942699,1423596,2561978
2,layer2.3.bn2,42614,False,603582,244223,72221,92444,217702,43191,69900,33550,59896
2,layer2.3.relu2,17428,False,288684,115787,33908,43003,100376,19719,31595,15012,26513
2,layer2.3.conv3,847218,False,10733364,4375520,1303669,1681396,3991553,797956,1301358,629414,1132442
2,layer2.3.bn3,169841,False,2215044,901472,268142,345226,818147,163283,265832,128355,230519
2,layer2.3.add,226100,False,2973792,1210934,360384,464277,1100882,219821,358073,172987,310870
2,layer2.3.relu3,83202,False,1119096,454492,134876,173289,409801,81607,132579,63863,114448
2,layer3.0.conv1,1722116,False,21734802,8862464,2641090,3407117,8090164,1617680,2638785,1276549,2297285
2,layer3.0.bn1,88252,False,1185816,481684,143003,183748,434673,86585,140696,67803,121525
2,layer3.0.relu1,32222,False,473706,191291,56432,72074,169442,33524,54133,25917,46128
2,layer3.0.conv2,2196383,False,27700902,11295680,3366404,4343018,10312917,2062227,3364114,1627523,2929038
2,layer3.0.bn2,36832,False,532344,215204,63573,81293,191247,37893,61252,29358,52318
2,layer3.0.relu2,11726,False,215322,85900,25035,31567,73215,14283,22734,10728,18821
2,layer3.0.conv3,969935,False,12276342,5004812,1491246,1923452,4566458,912940,1488950,720171,1295818
2,layer3.0.bn3,91873,False,1229532,499543,148294,190602,450937,89832,145982,70354,126123
2,layer3.0.downsample.0,2220375,False,28005348,11419868,3403399,4390735,10426250,2084902,3401111,1645401,2961221
2,layer3.0.downsample.1,91348,False,1267398,514954,152923,196590,447944,89237,144999,69881,125263
2,layer3.0.add,106988,False,1420908,577562,171583,220605,522185,104089,169249,81616,146405
2,layer3.0.relu3,36950,False,533568,215689,63695,81456,191719,37996,61423,29443,52474
2,layer3.1.conv1,1012201,False,12804546,5220306,1555482,2006341,4763302,952308,1553158,751250,1351759
2,layer3.1.bn1,32777,False,480570,194059,57244,73116,171888,34025,54935,26296,46810
2,layer3.1.relu1,11027,False,207972,82916,24124,30358,70327,13709,21782,10258,17942
2,layer3.1.conv2,2034876,False,25672794,10468554,3119859,4024887,9557358,1911123,3117567,1508215,2714288
2,layer3.1.bn2,33512,False,491376,198498,58595,74868,176078,34867,56317,26972,48054
2,layer3.1.relu2,11110,False,208128,82968,24122,30391,70443,13739,21821,10280,17999
2,layer3.1.conv3,972252,False,12305328,5016725,1494764,1927987,4577232,915099,1492477,721890,1298901
2,layer3.1.bn3,94056,False,1253646,509360,151247,194421,459914,91635,148939,71789,128695
2,layer3.1.add,105370,False,1442190,586291,174182,224004,530187,105689,171871,82889,148679
2,layer3.1.relu3,36425,False,526920,212960,62909,80395,189180,37486,60577,29034,51762
2,layer3.2.conv1,1012915,False,12816330,5225132,1556908,2008173,4767674,953185,1554627,751963,1353040
2,layer3.2.bn1,32283,False,475038,191828,56608,72303,169965,33634,54294,25994,46296
2,layer3.2.relu1,11019,False,206598,82338,23973,30197,69880,13625,21654,10185,17830
2,layer3.2.conv2,2039459,False,25731660,10492582,3127030,4034102,9579244,1915495,3124704,1511653,2720456
2,layer3.2.bn2,32448,False,478740,193305,57044,72868,171282,33906,54467,26081,46451
2,layer3.2.relu2,12067,False,220242,87901,25587,32256,74856,14612,23266,10982,19249
2,layer3.2.conv3,969758,False,12275784,5004629,1491182,1923368,4566250,912900,1488896,720158,1295779
2,layer3.2.bn3,92271,False,1234932,501738,148974,191469,452951,90243,146616,70670,126716
2,layer3.2.add,93565,False,1253094,509148,151189,194336,459778,91597,148873,71756,128670
2,layer3.2.relu3,39679,False,567246,229412,67815,86766,204314,40509,65523,31427,56076
2,layer3.3.conv1,1006672,False,12737862,5193034,1547340,1995810,4738262,947304,1545012,747310,1344659
2,layer3.3.bn1,32001,False,472128,190624,56247,71831,168836,33405,53888,25791,45917
2,layer3.3.relu1,10646,False,200490,79855,23232,29235,67674,13165,20895,9837,17215
2,layer3.3.conv2,2034619,False,25666284,10465919,3119080,4023851,9554915,1910626,3116766,1507819,2713574
2,layer3.3.bn2,32821,False,481074,194169,57304,73205,172075,34059,54998,26336,46900
2,layer3.3.relu2,11027,False,207462,82696,24051,30300,70220,13687,21758,10222,17889
2,layer3.3.conv3,972845,False,12314460,5020359,1495888,1929449,4580672,915786,1493586,722412,1299844
2,layer3.3.bn3,92830,False,1240146,503801,149594,192255,454840,90615,147278,70982,127275
2,layer3.3.add,105531,False,1403880,570657,169528,217999,516017,102846,167231,80643,144649
2,layer3.3.relu3,35673,False,517494,209023,61736,78908,185659,36782,59438,28484,50772
2,layer3.4.conv1,1005739,False,12724158,5187540,1545711,1993695,4733244,946296,1543374,746506,1343209
2,layer3.4.bn1,31584,False,467334,188686,55678,71063,166957,33042,53323,25506,45417
2,layer3.4.relu1,10634,False,203826,81211,23626,29741,68870,13407,21299,10031,17561
2,layer3.4.conv2,2038459,False,25716720,10486457,3125182,4031763,9573696,1914384,3122888,1510797,2718935
2,layer3.4.bn2,32450,False,476688,192454,56787,72500,170434,33738,54473,26066,46423
2,layer3.4.relu2,11945,False,220548,88050,25648,32358,75092,14668,23348,11020,19334
2,layer3.4.conv3,967325,False,12243672,4991587,1487310,1918369,4554398,910531,1485002,718268,1292377
2,layer3.4.bn3,91662,False,1226898,498444,148005,190191,449896,89616,145633,70178,125828
2,layer3.4.add,94876,False,1269282,515740,153141,196870,465795,92809,150855,72721,130401
2,layer3.4.relu3,35506,False,515088,208174,61475,78550,184812,36613,59170,28353,50539
2,layer3.5.conv1,1006494,False,12736098,5192390,1547165,1995603,4737820,947210,1544866,747238,1344534
2,layer3.5.bn1,30994,False,457824,184809,54480,69569,163456,32336,52190,24976,44465
2,layer3.5.relu1,11204,False,209514,83545,24301,30623,70984,13847,22026,10370,18163
2,layer3.5.conv2,2035593,False,25679970,10471472,3120708,4025976,9559937,1911639,3118411,1508617,2715020
2,layer3.5.bn2,36625,False,528396,213576,63061,80637,189741,37599,60779,29130,51904
2,layer3.5.relu2,11390,False,212700,84833,24703,31136,72153,14065,22368,10547,18480
2,layer3.5.conv3,968587,False,12258540,4997643,1489119,1920706,4559937,911637,1486807,719148,1293948
2,layer3.5.bn3,93318,False,1245690,505973,150252,193141,456968,91042,147973,71324,127886
2,layer3.5.add,105879,False,1409352,572884,170157,218828,517972,103247,167867,80948,145207
2,layer3.5.relu3,35785,False,520212,210227,62065,79330,186669,36982,59766,28628,51037
2,layer4.0.conv1,1966535,False,24809358,10116413,3014871,3889426,9235636,1846778,3012593,1457433,2622872
2,layer4.0.bn1,50110,False,699330,283208,83849,107458,253442,50334,81552,39184,70040
2,layer4.0.relu1,17365,False,287340,115296,33783,42861,100043,19661,31505,14965,26441
2,layer4.0.conv2,3430594,False,43221312,17625582,5253204,6777594,16095034,3218650,5250899,2540483,4572376
2,layer4.0.bn2,31595,False,465264,187797,55404,70756,166216,32893,53090,25413,45212
2,layer4.0.relu2,8734,False,177804,70603,20474,25688,59265,11506,18177,8520,14831
2,layer4.0.conv3,1246450,False,15757056,6424476,1914393,2469449,5863152,1172279,1912079,924921,1664331
2,layer4.0.bn3,58451,False,805104,326420,96707,124045,292819,58202,94372,45371,81172
2,layer4.0.downsample.0,2890922,False,36439410,14859643,4428749,5713779,13568479,2713339,4426434,2141547,3854290
2,layer4.0.downsample.1,57126,False,790014,320283,94899,121711,287300,57102,92555,44502,79608
2,layer4.0.add,36116,False,526134,212568,62789,80287,188900,37427,60491,28981,51670
2,layer4.0.relu3,17629,False,290592,116590,34155,43327,101120,19871,31846,15133,26733
2,layer4.1.conv1,1219792,False,15420300,6287150,1873479,2416623,5737730,1147191,1871165,905129,1628719
2,layer4.1.bn1,29636,False,441276,178070,52511,67025,157412,31114,50198,24015,42728
2,layer4.1.relu1,8659,False,178374,70845,20532,25719,59320,11518,18223,8541,14853
2,layer4.1.conv2,3183285,False,39799866,16230127,4837255,6240882,14820338,2963720,4834970,2339227,4210104
2,layer4.1.bn2,29985,False,445716,179871,53036,67684,159001,31440,50727,24271,43184
2,layer4.1.relu2,8448,False,174606,69296,20056,25136,57954,11237,17763,8315,14446
2,layer4.1.conv3,1243519,False,15719706,6409243,1909869,2463616,5849277,1169500,1907557,922733,1660425
2,layer4.1.bn3,58959,False,852828,345900,102508,131526,295370,58723,95229,45802,81951
2,layer4.1.add,37956,False,548280,221601,65472,83746,197133,39075,63176,30290,54028
2,layer4.1.relu3,16870,False,281256,112795,33055,41914,97780,19205,30761,14610,25800
2,layer4.2.conv1,1209649,False,15293610,6235473,1858052,2396736,5690487,1137746,1855744,897662,1615292
2,layer4.2.bn1,29285,False,436260,175990,51861,66186,155451,30739,49584,23720,42176
2,layer4.2.relu1,7514,False,162894,64536,18659,23294,53573,10362,16339,7631,13226
2,layer4.2.conv2,3161752,False,39839160,16246212,4842042,6247058,14834936,2966637,4839732,2341511,4214227
2,layer4.2.bn2,30938,False,458784,185140,54606,69682,163765,32404,52285,25023,44546
2,layer4.2.relu2,8770,False,177876,70610,20476,25679,59191,11479,18148,8505,14807
2,layer4.2.conv3,1239966,False,15796410,6440507,1919178,2457908,5835752,1166785,1903129,920592,1656562
2,layer4.2.bn3,60764,False,834084,338269,100235,128604,303649,60375,97911,47081,84243
2,layer4.2.add,35989,False,523356,211435,62453,79851,187843,37216,60147,28820,51364
2,layer4.2.relu3,17500,False,289410,116091,34030,43171,100784,19806,31717,15067,26628
2,avgpool,82417,False,1107630,449842,133510,171534,405545,80752,131174,63196,113229
2,flatten,8701,False,178896,71046,20581,25818,59577,11555,18279,8568,14924
2,fc,505398,False,6439872,2624534,781741,1007956,2392155,478074,779443,376876,677878
3,conv1,2173797,False,27424752,11183078,3332847,4299710,10209970,2041640,3330506,1611259,2899771
3,bn1,328148,False,4212600,1716159,510942,658534,1562269,312099,508629,245822,441988
3,relu,179501,False,2338800,951828,283135,364608,864149,172479,280838,135608,243601
3,maxpool,10287214,False,129409122,52776706,46303410,50869716,17631635,9640482,46301144,7610356,13698125
3,layer1.0.conv1,265057,False,2953050,1202078,369259,472325,1081062,218145,366778,171638,308432
3,layer1.0.bn1,92733,False,1238658,503250,154229,196837,449565,90519,151866,70911,127102
3,layer1.0.relu1,34026,False,497568,200982,61221,77685,176372,35300,58860,27316,48641
3,layer1.0.conv2,1996880,False,25197906,10274877,3160876,4049119,9281602,1875706,3158501,1480265,2663959
3,layer1.0.bn2,83919,False,1129536,458723,140550,179331,409375,82391,138121,64468,115549
3,layer1.0.relu2,33252,False,488364,197162,60073,76217,172951,34609,57695,26764,47678
3,layer1.0.conv3,857952,False,10870164,4431391,1362890,1745423,3999975,808153,1360509,637466,1146940
3,layer1.0.bn3,320704,False,4117572,1677420,515511,659745,1510826,305029,513135,240239,431930
3,layer1.0.downsample.0,866979,False,10982406,4477190,1377009,1763495,4041416,816533,1374625,644081,1158846
3,layer1.0.downsample.1,324412,False,4162314,1695655,521135,666949,1527354,308367,518761,242895,436712
3,layer1.0.add,452295,False,5818980,2371195,728999,933280,2137952,431788,726622,340313,607489
3,layer1.0.relu3,174555,False,2275236,926024,284325,363524,831601,167737,281910,131869,236842
3,layer1.1.conv1,816193,False,10348152,4218504,1297382,1661505,3807588,769265,1295010,606745,1091633
3,layer1.1.bn1,92797,False,1239276,503392,154301,196947,449817,90571,151945,70948,127210
3,layer1.1.relu1,32676,False,479592,193668,58970,74808,169766,33957,56591,26252,46757
3,layer1.1.conv2,1976394,False,24933480,10167031,3127693,4006599,9184111,1856002,3125310,1464702,2635965
3,layer1.1.bn2,79929,False,1079316,438266,134258,171266,390932,78658,131879,61543,110277
3,layer1.1.relu2,36616,False,529980,214233,65323,82921,188387,37724,62915,29210,52053
3,layer1.1.conv3,847208,False,10738380,4377653,1346376,1724285,3951508,798358,1344006,629728,1133011
3,layer1.1.bn3,324342,False,4164414,1696423,521391,667275,1528084,308521,519025,243014,436926
3,layer1.1.add,446797,False,5703954,2324388,714585,914818,2095638,423236,712227,333579,599939
3,layer1.1.relu3,178326,False,2321904,945049,290170,371018,848871,171218,287781,134606,241773
3,layer1.2.conv1,803965,False,10192578,4154937,1277858,1636488,3750180,757655,1275460,597593,1075177
3,layer1.2.bn1,96947,False,1293120,525383,161055,205603,469628,94566,158671,74100,132885
3,layer1.2.relu1,31814,False,469950,189745,57767,73262,166230,33241,55387,25689,45746
3,layer1.2.conv2,1976665,False,24937074,10168504,3128145,4007183,9185483,1856292,3125789,1464938,2636369
3,layer1.2.bn2,80338,False,1084872,440522,134955,172164,392991,79066,132576,61871,110872
3,layer1.2.relu2,32713,False,481122,194294,59166,75043,170319,34067,56783,26333,46894
3,layer1.2.conv3,852835,False,10811460,4407365,1355515,1736002,3978359,803782,1353113,633995,1140684
3,layer1.2.bn3,321353,False,4126950,1681132,516674,661232,1514265,305717,514284,240787,432924
3,layer1.2.add,454596,False,5801142,2364009,726782,930416,2131376,430457,724392,339285,610212
3,layer1.2.relu3,173098,False,2254920,917730,281793,360294,824287,166262,279427,130706,234777
3,layer2.0.conv1,1592363,False,20104842,8197716,2521785,3230286,7404276,1496261,2519403,1180690,2124753
3,layer2.0.bn1,171027,False,2230614,907703,278697,356325,815199,164417,276326,129247,232150
3,layer2.0.relu1,78908,False,1063434,431798,132245,168676,384973,77463,129874,60602,108561
3,layer2.0.conv2,2137671,False,26962554,10994553,3382339,4332874,9932091,2007198,3379953,1584075,2850815
3,layer2.0.bn2,43138,False,612636,247939,75699,96241,218903,43894,73337,33999,60702
3,layer2.0.relu2,18088,False,295482,118562,35872,45208,101921,20251,33486,15420,27246
3,layer2.0.conv3,848083,False,10744320,4380083,1347121,1725238,3953682,798797,1344753,630081,1133643
3,layer2.0.bn3,169448,False,2214978,901448,276778,353877,809606,163291,274435,128368,230572
3,layer2.0.downsample.0,2310694,False,29141466,11883143,3655765,4683195,10735349,2169558,3653392,1712255,3081562
3,layer2.0.downsample.1,173143,False,2256762,918484,281975,360519,824820,166367,279599,130787,234896
3,layer2.0.add,227055,False,2938716,1196585,367568,470183,1076256,217192,365181,170902,307119
3,layer2.0.relu3,86197,False,1156344,469664,143920,183633,419287,84402,141526,66066,118427
3,layer2.1.conv1,820604,False,10399140,4239312,1303815,1669756,3826463,773087,1301456,609779,1097105
3,layer2.1.bn1,49270,False,689808,279417,85387,108646,247343,49642,83019,38641,69041
3,layer2.1.relu1,17722,False,292314,117300,35476,44701,100743,20014,33115,15236,26902
3,layer2.1.conv2,1919298,False,24214074,9873623,3037418,3890925,8918886,1802400,3035035,1422399,2559810
3,layer2.1.bn2,41526,False,592542,239722,73157,92936,211350,42368,70771,32887,58694
3,layer2.1.relu2,17855,False,328860,132178,40056,50571,114158,22724,33289,15320,27074
3,layer2.1.conv3,842439,False,10675326,4351947,1338469,1714113,3928200,793647,1336067,626003,1126311
3,layer2.1.bn3,174239,False,2274108,925556,284175,363305,831226,167662,281788,131812,236757
3,layer2.1.add,227255,False,2942358,1198116,368060,470827,1077711,217483,365697,171147,307557
3,layer2.1.relu3,84534,False,1134252,460666,141145,180078,411109,82746,138771,64764,116066
3,layer2.2.conv1,817992,False,10364400,4225127,1299451,1664122,3813568,770478,1297055,607722,1093379
3,layer2.2.bn1,47560,False,668208,270564,82666,105131,239297,48019,80283,37340,66720
3,layer2.2.relu1,17609,False,290370,116414,35221,44364,99966,19851,32846,15103,26686
3,layer2.2.conv2,1918278,False,24204054,9869536,3036189,3889356,8915329,1801677,3033810,1421823,2558789
3,layer2.2.bn2,42324,False,604416,244561,74657,94910,215840,43255,72264,33595,59973
3,layer2.2.relu2,18931,False,306786,123188,37275,46994,106018,21082,34917,16089,28465
3,layer2.2.conv3,848341,False,10746798,4381095,1347425,1725621,3954538,798957,1345018,630182,1133837
3,layer2.2.bn3,170302,False,2222226,904396,277683,355017,812163,163799,275272,128755,231257
3,layer2.2.add,231851,False,2996946,1220353,374883,479573,1097783,221541,372532,174346,313328
3,layer2.2.relu3,84422,False,1133172,460147,140986,179886,410707,82668,138635,64707,115966
3,layer2.3.conv1,818233,False,10363914,4224953,1299382,1664059,3813304,770428,1296968,607675,1093310
3,layer2.3.bn1,48913,False,685578,277690,84853,107957,245772,49329,82405,38348,68503
3,layer2.3.relu1,17293,False,286164,114787,34699,43703,98473,19550,32332,14878,26279
3,layer2.3.conv2,1918041,False,24197682,9866941,3035386,3888317,8912951,1801202,3032987,1421436,2558089
3,layer2.3.bn2,41989,False,600858,243137,74227,94353,214579,43025,71838,33400,59627
3,layer2.3.relu2,17347,False,288594,115770,35004,44083,99324,19721,32619,15013,26525
3,layer2.3.conv3,847233,False,10733556,4375694,1345777,1723520,3949752,798008,1343413,629448,1132512
3,layer2.3.bn3,170758,False,2227326,906471,278296,355796,813972,164179,275903,129055,231803
3,layer2.3.add,225190,False,2912478,1185913,364273,465979,1066610,215239,361911,169366,304358
3,layer2.3.relu3,83125,False,1115328,452967,138783,177055,404198,81348,136378,63653,114066
3,layer3.0.conv1,1742266,False,22033032,8984090,2763737,3540279,8115011,1639905,2755608,1291413,2324048
3,layer3.0.bn1,84501,False,1135128,461035,141268,180241,411494,82826,138895,64832,116192
3,layer3.0.relu1,32322,False,474636,191656,58357,74017,167939,33587,55976,25960,46231
3,layer3.0.conv2,2191815,False,27643062,11272112,3467753,4442281,10183016,2057919,3465353,1624108,2922889
3,layer3.0.bn2,36510,False,528492,213625,65114,82663,187783,37605,62736,29129,51937
3,layer3.0.relu2,12113,False,220704,88104,26490,33197,74388,14689,24149,11041,19352
3,layer3.0.conv3,973316,False,12321030,5023089,1544937,1978684,4534777,916249,1542565,722786,1300522
3,layer3.0.bn3,93156,False,1246548,506435,155241,198143,452466,91107,152840,71367,127940
3,layer3.0.downsample.0,2223800,False,28050858,11438438,3518936,4507886,10333411,2088301,3516545,1648100,2966070
3,layer3.0.downsample.1,91114,False,1218840,495189,151771,193665,442265,89039,149351,69730,125017
3,layer3.0.add,107229,False,1466616,596233,182864,233536,533701,107524,175329,81902,146933
3,layer3.0.relu3,37901,False,547248,221286,67508,85739,194821,39024,65125,30250,53951
3,layer3.1.conv1,1017529,False,12877146,5249934,1614771,2068175,4739867,957708,1612386,755528,1359452
3,layer3.1.bn1,32918,False,482100,194690,59290,75217,170726,34157,56938,26400,47024
3,layer3.1.relu1,11486,False,211722,84441,25361,31747,71029,14011,23011,10512,18428
3,layer3.1.conv2,2035712,False,25681962,10472284,3221652,4126988,9460034,1911784,3219261,1508752,2715230
3,layer3.1.bn2,32940,False,483102,195087,59432,75391,170971,34211,57029,26451,47089
3,layer3.1.relu2,12095,False,221604,88468,26633,33369,74780,14764,24267,11100,19485
3,layer3.1.conv3,967794,False,12251064,4994599,1536211,1967512,4509093,911058,1533819,718700,1293139
3,layer3.1.bn3,94457,False,1259754,511869,156909,200297,457481,92110,154533,72157,129381
3,layer3.1.add,105806,False,1409094,572783,175657,224304,512535,103238,173272,80946,145195
3,layer3.1.relu3,37357,False,584886,236521,72192,91739,191970,38449,64153,29796,53121
3,layer3.2.conv1,1017409,False,12872184,5247897,1614148,2067352,4738053,957343,1611744,755227,1358918
3,layer3.2.bn1,32448,False,476310,192238,58548,74252,168501,33702,56166,26031,46353
3,layer3.2.relu1,11023,False,206082,82133,24675,30829,68925,13576,22267,10159,17784
3,layer3.2.conv2,2035313,False,25678908,10471046,3221269,4126494,9459014,1911579,3218912,1508584,2714958
3,layer3.2.bn2,33192,False,486660,196440,59842,75917,172320,34482,57479,26671,47514
3,layer3.2.relu2,11268,False,210264,83837,25211,31535,70531,13903,22820,10422,18267
3,layer3.2.conv3,977289,False,12374322,5044881,1551647,1987288,4554497,920239,1549279,725933,1306177
3,layer3.2.bn3,92798,False,1242378,504755,154713,197430,450886,90786,152305,71076,127438
3,layer3.2.add,94012,False,1259520,511781,156869,200220,457287,92064,154466,72127,129303
3,layer3.2.relu3,35887,False,521286,210702,64234,81536,185120,37069,61826,28699,51136
3,layer3.3.conv1,1005080,False,12718536,5185259,1594874,2042667,4681436,945891,1592478,746197,1342646
3,layer3.3.bn1,32687,False,517290,209032,63731,80847,183612,36754,61300,28455,46749
3,layer3.3.relu1,11463,False,212934,84920,25529,31940,71451,14068,23104,10555,18506
3,layer3.3.conv2,2038666,False,25717782,10486905,3226153,4132749,9473348,1914465,3223754,1510860,2719043
3,layer3.3.bn2,32318,False,473232,191078,58196,73804,167475,33496,55823,25892,46110
3,layer3.3.relu2,12537,False,226200,90331,27174,34059,76328,15071,24780,11340,19916
3,layer3.3.conv3,971257,False,12293580,5011941,1541528,1974304,4524728,914221,1539120,721183,1297621
3,layer3.3.bn3,93478,False,1247580,506896,155377,198301,452908,91189,152987,71439,128087
3,layer3.3.add,106069,False,1412046,573977,176011,224753,513545,103446,173637,81116,145499
3,layer3.3.relu3,35905,False,520092,210185,64081,81278,184566,36951,61641,28616,50973
3,layer3.4.conv1,1016319,False,12857262,5241847,1612282,2064967,4732526,956226,1609898,754363,1357358
3,layer3.4.bn1,32086,False,470850,190100,57905,73433,166641,33335,55550,25766,45884
3,layer3.4.relu1,11571,False,213432,85141,25598,32041,71685,14140,23218,10608,18601
3,layer3.4.conv2,2037054,False,25700322,10479792,3223961,4129941,9466919,1913166,3221585,1509838,2717208
3,layer3.4.bn2,32854,False,482820,194997,59375,75327,170980,34211,57035,26459,47118
3,layer3.4.relu2,11570,False,213762,85273,25618,32067,71741,14152,23253,10625,18624
3,layer3.4.conv3,967585,False,12245874,4992475,1535554,1966676,4507187,910674,1533141,718382,1292570
3,layer3.4.bn3,91839,False,1230408,499802,153196,195533,446542,89906,150836,70429,126265
3,layer3.4.add,94706,False,1268814,515563,158049,201747,460821,92785,155653,72688,130344
3,layer3.4.relu3,35629,False,521262,210687,64232,81536,185178,37065,61838,28696,51150
3,layer3.5.conv1,1006468,False,12739482,5193665,1597460,2045981,4689056,947425,1595079,747405,1344827
3,layer3.5.bn1,33217,False,487536,196944,60009,76094,172694,34558,57614,26726,47605
3,layer3.5.relu1,11459,False,211926,84499,25412,31819,71205,14035,23043,10523,18446
3,layer3.5.conv2,2037020,False,25700076,10479689,3223919,4129867,9466725,1913136,3221496,1509796,2717135
3,layer3.5.bn2,33490,False,489780,197803,60270,76435,173466,34703,57853,26839,47791
3,layer3.5.relu2,15779,False,265752,106449,32165,40451,90957,18037,29762,13677,24121
3,layer3.5.conv3,971999,False,12303738,5016087,1542799,1975948,4528453,914978,1540407,721772,1298682
3,layer3.5.bn3,93844,False,1254162,509566,156166,199324,455252,91671,153800,71818,128752
3,layer3.5.add,105843,False,1410648,573417,175851,224520,513005,103338,173455,81018,145342
3,layer3.5.relu3,36046,False,521940,210956,64314,81598,185329,37109,61909,28737,51225
3,layer4.0.conv1,1968692,False,24836790,10127591,3115559,3991060,9148509,1848811,3113193,1459025,2625744
3,layer4.0.bn1,49700,False,695274,281637,86056,109507,249330,50034,83681,38948,69616
3,layer4.0.relu1,17118,False,283194,113598,34362,43243,97401,19324,31948,14688,25936
3,layer4.0.conv2,3417248,False,43050378,17555888,5401217,6919558,15862576,3205915,5398839,2530426,4554272
3,layer4.0.bn2,31364,False,464166,187386,57041,72323,164051,32805,54651,25339,45115
3,layer4.0.relu2,9179,False,183396,72875,21836,27209,60636,11909,19443,8839,15408
3,layer4.0.conv3,1242002,False,15701820,6401963,1969237,2522318,5781146,1168178,1966844,921684,1658537
3,layer4.0.bn3,58014,False,799110,323959,99091,126210,287646,57781,96730,45069,80625
3,layer4.0.downsample.0,2888431,False,36407226,14846524,4567573,5851443,13413773,2710945,4565179,2139650,3850874
3,layer4.0.downsample.1,57515,False,792600,321352,98279,125151,285200,57282,95890,44674,79917
3,layer4.0.add,35743,False,522060,211010,64337,81652,185445,37126,61938,28754,51265
3,layer4.0.relu3,17633,False,291396,116948,35358,44532,100313,19920,32962,15174,26780
3,layer4.1.conv1,1214567,False,15357300,6261470,1926019,2466940,5654180,1142515,1923618,901423,1622064
3,layer4.1.bn1,29521,False,439152,177172,53890,68281,154785,30930,51491,23851,42433
3,layer4.1.relu1,8434,False,174186,69139,20683,25757,57326,11221,18284,8293,14430
3,layer4.1.conv2,3155472,False,39761688,16214610,4988508,6390766,14650267,2960873,4986137,2336978,4206060
3,layer4.1.bn2,30008,False,445536,179793,54717,69343,157257,31435,52346,24255,43157
3,layer4.1.relu2,8814,False,179256,71176,21311,26549,59107,11598,18940,8594,14972
3,layer4.1.conv3,1239242,False,15666618,6387584,1964794,2516640,5768108,1165542,1962426,919613,1654813
3,layer4.1.bn3,58733,False,808056,327649,100210,127603,290782,58423,97807,45568,81520
3,layer4.1.add,42260,False,602598,243852,74443,94624,215121,43128,72048,33497,59773
3,layer4.1.relu3,17067,False,284064,113937,34470,43373,97715,19400,32090,14761,26061
3,layer4.2.conv1,1207799,False,15272298,6226690,1915320,2453246,5622793,1136169,1912967,896428,1613076
3,layer4.2.bn1,29439,False,438558,176935,53851,68229,154706,30905,51450,23838,42386
3,layer4.2.relu1,7975,False,169086,67045,20037,24900,55334,10830,17651,7990,13887
3,layer4.2.conv2,3146397,False,39650052,16169090,4974485,6372786,14609049,2952547,4972119,2330405,4194213
3,layer4.2.bn2,31096,False,459960,185644,56535,71669,162560,32489,54117,25083,44653
3,layer4.2.relu2,9143,False,182364,72465,21706,27049,60251,11808,19297,8771,15293
3,layer4.2.conv3,1246364,False,15753984,6423187,1975765,2530681,5800287,1172024,1973324,924714,1663980
3,layer4.2.bn3,60948,False,836256,339123,103745,132160,301247,60542,101367,47239,84537
3,layer4.2.add,35923,False,521790,210863,64282,81611,185370,37121,61920,28749,51244
3,layer4.2.relu3,16595,False,277944,111434,33673,42391,95465,18944,31318,14403,25399
3,avgpool,82325,False,1105692,449016,137573,175498,400568,80613,135174,63084,113029
3,flatten,8228,False,170538,67637,20186,25111,55820,10925,17806,8059,14009
3,fc,504570,False,6432090,2621302,805938,1031859,2363954,477469,803550,376385,676992
4,conv1,2177598,False,27473952,11203014,3446486,4415048,10120584,2045292,3444109,1614153,2904981
4,bn1,331812,False,4260126,1735513,533409,682632,1563310,315632,530992,248623,447028
4,relu,180412,False,2352594,957488,294018,375944,860202,173522,291662,136429,245071
4,maxpool,10192505,False,128220162,52291802,51633686,20613475,11713907,9551886,51631329,7540396,13572213
4,layer1.0.conv1,259371,False,2948946,1200426,380256,471666,1068157,217874,377806,171449,308101
4,layer1.0.bn1,88898,False,1191090,483818,152914,189231,427511,86992,150479,68115,122106
4,layer1.0.relu1,33736,False,493386,199308,62623,77052,173059,35003,60180,27080,48249
4,layer1.0.conv2,1990902,False,25119114,10242708,3249481,4036480,9154205,1869862,3247036,1475648,2655674
4,layer1.0.bn2,87025,False,1168554,474665,149964,185562,419189,85294,147541,66789,119709
4,layer1.0.relu2,33771,False,494328,199690,62736,77192,173376,35072,60303,27136,48344
4,layer1.0.conv3,850561,False,10778238,4393919,1393586,1730670,3923974,801324,1391172,632063,1137220
4,layer1.0.bn3,321368,False,4127988,1681649,532951,661401,1498528,305790,530487,240847,433024
4,layer1.0.downsample.0,867650,False,10990494,4480486,1421053,1764796,4001366,817129,1418609,644546,1159681
4,layer1.0.downsample.1,324123,False,4161012,1695124,537269,666712,1510582,308264,534802,242814,436568
4,layer1.0.add,456611,False,5826972,2374545,752852,934588,2118196,432391,750375,340791,612930
4,layer1.0.relu3,175218,False,2283108,929205,294230,364791,825667,168335,291763,132346,237693
4,layer1.1.conv1,806402,False,10226226,4168773,1322138,1641897,3722532,760167,1319673,599568,1078717
4,layer1.1.bn1,93521,False,1250736,508161,160624,198810,449256,91416,158163,71616,128411
4,layer1.1.relu1,32244,False,473934,191385,60116,73937,166019,33565,57681,25943,46204
4,layer1.1.conv2,1983124,False,25023846,10203876,3237159,4021156,9119383,1862743,3234679,1470027,2645539
4,layer1.1.bn2,79688,False,1076934,437180,138104,170824,385672,78443,135627,61367,109957
4,layer1.1.relu2,33158,False,487608,196934,61850,76087,170849,34547,59396,26719,47589
4,layer1.1.conv3,851178,False,10783584,4396090,1394310,1731560,3925961,801710,1391832,632374,1137780
4,layer1.1.bn3,325077,False,4173150,1700058,538827,668681,1515051,309171,536370,243525,437847
4,layer1.1.add,447027,False,5706486,2325443,737246,915192,2074213,423408,734785,333720,600200
4,layer1.1.relu3,175219,False,2283798,929486,294302,364899,825982,168388,291842,132381,237792
4,layer1.2.conv1,809801,False,10268424,4185987,1327640,1648737,3738110,763324,1325152,602063,1083216
4,layer1.2.bn1,92619,False,1236918,502460,158823,196577,444190,90395,156397,70813,126968
4,layer1.2.relu1,32811,False,481188,194331,61042,75076,168573,34085,58583,26350,46931
4,layer1.2.conv2,1977818,False,24954576,10175617,3228195,4010029,9094194,1857595,3225741,1465971,2638250
4,layer1.2.bn2,81312,False,1097418,445658,140802,174142,393294,80002,138340,62605,112184
4,layer1.2.relu2,32748,False,480444,193974,60941,74967,168332,34042,58506,26320,46878
4,layer1.2.conv3,846404,False,10727520,4373234,1387049,1722551,3905512,797550,1384615,629097,1131883
4,layer1.2.bn3,319040,False,4097556,1669251,529022,656520,1487444,303536,526575,239073,429836
4,layer1.2.add,450323,False,5748384,2342515,742693,921988,2089620,426558,740261,336205,604675
4,layer1.2.relu3,178353,False,2324052,945923,299533,371342,840587,171382,297054,134734,242021
4,layer2.0.conv1,1586144,False,20027934,8166327,2590636,3217912,7297471,1490531,2588212,1176183,2116630
4,layer2.0.bn1,172132,False,2246700,914395,289504,358929,812426,165626,287057,130192,233849
4,layer2.0.relu1,78774,False,1106220,432072,136496,168796,381167,77521,134034,60651,108672
4,layer2.0.conv2,2131645,False,26887860,10964120,3478393,4320890,9799245,2001645,3475932,1579692,2842919
4,layer2.0.bn2,43430,False,613632,248335,78186,96388,216887,43960,75738,34151,60960
4,layer2.0.relu2,18018,False,295314,118523,36988,45208,100785,20237,34533,15422,27263
4,layer2.0.conv3,848529,False,10749144,4382049,1389839,1726012,3913370,799156,1387396,630360,1134144
4,layer2.0.bn3,168982,False,2206902,898134,284370,352498,797855,162650,281869,127840,229611
4,layer2.0.downsample.0,2304237,False,29060688,11850269,3759565,4670187,10591640,2163534,3757098,1707499,3072982
4,layer2.0.downsample.1,175636,False,2289054,931642,294978,365734,827866,168779,292523,132675,238316
4,layer2.0.add,227256,False,2940696,1197432,379343,470557,1065653,217362,376909,171048,307390
4,layer2.0.relu3,85598,False,1146780,465758,147178,182103,411322,83688,144741,65520,117438
4,layer2.1.conv1,821484,False,10407546,4242730,1345640,1671083,3788777,773693,1343171,610256,1097965
4,layer2.1.bn1,49796,False,697680,282608,89032,109860,247490,50216,86607,39087,69855
4,layer2.1.relu1,17366,False,286200,114804,35825,43760,97524,19558,33367,14893,26315
4,layer2.1.conv2,1920714,False,24232866,9881280,3134795,3893996,8831026,1803840,3132351,1423521,2561815
4,layer2.1.bn2,42008,False,598698,242237,76257,93990,211493,42843,73802,33268,59380
4,layer2.1.relu2,17709,False,290760,116673,36385,44456,99116,19899,33952,15153,26780
4,layer2.1.conv3,846665,False,10724184,4371871,1386592,1721984,3904247,797286,1384159,628889,1131499
4,layer2.1.bn3,169031,False,2207382,898311,284419,352610,798111,162688,281944,127878,229680
4,layer2.1.add,229990,False,2973990,1211010,383652,475900,1077658,219813,381176,172982,310839
4,layer2.1.relu3,83245,False,1118298,454183,143468,177503,400931,81561,141043,63834,114403
4,layer2.2.conv1,815137,False,10328298,4210395,1335363,1658326,3759833,767788,1332896,605588,1089563
4,layer2.2.bn1,47342,False,664914,269247,84798,104605,235575,47770,82360,37143,66366
4,layer2.2.relu1,16759,False,279240,111966,34923,42638,94926,19033,32435,14468,25518
4,layer2.2.conv2,1919497,False,24218070,9875216,3132837,3891539,8825440,1802695,3130388,1422626,2560222
4,layer2.2.bn2,41974,False,596160,241202,75928,93579,210557,42670,73507,33137,59150
4,layer2.2.relu2,17631,False,289092,115981,36193,44201,98558,19771,33737,15051,26593
4,layer2.2.conv3,846288,False,10724358,4371935,1386639,1722027,3904368,797312,1384191,628896,1131514
4,layer2.2.bn3,169990,False,2216712,902140,285647,354141,801479,163391,283163,128434,230684
4,layer2.2.add,229076,False,2963340,1206650,382247,474158,1073830,219036,379811,172361,309746
4,layer2.2.relu3,84486,False,1132128,459814,145296,179770,406075,82598,142852,64659,115894
4,layer2.3.conv1,812890,False,10346022,4198396,1331575,1653614,3749176,765608,1329136,603881,1086488
4,layer2.3.bn1,48295,False,677148,274198,86359,106541,239927,48668,83915,37863,67665
4,layer2.3.relu1,25671,False,392268,158087,49554,60738,136062,27441,47035,21099,37483
4,layer2.3.conv2,1912360,False,24126144,9837779,3120995,3876805,8792012,1795860,3118515,1417222,2550501
4,layer2.3.bn2,42499,False,639528,244902,77104,95046,213868,43327,74634,33648,60068
4,layer2.3.relu2,17088,False,282252,113176,35301,43091,96027,19251,32825,14649,25870
4,layer2.3.conv3,847580,False,10737456,4377296,1388330,1724139,3909138,798274,1385859,629658,1132890
4,layer2.3.bn3,170922,False,2230608,907817,287450,356380,806678,164454,285026,129280,232210
4,layer2.3.add,225824,False,2925570,1191260,377375,468109,1060038,216218,374911,170135,305737
4,layer2.3.relu3,83675,False,1123266,456205,144134,178323,402753,81922,141658,64116,114907
4,layer3.0.conv1,1714570,False,21637662,8822856,2798947,3476721,7884503,1610463,2796516,1270870,2287072
4,layer3.0.bn1,85371,False,1148892,466657,147427,182419,412077,83839,144993,65631,117631
4,layer3.0.relu1,32273,False,472764,190902,59968,73711,165476,33453,57493,25858,46039
4,layer3.0.conv2,2198349,False,27726252,11306050,3586892,4455697,10105016,2064121,3584444,1629002,2931710
4,layer3.0.bn2,35697,False,518658,209603,65895,81119,182287,36890,63433,28556,50899
4,layer3.0.relu2,11621,False,213804,85261,26444,32064,71000,14160,23992,10620,18623
4,layer3.0.conv3,970361,False,12280170,5006352,1587949,1972134,4471655,913212,1585499,720402,1296230
4,layer3.0.bn3,92589,False,1238172,503052,159017,196816,444715,90505,156588,70902,127118
4,layer3.0.downsample.0,2216441,False,27955116,11399394,3616496,4492475,10188533,2081173,3614037,1642470,2955951
4,layer3.0.downsample.1,90869,False,1216092,494042,156159,193226,436569,88843,153691,69581,124739
4,layer3.0.add,107577,False,1432320,582196,184116,227981,515419,104947,181666,82299,147636
4,layer3.0.relu3,37435,False,540714,218566,68745,84616,190221,38513,66278,29852,53229
4,layer3.1.conv1,1024244,False,12960150,5283699,1675955,2081491,4719696,963884,1673509,760413,1368246
4,layer3.1.bn1,32724,False,619902,250904,79005,97395,219174,44425,76507,34489,61588
4,layer3.1.relu1,10917,False,205992,82103,25398,30795,68098,13563,22947,10152,17764
4,layer3.1.conv2,2037439,False,25703598,10481122,3325112,4130433,9367323,1913403,3322666,1510027,2717549
4,layer3.1.bn2,32458,False,477402,192777,60565,74445,167125,33789,58066,26106,46494
4,layer3.1.relu2,12014,False,220368,87962,27262,33104,73343,14635,24800,10996,19274
4,layer3.1.conv3,973068,False,12315768,5020971,1592555,1977862,4484611,915862,1590097,722497,1299973
4,layer3.1.bn3,92932,False,1241364,504363,159392,197281,445761,90716,156938,71047,127391
4,layer3.1.add,105783,False,1407018,571895,180809,223868,506052,103038,178354,80780,144904
4,layer3.1.relu3,36861,False,530934,214534,67464,83067,186716,37796,65043,29289,52226
4,layer3.2.conv1,1006012,False,12730308,5190065,1646239,2044586,4636017,946791,1643813,746914,1343952
4,layer3.2.bn1,32328,False,474468,191590,60155,73988,166144,33595,57736,25964,46240
4,layer3.2.relu1,11262,False,209808,83648,25919,31454,69625,13870,23401,10361,18153
4,layer3.2.conv2,2035748,False,25680792,10471817,3322181,4126792,9359025,1911687,3319684,1508672,2715112
4,layer3.2.bn2,33463,False,490458,198122,62241,76569,171984,34788,59789,26889,47907
4,layer3.2.relu2,11689,False,215382,85924,26648,32358,71689,14293,24215,10733,18821
4,layer3.2.conv3,970960,False,12289908,5010426,1589228,1973736,4475195,913928,1586743,720973,1297213
4,layer3.2.bn3,91805,False,1227054,498515,157574,195019,440569,89659,155122,70227,125888
4,layer3.2.add,94067,False,1260144,512015,161841,200318,452632,92117,159385,72169,129404
4,layer3.2.relu3,36158,False,525018,212192,66691,82092,184501,37340,64199,28906,51532
4,layer3.3.conv1,1007803,False,12750864,5198439,1648899,2047875,4643473,948302,1646448,748107,1346085
4,layer3.3.bn1,31855,False,468606,189204,59420,73049,163962,33120,56916,25593,45534
4,layer3.3.relu1,11720,False,216396,86328,26787,32536,72089,14370,24349,10794,18926
4,layer3.3.conv2,2035740,False,25682598,10472568,3322416,4127098,9359748,1911859,3319985,1508804,2715354
4,layer3.3.bn2,33310,False,488382,197243,61938,76184,171071,34595,59472,26751,47655
4,layer3.3.relu2,11820,False,218112,87030,26991,32782,72608,14460,24506,10863,19030
4,layer3.3.conv3,967150,False,12282336,5007304,1582774,1965713,4457104,910228,1580306,718047,1291993
4,layer3.3.bn3,94692,False,1263144,513215,162218,200784,453715,92338,159762,72317,129670
4,layer3.3.add,105419,False,1401738,569729,180156,223068,504266,102670,177718,80506,144416
4,layer3.3.relu3,36782,False,532332,215192,67677,83289,187214,37893,65197,29344,52322
4,layer3.4.conv1,1023364,False,12945462,5277782,1674043,2079111,4714305,962783,1671591,759540,1366678
4,layer3.4.bn1,31667,False,466524,188335,59132,72710,163214,32987,56679,25490,45381
4,layer3.4.relu1,10655,False,202848,80829,25022,30328,67047,13348,22579,9982,17470
4,layer3.4.conv2,2030861,False,25622058,10447877,3314555,4117324,9337528,1907317,3312064,1505190,2708841
4,layer3.4.bn2,33029,False,484032,195505,61429,75526,169591,34298,58960,26506,47209
4,layer3.4.relu2,12594,False,227472,90871,28217,34297,76087,15192,25738,11424,20062
4,layer3.4.conv3,964352,False,12205296,4975940,1578277,1960142,4444463,907655,1575836,716015,1288330
4,layer3.4.bn3,91828,False,1228182,498897,157678,195151,440945,89736,155247,70277,126004
4,layer3.4.add,94570,False,1303686,514739,162725,201430,455206,92647,160308,72594,130173
4,layer3.4.relu3,36103,False,522954,211369,66469,81833,183899,37223,64039,28833,51404
4,layer3.5.conv1,1008450,False,12757236,5201043,1649722,2048889,4645781,948783,1647277,748487,1346783
4,layer3.5.bn1,32018,False,470616,190029,59681,73393,164756,33305,57240,25741,45835
4,layer3.5.relu1,11370,False,212106,84590,26233,31800,70420,14036,23773,10515,18428
4,layer3.5.conv2,2028627,False,25592844,10435947,3310803,4112648,9326974,1905157,3308347,1503520,2705839
4,layer3.5.bn2,33197,False,485346,196014,61585,75728,169984,34377,59092,26583,47344
4,layer3.5.relu2,11964,False,219738,87669,27210,33035,73208,14588,24722,10949,19213
4,layer3.5.conv3,971821,False,12303924,5016153,1591030,1975980,4480350,914990,1588583,721805,1298746
4,layer3.5.bn3,94312,False,1258458,511340,161633,200023,451978,91988,159161,72066,129222
4,layer3.5.add,105590,False,1405806,571422,180687,223740,505789,102980,178261,80754,144834
4,layer3.5.relu3,40128,False,575238,232696,73201,90194,202876,41097,70770,31892,56886
4,layer4.0.conv1,1968604,False,24835806,10127209,3212802,3990907,9050812,1848739,3210351,1458954,2625616
4,layer4.0.bn1,49981,False,699492,283367,89276,110158,248100,50339,86816,39188,70017
4,layer4.0.relu1,17133,False,282648,113281,35339,43144,96148,19292,32897,14663,25899
4,layer4.0.conv2,3411276,False,42975774,17525442,5560353,6907551,15666592,3200345,5557884,2526036,4546366
4,layer4.0.bn2,30746,False,456954,184439,57876,71132,159619,32264,55434,24919,44346
4,layer4.0.relu2,9002,False,182088,72343,22350,26983,59493,11804,19870,8758,15243
4,layer4.0.conv3,1251953,False,15826086,6452639,2046834,2542271,5764908,1177426,2044389,928962,1671638
4,layer4.0.bn3,57230,False,789738,320173,100993,124726,281168,57094,98556,44517,79624
4,layer4.0.downsample.0,2889970,False,36422952,14852927,4712337,5853972,13276807,2712113,4709903,2140593,3852572
4,layer4.0.downsample.1,56974,False,784254,317843,100248,123800,279088,56670,97821,44178,79026
4,layer4.0.add,35839,False,521964,210976,66336,81665,183470,37124,63862,28750,51256
4,layer4.0.relu3,17316,False,284862,114263,35652,43545,96978,19466,33202,14816,26171
4,layer4.1.conv1,1211903,False,15323862,6247820,1981874,2461563,5581845,1140022,1979435,899470,1618550
4,layer4.1.bn1,29547,False,439290,177243,55636,68331,153270,30964,53177,23896,42514
4,layer4.1.relu1,8115,False,171318,67955,20959,25246,55509,10992,18484,8110,14101
4,layer4.1.conv2,3153617,False,39739284,16205498,5141515,6387184,14486291,2959212,5139078,2335667,4203690
4,layer4.1.bn2,29427,False,439242,177211,55623,68327,153286,30963,53171,23894,42516
4,layer4.1.relu2,8671,False,178116,70600,21794,26311,57896,11477,19323,8501,14807
4,layer4.1.conv3,1242214,False,15705804,6403596,2031293,2522941,5721030,1168456,2028820,921889,1658887
4,layer4.1.bn3,59021,False,812190,329318,103882,128306,289306,58741,101403,45814,81949
4,layer4.1.add,38483,False,554136,224087,70496,86836,195254,39538,68065,30665,54703
4,layer4.1.relu3,17640,False,289152,115971,36193,44198,98537,19786,33738,15056,26605
4,layer4.2.conv1,1205096,False,15235896,6211898,1970432,2447365,5549614,1133438,1968001,894266,1609183
4,layer4.2.bn1,28462,False,468186,189028,54036,66377,148859,30051,51587,23175,41216
4,layer4.2.relu1,7697,False,165366,65520,20185,24325,53468,10556,17719,7775,13491
4,layer4.2.conv2,3159760,False,39813594,16235783,5151134,6399141,14513309,2964735,5148668,2340029,4211521
4,layer4.2.bn2,30583,False,451944,182402,57238,70351,157864,31900,54806,24637,43825
4,layer4.2.relu2,8997,False,181332,72027,22252,26853,59201,11742,19783,8713,15188
4,layer4.2.conv3,1245422,False,15745932,6419932,2036487,2529420,5735748,1171472,2034055,924291,1663212
4,layer4.2.bn3,61547,False,843348,342016,107902,133311,300659,61074,105424,47642,85260
4,layer4.2.add,35976,False,521874,210827,66289,81605,183357,37107,63840,28742,51229
4,layer4.2.relu3,20073,False,321450,129198,40382,49400,110269,22179,37913,16953,30020
4,avgpool,80003,False,1076478,437108,138089,170804,385707,78450,135572,61342,109902
4,flatten,8584,False,176256,69972,21582,26014,57306,11359,19117,8415,14644
4,fc,499546,False,6366948,2594803,822740,1021442,2315210,472650,820281,372574,670134
5,conv1,2175461,False,27445428,11191506,3550539,4410529,10002577,2043188,3548087,1612478,2901949
5,bn1,328898,False,4221006,1719499,544996,676359,1532472,312738,542576,246350,442937
5,relu,175034,False,2282142,928825,294086,364620,825354,168269,291644,132275,237468
5,maxpool,10179013,False,128049204,52222088,57081149,20585983,6182002,9539145,57078692,7530354,13554141
5,layer1.0.conv1,271662,False,3008442,1224777,399747,481276,1078229,222326,397218,174965,314407
5,layer1.0.bn1,88393,False,1186398,481720,156843,188381,421014,86592,154314,67804,121550
5,layer1.0.relu1,34632,False,506394,204604,66228,79112,175733,35940,63665,27809,49532
5,layer1.0.conv2,1997198,False,25199322,10275320,3358614,4049325,9084569,1875804,3356073,1480343,2664116
5,layer1.0.bn2,81989,False,1105716,448896,146131,175466,392033,80607,143617,63079,113053
5,layer1.0.relu2,33147,False,487416,196873,63715,76080,169007,34547,61192,26722,47595
5,layer1.0.conv3,856727,False,10859298,4426981,1446657,1743742,3911065,807367,1444106,636824,1145790
5,layer1.0.bn3,319582,False,4104108,1671852,545924,657558,1473738,304010,543395,239459,430535
5,layer1.0.downsample.0,861752,False,10921020,4452052,1454851,1753628,3933273,811955,1452300,640441,1152293
5,layer1.0.downsample.1,327470,False,4204026,1712672,559283,673668,1509947,311480,556755,245341,441122
5,layer1.0.add,452085,False,5768328,2350638,767816,925146,2074243,428020,765312,337350,606737
5,layer1.0.relu3,178535,False,2326692,947022,308982,371847,832693,171614,306465,134927,242375
5,layer1.1.conv1,803072,False,10183632,4151317,1356538,1635059,3667206,757009,1354023,597072,1074222
5,layer1.1.bn1,95963,False,1280754,520426,169515,203644,455270,93668,166985,73389,131607
5,layer1.1.relu1,31536,False,465888,188063,60860,72634,161294,32959,58324,25431,45280
5,layer1.1.conv2,1985062,False,25049070,10214168,3338605,4025211,9030380,1864620,3336051,1471512,2648197
5,layer1.1.bn2,82758,False,1113636,452256,147226,176789,395000,81211,144699,63563,113918
5,layer1.1.relu2,32507,False,479238,193530,62640,74782,166089,33949,60127,26250,46752
5,layer1.1.conv3,852219,False,10801158,4403250,1438898,1734365,3890050,803027,1436347,633407,1139627
5,layer1.1.bn3,321561,False,4128690,1681946,549210,661523,1482696,305849,546687,240909,433137
5,layer1.1.add,458016,False,5845620,2382177,778122,937571,2102094,433777,775605,341888,614898
5,layer1.1.relu3,174132,False,2268768,923366,301238,362483,811691,167278,298697,131501,236190
5,layer1.2.conv1,809049,False,10257270,4181448,1366376,1646940,3693863,762511,1363828,601414,1082047
5,layer1.2.bn1,92259,False,1231722,500430,162945,195735,437522,90002,160422,70485,126385
5,layer1.2.relu1,32410,False,476064,192239,62209,74257,164911,33709,59690,26058,46410
5,layer1.2.conv2,1975098,False,24919986,10161527,3321410,4004483,8983953,1855026,3318866,1463928,2634564
5,layer1.2.bn2,78842,False,1064370,432190,140636,168835,377115,77535,138120,60660,108664
5,layer1.2.relu2,31968,False,472032,190569,61676,73606,163463,33408,59124,25810,45946
5,layer1.2.conv3,850609,False,10779324,4394350,1435992,1730876,3882140,801398,1433447,632108,1137273
5,layer1.2.bn3,323253,False,4152108,1691510,552361,665326,1491183,307611,549832,242297,435638
5,layer1.2.add,448943,False,5734080,2336684,763278,919663,2061900,425475,760718,335336,603108
5,layer1.2.relu3,174689,False,2278128,927180,302485,364014,815126,167987,299977,132069,237231
5,layer2.0.conv1,1592571,False,20108772,8199301,2679913,3230908,7248113,1496537,2677384,1180925,2125161
5,layer2.0.bn1,171629,False,2239806,911585,297393,357875,800840,165023,294681,129731,232991
5,layer2.0.relu1,77253,False,1042878,423395,137794,165414,369375,75930,135248,59389,106401
5,layer2.0.conv2,2134477,False,26923362,10978588,3588498,4326543,9706632,2004281,3585978,1581764,2846667
5,layer2.0.bn2,46761,False,656988,266028,86348,103373,230272,47211,83860,36717,65596
5,layer2.0.relu2,18136,False,296328,118930,38252,45371,100120,20325,35736,15484,27368
5,layer2.0.conv3,843486,False,10689612,4357789,1424036,1716465,3849821,794720,1421493,626848,1127817
5,layer2.0.bn3,169538,False,2215392,901601,294126,353914,792440,163296,291589,128366,230567
5,layer2.0.downsample.0,2309452,False,29126712,11877197,3882300,4680848,10501640,2168464,3879784,1711393,3080002
5,layer2.0.downsample.1,175082,False,2280432,928145,302806,364382,815921,168138,300242,132182,237405
5,layer2.0.add,230074,False,2977992,1212635,395817,476494,1067447,220101,393230,173210,311256
5,layer2.0.relu3,86059,False,1155480,469329,152810,183518,409993,84322,150247,66008,118284
5,layer2.1.conv1,822432,False,10421352,4248343,1388255,1673271,3752927,774705,1385691,611036,1099365
5,layer2.1.bn1,49860,False,698388,282929,91871,109996,245124,50276,89321,39132,69942
5,layer2.1.relu1,17072,False,282834,113433,36449,43196,95224,19314,33910,14685,25937
5,layer2.1.conv2,1926868,False,24308352,9912096,3239856,3906134,8763288,1809458,3237332,1427959,2569825
5,layer2.1.bn2,42199,False,602166,243676,79035,94549,210457,43091,76488,33466,59726
5,layer2.1.relu2,18056,False,296274,118912,38215,45313,99962,20284,35664,15445,27303
5,layer2.1.conv3,847953,False,10741716,4379031,1430983,1724808,3868582,798597,1428444,629916,1133343
5,layer2.1.bn3,170678,False,2229504,907337,296005,356196,797499,164352,293477,129199,232036
5,layer2.1.add,226045,False,2927256,1191946,389026,468352,1049228,216336,386488,170232,305915
5,layer2.1.relu3,83918,False,1127490,457914,149036,178940,399849,82230,146527,64357,115343
5,layer2.2.conv1,816938,False,10353276,4220601,1379168,1662348,3728438,769653,1376635,607065,1092216
5,layer2.2.bn1,47587,False,670896,271712,88164,105549,235126,48206,85626,37489,66982
5,layer2.2.relu1,17368,False,287040,115144,37018,43888,96782,19638,34470,14928,26368
5,layer2.2.conv2,1914536,False,24199296,9867501,3225283,3888549,8723743,1801292,3222725,1421502,2553578
5,layer2.2.bn2,45528,False,644070,260741,84619,101251,225500,46210,82018,35906,64136
5,layer2.2.relu2,18321,False,299652,120309,38704,45904,101297,20561,36137,15661,27687
5,layer2.2.conv3,841718,False,10667100,4348600,1421000,1712805,3841626,793029,1418464,625509,1125424
5,layer2.2.bn3,167617,False,2191482,891873,290947,350091,783877,161533,288439,126979,228067
5,layer2.2.add,228335,False,2953056,1202458,392479,472507,1058526,218260,389918,171749,308648
5,layer2.2.relu3,83943,False,1126962,457710,148977,178897,399748,82211,146485,64351,115311
5,layer2.3.conv1,816873,False,10352388,4220107,1379028,1662186,3728080,769573,1376494,607000,1092104
5,layer2.3.bn1,47572,False,669228,270994,87969,105322,234639,48103,85454,37426,66874
5,layer2.3.relu1,17420,False,286662,114985,36970,43813,96624,19601,34436,14917,26352
5,layer2.3.conv2,1914517,False,24153804,9849050,3219260,3881259,8707478,1797938,3216720,1418868,2553452
5,layer2.3.bn2,41912,False,596478,241363,78269,93625,208398,42689,75756,33146,59162
5,layer2.3.relu2,17721,False,292044,117197,37659,44652,98507,19985,35136,15224,26873
5,layer2.3.conv3,846249,False,10721244,4370675,1428254,1721537,3861266,797084,1425740,628719,1131198
5,layer2.3.bn3,169725,False,2214468,901240,293997,353751,792094,163233,291460,128307,230462
5,layer2.3.add,227833,False,2949696,1201080,391997,471945,1057227,217985,389459,171537,308275
5,layer2.3.relu3,83563,False,1122870,456046,148465,178280,398310,81907,145949,64116,114912
5,layer3.0.conv1,1751617,False,22105566,9013680,2946124,3551927,7968480,1645309,2943618,1298379,2336585
5,layer3.0.bn1,83840,False,1126068,457343,148889,178781,399453,82145,146297,64268,115178
5,layer3.0.relu1,32584,False,477372,192782,62397,74490,165464,33820,59876,26142,46551
5,layer3.0.conv2,2191489,False,27645378,11273062,3684799,4442684,9967176,2058092,3682269,1624256,2923160
5,layer3.0.bn2,36547,False,529836,214172,69358,82872,184281,37707,66833,29208,52077
5,layer3.0.relu2,12252,False,224940,89829,28743,33890,74271,14983,26175,11271,19744
5,layer3.0.conv3,971743,False,12299808,5014491,1638722,1975345,4430753,914693,1636188,721571,1298329
5,layer3.0.bn3,93012,False,1242990,505019,164472,197580,441654,90844,161931,71166,127603
5,layer3.0.downsample.0,2223301,False,28043358,11435365,3737851,4506646,10110787,2087739,3735323,1647662,2965295
5,layer3.0.downsample.1,92660,False,1238082,503018,163824,196802,439866,90493,161303,70881,127092
5,layer3.0.add,106566,False,1418346,576539,187809,225718,504736,103883,185277,81466,146137
5,layer3.0.relu3,37379,False,539124,217962,70600,84376,187622,38397,68091,29753,53034
5,layer3.1.conv1,1015347,False,12847440,5237837,1711736,2063402,4628357,955505,1709226,753791,1356316
5,layer3.1.bn1,33156,False,485778,196198,63484,75799,168399,34423,60969,26623,47428
5,layer3.1.relu1,11593,False,214866,85708,27360,32239,70645,14233,24845,10683,18725
5,layer3.1.conv2,2036069,False,25689360,10475301,3423960,4128127,9261417,1912330,3421436,1509180,2716030
5,layer3.1.bn2,33293,False,487260,196812,63693,76012,168841,34523,61150,26704,47529
5,layer3.1.relu2,11827,False,217362,86690,27719,32670,71558,14422,25176,10820,18985
5,layer3.1.conv3,971745,False,12299250,5014261,1638654,1975273,4430625,914673,1636156,721559,1298311
5,layer3.1.bn3,93970,False,1254978,509896,166058,199488,445929,91739,163542,71869,128861
5,layer3.1.add,105469,False,1404144,570744,185956,223480,499579,102820,183351,80612,144597
5,layer3.1.relu3,36359,False,526446,212789,68943,82345,183082,37461,66410,29021,51715
5,layer3.2.conv1,1024341,False,12960678,5284005,1726801,2081559,4669136,963930,1724272,760415,1368245
5,layer3.2.bn1,33279,False,487218,196800,63717,76081,169010,34549,61186,26719,47573
5,layer3.2.relu1,11303,False,212550,84727,27052,31873,69851,14064,24532,10548,18486
5,layer3.2.conv2,2036246,False,25691670,10476250,3424275,4128523,9262300,1912510,3421732,1509308,2716245
5,layer3.2.bn2,33411,False,489858,197866,64033,76459,169864,34731,61527,26862,47842
5,layer3.2.relu2,11972,False,220446,88006,28142,33180,72754,14678,25648,11040,19377
5,layer3.2.conv3,966568,False,12237690,4989140,1630418,1965329,4408285,910053,1627823,717876,1291677
5,layer3.2.bn3,92268,False,1276530,518703,168937,202947,453672,93326,166373,73123,131128
5,layer3.2.add,94918,False,1271130,516466,168222,202097,451789,92954,165715,72833,130599
5,layer3.2.relu3,35858,False,520464,210340,68111,81354,180820,36994,65570,28652,51066
5,layer3.3.conv1,1010278,False,12783912,5211922,1703276,2053197,4605364,950763,1700738,750050,1349593
5,layer3.3.bn1,31550,False,465012,187746,60752,72508,160993,32895,58241,25420,45253
5,layer3.3.relu1,11419,False,212136,84578,27028,31841,69726,14050,24518,10540,18471
5,layer3.3.conv2,2034277,False,25668306,10466726,3421174,4124759,9253873,1910773,3418647,1507930,2713777
5,layer3.3.bn2,32283,False,475686,192095,62168,74216,164860,33693,59668,26048,46395
5,layer3.3.relu2,11240,False,210024,83748,26754,31497,68961,13887,24220,10405,18234
5,layer3.3.conv3,971195,False,12295092,5012521,1638080,1974577,4429066,914332,1635537,721282,1297809
5,layer3.3.bn3,92911,False,1240008,503813,164079,197098,440587,90633,161560,71002,127312
5,layer3.3.add,105919,False,1409934,573135,186743,224427,501863,103285,184203,80989,145286
5,layer3.3.relu3,36695,False,531600,214895,69626,83185,184950,37827,67052,29304,52244
5,layer3.4.conv1,1005615,False,12725382,5188026,1695430,2043740,4584224,946395,1692918,746593,1343357
5,layer3.4.bn1,32206,False,472860,190942,61784,73749,163769,33476,59277,25879,46085
5,layer3.4.relu1,11093,False,208818,83239,26594,31302,68504,13800,24067,10339,18117
5,layer3.4.conv2,2032713,False,25647090,10458071,3418356,4121378,9246273,1909200,3415825,1506706,2711562
5,layer3.4.bn2,33223,False,487272,196819,63685,76042,168956,34541,61180,26712,47550
5,layer3.4.relu2,11614,False,215304,85892,27458,32360,70933,14298,24932,10720,18795
5,layer3.4.conv3,964527,False,12213102,4979121,1627170,1961393,4399430,908231,1624584,716453,1289106
5,layer3.4.bn3,92175,False,1233678,501238,163208,196041,438195,90144,160672,70590,126566
5,layer3.4.add,94500,False,1264980,513902,167388,201074,449490,92478,164866,72458,129926
5,layer3.4.relu3,35502,False,516444,208688,67599,80768,179502,36718,65078,28425,50668
5,layer3.5.conv1,1021585,False,12925806,5269768,1722186,2076002,4656657,961349,1719676,758407,1364636
5,layer3.5.bn1,35531,False,515784,208438,67488,80628,179192,36651,64964,28387,50600
5,layer3.5.relu1,10278,False,196854,78389,25002,29400,64205,12908,22472,9636,16820
5,layer3.5.conv2,2031512,False,25630212,10451208,3416119,4118678,9240196,1907949,3413556,1505708,2709768
5,layer3.5.bn2,33317,False,487356,196819,63709,76050,168960,34539,61176,26714,47590
5,layer3.5.relu2,12035,False,220020,87815,28077,33068,72509,14617,25535,10989,19259
5,layer3.5.conv3,967243,False,12241416,4990645,1630933,1965923,4409651,910341,1628405,718140,1292156
5,layer3.5.bn3,94671,False,1262040,512820,167022,200658,448566,92285,164520,72306,129658
5,layer3.5.add,106051,False,1411374,573708,186932,224663,502404,103399,184413,81078,145446
5,layer3.5.relu3,36251,False,525114,212245,68756,82123,182539,37348,66208,28919,51555
5,layer4.0.conv1,1969368,False,24843564,10130373,3311212,3992167,8956328,1849328,3308698,1459445,2626506
5,layer4.0.bn1,50777,False,709164,287302,93263,111701,248926,51059,90724,39748,71040
5,layer4.0.relu1,17536,False,287376,115303,37069,43935,96862,19647,34530,14959,26436
5,layer4.0.conv2,3420785,False,43100586,17576372,5745482,6927624,15543221,3209664,5742975,2533389,4559600
5,layer4.0.bn2,31300,False,463914,187288,60593,72302,160541,32798,58025,25322,45077
5,layer4.0.relu2,9624,False,189240,75181,23955,28143,61467,12346,21455,9185,16040
5,layer4.0.conv3,1244498,False,15733812,6415028,2096598,2527494,5669729,1170571,2094084,923586,1661962
5,layer4.0.bn3,59467,False,819870,332450,108028,129521,288934,59315,105512,46275,82799
5,layer4.0.downsample.0,2895219,False,36488610,14879704,4863886,5864525,13157738,2717007,4861359,2144443,3859492
5,layer4.0.downsample.1,58036,False,798966,323882,105259,126177,281414,57769,102745,45051,80598
5,layer4.0.add,36973,False,536514,216907,70257,83960,186682,38198,67703,29594,52759
5,layer4.0.relu3,17272,False,284904,114282,36733,43502,95892,19457,34194,14808,26160
5,layer4.1.conv1,1206449,False,15254454,6219497,2032671,2450401,5496768,1134850,2030125,895369,1611167
5,layer4.1.bn1,30474,False,453990,183233,59238,70681,156900,32055,56737,24745,44039
5,layer4.1.relu1,8639,False,179568,71317,22648,26545,57828,11594,20119,8582,14948
5,layer4.1.conv2,3162426,False,39852000,16251447,5312314,6405262,14371095,2967597,5309810,2342284,4215599
5,layer4.1.bn2,30140,False,447444,180553,58402,69669,154638,31585,55856,24366,43348
5,layer4.1.relu2,8685,False,177630,70515,22426,26285,57295,11478,19910,8508,14821
5,layer4.1.conv3,1273595,False,15829542,6454005,2109306,2542819,5704113,1177677,2106800,929182,1672029
5,layer4.1.bn3,58890,False,809256,328138,106617,127812,285106,58527,104112,45655,81682
5,layer4.1.add,39256,False,566490,229125,74271,88807,197557,40452,71751,31372,55978
5,layer4.1.relu3,17287,False,286974,115127,36954,43802,96596,19599,34433,14914,26343
5,layer4.2.conv1,1209115,False,15289488,6233779,2037301,2455992,5509308,1137441,2034799,897430,1614880
5,layer4.2.bn1,28376,False,427524,172349,55714,66426,147366,30086,53212,23187,41238
5,layer4.2.relu1,8386,False,173898,68985,21916,25668,55906,11197,19403,8288,14421
5,layer4.2.conv2,3153056,False,39735354,16203873,5296794,6386564,14329084,2958910,5294260,2335427,4203270
5,layer4.2.bn2,31159,False,462402,186661,60403,72048,159963,32685,57868,25251,44953
5,layer4.2.relu2,8426,False,173898,68985,21925,25639,55836,11181,19368,8269,14386
5,layer4.2.conv3,1241308,False,15693270,6398489,2091174,2520942,5655019,1167534,2088646,921180,1657630
5,layer4.2.bn3,60180,False,826872,335311,108947,130620,291372,59821,106418,46657,83481
5,layer4.2.add,35955,False,521886,210914,68326,81640,181450,37118,65797,28744,51177
5,layer4.2.relu3,17495,False,289590,116204,37360,44287,97652,19817,34813,15083,26649
5,avgpool,81312,False,1093212,443926,144476,173453,387437,79659,141919,62337,111709
5,flatten,8903,False,180864,71841,22857,26807,58456,11706,20329,8692,15147
5,fc,504094,False,6425184,2618566,855446,1030770,2311261,476971,852900,376001,676304
6,conv1,2177102,False,27463842,11199041,3660592,4413499,9901692,2044567,3658075,1613581,2903923
6,bn1,333405,False,4279974,1743630,569400,685877,1537268,317129,566864,249810,449165
6,relu,175285,False,2284134,929674,303279,364959,817248,168431,300773,132419,237848
6,maxpool,10208775,False,128421960,52374099,62605515,20645968,842005,9566945,62603004,7552295,13593633
6,layer1.0.conv1,266934,False,2951520,1201645,403730,472182,1046336,218109,401131,171637,308445
6,layer1.0.bn1,88534,False,1191060,483842,162175,189222,418294,86979,159571,68086,122055
6,layer1.0.relu1,33921,False,498054,201104,67025,77745,170827,35318,64383,27319,48673
6,layer1.0.conv2,1988256,False,25085892,10229198,3441847,4031081,8945341,1867360,3439232,1473680,2652123
6,layer1.0.bn2,81516,False,1099440,446459,149568,174460,385545,80141,146984,62719,112366
6,layer1.0.relu2,33743,False,494220,199643,66528,77158,169569,35029,63879,27093,48270
6,layer1.0.conv3,857341,False,10864128,4428951,1489849,1744462,3870178,807709,1487238,637098,1146279
6,layer1.0.bn3,319651,False,4105662,1672528,562225,657820,1458334,304139,559608,239542,430682
6,layer1.0.downsample.0,866935,False,10984692,4478122,1506379,1763864,3913250,816703,1503801,644210,1159080
6,layer1.0.downsample.1,328820,False,4220616,1719350,577980,676312,1499301,312689,575360,246311,442837
6,layer1.0.add,452299,False,5773362,2352725,791136,925997,2053558,428408,788521,337664,607300
6,layer1.0.relu3,174788,False,2279550,927714,311564,364217,806699,168071,308948,132131,237335
6,layer1.1.conv1,807062,False,10231530,4170941,1403033,1642765,3644424,760569,1400392,599895,1079283
6,layer1.1.bn1,93633,False,1250466,507990,170320,198761,439432,91398,167722,71589,128348
6,layer1.1.relu1,32230,False,474096,191434,63774,73944,162449,33561,61139,25927,46173
6,layer1.1.conv2,1984986,False,25043394,10211870,3436016,4024273,8930241,1864190,3433367,1471149,2647557
6,layer1.1.bn2,85813,False,1152402,468078,156871,183011,404535,84114,154299,65850,118023
6,layer1.1.relu2,32353,False,477408,192799,64244,74497,163633,33804,61610,26122,46524
6,layer1.1.conv3,852737,False,10806828,4405491,1481977,1735278,3849773,803442,1479348,633728,1140216
6,layer1.1.bn3,321949,False,4134252,1684186,566137,662425,1468558,306271,563541,241239,433737
6,layer1.1.add,446318,False,5701020,2323218,781176,914333,2027595,422993,778553,333379,599543
6,layer1.1.relu3,177248,False,2309370,939942,315644,368991,817306,170285,313042,133885,240494
6,layer1.2.conv1,807230,False,10234224,4172037,1403405,1643233,3645497,760796,1400806,600070,1079634
6,layer1.2.bn1,92515,False,1237116,502609,168502,196639,434736,90410,165890,70816,126973
6,layer1.2.relu1,32496,False,477660,192853,64260,74493,163654,33820,61647,26145,46554
6,layer1.2.conv2,1974876,False,24916914,10160274,3418688,4003999,8885197,1854803,3416086,1463748,2634254
6,layer1.2.bn2,78943,False,1065528,432672,144966,169063,373569,77651,142397,60749,108857
6,layer1.2.relu2,32853,False,482208,194759,64898,75274,165299,34158,62267,26407,47032
6,layer1.2.conv3,852893,False,10809144,4406512,1482320,1735662,3850613,803620,1479697,633882,1140492
6,layer1.2.bn3,319679,False,4107798,1673411,562521,658186,1459150,304286,559868,239663,430871
6,layer1.2.add,455224,False,5813556,2369090,796647,932464,2067939,431412,794058,340034,611561
6,layer1.2.relu3,173790,False,2266980,922653,309858,362192,802202,167139,307239,131377,235983
6,layer2.0.conv1,1596153,False,20155650,8218428,2765175,3238417,7186043,1500035,2762583,1183690,2130143
6,layer2.0.bn1,172083,False,2243592,913106,306635,358439,793892,165391,304020,130017,233526
6,layer2.0.relu1,78606,False,1059726,430261,144134,168089,371402,77195,141550,60389,108195
6,layer2.0.conv2,2130470,False,26871624,10957403,3686945,4318243,9582726,2000433,3684363,1578739,2841235
6,layer2.0.bn2,42369,False,600984,243162,81189,94337,207692,43004,78557,33391,59613
6,layer2.0.relu2,18127,False,296904,119198,39474,45466,99256,20377,36889,15535,27465
6,layer2.0.conv3,849111,False,10758150,4385729,1475285,1727442,3832410,799817,1472704,630878,1135089
6,layer2.0.bn3,169054,False,2207886,898567,301753,352709,781163,162749,299155,127915,229740
6,layer2.0.downsample.0,2301343,False,29078448,11857537,3989875,4673099,10370328,2164876,3987265,1708549,3074891
6,layer2.0.downsample.1,173798,False,2265882,922199,309706,362041,801853,167070,307083,131328,235895
6,layer2.0.add,225969,False,2924904,1190937,400149,467957,1036957,216160,397547,170087,305659
6,layer2.0.relu3,85771,False,1151394,467655,156738,182853,404134,84034,154124,65773,117887
6,layer2.1.conv1,816403,False,10394232,4237290,1425370,1668967,3702589,772709,1422734,606758,1091674
6,layer2.1.bn1,50434,False,705570,285836,95553,111187,245099,50824,92983,39576,70735
6,layer2.1.relu1,18052,False,296766,119123,39414,45417,99119,20333,36817,15488,27384
6,layer2.1.conv2,1919771,False,24223734,9877555,3323532,3892532,8637847,1803144,3320927,1422981,2560864
6,layer2.1.bn2,43957,False,655602,252052,84185,97860,215521,44640,81546,34668,61903
6,layer2.1.relu2,17827,False,291870,117131,38763,44656,97404,19985,36170,15221,26903
6,layer2.1.conv3,849492,False,10763706,4387983,1476070,1728346,3834415,800238,1473429,631198,1135664
6,layer2.1.bn3,171146,False,2232804,908722,305145,356693,790002,164600,302560,129397,232418
6,layer2.1.add,225998,False,2923812,1190506,400011,467798,1036597,216083,397394,170036,305572
6,layer2.1.relu3,84354,False,1132650,459832,154112,179785,397268,82599,151513,64655,115882
6,layer2.2.conv1,816341,False,10344858,4217178,1418586,1661018,3684965,769024,1415987,606579,1091350
6,layer2.2.bn1,48005,False,675078,273395,91327,106231,234101,48526,88735,37750,67457
6,layer2.2.relu1,17178,False,284394,114053,37740,43439,94758,19427,35131,14781,26109
6,layer2.2.conv2,1929941,False,24347508,9928021,3340519,3912418,8681974,1812374,3337909,1430251,2573951
6,layer2.2.bn2,42698,False,603606,244241,81549,94767,208669,43214,78959,33560,59905
6,layer2.2.relu2,18217,False,296118,118863,39363,45356,98971,20315,36778,15483,27376
6,layer2.2.conv3,847122,False,10734522,4376053,1472068,1723615,3823927,798054,1469452,629489,1132582
6,layer2.2.bn3,169876,False,2219106,903122,303294,354488,785082,163566,300659,128576,230943
6,layer2.2.add,228949,False,3011946,1226488,412071,481958,1068036,222645,409478,172359,309738
6,layer2.2.relu3,83700,False,1125210,456988,153134,178572,394648,82048,150502,64226,115086
6,layer2.3.conv1,816114,False,10340556,4215401,1417997,1660317,3683308,768692,1415363,606304,1090852
6,layer2.3.bn1,47801,False,671856,272071,90902,105728,232969,48282,88298,37569,67122
6,layer2.3.relu1,17537,False,287586,115259,38145,43936,95848,19664,35570,14957,26428
6,layer2.3.conv2,1918762,False,24208368,9871306,3321432,3890073,8632298,1801999,3318830,1422080,2559224
6,layer2.3.bn2,41990,False,599802,242707,80996,94092,207150,42902,78378,33304,59456
6,layer2.3.relu2,18048,False,294276,118019,39074,45023,98207,20155,36447,15344,27114
6,layer2.3.conv3,847928,False,10747482,4381349,1473839,1725729,3828492,799005,1471208,630242,1133914
6,layer2.3.bn3,170814,False,2230314,907704,304814,356311,789162,164412,302215,129245,232134
6,layer2.3.add,225438,False,2918532,1188387,399287,466977,1034771,215700,396693,169736,305025
6,layer2.3.relu3,87972,False,1178148,478581,160420,187130,413628,86011,157801,67351,120725
6,layer3.0.conv1,1734549,False,21892272,8926597,3003502,3517628,7805753,1629420,3000908,1285830,2313988
6,layer3.0.bn1,85186,False,1189518,483226,161951,188961,417724,86868,159378,68029,121930
6,layer3.0.relu1,31924,False,469968,189740,63212,73285,160982,33244,60544,25669,45711
6,layer3.0.conv2,2188741,False,27607020,11257418,3787906,4436496,9845168,2055228,3785298,1621993,2919082
6,layer3.0.bn2,35745,False,518568,209574,69849,81056,178220,36861,67228,28539,50859
6,layer3.0.relu2,11753,False,216774,86506,28472,32539,70563,14380,25840,10794,18899
6,layer3.0.conv3,971045,False,12289506,5010277,1685496,1973669,4378901,913920,1682876,720948,1297210
6,layer3.0.bn3,91722,False,1227930,498899,167247,195164,431472,89737,164659,70291,126030
6,layer3.0.downsample.0,2219052,False,27992178,11414411,3840752,4498412,9982600,2083923,3838152,1644631,2959831
6,layer3.0.downsample.1,95903,False,1279014,519721,174226,203342,449649,93534,171648,73289,131427
6,layer3.0.add,108109,False,1436292,583839,195828,228610,505692,105232,193192,82518,148039
6,layer3.0.relu3,37981,False,546312,220891,73694,85519,188124,38930,71077,30185,53812
6,layer3.1.conv1,1015871,False,12852870,5240007,1762825,2064234,4579936,955902,1760222,754095,1356874
6,layer3.1.bn1,32826,False,482862,194989,64948,75316,165496,34195,62337,26439,47088
6,layer3.1.relu1,11301,False,210882,84103,27659,31650,68565,13961,25062,10465,18338
6,layer3.1.conv2,2029359,False,25608684,10442408,3513595,4115165,9131991,1906327,3510996,1504435,2707482
6,layer3.1.bn2,32857,False,481920,194634,64846,75202,165200,34141,62246,26403,47026
6,layer3.1.relu2,11727,False,216468,86281,28391,32502,70442,14353,25797,10779,18907
6,layer3.1.conv3,973039,False,12318114,5021950,1689437,1978300,4389146,916060,1686798,722637,1300250
6,layer3.1.bn3,94018,False,1253574,509356,170772,199292,440630,91639,168149,71790,128726
6,layer3.1.add,108940,False,1448238,588716,197486,230550,510033,106141,194879,83243,149347
6,layer3.1.relu3,36792,False,532368,215216,71770,83300,183150,37891,69122,29347,52329
6,layer3.2.conv1,1007955,False,12758898,5201713,1749936,2049134,4546377,948887,1747304,748555,1346906
6,layer3.2.bn1,32729,False,482352,194798,64878,75251,165336,34172,62299,26423,47031
6,layer3.2.relu1,11186,False,209250,83422,27417,31362,67912,13830,24832,10365,18154
6,layer3.2.conv2,2029481,False,25604004,10440509,3512987,4114449,9130387,1905994,3510395,1504178,2707025
6,layer3.2.bn2,33272,False,487980,197103,65685,76194,167453,34605,63096,26758,47656
6,layer3.2.relu2,11250,False,210396,83860,27564,31542,68332,13918,24995,10433,18282
6,layer3.2.conv3,966168,False,12232182,4986908,1677649,1964433,4358361,909641,1675012,717585,1291159
6,layer3.2.bn3,91864,False,1228986,499315,167385,195273,431710,89778,164734,70311,126063
6,layer3.2.add,94639,False,1268622,515475,172825,201702,445954,92749,170202,72668,130297
6,layer3.2.relu3,35600,False,516726,208829,69632,80770,177610,36736,67027,28452,50687
6,layer3.3.conv1,1025818,False,12980256,5292002,1780314,2084761,4625479,965405,1777731,761607,1370391
6,layer3.3.bn1,32889,False,485430,196068,65334,75742,166440,34399,62724,26546,47286
6,layer3.3.relu1,10561,False,202476,80657,26497,30287,65514,13325,23873,9951,17417
6,layer3.3.conv2,2033949,False,25660782,10463655,3520768,4123559,9150617,1910216,3518162,1507509,2713014
6,layer3.3.bn2,33304,False,486018,196283,65411,75855,166648,34440,62773,26626,47425
6,layer3.3.relu2,11879,False,219354,87519,28809,32980,71502,14541,26126,10922,19134
6,layer3.3.conv3,965747,False,12223356,4983281,1676390,1963018,4355239,908985,1673800,717069,1290217
6,layer3.3.bn3,93891,False,1254522,509722,170880,199427,440961,91696,168273,71838,128807
6,layer3.3.add,105143,False,1399338,568702,190741,222692,492582,102490,188144,80344,144120
6,layer3.3.relu3,35911,False,521286,210692,70261,81516,179244,37069,67639,28711,51182
6,layer3.4.conv1,1012374,False,12808230,5221818,1756701,2057092,4564076,952589,1754125,751490,1352182
6,layer3.4.bn1,32956,False,483390,195219,65044,75436,165751,34250,62451,26492,47194
6,layer3.4.relu1,11024,False,209310,83361,27409,31346,67865,13813,24777,10340,18105
6,layer3.4.conv2,2032450,False,25645194,10457301,3518642,4121073,9145095,1909066,3516026,1506592,2711362
6,layer3.4.bn2,33500,False,491388,198493,66114,76680,168508,34825,63491,26933,47987
6,layer3.4.relu2,11843,False,219384,87585,28811,32984,71459,14552,26165,10937,19192
6,layer3.4.conv3,966616,False,12237924,4989252,1678405,1965362,4360473,910079,1675796,717894,1291711
6,layer3.4.bn3,92826,False,1243350,505183,169376,197609,436927,90878,166756,71189,127615
6,layer3.4.add,94260,False,1262856,513140,172032,200773,443866,92326,169423,72333,129701
6,layer3.4.relu3,35753,False,518178,209412,69828,81041,178077,36819,67177,28514,50809
6,layer3.5.conv1,1005447,False,12723174,5187160,1745033,2043391,4533607,946227,1742399,746457,1343123
6,layer3.5.bn1,31566,False,464388,187481,62443,72399,159023,32849,59857,25379,45179
6,layer3.5.relu1,10785,False,204726,81561,26795,30637,66336,13498,24214,10104,17682
6,layer3.5.conv2,2034597,False,25669908,10467284,3521991,4125012,9153795,1910883,3519404,1508036,2713967
6,layer3.5.bn2,32866,False,483576,195212,65039,75438,165763,34255,62444,26478,47164
6,layer3.5.relu2,12526,False,263040,105307,34793,39991,87058,15031,27045,11315,19865
6,layer3.5.conv3,969857,False,12281430,5006981,1684397,1972367,4376012,913326,1681785,720490,1296360
6,layer3.5.bn3,94540,False,1262148,512786,171921,200643,443622,92249,169279,72270,129583
6,layer3.5.add,105928,False,1409994,573150,192245,224448,496472,103296,189637,80983,145269
6,layer3.5.relu3,36702,False,529908,214209,71412,82905,182342,37719,68829,29221,52103
6,layer4.0.conv1,1965996,False,24805734,10114932,3403371,3986028,8845365,1846486,3400763,1457194,2622451
6,layer4.0.bn1,50494,False,706374,286076,95626,111267,245286,50860,93035,39596,70779
6,layer4.0.relu1,17228,False,285378,114483,37878,43621,95126,19512,35300,14840,26214
6,layer4.0.conv2,3407159,False,42927330,17505701,5890699,6899763,15312416,3196738,5888087,2523193,4541229
6,layer4.0.bn2,30630,False,453564,183057,60947,70643,155130,32023,58340,24726,44014
6,layer4.0.relu2,8985,False,180888,71828,23521,26784,57745,11702,20908,8681,15134
6,layer4.0.conv3,1244482,False,15732258,6414385,2158048,2527209,5607437,1170434,2155406,923469,1661737
6,layer4.0.bn3,57992,False,798894,323895,108355,126179,278335,57760,105764,45050,80601
6,layer4.0.downsample.0,2896214,False,36503304,14885723,5008955,5866880,13019912,2718083,5006342,2145302,3861042
6,layer4.0.downsample.1,57336,False,792192,321174,107426,125086,275930,57262,104835,44655,79883
6,layer4.0.add,35468,False,517404,209096,69692,80880,177849,36782,67097,28478,50764
6,layer4.0.relu3,17435,False,287238,115205,38126,43909,95777,19649,35542,14956,26427
6,layer4.1.conv1,1216892,False,15386610,6273388,2110594,2471610,5484097,1144683,2107987,903146,1625162
6,layer4.1.bn1,30472,False,452412,182602,60815,70488,154749,31962,58235,24684,43928
6,layer4.1.relu1,8572,False,176262,69962,22866,26030,56071,11359,20280,8414,14631
6,layer4.1.conv2,3145425,False,39636972,16163732,5439069,6370712,14138205,2951583,5436478,2329638,4192854
6,layer4.1.bn2,29944,False,446022,179996,59898,69393,152339,31456,57290,24271,43179
6,layer4.1.relu2,8594,False,176682,70133,22926,26105,56277,11394,20335,8439,14697
6,layer4.1.conv3,1241424,False,15694836,6399100,2152900,2521217,5594194,1167665,2150321,921291,1657829
6,layer4.1.bn3,59201,False,815970,330862,110684,128865,284329,59005,108050,46032,82341
6,layer4.1.add,39059,False,601644,243460,81267,94426,207885,43055,73368,31165,55598
6,layer4.1.relu3,17742,False,293070,117603,38916,44818,97809,20071,36295,15275,27000
6,layer4.2.conv1,1208748,False,15283518,6231335,2096408,2455042,5447316,1136999,2093828,897064,1614193
6,layer4.2.bn1,29805,False,445908,179949,59889,69392,152324,31453,57301,24273,43110
6,layer4.2.relu1,8553,False,176442,70045,22913,26080,56214,11386,20327,8439,14695
6,layer4.2.conv2,3140445,False,39574206,16138113,5430418,6360591,14115740,2946891,5427832,2325923,4186151
6,layer4.2.bn2,31320,False,462198,186598,62147,72037,158213,32678,59542,25245,44941
6,layer4.2.relu2,8327,False,173454,68834,22511,25579,55114,11145,19886,8242,14317
6,layer4.2.conv3,1243478,False,15719280,6409089,2156263,2525145,5602913,1169479,2153654,922718,1660389
6,layer4.2.bn3,61306,False,841272,341198,114155,132972,293453,60915,111567,47525,85044
6,layer4.2.add,36202,False,525996,212615,70910,82315,180987,37442,68326,29010,51724
6,layer4.2.relu3,17624,False,290784,116671,38586,44437,96910,19886,35988,15147,26724
6,avgpool,79599,False,1071324,435013,145750,169987,375531,78048,143132,61068,109425
6,flatten,8883,False,180156,71542,23431,26691,57485,11646,20784,8630,15039
6,fc,503963,False,6426000,2618789,880682,1030898,2286419,477033,878101,376038,676379
7,conv1,2174338,False,27437928,11188454,3764665,4409272,9784768,2042615,3762075,1612039,2901179
7,bn1,330436,False,4249644,1731246,581972,680956,1509718,314868,579377,248018,445920
7,relu,180817,False,2353578,957979,321744,376136,833134,173589,319115,136487,245174
7,maxpool,10251699,False,128545140,52424324,68095554,20665747,6373987,9576091,68092926,7559520,13606641
7,layer1.0.conv1,268772,False,3002370,1222474,422489,480382,1052839,221909,419773,174614,313806
7,layer1.0.bn1,90550,False,1213386,492916,169956,192806,421581,88645,167228,69402,124420
7,layer1.0.relu1,34578,False,504936,204026,69952,78899,171506,35854,67262,27736,49429
7,layer1.0.conv2,1995790,False,25181574,10268206,3553704,4046533,8880977,1874520,3551038,1479325,2662290
7,layer1.0.bn2,83470,False,1175046,477255,164543,186633,408022,85786,161858,64197,115055
7,layer1.0.relu2,33149,False,487914,197083,67526,76149,165496,34585,64859,26752,47649
7,layer1.0.conv3,859143,False,10887336,4438348,1535691,1748217,3835867,809437,1532998,638474,1148750
7,layer1.0.bn3,320988,False,4123158,1679676,580765,660676,1448604,305458,578091,240597,432572
7,layer1.0.downsample.0,867705,False,10993764,4481805,1550698,1765308,3873393,817362,1548021,644719,1159991
7,layer1.0.downsample.1,323870,False,4158738,1694204,585759,666346,1461007,308079,583051,242664,436294
7,layer1.0.add,456038,False,5823042,2372950,820736,933969,2048521,432085,818024,340565,612515
7,layer1.0.relu3,175261,False,2285640,930264,321316,365183,799968,168527,318654,132498,237967
7,layer1.1.conv1,810321,False,10273272,4187975,1449006,1649510,3619215,763707,1446328,602361,1083750
7,layer1.1.bn1,93198,False,1244466,505643,174335,197790,432485,90957,171666,71252,127734
7,layer1.1.relu1,31603,False,467406,188695,64642,72856,158269,33058,61964,25539,45468
7,layer1.1.conv2,1986142,False,25056726,10217256,3536077,4026410,8836821,1865198,3533399,1471971,2649051
7,layer1.1.bn2,79523,False,1074384,436178,150324,170445,372467,78285,147668,61253,109761
7,layer1.1.relu2,33101,False,487074,196697,67423,76031,165246,34518,64738,26699,47534
7,layer1.1.conv3,856301,False,10852896,4424336,1530832,1742695,3823784,806877,1528157,636457,1145129
7,layer1.1.bn3,324594,False,4166922,1697528,586944,667688,1464012,308718,584266,243170,437212
7,layer1.1.add,447047,False,5706108,2325289,804235,915176,2007275,423411,801571,333709,600183
7,layer1.1.relu3,173675,False,2265576,922071,318506,361987,792932,167043,315823,131317,235877
7,layer1.2.conv1,807414,False,10236036,4172747,1443748,1643504,3606019,760920,1441075,600174,1079820
7,layer1.2.bn1,92057,False,1230978,500003,172410,195607,427714,89945,169749,70454,126321
7,layer1.2.relu1,31326,False,463020,186919,64041,72175,156790,32750,61308,25265,44978
7,layer1.2.conv2,1974219,False,24960984,10178253,3522581,4011072,8803111,1858083,3519920,1466357,2633421
7,layer1.2.bn2,78996,False,1067148,433306,149293,169276,369915,77738,146623,60803,108949
7,layer1.2.relu2,32883,False,483306,195205,66887,75421,163903,34254,64211,26476,47155
7,layer1.2.conv3,853501,False,10815396,4409079,1525527,1736649,3810513,804095,1522878,634238,1141122
7,layer1.2.bn3,320117,False,4112022,1675152,579203,658891,1444680,304633,576531,239922,431366
7,layer1.2.add,451073,False,5756850,2345980,811386,923316,2025142,427181,808734,336697,605542
7,layer1.2.relu3,173572,False,2261676,920483,317946,361355,791570,166752,315279,131091,235463
7,layer2.0.conv1,1586690,False,20036694,8169908,2827376,3219307,7065038,1491161,2824677,1176671,2117512
7,layer2.0.bn1,175822,False,2289318,931769,321872,365807,801292,168805,319174,132715,238393
7,layer2.0.relu1,78075,False,1055634,428604,147701,167426,365845,76875,144983,60121,107720
7,layer2.0.conv2,2136241,False,26944464,10987189,3802591,4329964,9503117,2005862,3799916,1583024,2848933
7,layer2.0.bn2,44755,False,635160,257113,88308,99820,217460,45558,85654,35415,63215
7,layer2.0.relu2,18206,False,297030,119206,40606,45486,98191,20373,37911,15522,27445
7,layer2.0.conv3,848981,False,10756278,4384963,1517212,1727184,3789720,799696,1514554,630772,1134888
7,layer2.0.bn3,170249,False,2221380,904034,312272,354888,777355,163761,309613,128727,231215
7,layer2.0.downsample.0,2320248,False,29259498,11931367,4129412,4702152,10320122,2178345,4126735,1719184,3094040
7,layer2.0.downsample.1,173943,False,2266722,922449,318634,362127,793256,167119,315985,131379,235980
7,layer2.0.add,227609,False,2946972,1199972,414704,471535,1033223,217776,411953,171365,307934
7,layer2.0.relu3,86618,False,1161132,471517,162551,184370,403067,84739,159879,66322,118878
7,layer2.1.conv1,821903,False,10413618,4245216,1468825,1672078,3668753,774151,1466146,610620,1098616
7,layer2.1.bn1,49562,False,692694,280587,96461,109103,237848,49857,93790,38799,69341
7,layer2.1.relu1,17071,False,283296,113636,38678,43284,93362,19353,35989,14716,25996
7,layer2.1.conv2,1920505,False,24230214,9880204,3419395,3893523,8545106,1803617,3416720,1423343,2561520
7,layer2.1.bn2,42556,False,604548,244627,84013,94903,206655,43257,81295,33600,59976
7,layer2.1.relu2,18282,False,298602,119850,40792,45706,98667,20473,38120,15608,27598
7,layer2.1.conv3,847514,False,10738926,4377864,1514739,1724332,3783458,798381,1512042,629735,1133000
7,layer2.1.bn3,170618,False,2268738,923349,318961,362498,794057,167286,316298,131515,236233
7,layer2.1.add,226717,False,2934318,1194830,412895,469491,1028926,216869,410248,170661,306693
7,layer2.1.relu3,84048,False,1129176,458606,158080,179246,391811,82363,155391,64456,115526
7,layer2.2.conv1,816370,False,10344498,4217014,1459069,1660961,3644373,769017,1456391,606544,1091280
7,layer2.2.bn1,48756,False,682926,276601,95055,107507,234339,49116,92399,38224,68309
7,layer2.2.relu1,18120,False,296622,119061,40560,45399,97990,20337,37874,15498,27394
7,layer2.2.conv2,1916872,False,24185178,9861835,3413041,3886300,8529242,1800268,3410372,1420715,2556779
7,layer2.2.bn2,41990,False,597522,241747,82991,93768,204185,42757,80353,33201,59266
7,layer2.2.relu2,18150,False,296790,119118,40535,45405,97990,20335,37869,15491,27372
7,layer2.2.conv3,848218,False,10745016,4380375,1515619,1725369,3785700,798851,1512943,630121,1133709
7,layer2.2.bn3,168272,False,2198562,894743,309041,351210,769299,162046,306343,127367,228764
7,layer2.2.add,228847,False,2959320,1204954,416392,473470,1037676,218710,413733,172109,309291
7,layer2.2.relu3,84588,False,1179138,461043,158923,180239,394008,82813,156241,64822,116159
7,layer2.3.conv1,811010,False,10273908,4188232,1449076,1649584,3619389,763734,1446403,602384,1083796
7,layer2.3.bn1,48939,False,687066,278296,95662,108168,235785,49409,92949,38448,68701
7,layer2.3.relu1,17165,False,284940,114282,38856,43503,93842,19461,36211,14802,26121
7,layer2.3.conv2,1917612,False,24191316,9864263,3413890,3887281,8531424,1800720,3411237,1421069,2557430
7,layer2.3.bn2,42127,False,599418,242555,83301,94114,204933,42911,80638,33326,59493
7,layer2.3.relu2,17536,False,288216,115636,39335,44051,95042,19713,36672,15003,26494
7,layer2.3.conv3,845731,False,10712568,4367129,1511031,1720136,3774218,796426,1508349,628200,1130255
7,layer2.3.bn3,170314,False,2222418,904492,312410,355038,777695,163832,309758,128790,231325
7,layer2.3.add,225511,False,2921166,1189471,411081,467375,1024291,215887,408386,169887,305271
7,layer2.3.relu3,83383,False,1120074,454808,156779,177789,388567,81670,154086,63925,114571
7,layer3.0.conv1,1758832,False,22194828,9050097,3132031,3566281,7826675,1651939,3129294,1303592,2345963
7,layer3.0.bn1,84902,False,1141740,463737,159848,181289,396241,83298,157138,65201,116869
7,layer3.0.relu1,32296,False,473910,191326,65554,73870,160505,33527,62861,25902,46129
7,layer3.0.conv2,2195410,False,27690750,11291473,3907928,4449929,9766482,2061462,3905218,1626898,2927923
7,layer3.0.bn2,36521,False,528144,213486,73230,82607,179642,37571,70519,29093,51869
7,layer3.0.relu2,12035,False,219186,87487,29613,32964,70685,14569,26930,10940,19189
7,layer3.0.conv3,972913,False,12313716,5020158,1737080,1977587,4339342,915732,1734368,722377,1299773
7,layer3.0.bn3,91301,False,1223994,497279,171464,194526,425315,89437,168751,70033,125559
7,layer3.0.downsample.0,2217184,False,27965616,11403656,3946761,4494164,9863576,2081958,3944089,1643095,2957048
7,layer3.0.downsample.1,91097,False,1218462,495011,170668,193621,423248,89004,167976,69714,124959
7,layer3.0.add,107772,False,1433508,582730,201031,228202,499170,105028,198321,82357,147721
7,layer3.0.relu3,37580,False,589806,238625,81907,92531,201456,42180,79246,32735,53574
7,layer3.1.conv1,1026903,False,12992244,5296867,1832861,2086662,4578794,966277,1830133,762275,1371599
7,layer3.1.bn1,33076,False,485076,195870,67137,75663,164397,34353,64429,26564,47323
7,layer3.1.relu1,11665,False,215496,85926,29084,32356,69370,14292,26416,10726,18812
7,layer3.1.conv2,2035074,False,25675242,10469453,3623374,4125857,9055103,1911275,3620704,1508332,2714504
7,layer3.1.bn2,32942,False,483462,195241,66915,75450,163950,34259,64237,26487,47178
7,layer3.1.relu2,11915,False,218778,87314,29532,32849,70456,14524,26845,10909,19115
7,layer3.1.conv3,968064,False,12254574,4996031,1728729,1968075,4318503,911329,1726062,718920,1293559
7,layer3.1.bn3,92895,False,1243530,505235,174195,197638,432141,90882,171535,71143,127563
7,layer3.1.add,106170,False,1413768,574650,198259,225038,492319,103586,195608,81215,145695
7,layer3.1.relu3,37086,False,535680,216514,74262,83820,182349,38144,71607,29562,52716
7,layer3.2.conv1,1012843,False,12818916,5226101,1808365,2058760,4517578,953365,1805712,752106,1353299
7,layer3.2.bn1,32655,False,519414,209923,71972,81214,176578,33958,63658,26240,46710
7,layer3.2.relu1,10963,False,205752,81996,27710,30811,65990,13577,25065,10166,17805
7,layer3.2.conv2,2029556,False,25603890,10440357,3613296,4114395,9029964,1905967,3610629,1504144,2706941
7,layer3.2.bn2,33021,False,485358,196046,67170,75743,164600,34397,64511,26582,47344
7,layer3.2.relu2,11345,False,214932,85733,29003,32267,69153,14247,26333,10699,18763
7,layer3.2.conv3,972257,False,12310344,5018761,1736574,1977010,4338098,915465,1733899,722176,1299410
7,layer3.2.bn3,93535,False,1250244,507973,175174,198746,434609,91398,172508,71603,128392
7,layer3.2.add,94407,False,1263948,513354,176995,200825,439179,92362,174339,72356,129749
7,layer3.2.relu3,35965,False,522498,211171,72430,81725,177728,37156,69742,28784,51314
7,layer3.3.conv1,1007298,False,12749388,5197842,1798550,2047581,4492980,948151,1795831,747988,1345868
7,layer3.3.bn1,32717,False,479364,193560,66341,74805,162549,33949,63659,26248,46745
7,layer3.3.relu1,11659,False,213600,85209,28838,32072,68753,14165,26174,10627,18634
7,layer3.3.conv2,2039337,False,25730382,10492048,3631149,4134704,9074486,1915375,3628469,1511573,2720334
7,layer3.3.bn2,33252,False,487752,196919,67503,76117,165405,34561,64811,26717,47594
7,layer3.3.relu2,11704,False,215676,85992,29103,32376,69412,14279,26391,10718,18774
7,layer3.3.conv3,971984,False,12303426,5015942,1735614,1975906,4335671,914958,1732940,721784,1298709
7,layer3.3.bn3,94059,False,1255116,509955,175861,199529,436259,91750,173180,71883,128864
7,layer3.3.add,105283,False,1399536,568839,196229,222730,487262,102513,193530,80363,144160
7,layer3.3.relu3,35700,False,519228,209845,71968,81179,176559,36916,69284,28593,50946
7,layer3.4.conv1,1023209,False,12948942,5279212,1826732,2079668,4563466,963010,1823988,759719,1366941
7,layer3.4.bn1,32093,False,475776,192136,65853,74240,161143,33662,63121,26027,46310
7,layer3.4.relu1,10975,False,206952,82497,27898,31008,66331,13642,25181,10210,17862
7,layer3.4.conv2,2032337,False,25642782,10456285,3618778,4120626,9043619,1908858,3616113,1506438,2711091
7,layer3.4.bn2,32719,False,481854,194556,66672,75159,163304,34118,63969,26373,46966
7,layer3.4.relu2,11936,False,257346,103051,34990,39089,84062,17389,32283,13170,23203
7,layer3.4.conv3,968487,False,12261996,4999067,1729790,1969239,4321014,911868,1727065,719324,1294265
7,layer3.4.bn3,92506,False,1236432,502330,173214,196516,429715,90355,170524,70778,126896
7,layer3.4.add,94735,False,1268526,515451,177760,201693,441084,92767,175090,72676,130319
7,layer3.4.relu3,35039,False,511296,206605,70858,79943,173840,36334,68182,28134,50139
7,layer3.5.conv1,1008614,False,12764988,5204192,1800753,2050099,4498550,949339,1798070,748903,1347520
7,layer3.5.bn1,32664,False,479244,193550,66332,74759,162458,33947,63643,26227,46714
7,layer3.5.relu1,10873,False,204288,81407,27516,30582,65389,13458,24835,10072,17635
7,layer3.5.conv2,2034307,False,25664754,10465281,3621937,4124232,9051527,1910527,3619277,1507756,2713462
7,layer3.5.bn2,32876,False,480936,194230,66554,75043,163059,34073,63880,26342,46909
7,layer3.5.relu2,11409,False,211986,84524,28545,31755,68063,14011,25889,10501,18403
7,layer3.5.conv3,968984,False,12265938,5000653,1730302,1969872,4322467,912174,1727673,719583,1294744
7,layer3.5.bn3,93116,False,1244886,505807,174408,197879,432690,90972,171703,71269,127772
7,layer3.5.add,105321,False,1402758,570184,196696,223258,488383,102755,193996,80556,144501
7,layer3.5.relu3,36150,False,525798,212542,72899,82240,178841,37398,70183,28965,51632
7,layer4.0.conv1,1980236,False,24982278,10186927,3525573,4014474,8810577,1859643,3522874,1467589,2641147
7,layer4.0.bn1,50297,False,705480,285562,98167,111004,242013,50743,95476,39493,70551
7,layer4.0.relu1,17891,False,294450,118077,40212,45028,97162,20158,37524,15361,27157
7,layer4.0.conv2,3413303,False,43003176,17536639,6069702,6911969,15170930,3202395,6067027,2527642,4549245
7,layer4.0.bn2,30696,False,453636,183074,62684,70612,153288,32011,59995,24721,43998
7,layer4.0.relu2,9236,False,184662,73387,24710,27372,58384,11976,22019,8885,15482
7,layer4.0.conv3,1253140,False,15840834,6458653,2234991,2544652,5584146,1178525,2232327,929842,1673223
7,layer4.0.bn3,57980,False,798432,323719,111355,126065,275059,57716,108692,44998,80500
7,layer4.0.downsample.0,2888452,False,36404982,14845602,5138191,5851037,12842051,2710745,5135473,2139490,3850589
7,layer4.0.downsample.1,56825,False,782850,317359,109188,123598,269649,56577,106534,44115,78902
7,layer4.0.add,35991,False,524406,211974,72709,82050,178403,37312,70026,28903,51526
7,layer4.0.relu3,17972,False,293466,117735,40089,44902,96868,20101,37427,15320,27077
7,layer4.1.conv1,1213181,False,15337896,6253533,2164022,2463798,5406673,1141059,2161344,900270,1619991
7,layer4.1.bn1,29976,False,443850,179100,61335,69090,150012,31322,58676,24169,43009
7,layer4.1.relu1,8327,False,173832,68987,23222,25658,54680,11192,20544,8283,14407
7,layer4.1.conv2,3162747,False,39855192,16252702,5625224,6405745,14059709,2967815,5622558,2342422,4215864
7,layer4.1.bn2,29328,False,436518,176120,60286,67903,147374,30763,57594,23722,42204
7,layer4.1.relu2,8105,False,170100,67473,22685,25086,53401,10909,20001,8047,13995
7,layer4.1.conv3,1243825,False,15725022,6411429,2218644,2526036,5543304,1169896,2215971,923045,1660960
7,layer4.1.bn3,58693,False,806130,326852,112470,127321,277846,58305,109807,45473,81360
7,layer4.1.add,38016,False,548442,221758,76065,85862,186817,39078,73376,30295,54034
7,layer4.1.relu3,17496,False,288120,115563,39295,43979,94898,19684,36615,14979,26468
7,layer4.2.conv1,1213861,False,15345618,6256699,2165119,2465037,5409367,1141623,2162401,900722,1620802
7,layer4.2.bn1,29538,False,441240,178048,60940,68656,149061,31119,58296,24014,42720
7,layer4.2.relu1,7870,False,166956,66144,22218,24496,52086,10647,19503,7845,13625
7,layer4.2.conv2,3162110,False,39842940,16247673,5623538,6403832,14055541,2966929,5620881,2341760,4214656
7,layer4.2.bn2,30208,False,448518,180997,61993,69826,151518,31626,59262,24415,43441
7,layer4.2.relu2,8288,False,171678,68011,22876,25290,53826,11014,20211,8146,14159
7,layer4.2.conv3,1242202,False,15704112,6402889,2215691,2522661,5535900,1168338,2213032,921813,1658750
7,layer4.2.bn3,59797,False,823104,333720,114860,130051,283794,59545,112157,46455,83089
7,layer4.2.add,35987,False,520578,210373,72163,81412,177022,36999,69443,28658,51068
7,layer4.2.relu3,17049,False,282594,113325,38556,43155,93081,19299,35903,14684,25935
7,avgpool,83069,False,1114530,452557,155996,176893,386640,81269,153318,63606,113994
7,flatten,8483,False,174750,69318,23330,25822,55031,11263,20639,8326,14475
7,fc,501254,False,6391446,2604794,900965,1025333,2249070,474444,898288,374012,672723
8,conv1,2173084,False,27414156,11178737,3868864,4405449,9668846,2040852,3866217,1610649,2898669
8,bn1,328625,False,4225008,1721208,595139,677026,1484405,313025,592428,246553,443302
8,relu,175639,False,2289792,931968,321932,365881,801496,168840,319247,132744,238436
8,maxpool,10204525,False,128369118,52352530,73549068,20637444,6791,9562975,73546367,7549156,13587978
8,layer1.0.conv1,250316,False,2968416,1208631,429308,474957,1029265,219378,426527,172640,310230
8,layer1.0.bn1,90143,False,1207740,490557,173840,191851,414769,88190,171043,69062,123816
8,layer1.0.relu1,34360,False,501816,202751,71443,78397,168516,35625,68648,27556,49099
8,layer1.0.conv2,1997544,False,25204284,10277470,3655730,4050181,8790214,1876200,3652970,1480653,2664678
8,layer1.0.bn2,83241,False,1123074,456102,161559,178239,384933,81823,158656,64041,114703
8,layer1.0.relu2,33151,False,484698,195637,68922,75596,162466,34334,66178,26553,47296
8,layer1.0.conv3,854907,False,10882890,4436571,1577710,1747522,3791698,809109,1574952,638217,1143359
8,layer1.0.bn3,325899,False,4182408,1703839,605482,670189,1453089,309859,602723,244070,438832
8,layer1.0.downsample.0,868530,False,11003328,4485676,1595167,1766868,3833732,818089,1592441,645308,1161062
8,layer1.0.downsample.1,323238,False,4151430,1691195,600987,665169,1442273,307547,598232,242253,435560
8,layer1.0.add,465064,False,5935584,2418852,859860,952010,2064877,440468,857074,347174,624414
8,layer1.0.relu3,174356,False,2273520,925321,328499,363262,786850,167610,325714,131771,236693
8,layer1.1.conv1,808295,False,10248486,4177834,1485649,1645489,3570276,761842,1482903,600894,1081114
8,layer1.1.bn1,93410,False,1248192,507156,179729,198410,429055,91247,177006,71482,128172
8,layer1.1.relu1,32536,False,476742,192528,67805,74386,159821,33772,65055,26097,46471
8,layer1.1.conv2,1981739,False,25005144,10196256,3626798,4018138,8720639,1861357,3624053,1468933,2643577
8,layer1.1.bn2,80553,False,1089126,442286,156655,172835,373448,79365,153868,62097,111252
8,layer1.1.relu2,33259,False,489006,197529,69581,76359,164036,34669,66801,26808,47747
8,layer1.1.conv3,852262,False,10800570,4403030,1565781,1734299,3762979,802983,1563023,633382,1139582
8,layer1.1.bn3,321233,False,4124496,1680219,597073,660853,1432844,305519,594272,240646,432664
8,layer1.1.add,450842,False,5755470,2345413,833713,923075,2002115,427070,830990,336608,605388
8,layer1.1.relu3,173639,False,2265360,921956,327276,361904,783946,167007,324530,131286,235809
8,layer1.2.conv1,813866,False,10318788,4206487,1495822,1656778,3594787,767078,1493106,605037,1088560
8,layer1.2.bn1,93889,False,1252536,508929,180385,199126,430584,91557,177602,71725,128613
8,layer1.2.relu1,31262,False,461676,186368,65589,71923,154490,32634,62872,25213,44859
8,layer1.2.conv2,1972088,False,24880860,10145553,3608793,3998169,8677329,1852113,3606032,1461628,2630435
8,layer1.2.bn2,78690,False,1064424,432183,153035,168818,364757,77513,150264,60630,108618
8,layer1.2.relu2,32682,False,479844,193758,68251,74872,160838,33986,65488,26274,46782
8,layer1.2.conv3,847877,False,10786986,4380384,1557726,1725369,3743679,798858,1554989,630119,1133719
8,layer1.2.bn3,324037,False,4161564,1695342,602433,666819,1445859,308311,599702,242832,436602
8,layer1.2.add,450450,False,5748726,2342682,832769,922011,1999778,426571,829997,336207,604663
8,layer1.2.relu3,175522,False,2289054,931564,330732,365725,792240,168763,327941,132643,238259
8,layer2.0.conv1,1619725,False,20128638,8207423,2919271,3234113,7018723,1498029,2916510,1182095,2127271
8,layer2.0.bn1,171983,False,2244828,913621,324339,358648,776870,165487,321569,130090,233671
8,layer2.0.relu1,82578,False,1110786,451113,159776,176305,381065,80996,157048,63378,113583
8,layer2.0.conv2,2139077,False,26979174,11001353,3913265,4335567,9409678,2008452,3910480,1585056,2852607
8,layer2.0.bn2,44766,False,634008,256633,90612,99643,214677,45472,87870,35345,63110
8,layer2.0.relu2,17634,False,289722,116228,40668,44309,94534,19834,37927,15100,26678
8,layer2.0.conv3,848907,False,10755474,4384650,1559235,1727058,3747328,799639,1556501,630736,1134822
8,layer2.0.bn3,169305,False,2209578,899208,319216,352968,764456,162842,316437,128011,229911
8,layer2.0.downsample.0,2302648,False,29041002,11842238,4212387,4667000,10129155,2162051,4209612,1706323,3070832
8,layer2.0.downsample.1,177438,False,2312154,941026,334096,369435,800261,170496,331326,134047,240794
8,layer2.0.add,226909,False,2936772,1195804,424748,469912,1018426,217060,422009,170811,306959
8,layer2.0.relu3,86784,False,1164390,472953,167576,184927,399767,84976,164802,66536,119261
8,layer2.1.conv1,822442,False,10422108,4248664,1510829,1673403,3630840,774775,1508079,611105,1099471
8,layer2.1.bn1,49833,False,698376,282897,99927,109971,237081,50261,97195,39114,69911
8,layer2.1.relu1,17342,False,287412,115313,40341,43937,93691,19651,37543,14946,26399
8,layer2.1.conv2,1917406,False,24188898,9863341,3508344,3886865,8435703,1800532,3505622,1420924,2557169
8,layer2.1.bn2,45620,False,645492,261331,92258,101463,218573,46312,89503,35999,64299
8,layer2.1.relu2,17533,False,288936,115915,40513,44137,94154,19739,37760,15032,26535
8,layer2.1.conv3,846938,False,10730976,4374632,1555671,1723069,3738610,797778,1552860,629262,1132170
8,layer2.1.bn3,170582,False,2230776,907893,322292,356379,771933,164445,319545,129265,232180
8,layer2.1.add,229471,False,2969124,1209038,429448,475126,1029728,219481,426722,172723,310404
8,layer2.1.relu3,83794,False,1124694,456788,161831,178567,385929,82036,159045,64198,115059
8,layer2.2.conv1,816855,False,10349160,4218891,1500265,1661696,3605455,769349,1497526,606830,1091791
8,layer2.2.bn1,46814,False,659238,266953,94282,103705,223459,47344,91501,36820,65772
8,layer2.2.relu1,17104,False,283512,113663,39754,43296,92296,19353,36935,14697,25954
8,layer2.2.conv2,1921882,False,24247614,9887290,3516917,3896367,8456299,1804925,3514162,1424385,2563392
8,layer2.2.bn2,43045,False,610422,247023,87169,95840,206411,43714,84440,33957,60624
8,layer2.2.relu2,17843,False,293724,117892,41259,44966,95971,20123,38489,15315,27050
8,layer2.2.conv3,848238,False,10744626,4380216,1557616,1725243,3743361,798792,1554850,630067,1133622
8,layer2.2.bn3,169514,False,2211804,900117,319538,353314,765287,163023,316778,128150,230176
8,layer2.2.add,228384,False,2954958,1203231,427384,472823,1024729,218406,424628,171874,308868
8,layer2.2.relu3,84689,False,1137774,462114,163688,180625,390394,82986,160924,64966,116415
8,layer2.3.conv1,815675,False,10332666,4212198,1497884,1659037,3599687,768124,1495142,605863,1090052
8,layer2.3.bn1,48222,False,678426,274785,97082,106828,230223,48796,94334,37969,67852
8,layer2.3.relu1,17349,False,287244,115227,40317,43927,93594,19633,37554,14950,26415
8,layer2.3.conv2,1915592,False,24168240,9854915,3505359,3883552,8428512,1798996,3502625,1419706,2554971
8,layer2.3.bn2,45135,False,637806,258192,91170,100279,216049,45770,88441,35580,63549
8,layer2.3.relu2,18120,False,297462,119319,41774,45533,97176,20388,39025,15532,27465
8,layer2.3.conv3,842819,False,10679622,4353699,1548205,1714826,3720790,793977,1545481,626270,1126759
8,layer2.3.bn3,170147,False,2267358,922803,327624,362271,784758,167181,324876,128678,231117
8,layer2.3.add,226212,False,2929338,1192802,423666,468707,1015758,216484,420860,170344,306115
8,layer2.3.relu3,82984,False,1113702,452293,160199,176762,382064,81205,157456,63560,113910
8,layer3.0.conv1,1740991,False,21971964,8959198,3186724,3530480,7661972,1635352,3183934,1290507,2322419
8,layer3.0.bn1,85082,False,1141926,463811,164322,181321,391961,83322,161577,65227,116903
8,layer3.0.relu1,32130,False,471846,190533,67071,73563,158060,33395,64354,25812,45933
8,layer3.0.conv2,2194282,False,27675696,11285439,4014284,4447507,9652704,2060341,4011549,1626030,2926334
8,layer3.0.bn2,35971,False,520110,210192,74098,81357,174957,36993,71357,28654,51085
8,layer3.0.relu2,15077,False,257256,102906,35930,39064,83164,17405,33212,13185,23230
8,layer3.0.conv3,969628,False,12274500,5004130,1779630,1971257,4277407,912802,1776879,720083,1295649
8,layer3.0.bn3,91525,False,1223580,496986,176129,194414,420390,89400,173405,70022,125537
8,layer3.0.downsample.0,2221462,False,28023618,11427332,4064817,4503493,9774250,2086282,4062024,1646487,2963174
8,layer3.0.downsample.1,91983,False,1228920,499291,176906,195281,422240,89786,174163,70332,126074
8,layer3.0.add,107977,False,1439148,585028,207440,229101,495654,105457,204600,82665,148289
8,layer3.0.relu3,37170,False,535968,216685,76398,83878,180354,38154,73621,29573,52728
8,layer3.1.conv1,1021613,False,12927564,5270519,1874407,2076300,4505435,961485,1871678,758515,1364820
8,layer3.1.bn1,32377,False,478146,193100,68006,74605,160231,33856,65253,26171,46612
8,layer3.1.relu1,11122,False,208662,83170,28910,31284,66247,13786,26148,10326,18091
8,layer3.1.conv2,2030335,False,25617204,10445885,3715654,4116583,8934364,1906983,3712914,1504949,2708406
8,layer3.1.bn2,32539,False,478614,193258,68063,74664,160429,33900,65327,26205,46668
8,layer3.1.relu2,12000,False,220302,87881,30584,33131,70241,14639,27828,10998,19297
8,layer3.1.conv3,968657,False,12260382,4998392,1777559,1968968,4272452,911750,1774832,719236,1294126
8,layer3.1.bn3,94521,False,1261548,512604,181677,200519,433629,92222,178897,72237,129525
8,layer3.1.add,105466,False,1403298,570341,202227,223328,483040,102763,199424,80568,144525
8,layer3.1.relu3,36646,False,529608,214088,75483,82859,178213,37697,72707,29185,52033
8,layer3.2.conv1,1006787,False,12739962,5193975,1847154,2046070,4439833,947474,1844402,747454,1344925
8,layer3.2.bn1,32006,False,471102,190222,66946,73433,157773,33325,64197,25737,45821
8,layer3.2.relu1,10705,False,204096,81340,28259,30540,64631,13441,25460,10044,17574
8,layer3.2.conv2,2037297,False,25707630,10482767,3728766,4131126,8965923,1913719,3726028,1510277,2718005
8,layer3.2.bn2,32628,False,516426,208692,73563,80759,173672,36708,70801,26199,46666
8,layer3.2.relu2,11485,False,214140,85422,29699,32136,68101,14181,26935,10642,18652
8,layer3.2.conv3,967650,False,12247968,4993333,1775776,1966952,4268074,910810,1772990,718499,1292773
8,layer3.2.bn3,92401,False,1237014,502577,178121,196627,425185,90407,175346,70808,126959
8,layer3.2.add,94332,False,1265676,514227,182256,201165,435034,92523,179479,72486,129971
8,layer3.2.relu3,35421,False,514950,208112,73364,80531,173171,36590,70578,28334,50509
8,layer3.3.conv1,1018360,False,12885894,5253500,1868347,2069563,4490756,958345,1865561,756030,1360335
8,layer3.3.bn1,31422,False,465468,187927,66173,72583,155922,32908,63405,25424,45273
8,layer3.3.relu1,11107,False,207546,82743,28756,31113,65906,13719,26025,10273,17992
8,layer3.3.conv2,2035222,False,25676460,10470057,3724239,4126074,8954973,1911390,3721484,1508436,2714658
8,layer3.3.bn2,32691,False,480918,194221,68416,75003,161153,34053,65630,26327,46893
8,layer3.3.relu2,11400,False,211890,84507,29350,31776,67337,14026,26634,10508,18419
8,layer3.3.conv3,965216,False,12219900,4981886,1771711,1962471,4258363,908738,1768928,716855,1289844
8,layer3.3.bn3,97604,False,1299996,528269,187258,206745,447122,95101,184518,74521,133620
8,layer3.3.add,105774,False,1410762,573427,203313,224498,485682,103331,200546,81014,145324
8,layer3.3.relu3,36803,False,531552,214862,75752,83145,178781,37813,72957,29298,52239
8,layer3.4.conv1,1014445,False,12834438,5232519,1860891,2061285,4472828,954522,1858132,753010,1354918
8,layer3.4.bn1,32430,False,478422,193223,68062,74628,160281,33871,65274,26173,46611
8,layer3.4.relu1,11037,False,207774,82828,28793,31147,65963,13732,26059,10269,17974
8,layer3.4.conv2,2037320,False,25708806,10483249,3728907,4131269,8966245,1913792,3726165,1510320,2718082
8,layer3.4.bn2,32716,False,479520,193660,68211,74825,160791,33971,65462,26262,46774
8,layer3.4.relu2,11422,False,213054,84986,29508,31949,67730,14102,26762,10569,18515
8,layer3.4.conv3,966009,False,12229380,4985738,1773097,1963980,4261598,909423,1770278,717394,1290787
8,layer3.4.bn3,92450,False,1238910,503277,178368,196878,425644,90513,175575,70902,127093
8,layer3.4.add,97584,False,1303248,529610,187709,207248,448252,95346,184981,74714,133977
8,layer3.4.relu3,36125,False,522294,211049,74390,81676,175652,37148,71637,28762,51278
8,layer3.5.conv1,1006957,False,12742440,5195006,1847495,2046455,4440644,947655,1844753,747592,1345163
8,layer3.5.bn1,32117,False,473214,191067,67260,73781,158489,33486,64522,25883,46086
8,layer3.5.relu1,10482,False,200136,79716,27676,29918,63301,13162,24945,9838,17211
8,layer3.5.conv2,2031795,False,25631286,10451645,3717691,4118844,8939269,1908025,3714946,1505785,2709920
8,layer3.5.bn2,33079,False,485196,195958,69030,75725,162744,34385,66282,26594,47374
8,layer3.5.relu2,11553,False,212976,84952,29538,31978,67780,14123,26812,10596,18580
8,layer3.5.conv3,970079,False,12278448,5005765,1780184,1971870,4278760,913083,1777425,720290,1296023
8,layer3.5.bn3,93909,False,1252812,508954,180393,199137,430618,91573,177613,71723,128596
8,layer3.5.add,105399,False,1405992,571457,202629,223779,484087,102993,199881,80761,144876
8,layer3.5.relu3,35545,False,515802,208332,73436,80625,173383,36668,70715,28392,50608
8,layer4.0.conv1,1958690,False,24713190,10077162,3584458,3971216,8618804,1839610,3581715,1451767,2612675
8,layer4.0.bn1,50447,False,704922,285584,100869,111027,239292,50729,98109,39494,70585
8,layer4.0.relu1,17693,False,291612,116989,40943,44583,95142,19957,38178,15203,26844
8,layer4.0.conv2,3415641,False,43032582,17548632,6242529,6916636,15012505,3204568,6239794,2529371,4552344
8,layer4.0.bn2,31013,False,459162,185355,65252,71557,153702,32465,62540,25081,44648
8,layer4.0.relu2,8826,False,178278,70774,24479,26379,55635,11529,21728,8534,14862
8,layer4.0.conv3,1260769,False,15935292,6497161,2310808,2559874,5555156,1185581,2308084,935427,1683270
8,layer4.0.bn3,58902,False,811488,329034,116377,128206,276645,58704,113641,45795,81930
8,layer4.0.downsample.0,2886333,False,36376926,14834169,5276860,5846550,12689627,2708673,5274089,2137858,3847641
8,layer4.0.downsample.1,56643,False,781938,316995,112096,123465,266357,56509,109339,44036,78767
8,layer4.0.add,36407,False,527424,213163,75148,82523,177481,37523,72388,29066,51820
8,layer4.0.relu3,17311,False,285648,114591,40065,43653,93127,19515,37324,14860,26255
8,layer4.1.conv1,1209924,False,15298872,6237570,2218445,2457503,5332937,1138125,2215672,897965,1615835
8,layer4.1.bn1,30114,False,448320,180892,63677,69810,149916,31652,60948,24428,43472
8,layer4.1.relu1,8935,False,181548,72130,24946,26895,56749,11765,22228,8722,15196
8,layer4.1.conv2,3160067,False,39820950,16238792,5776573,6400272,13891614,2965271,5773780,2340430,4212274
8,layer4.1.bn2,29378,False,439026,177030,62294,68273,146567,30935,59562,23854,42437
8,layer4.1.relu2,8760,False,179550,71312,24683,26594,56009,11601,21914,8607,14974
8,layer4.1.conv3,1240671,False,15684768,6395009,2274437,2519566,5467664,1166906,2271701,920685,1656711
8,layer4.1.bn3,58552,False,806238,326903,115603,127331,274761,58308,112863,45472,81353
8,layer4.1.add,38990,False,561228,226975,80025,87901,189149,40027,77262,31048,55364
8,layer4.1.relu3,17063,False,283464,113714,39781,43325,92424,19383,37064,14753,26055
8,layer4.2.conv1,1207770,False,15272256,6226754,2214605,2453228,5323672,1136159,2211847,896420,1613052
8,layer4.2.bn1,32910,False,483870,195400,68802,75484,162234,34282,66085,26510,47221
8,layer4.2.relu1,7701,False,165408,65525,22582,24257,51011,10545,19837,7765,13440
8,layer4.2.conv2,3153672,False,39739542,16205586,5764732,6387194,13863247,2959222,5762013,2335675,4203717
8,layer4.2.bn2,30563,False,452718,182736,64305,70508,151406,31973,61587,24694,43957
8,layer4.2.relu2,8677,False,178944,71067,24571,26479,55852,11574,21852,8583,14924
8,layer4.2.conv3,1240192,False,15679206,6392721,2273637,2518667,5465714,1166487,2270889,920357,1656138
8,layer4.2.bn3,60519,False,831168,337077,119238,131374,283487,60167,116405,46916,83951
8,layer4.2.add,36728,False,532830,215314,75924,83376,179305,37932,73175,29386,52404
8,layer4.2.relu3,17088,False,285102,114363,39987,43551,92866,19471,37231,14820,26182
8,avgpool,80223,False,1124220,456552,161752,178488,385795,82006,152818,61679,110531
8,flatten,9188,False,185718,73828,25591,27568,58217,12074,22819,8966,15647
8,fc,501340,False,6391494,2604808,925997,1025347,2224108,474462,923258,374016,672728
9,conv1,2173374,False,27415008,11179099,3976502,4405648,9561842,2040945,3973790,1610722,2898806
9,bn1,329208,False,4229322,1722977,612291,677740,1469480,313359,609554,246838,443785
9,relu,175915,False,2293902,933626,331472,366520,793995,169157,328717,132975,238849
9,maxpool,10193846,False,128233788,52297365,18605113,20615688,6717,9552907,18602334,7541197,13573643
9,layer1.0.conv1,270997,False,3029184,1233229,438011,484582,1038456,223861,435260,176167,316597
9,layer1.0.bn1,88667,False,1189122,483047,171157,188908,403854,86846,168437,68007,121920
9,layer1.0.relu1,34651,False,506544,204554,72085,79113,168173,35956,69325,27788,49518
9,layer1.0.conv2,1990366,False,25112616,10240102,3642428,4035417,8659749,1869368,3639652,1475259,2654929
9,layer1.0.bn2,82092,False,1108992,450369,159549,176038,376174,80869,156803,63297,113441
9,layer1.0.relu2,32309,False,477072,192608,67836,74399,158017,33768,65067,26099,46480
9,layer1.0.conv3,856725,False,10858386,4426588,1574133,1743546,3740619,807284,1571386,636772,1145686
9,layer1.0.bn3,321433,False,4127436,1681408,597511,661347,1417870,305763,594753,240831,432999
9,layer1.0.downsample.0,861342,False,10963182,4469348,1589370,1753431,3761818,811834,1580259,640368,1152165
9,layer1.0.downsample.1,335480,False,4304538,1753663,623185,689806,1478944,318969,620471,251267,451786
9,layer1.0.add,453297,False,5788050,2358706,838465,928356,1990920,429501,835657,338490,608785
9,layer1.0.relu3,179355,False,2336052,950829,337584,373324,799661,172307,334863,135483,243374
9,layer1.1.conv1,804784,False,10204092,4159750,1479232,1638403,3514910,758545,1476485,598294,1076436
9,layer1.1.bn1,96964,False,1294038,525849,186401,205808,440027,94656,183653,74178,133001
9,layer1.1.relu1,31862,False,467700,188817,66461,72879,154788,33070,63722,25555,45499
9,layer1.1.conv2,1982654,False,25014216,10199953,3628133,4019596,8625803,1862033,3625348,1469460,2644519
9,layer1.1.bn2,79579,False,1075350,436611,154618,170565,364449,78336,151851,61282,109783
9,layer1.1.relu2,33502,False,490044,197950,69732,76463,162502,34736,66959,26870,47862
9,layer1.1.conv3,852152,False,10798626,4402234,1565495,1733987,3720122,802855,1562770,633276,1139404
9,layer1.1.bn3,322838,False,4144812,1688507,600004,664114,1423805,307065,597272,241849,434833
9,layer1.1.add,450396,False,5751720,2343884,833194,922500,1978389,426799,830442,336382,604993
9,layer1.1.relu3,174031,False,2270574,924127,328096,362814,777026,167407,325325,131608,236398
9,layer1.2.conv1,809067,False,10255182,4180592,1486643,1646602,3532548,762351,1483898,601298,1081832
9,layer1.2.bn1,92184,False,1232484,500749,177467,195886,418822,90056,174690,70542,126472
9,layer1.2.relu1,30978,False,458118,184937,65079,71354,151533,32368,62350,24987,44482
9,layer1.2.conv2,1979816,False,24981762,10186714,3623429,4014403,8614666,1859626,3620685,1467567,2641127
9,layer1.2.bn2,79944,False,1080030,438521,155331,171365,366182,78713,152608,61594,110378
9,layer1.2.relu2,32150,False,472530,190778,67195,73702,156549,33452,64463,25857,46050
9,layer1.2.conv3,853237,False,10813374,4408259,1567633,1736347,3725143,803941,1564878,634138,1140947
9,layer1.2.bn3,320098,False,4109058,1673874,594826,658381,1411458,304396,592092,239758,431067
9,layer1.2.add,449800,False,5745174,2341192,832208,921425,1976072,426303,829485,336002,604287
9,layer1.2.relu3,174581,False,2275974,926320,328871,363674,778953,167833,326148,131949,237005
9,layer2.0.conv1,1593011,False,20115078,8201866,2917257,3231884,6935114,1496999,2914529,1181279,2125802
9,layer2.0.bn1,172246,False,2249898,915683,325037,359400,769781,165848,322270,130359,234133
9,layer2.0.relu1,78290,False,1056804,429053,151961,167640,358202,76990,149250,60230,107918
9,layer2.0.conv2,2135086,False,26928480,10980661,3905899,4327411,9286482,2004687,3903192,1582099,2847284
9,layer2.0.bn2,48482,False,678306,274702,97016,106728,227426,48754,94258,37934,67778
9,layer2.0.relu2,17160,False,283590,113737,39786,43334,91402,19384,37071,14747,26052
9,layer2.0.conv3,843942,False,10695180,4359932,1550441,1717300,3684300,795117,1547696,627147,1128369
9,layer2.0.bn3,170334,False,2266584,922463,327489,355391,761167,163993,318675,128914,231551
9,layer2.0.downsample.0,2304538,False,29063472,11851429,4215694,4670692,10023280,2163753,4212948,1707675,3073321
9,layer2.0.downsample.1,173720,False,2264568,921658,327200,361820,774921,166946,324426,131247,235750
9,layer2.0.add,236728,False,3058074,1245269,442337,489365,1048712,226072,439567,177928,319736
9,layer2.0.relu3,86299,False,1158420,470545,166713,183937,393180,84537,163947,66191,118625
9,layer2.1.conv1,820117,False,10391340,4236114,1506370,1668461,3579459,772484,1503603,609289,1096225
9,layer2.1.bn1,50357,False,704022,285200,100781,110918,236432,50681,97999,39454,70460
9,layer2.1.relu1,17421,False,287886,115445,40386,44006,92839,19683,37644,14986,26462
9,layer2.1.conv2,1919205,False,24211674,9872620,3511691,3890552,8348757,1802223,3508900,1422249,2559536
9,layer2.1.bn2,41924,False,596478,241366,85157,93603,199273,42676,82424,33140,59131
9,layer2.1.relu2,17182,False,284916,114194,39925,43492,91733,19459,37218,14807,26156
9,layer2.1.conv3,848613,False,10753638,4383764,1558935,1726723,3704488,799489,1556203,630617,1134604
9,layer2.1.bn3,170601,False,2226060,905967,321629,355647,761637,164094,318874,128989,231661
9,layer2.1.add,226581,False,2933016,1194292,424160,469240,1005503,216745,421405,170541,306480
9,layer2.1.relu3,83592,False,1121190,455341,161307,177953,380346,81770,158550,63998,114699
9,layer2.2.conv1,813184,False,10304304,4200636,1493774,1654509,3549462,766011,1490990,604175,1087019
9,layer2.2.bn1,47323,False,664572,269133,95061,104581,222856,47766,92333,37156,66379
9,layer2.2.relu1,17880,False,292782,117508,41129,44828,94599,20073,38383,15285,27014
9,layer2.2.conv2,1917716,False,24193986,9865423,3509124,3887728,8342758,1800929,3506359,1421223,2557708
9,layer2.2.bn2,42680,False,606312,245327,86552,95142,202585,43391,83823,33695,60154
9,layer2.2.relu2,17370,False,286896,115080,40232,43836,92458,19618,37517,14932,26352
9,layer2.2.conv3,841466,False,10663848,4347266,1545944,1712319,3673536,792780,1543140,625321,1125080
9,layer2.2.bn3,169275,False,2252838,916879,325476,359907,770862,166082,322743,130564,230345
9,layer2.2.add,227907,False,2951136,1201587,426811,472196,1011853,218119,424052,171626,308429
9,layer2.2.relu3,84659,False,1138536,462428,163838,180793,386416,83083,161108,65040,116576
9,layer2.3.conv1,819212,False,10379754,4231369,1504710,1666587,3575440,771621,1501945,608622,1095013
9,layer2.3.bn1,47760,False,673074,272602,96308,105963,225802,48399,93562,37654,67272
9,layer2.3.relu1,17349,False,286038,114659,40114,43699,92166,19550,37388,14873,26266
9,layer2.3.conv2,1915924,False,24171564,9856280,3505867,3884119,8335014,1799249,3503117,1419899,2555328
9,layer2.3.bn2,43057,False,611808,247618,87413,96070,204576,43817,84645,34039,60739
9,layer2.3.relu2,18641,False,303402,121822,42657,46477,98132,20822,39845,15873,28039
9,layer2.3.conv3,847885,False,10743426,4379685,1557473,1725089,3700992,798729,1554708,630012,1133524
9,layer2.3.bn3,170491,False,2226288,906075,321677,355692,761821,164128,318927,129020,231734
9,layer2.3.add,229327,False,2968098,1208573,429260,474913,1017696,219375,426503,172632,310240
9,layer2.3.relu3,83508,False,1121376,455405,161335,177990,380425,81788,158593,64017,114732
9,layer3.0.conv1,1734891,False,21895194,8927898,3175596,3518115,7549464,1629650,3172847,1286001,2314298
9,layer3.0.bn1,85736,False,1151268,467628,165653,182809,390747,84018,162943,65783,117917
9,layer3.0.relu1,32534,False,477384,192781,67900,74475,158224,33795,65130,26120,46520
9,layer3.0.conv2,2194135,False,27675282,11285172,4014232,4447453,9544120,2060315,4011509,1625997,2926298
9,layer3.0.bn2,36264,False,524070,211786,74650,81920,174201,37261,71883,28858,51450
9,layer3.0.relu2,11467,False,212694,84832,29469,31904,66863,14082,26743,10567,18507
9,layer3.0.conv3,970514,False,12283188,5007710,1780899,1972639,4232338,913447,1778139,720579,1296542
9,layer3.0.bn3,92445,False,1236024,502190,177983,196480,420019,90337,175232,70765,126887
9,layer3.0.downsample.0,2227285,False,28090296,11454497,4074474,4514182,9687361,2091236,4071696,1650411,2970244
9,layer3.0.downsample.1,91604,False,1225122,497741,176394,194677,416229,89521,173652,70124,125700
9,layer3.0.add,107997,False,1436460,583935,207061,228687,489187,105249,204262,82530,148059
9,layer3.0.relu3,38371,False,551316,222929,78623,86350,183724,39317,75850,30473,54355
9,layer3.1.conv1,1014736,False,12841572,5235411,1861913,2062451,4425100,955049,1859142,753424,1355669
9,layer3.1.bn1,33195,False,487152,196739,69299,75995,161454,34502,66494,26680,47497
9,layer3.1.relu1,10777,False,202182,80552,27940,30208,63221,13301,25224,9951,17421
9,layer3.1.conv2,2035561,False,25678800,10471002,3724585,4126453,8855135,1911551,3721809,1508554,2714883
9,layer3.1.bn2,33588,False,492576,198999,70114,76918,163464,34944,67368,27029,48161
9,layer3.1.relu2,11960,False,219588,87644,30466,33004,69212,14593,27731,10950,19200
9,layer3.1.conv3,964979,False,12257478,4997200,1777166,1968546,4223540,911542,1774429,719086,1289668
9,layer3.1.bn3,94421,False,1261830,512703,181682,200554,428831,92233,178930,72256,129549
9,layer3.1.add,106285,False,1413600,574604,203749,224986,481273,103558,200990,81208,145679
9,layer3.1.relu3,36189,False,524250,211913,74704,81988,174369,37289,71934,28865,51454
9,layer3.2.conv1,1007883,False,12752844,5199238,1849052,2048198,4394430,948436,1846281,748216,1346292
9,layer3.2.bn1,33176,False,484662,195765,68964,75668,160796,34363,66239,26575,47342
9,layer3.2.relu1,10414,False,199560,79491,27592,29779,62298,13103,24827,9787,17120
9,layer3.2.conv2,2029573,False,25605726,10441201,3713970,4114692,8829916,1906111,3711223,1504271,2707195
9,layer3.2.bn2,34086,False,497634,201004,70828,77726,165208,35306,68074,27324,48690
9,layer3.2.relu2,11813,False,217434,86636,30131,32640,68437,14423,27397,10831,18991
9,layer3.2.conv3,972061,False,12303678,5016062,1783880,1975969,4239477,914983,1781125,721797,1298728
9,layer3.2.bn3,92558,False,1238778,503311,178335,196864,420911,90531,175583,70895,127118
9,layer3.2.add,97513,False,1303344,529661,187756,207265,443241,95346,184990,74720,134001
9,layer3.2.relu3,35156,False,512400,207075,72953,80086,170256,36403,70199,28178,50225
9,layer3.3.conv1,1006840,False,12740160,5194080,1847201,2046114,4390055,947496,1844446,747470,1344927
9,layer3.3.bn1,32332,False,474930,191761,67540,74088,157309,33614,64771,25979,46241
9,layer3.3.relu1,11241,False,210528,83957,29195,31552,66103,13920,26415,10427,18259
9,layer3.3.conv2,2045080,False,25798242,10519728,3741896,4145646,8896332,1920444,3739113,1515576,2727533
9,layer3.3.bn2,33168,False,488088,197128,69445,76160,161810,34579,66658,26737,47633
9,layer3.3.relu2,11773,False,215976,86151,29975,32445,68031,14335,27224,10762,18871
9,layer3.3.conv3,970703,False,12285072,5008467,1781176,1972974,4233043,913601,1778428,720692,1296756
9,layer3.3.bn3,93422,False,1246854,506597,179550,198209,423741,91131,176782,71393,128003
9,layer3.3.add,105459,False,1406118,571506,202611,223753,478600,102979,199845,80742,144838
9,layer3.3.relu3,39716,False,569358,230244,81237,89259,189929,40652,78478,31531,56233
9,layer3.4.conv1,1006149,False,12730584,5190178,1845833,2044594,4386738,946790,1843066,746904,1343923
9,layer3.4.bn1,31916,False,470694,190065,66887,73363,155840,33297,64160,25735,45823
9,layer3.4.relu1,10885,False,206532,82326,28602,30909,64733,13623,25848,10200,17854
9,layer3.4.conv2,2034613,False,25668228,10466680,3723046,4124784,8851590,1910789,3720333,1507959,2713832
9,layer3.4.bn2,32965,False,481866,194573,68536,75193,159768,34142,65816,26408,47034
9,layer3.4.relu2,11831,False,217398,86709,30126,32618,68387,14415,27390,10828,18968
9,layer3.4.conv3,969162,False,12269946,5002292,1778986,1970549,4227766,912465,1776212,719802,1295122
9,layer3.4.bn3,92069,False,1231836,500482,177343,195758,418538,90019,174612,70497,126388
9,layer3.4.add,94276,False,1261338,512529,181657,200535,428788,92223,178911,72258,129575
9,layer3.4.relu3,35430,False,515208,208203,73379,80548,171273,36633,70654,28367,50563
9,layer3.5.conv1,1006724,False,12737286,5192897,1846789,2045683,4389079,947287,1844002,747289,1344615
9,layer3.5.bn1,32123,False,472248,190700,67168,73651,156466,33426,64401,25835,46005
9,layer3.5.relu1,11069,False,248610,99464,34700,37690,79274,16758,31943,10401,18231
9,layer3.5.conv2,2034451,False,25666758,10466071,3722828,4124552,8851065,1910652,3720061,1507857,2713651
9,layer3.5.bn2,33679,False,491688,198618,69977,76747,163115,34872,67231,26979,48060
9,layer3.5.relu2,11201,False,210204,83814,29106,31488,65978,13894,26367,10399,18217
9,layer3.5.conv3,972317,False,12306990,5017403,1784362,1976507,4240642,915235,1781624,722005,1299100
9,layer3.5.bn3,93595,False,1249770,507792,179980,198652,424771,91365,177245,71580,128349
9,layer3.5.add,105290,False,1404132,570738,202368,223495,478070,102869,199556,80626,144630
9,layer3.5.relu3,36300,False,524484,211991,74744,82075,174554,37337,71999,28906,51526
9,layer4.0.conv1,1966597,False,24812994,10117900,3598951,3987243,8556350,1847043,3596195,1457632,2623217
9,layer4.0.bn1,50872,False,709590,287488,101584,111777,238269,51092,98805,39782,71111
9,layer4.0.relu1,17901,False,295824,118707,41542,45258,95499,20250,38740,15429,27260
9,layer4.0.conv2,3427314,False,43182510,17609765,6264328,6940782,14895657,3215749,6261570,2538198,4568252
9,layer4.0.bn2,30944,False,457860,184819,65069,71310,151443,32342,62286,24974,44452
9,layer4.0.relu2,8970,False,182124,72350,25041,26963,56202,11767,22233,8740,15233
9,layer4.0.conv3,1247631,False,15773682,6431277,2287356,2533852,5436891,1173526,2284575,925901,1666127
9,layer4.0.bn3,58464,False,805398,326546,115478,127204,271390,58247,112746,45432,81286
9,layer4.0.downsample.0,2888701,False,36408816,14847159,5281448,5851646,12557985,2711021,5278665,2139719,3850973
9,layer4.0.downsample.1,57434,False,791226,320683,113413,124913,266446,57179,110667,44588,79757
9,layer4.0.add,39811,False,570882,230929,81445,89483,190461,40769,78687,31619,56412
9,layer4.0.relu3,18374,False,299946,120430,42152,45943,96912,20568,39365,15677,27725
9,layer4.1.conv1,1211131,False,15311298,6242641,2220265,2459535,5277385,1139081,2217526,898715,1617198
9,layer4.1.bn1,31158,False,460032,185718,65383,71697,152236,32518,62624,25109,44704
9,layer4.1.relu1,8551,False,176328,70001,24208,26062,54330,11375,21436,8415,14639
9,layer4.1.conv2,3166479,False,39903444,16272434,5788550,6413582,13764105,2971444,5785781,2345306,4221030
9,layer4.1.bn2,30495,False,451608,182265,64162,70355,149292,31883,61409,24623,43816
9,layer4.1.relu2,8950,False,180684,71784,24861,26792,55862,11711,22128,8686,15139
9,layer4.1.conv3,1243679,False,15722796,6410541,2279985,2525718,5419437,1169752,2277261,922940,1660791
9,layer4.1.bn3,58291,False,802776,325498,115119,126762,270421,58034,112325,45263,80949
9,layer4.1.add,39035,False,562860,227615,80293,88217,187724,40178,77526,31145,55562
9,layer4.1.relu3,16988,False,280554,112516,39350,42854,90354,19160,36625,14574,25734
9,layer4.2.conv1,1206919,False,15259968,6221747,2212817,2451274,5259611,1135239,2210048,895692,1611753
9,layer4.2.bn1,29744,False,442296,178476,62818,68856,146165,31207,60090,24086,42860
9,layer4.2.relu1,8236,False,172602,68490,23656,25443,52949,11072,20860,8175,14219
9,layer4.2.conv2,3166267,False,39897282,16269926,5787654,6412584,13761964,2970974,5784828,2344924,4220330
9,layer4.2.bn2,30286,False,449976,181616,63893,70037,148670,31749,61138,24500,43602
9,layer4.2.relu2,8466,False,174438,69220,23939,25764,53682,11224,21177,8311,14453
9,layer4.2.conv3,1236778,False,15632088,6373485,2266803,2511097,5388058,1162977,2264053,917585,1651155
9,layer4.2.bn3,59953,False,824646,334405,118287,130314,278043,59659,115494,46540,83277
9,layer4.2.add,36259,False,527124,213058,75117,82486,175422,37507,72355,29053,51797
9,layer4.2.relu3,16669,False,278664,111735,39066,42533,89673,19009,36341,14458,25523
9,avgpool,80563,False,1085820,440911,156187,172293,368179,79137,153396,61911,110938
9,flatten,8604,False,176124,69834,24160,26014,54210,11352,21432,8413,14650
9,fc,505599,False,6443592,2626049,933587,1033758,2217171,478348,930832,377081,678251
10,conv1,2180467,False,27504624,11215482,3989411,4419951,9485081,2047565,3986683,1615949,2908212
10,bn1,336962,False,4324188,1761672,626068,692999,1485753,320439,623319,252417,453841
10,relu,177805,False,2318694,943750,335078,370555,793693,170996,332305,134441,241474
10,maxpool,10223018,False,128116356,52249441,18588046,20596772,44206092,9544134,18585254,7534282,13561183
10,layer1.0.conv1,272528,False,2995992,1219797,433274,479341,1027186,221430,430478,174240,313138
10,layer1.0.bn1,94600,False,1263864,513516,181976,200884,429540,92390,179223,72372,129766
10,layer1.0.relu1,34185,False,500280,202119,71223,78165,166117,35518,68483,27486,48963
10,layer1.0.conv2,1998181,False,25215660,10282071,3657350,4051985,8695315,1877046,3654615,1481327,2665887
10,layer1.0.bn2,83850,False,1129938,458931,162558,179382,383407,82433,159831,64519,115636
10,layer1.0.relu2,33750,False,493752,199367,70245,77079,163822,35018,67515,27097,48280
10,layer1.0.conv3,858163,False,10874388,4433126,1576478,1746133,3746162,808482,1573693,637700,1147360
10,layer1.0.bn3,319953,False,4110330,1674444,595028,658567,1411855,304474,592246,239824,431183
10,layer1.0.downsample.0,866802,False,10982106,4476919,1592074,1763440,3783327,816502,1589358,644051,1158794
10,layer1.0.downsample.1,328344,False,4213440,1716504,609969,675158,1447513,312178,607244,245906,442136
10,layer1.0.add,451892,False,5768682,2350811,835655,925223,1984238,428065,832863,337368,606754
10,layer1.0.relu3,175213,False,2284656,929862,330130,365063,781889,168469,327352,132430,237874
10,layer1.1.conv1,807928,False,10242426,4175335,1484775,1644546,3528123,761393,1482035,600545,1080486
10,layer1.1.bn1,92826,False,1242048,504625,178843,197390,422027,90756,176056,71096,127463
10,layer1.1.relu1,32356,False,476724,192510,67811,74379,158016,33764,65053,26099,46482
10,layer1.1.conv2,1983843,False,25028094,10205618,3630128,4021824,8630556,1863067,3627389,1470282,2646012
10,layer1.1.bn2,84415,False,1137558,462019,163687,180592,386012,82980,160913,64943,116392
10,layer1.1.relu2,32909,False,483582,195319,68800,75483,160394,34280,66068,26511,47221
10,layer1.1.conv3,852181,False,10800930,4403176,1565791,1734295,3720715,802985,1563028,633386,1139577
10,layer1.1.bn3,321894,False,4135512,1684729,598661,662622,1420589,306362,595916,241306,433854
10,layer1.1.add,446374,False,5700072,2322785,825659,914164,1960497,422943,822946,333339,599510
10,layer1.1.relu3,177084,False,2305536,938391,333160,368369,789037,170006,330386,133651,240076
10,layer1.2.conv1,802545,False,10175076,4147892,1474957,1633658,3504769,756362,1472229,596572,1073310
10,layer1.2.bn1,92127,False,1229940,499611,177072,195451,417888,89869,174319,70395,126201
10,layer1.2.relu1,32633,False,480018,193839,68279,74886,159083,33995,65519,26282,46813
10,layer1.2.conv2,1985334,False,25048086,10213683,3633036,4025048,8637507,1864568,3630322,1471471,2648137
10,layer1.2.bn2,79713,False,1076970,437226,154836,170821,365028,78461,152093,61385,109975
10,layer1.2.relu2,33081,False,485472,196014,69003,75714,160884,34377,66263,26584,47318
10,layer1.2.conv3,850943,False,10780818,4394967,1562879,1731083,3713871,801513,1560160,632219,1137501
10,layer1.2.bn3,322492,False,4142718,1687651,599733,663822,1423138,306909,596981,241743,434643
10,layer1.2.add,455672,False,5815326,2369827,842402,932722,2000265,431526,839659,340127,611716
10,layer1.2.relu3,174592,False,2273256,925231,328454,363204,777905,167604,325693,131760,236673
10,layer2.0.conv1,1595382,False,20141928,8212821,2921191,3236205,6944374,1498996,2918417,1182867,2128640
10,layer2.0.bn1,171878,False,2244618,913541,324308,358565,767942,165448,321498,130047,233591
10,layer2.0.relu1,78540,False,1058886,429945,152272,167959,358883,77120,149506,60336,108112
10,layer2.0.conv2,2135259,False,26935032,10983246,3906811,4328421,9288615,2005147,3904079,1582457,2847932
10,layer2.0.bn2,44358,False,628374,254322,89760,98712,210252,45042,87020,35003,62503
10,layer2.0.relu2,17812,False,293046,117544,41121,44789,94492,20049,38362,15258,26961
10,layer2.0.conv3,847331,False,10735794,4376606,1556383,1723844,3698311,798147,1553609,629567,1132690
10,layer2.0.bn3,170066,False,2218866,903013,320580,354441,759127,163545,317798,128549,230893
10,layer2.0.downsample.0,2306269,False,29133552,11879994,4225860,4681903,10047316,2168961,4223083,1711767,3076012
10,layer2.0.downsample.1,174369,False,2274234,925583,328613,363382,778324,167683,325846,131822,236784
10,layer2.0.add,226634,False,2933874,1194652,424331,469453,1005966,216846,421590,170639,306656
10,layer2.0.relu3,86645,False,1160466,471377,167021,184322,393985,84717,164296,66332,118899
10,layer2.1.conv1,816288,False,10389888,4216539,1499429,1660738,3562871,768905,1496650,606460,1091138
10,layer2.1.bn1,50075,False,702360,284549,100548,110660,235896,50579,97812,39368,70362
10,layer2.1.relu1,21140,False,334824,134635,47201,51521,108938,23172,44441,17744,31423
10,layer2.1.conv2,1922826,False,24261342,9892900,3518907,3898566,8366027,1805950,3516169,1425201,2564852
10,layer2.1.bn2,43269,False,614946,248888,87862,96610,205742,44072,85131,34240,61144
10,layer2.1.relu2,17702,False,292422,117253,41038,44726,94342,20013,38282,15219,26886
10,layer2.1.conv3,847069,False,10732572,4375297,1555911,1723354,3697268,797920,1553153,629380,1132386
10,layer2.1.bn3,169687,False,2214900,901411,320016,353810,757750,163254,317240,128332,230492
10,layer2.1.add,226639,False,2932236,1193971,424087,469131,1005299,216707,421330,170529,306449
10,layer2.1.relu3,84040,False,1128744,458413,162402,179208,382947,82332,159635,64443,115473
10,layer2.2.conv1,817141,False,10352952,4220474,1500823,1662313,3566240,769629,1498053,607043,1092185
10,layer2.2.bn1,47223,False,664866,269230,95086,104590,222785,47751,92306,37145,66339
10,layer2.2.relu1,17031,False,283854,113751,39788,43325,91333,19361,37017,14707,25973
10,layer2.2.conv2,1920813,False,24232386,9881113,3514672,3893884,8355981,1803785,3511955,1423474,2561746
10,layer2.2.bn2,43005,False,611802,247601,87375,96065,204543,43811,84622,34011,60710
10,layer2.2.relu2,17204,False,284694,114202,39946,43473,91652,19434,37153,14783,26115
10,layer2.2.conv3,846964,False,10730988,4374654,1555677,1723067,3696658,797792,1552899,629261,1132155
10,layer2.2.bn3,169629,False,2216688,902096,320222,354088,758376,163388,317481,128419,230650
10,layer2.2.add,232192,False,3002832,1222665,434304,480505,1029701,221969,431575,174675,313912
10,layer2.2.relu3,85060,False,1140564,463256,164134,181091,387053,83215,161371,65132,116736
10,layer2.3.conv1,814940,False,10325208,4209142,1496765,1657822,3556643,767564,1494041,605398,1089221
10,layer2.3.bn1,49213,False,690204,279533,98756,108645,231573,49648,95989,38640,69049
10,layer2.3.relu1,17363,False,289482,116137,40632,44260,93344,19800,37872,15078,26643
10,layer2.3.conv2,1919657,False,24219384,9875787,3512813,3891815,8351547,1802826,3510076,1422725,2560407
10,layer2.3.bn2,42572,False,606204,245320,86593,95206,202708,43411,83843,33715,60192
10,layer2.3.relu2,18374,False,299358,120178,42060,45849,96771,20544,39298,15658,27689
10,layer2.3.conv3,847951,False,10743768,4379854,1557538,1725169,3701162,798763,1554799,630046,1133587
10,layer2.3.bn3,170208,False,2223816,905050,321313,355258,760867,163927,318545,128866,231440
10,layer2.3.add,226000,False,2927112,1191858,423328,468327,1003476,216311,420549,170218,305851
10,layer2.3.relu3,87482,False,1172316,476203,168738,186224,397996,85570,165957,67004,120089
10,layer3.0.conv1,1737110,False,21922296,8938940,3179484,3522454,7558780,1631652,3176747,1287590,2317161
10,layer3.0.bn1,84664,False,1136916,461753,163583,180494,385705,82928,160805,64917,116329
10,layer3.0.relu1,32181,False,472974,190998,67260,73788,156746,33492,64543,25892,46104
10,layer3.0.conv2,2196254,False,27701916,11296083,4018117,4451760,9553386,2062311,4015398,1627587,2929145
10,layer3.0.bn2,36608,False,529224,213929,75397,82782,176056,37665,72655,29175,51995
10,layer3.0.relu2,12428,False,226308,90397,31442,34084,71528,15095,28690,11351,19935
10,layer3.0.conv3,970451,False,12283860,5007962,1781003,1972791,4232676,913524,1778279,720651,1296675
10,layer3.0.bn3,92214,False,1235154,501813,177853,196290,419679,90255,175038,70682,126686
10,layer3.0.downsample.0,2230661,False,28135860,11473091,4081081,4521516,9703073,2094632,4078348,1653103,2975095
10,layer3.0.downsample.1,95443,False,1272840,517216,183293,202335,432660,93067,180541,72917,130755
10,layer3.0.add,107732,False,1432542,582317,206489,228060,487846,104980,203752,82317,147675
10,layer3.0.relu3,37836,False,545976,220718,77811,85441,181769,38898,75068,30158,53744
10,layer3.1.conv1,1020899,False,12916470,5265980,1872791,2074503,4450953,960635,1870030,757845,1363618
10,layer3.1.bn1,33014,False,482946,195025,68702,75383,160137,34212,65942,26460,47116
10,layer3.1.relu1,11293,False,211266,84250,29249,31651,66312,13968,26505,10471,18344
10,layer3.1.conv2,2040803,False,25749018,10499656,3734767,4137732,8879372,1916787,3732002,1512695,2722351
10,layer3.1.bn2,33155,False,487074,196729,69298,76035,161570,34532,66562,26706,47581
10,layer3.1.relu2,11731,False,214992,85750,29828,32299,67704,14268,27091,10708,18765
10,layer3.1.conv3,966863,False,12239772,4990003,1774609,1965710,4217436,910223,1771861,718042,1291973
10,layer3.1.bn3,93097,False,1244262,505551,179171,197791,422878,90948,176422,71228,127711
10,layer3.1.add,109393,False,1454304,591209,209642,231552,495289,106585,206882,83588,149958
10,layer3.1.relu3,36279,False,525096,212236,74815,82148,174668,37360,72020,28920,51554
10,layer3.2.conv1,1008075,False,12755448,5200320,1849442,2048593,4395319,948638,1846668,748375,1346538
10,layer3.2.bn1,32737,False,480726,194120,68377,74979,159298,34035,65573,26303,46821
10,layer3.2.relu1,10738,False,203472,81057,28155,30432,63660,13393,25397,10022,17540
10,layer3.2.conv2,2037868,False,25708938,10483308,3728949,4131323,8865611,1913813,3726198,1510346,2718130
10,layer3.2.bn2,33116,False,486408,196479,69209,75924,161265,34469,66446,26661,47471
10,layer3.2.relu2,12139,False,221358,88363,30759,33322,69879,14737,28022,11086,19457
10,layer3.2.conv3,967711,False,12250578,4994307,1776130,1967387,4221064,911012,1773360,718652,1293076
10,layer3.2.bn3,92856,False,1242108,504666,178831,197412,422089,90779,176101,71102,127494
10,layer3.2.add,94164,False,1261740,512585,181691,200572,428877,92238,178930,72251,129551
10,layer3.2.relu3,36296,False,526020,212608,74947,82296,174992,37431,72207,28994,51695
10,layer3.3.conv1,1007046,False,12786402,5212927,1847382,2046337,4390513,947598,1844623,747543,1345060
10,layer3.3.bn1,31803,False,469686,189640,66741,73185,155441,33208,63990,25654,45682
10,layer3.3.relu1,11173,False,209346,83462,29013,31370,65684,13821,26234,10359,18143
10,layer3.3.conv2,2041506,False,25759548,10503937,3736295,4139451,8882937,1917546,3733477,1513290,2723424
10,layer3.3.bn2,33095,False,485742,196175,69101,75820,161094,34424,66322,26607,47397
10,layer3.3.relu2,11781,False,215916,86146,29969,32448,68025,14336,27231,10766,18875
10,layer3.3.conv3,971525,False,12296388,5013096,1782828,1974814,4237005,914452,1780093,721384,1297990
10,layer3.3.bn3,94673,False,1264110,513645,182055,200975,429750,92430,179312,72407,129832
10,layer3.3.add,105659,False,1409946,573108,203182,224385,479954,103270,200428,80963,145239
10,layer3.3.relu3,35801,False,519174,209819,73968,81214,172694,36922,71200,28588,50950
10,layer3.4.conv1,1005239,False,12719880,5185807,1844237,2042859,4383050,945988,1841507,746282,1342809
10,layer3.4.bn1,31990,False,471774,190464,67081,73579,156307,33398,64343,25811,45965
10,layer3.4.relu1,14420,False,248718,99507,34716,37699,79265,16765,31961,12677,22316
10,layer3.4.conv2,2035347,False,25678020,10470683,3724459,4126342,8854929,1911501,3721713,1508530,2714861
10,layer3.4.bn2,33857,False,495018,199802,70401,77257,164196,35102,67682,27148,48353
10,layer3.4.relu2,12391,False,224328,89582,31185,33789,70905,14955,28425,11247,19736
10,layer3.4.conv3,969722,False,12274998,5004374,1779725,1971375,4229630,912866,1776998,720129,1295732
10,layer3.4.bn3,93059,False,1244742,505746,179246,197868,423059,90991,176507,71281,127810
10,layer3.4.add,94481,False,1265064,514032,182165,201100,429995,92486,179428,72466,129936
10,layer3.4.relu3,35765,False,517788,209216,73756,80961,172148,36819,71023,28519,50842
10,layer3.5.conv1,1022923,False,12943884,5277141,1876769,2078909,4460426,962695,1874026,759454,1366522
10,layer3.5.bn1,31616,False,464820,187660,66079,72461,153903,32874,63335,25402,45227
10,layer3.5.relu1,10796,False,204522,81485,28318,30635,64089,13488,25575,10063,17608
10,layer3.5.conv2,2031154,False,25624776,10448976,3716744,4117799,8836589,1907523,3713960,1505385,2709159
10,layer3.5.bn2,33466,False,490638,198160,69809,76577,162738,34787,67031,26901,47926
10,layer3.5.relu2,12118,False,220680,88072,30628,33172,69549,14667,27805,10996,19285
10,layer3.5.conv3,969766,False,12275118,5004411,1779734,1971366,4229552,912849,1776966,720116,1295715
10,layer3.5.bn3,93833,False,1254534,509708,180649,199390,426332,91694,177883,71796,128732
10,layer3.5.add,105600,False,1405068,571129,202510,223613,478300,102922,199745,80701,144758
10,layer3.5.relu3,36623,False,529224,213922,75430,82826,176116,37656,72643,29171,52011
10,layer4.0.conv1,1969390,False,24846354,10131489,3603756,3992592,8567856,1849525,3601012,1459584,2626750
10,layer4.0.bn1,49718,False,695784,281833,99545,109551,233521,50065,96819,38960,69636
10,layer4.0.relu1,17279,False,284112,113964,39855,43407,91489,19405,37101,14767,26062
10,layer4.0.conv2,3441644,False,43363152,17683443,6290512,6969800,14957948,3229206,6287755,2548800,4587346
10,layer4.0.bn2,30356,False,450666,181887,64019,70189,149043,31827,61297,24576,43744
10,layer4.0.relu2,9251,False,185184,73615,25466,27454,57281,12011,22701,8910,15533
10,layer4.0.conv3,1248976,False,15789864,6437884,2289721,2536458,5442477,1174725,2286937,926858,1667845
10,layer4.0.bn3,58777,False,809796,328337,116113,127872,272802,58546,113319,45658,81686
10,layer4.0.downsample.0,2893638,False,36471468,14872724,5290573,5861777,12579753,2715710,5287809,2143431,3857680
10,layer4.0.downsample.1,57592,False,793914,321847,113809,125361,267431,57389,111044,44741,80031
10,layer4.0.add,36524,False,530292,214375,75558,82959,176425,37736,72805,29240,52128
10,layer4.0.relu3,18942,False,306174,122965,43034,46928,99109,21050,40311,16061,28411
10,layer4.1.conv1,1227000,False,15512940,6324925,2249521,2491967,5347000,1154113,2246799,910587,1638557
10,layer4.1.bn1,30055,False,447690,180666,63562,69677,147929,31582,60809,24370,43348
10,layer4.1.relu1,8760,False,178584,70923,24551,26451,55140,11555,21786,8557,14905
10,layer4.1.conv2,3163602,False,39865926,16257136,5783112,6407559,13751189,2968659,5780341,2343105,4217092
10,layer4.1.bn2,30012,False,446388,180108,63389,69481,147508,31494,60650,24313,43273
10,layer4.1.relu2,8390,False,174672,69301,23969,25803,53673,11238,21206,8319,14476
10,layer4.1.conv3,1243757,False,15725538,6411627,2280371,2526148,5420307,1169940,2277612,923076,1661044
10,layer4.1.bn3,58181,False,845136,342762,121270,133620,285094,61202,118493,47764,80855
10,layer4.1.add,38762,False,557124,225303,79477,87314,185792,39741,76705,30818,54979
10,layer4.1.relu3,17464,False,288708,115834,40531,44158,93156,19764,37796,15046,26587
10,layer4.2.conv1,1210785,False,15312396,6243110,2220408,2459680,5277683,1139147,2217649,898771,1617291
10,layer4.2.bn1,30246,False,448764,181094,63740,69878,148378,31686,61022,24466,43541
10,layer4.2.relu1,7876,False,167754,66507,22962,24687,51281,10717,20190,7912,13724
10,layer4.2.conv2,3154994,False,39757050,16212724,5767293,6390027,13713575,2960520,5764533,2336698,4205561
10,layer4.2.bn2,31035,False,459618,185532,65324,71635,152133,32472,62552,25083,44654
10,layer4.2.relu2,9025,False,182436,72475,25092,27037,56378,11819,22323,8774,15298
10,layer4.2.conv3,1240849,False,15689820,6396986,2275157,2520365,5407952,1167279,2272439,920984,1657277
10,layer4.2.bn3,61700,False,845610,342930,121299,133659,285245,61220,118532,47774,85490
10,layer4.2.add,35779,False,520212,210248,74116,81342,172975,36993,71352,28635,51031
10,layer4.2.relu3,17436,False,287544,115359,40358,43975,92763,19678,37634,14980,26469
10,avgpool,80886,False,1088232,441904,156502,172672,368964,79312,153756,62058,111203
10,flatten,8911,False,179538,71205,24644,26552,55380,11608,21914,8609,15000
10,fc,503784,False,6422016,2617223,930446,1030286,2209660,476737,927688,375817,675965
11,conv1,2183537,False,27548076,11233299,3995784,4427006,9500232,2050830,3993027,1618511,2912816
11,bn1,330563,False,4244688,1729263,614533,680213,1458346,314502,611777,247742,445441
11,relu,180087,False,2343396,953819,338659,374482,802159,172840,335896,135893,244103
11,maxpool,10327475,False,129923418,52986449,18850263,20887373,6543,9678790,18847479,7640593,13752572
11,layer1.0.conv1,251228,False,2956608,1203642,427523,472986,1002025,218477,424750,171921,308962
11,layer1.0.bn1,88704,False,1188258,482700,171031,188770,398945,86762,168270,67938,121786
11,layer1.0.relu1,35035,False,508830,205585,72457,79525,167092,36139,69689,27980,49872
11,layer1.0.conv2,1989617,False,25104252,10236691,3641195,4034088,8558522,1868746,3638439,1474760,2654063
11,layer1.0.bn2,82679,False,1114656,452617,160314,176891,373756,81277,157597,63610,114000
11,layer1.0.relu2,33094,False,485448,196046,69064,75751,159151,34401,66293,26601,47363
11,layer1.0.conv3,857376,False,10866360,4429810,1575311,1744823,3700814,807863,1572529,637232,1146491
11,layer1.0.bn3,320455,False,4114728,1676243,595658,659303,1397404,304830,592908,240093,431666
11,layer1.0.downsample.0,867141,False,10988736,4479764,1593061,1764528,3742641,817005,1590327,644451,1159515
11,layer1.0.downsample.1,323152,False,4150410,1690678,600807,665009,1409503,307473,598088,242193,435457
11,layer1.0.add,457306,False,5836986,2378565,845544,936203,1984978,433151,842816,341388,613995
11,layer1.0.relu3,174267,False,2270268,924005,328046,362746,768134,167405,325301,131600,236386
11,layer1.1.conv1,809749,False,10263852,4184135,1487897,1647997,3495355,762997,1485130,601802,1082741
11,layer1.1.bn1,92682,False,1239570,503590,178447,196966,416337,90575,175697,70917,127154
11,layer1.1.relu1,31342,False,463638,187029,65852,72221,151623,32758,63111,25300,45046
11,layer1.1.conv2,1986627,False,25070862,10223061,3636372,4028715,8547080,1866249,3633581,1472798,2650541
11,layer1.1.bn2,81278,False,1097520,445690,157863,174172,367985,80017,155141,62615,112217
11,layer1.1.relu2,36996,False,534192,215950,76114,83589,175781,38034,73378,29470,52521
11,layer1.1.conv3,847762,False,10744368,4380101,1557621,1725260,3659321,798815,1554867,630065,1133615
11,layer1.1.bn3,488602,False,4252332,1732342,615633,681429,1444314,315065,612833,248169,446211
11,layer1.1.add,447259,False,5709054,2326421,826990,915588,1941240,423597,824214,333855,600436
11,layer1.1.relu3,173524,False,2303766,937642,332890,368121,779516,169887,324067,131101,235487
11,layer1.2.conv1,808105,False,10244892,4176400,1485153,1644937,3488796,761561,1482336,600665,1080701
11,layer1.2.bn1,91939,False,1227864,498879,176793,195152,412472,89720,174004,70265,125975
11,layer1.2.relu1,32702,False,479916,193808,68237,74862,157251,33992,65519,26286,46794
11,layer1.2.conv2,1979685,False,24978840,10185530,3623022,4013912,8515732,1859404,3620240,1467375,2640778
11,layer1.2.bn2,79152,False,1069470,434248,153813,169682,358411,77920,151050,60955,109222
11,layer1.2.relu2,31988,False,471894,190521,67094,73591,154530,33399,64358,25817,45972
11,layer1.2.conv3,852854,False,10808862,4406392,1566952,1735598,3681223,803583,1564186,633850,1140426
11,layer1.2.bn3,321151,False,4126842,1681090,597401,661239,1401513,305727,594650,240793,432925
11,layer1.2.add,454831,False,5803764,2365114,840754,930893,1973695,430676,837894,339404,610434
11,layer1.2.relu3,174608,False,2276052,926359,328878,363643,770030,167816,326110,131910,236933
11,layer2.0.conv1,1593066,False,20112756,8200924,2916940,3231528,6855512,1496826,2914093,1181113,2125504
11,layer2.0.bn1,172337,False,2247642,914727,324719,359081,760356,165706,322019,130273,233970
11,layer2.0.relu1,78527,False,1059426,430149,152351,168064,355009,77174,149605,60378,108187
11,layer2.0.conv2,2135087,False,26932734,10982324,3906486,4328059,9182275,2004976,3903718,1582310,2847658
11,layer2.0.bn2,42675,False,605556,245066,86487,95083,200159,43364,83758,33680,60108
11,layer2.0.relu2,18045,False,297180,119196,41728,45482,94865,20364,38967,15514,27429
11,layer2.0.conv3,855351,False,10836306,4417602,1570926,1740006,3690601,805643,1568205,635484,1143351
11,layer2.0.bn3,173184,False,2258550,919128,326315,360837,764085,166519,323586,130908,235140
11,layer2.0.downsample.0,2305873,False,29087430,11861200,4219170,4674531,9917394,2165511,4216369,1709065,3075821
11,layer2.0.downsample.1,175111,False,2284038,929604,330009,364931,772749,168407,327258,132381,237789
11,layer2.0.add,227947,False,2952864,1202382,427080,472504,1000942,218241,424294,171734,308626
11,layer2.0.relu3,90627,False,1212582,492642,174581,192706,407316,88606,171854,69396,124412
11,layer2.1.conv1,818818,False,10375866,4229807,1504148,1665968,3533502,771330,1501356,608376,1094558
11,layer2.1.bn1,53004,False,738294,299192,105764,116440,245367,53231,102980,41470,74123
11,layer2.1.relu1,18005,False,294390,118100,41329,45042,93946,20162,38577,15364,27156
11,layer2.1.conv2,1922390,False,24255054,9890246,3517950,3897507,8268707,1805459,3515206,1424809,2564161
11,layer2.1.bn2,42285,False,602664,243862,86068,94593,199136,43132,83306,33497,59799
11,layer2.1.relu2,17265,False,288264,115645,40452,44056,91870,19659,37604,14961,26390
11,layer2.1.conv3,848557,False,10751868,4383167,1558684,1726435,3661802,799345,1555917,630491,1134385
11,layer2.1.bn3,170453,False,2224410,905289,321341,355334,752411,163973,318630,128898,231516
11,layer2.1.add,227098,False,2939022,1196761,425085,470279,996312,217235,422350,170948,307210
11,layer2.1.relu3,83731,False,1125558,457128,161916,178646,377412,82073,159149,64230,115122
11,layer2.2.conv1,815377,False,10329600,4210907,1497414,1658503,3517665,767881,1494668,605670,1089688
11,layer2.2.bn1,48443,False,681996,276212,97553,107341,226185,49045,94808,38130,68137
11,layer2.2.relu1,17350,False,285162,114358,39999,43566,90855,19496,37267,14832,26204
11,layer2.2.conv2,1920414,False,24228378,9879469,3514098,3893247,8259671,1803482,3511363,1423244,2561334
11,layer2.2.bn2,42483,False,604218,244510,86300,94852,199674,43234,83508,33578,59941
11,layer2.2.relu2,17667,False,289980,116341,40714,44346,92509,19845,37953,15107,26697
11,layer2.2.conv3,846937,False,10730340,4374394,1555602,1723019,3654559,797769,1552858,629261,1132176
11,layer2.2.bn3,173689,False,2262792,920921,326952,361529,765520,166808,324151,131140,235531
11,layer2.2.add,228321,False,2954232,1202931,427260,472683,1001413,218350,424528,171831,308798
11,layer2.2.relu3,84455,False,1134456,460762,163245,180128,380620,82764,160492,64787,116118
11,layer2.3.conv1,815365,False,10330812,4211425,1497586,1658729,3518110,767975,1494857,605751,1089857
11,layer2.3.bn1,48448,False,680952,275806,97441,107183,225801,48963,94668,38096,68062
11,layer2.3.relu1,18009,False,294414,118161,41347,45066,94001,20173,38598,15362,27151
11,layer2.3.conv2,1921318,False,24241614,9884860,3516045,3895410,8264273,1804493,3513286,1424029,2562736
11,layer2.3.bn2,42824,False,609282,246566,86986,95646,201333,43618,84250,33881,60488
11,layer2.3.relu2,18197,False,298356,119757,41907,45640,95209,20436,39117,15579,27542
11,layer2.3.conv3,847457,False,10739172,4377991,1556874,1724429,3657544,798423,1554088,629759,1133068
11,layer2.3.bn3,170475,False,2226594,906141,321685,355697,753170,164134,318908,129012,231729
11,layer2.3.add,225787,False,2921676,1189572,422533,467466,990330,215931,419817,169915,305352
11,layer2.3.relu3,83868,False,1126800,457653,162136,178917,377996,82198,159388,64336,115274
11,layer3.0.conv1,1743524,False,22002510,8971632,3191144,3535375,7500311,1637651,3188389,1292312,2325652
11,layer3.0.bn1,87503,False,1173984,476873,168942,186448,394038,85701,166203,67105,120266
11,layer3.0.relu1,32781,False,480714,194132,68389,75024,157542,34040,65613,26320,46867
11,layer3.0.conv2,2197300,False,27713094,11300670,4019738,4453548,9448507,2063114,4016964,1628217,2930260
11,layer3.0.bn2,36297,False,526914,212948,75069,82428,173310,37498,72339,29050,51792
11,layer3.0.relu2,12038,False,220374,87952,30577,33112,68625,14626,27778,10980,19261
11,layer3.0.conv3,972331,False,12307650,5017664,1784414,1976566,4192573,915263,1781680,722027,1299147
11,layer3.0.bn3,92457,False,1240032,503788,178518,197067,416569,90626,175801,70996,127270
11,layer3.0.downsample.0,2220746,False,28016520,11424439,4063784,4502337,9552117,2085740,4060994,1646075,2962442
11,layer3.0.downsample.1,93317,False,1246062,506274,179400,198020,418587,91069,176658,71343,127900
11,layer3.0.add,108016,False,1436082,583790,207018,228633,483544,105232,204234,82523,148040
11,layer3.0.relu3,37894,False,544776,220287,77689,85338,179423,38837,74933,30103,53689
11,layer3.1.conv1,1021272,False,12921564,5268048,1873525,2075310,4401979,961002,1870719,758117,1364087
11,layer3.1.bn1,33307,False,489696,197722,69657,76415,160548,34710,66917,26849,47834
11,layer3.1.relu1,11381,False,212136,84590,29383,31810,65911,14044,26669,10532,18458
11,layer3.1.conv2,2036999,False,25698252,10478933,3727357,4129559,8761113,1912999,3724632,1509685,2716939
11,layer3.1.bn2,33072,False,483942,195451,68839,75526,158653,34297,66096,26518,47236
11,layer3.1.relu2,11658,False,214152,85410,29707,32166,66656,14207,26968,10659,18692
11,layer3.1.conv3,967401,False,12244038,4991717,1775208,1966363,4170925,910526,1772451,718286,1292415
11,layer3.1.bn3,93134,False,1244586,505667,179177,197799,418118,90957,176436,71246,127706
11,layer3.1.add,106410,False,1415280,575314,203954,225237,476336,103677,201206,81281,145813
11,layer3.1.relu3,36772,False,530604,214480,75623,83036,174554,37765,72826,29249,52154
11,layer3.2.conv1,1007677,False,12752016,5198813,1848882,2048000,4344143,948370,1846141,748164,1346198
11,layer3.2.bn1,32638,False,478308,193176,68035,74641,156750,33884,65301,26201,46658
11,layer3.2.relu1,10987,False,205254,81790,28416,30724,63566,13530,25659,10125,17727
11,layer3.2.conv2,2038942,False,25723656,10489293,3731084,4133653,8769803,1914895,3728322,1511194,2719651
11,layer3.2.bn2,32963,False,482802,194977,68668,75301,158176,34196,65914,26449,47089
11,layer3.2.relu2,11538,False,214620,85607,29778,32226,66777,14226,27022,10678,18723
11,layer3.2.conv3,971077,False,12292530,5011527,1782267,1974196,4187531,914171,1779540,721158,1297587
11,layer3.2.bn3,92127,False,1231926,500516,177395,195806,413887,90029,174643,70525,126449
11,layer3.2.add,93785,False,1256106,510349,180860,199622,421979,91802,178091,71924,128940
11,layer3.2.relu3,35494,False,566028,228947,80749,88728,186679,40416,78021,28491,50792
11,layer3.3.conv1,1006720,False,12741108,5194450,1847334,2046285,4340518,947572,1844590,747531,1345058
11,layer3.3.bn1,32229,False,473358,191137,67323,73846,155085,33511,64578,25904,46131
11,layer3.3.relu1,11163,False,210726,84022,29180,31572,65394,13929,26440,10437,18281
11,layer3.3.conv2,2032335,False,25642728,10456295,3719348,4120676,8742255,1908875,3716605,1506453,2711118
11,layer3.3.bn2,33016,False,484008,195483,68829,75517,158657,34301,66113,26528,47256
11,layer3.3.relu2,11844,False,217128,86625,30138,32644,67643,14413,27384,10825,18987
11,layer3.3.conv3,968714,False,12260844,4998473,1777617,1969049,4176623,911787,1774871,719269,1294188
11,layer3.3.bn3,93589,False,1247190,506754,179586,198235,419013,91151,176824,71408,128035
11,layer3.3.add,105609,False,1403760,570598,202301,223424,472487,102837,199579,80630,144629
11,layer3.3.relu3,36027,False,520248,210259,74120,81382,171079,37013,71390,28664,51102
11,layer3.4.conv1,1005408,False,12721968,5186649,1844559,2043218,4333986,946147,1841808,746399,1343022
11,layer3.4.bn1,35161,False,511974,206901,72928,80056,168260,36393,70123,28150,50172
11,layer3.4.relu1,10618,False,201480,80262,27841,30087,62212,13233,25073,9872,17271
11,layer3.4.conv2,2035563,False,25678998,10471080,3724601,4126502,8754616,1911577,3721866,1508587,2714965
11,layer3.4.bn2,32256,False,476346,192361,67721,74290,156052,33733,65018,26083,46450
11,layer3.4.relu2,11908,False,220152,87862,30547,33091,68607,14636,27811,10986,19276
11,layer3.4.conv3,965182,False,12216240,4980254,1771149,1961874,4161384,908459,1768426,716636,1289442
11,layer3.4.bn3,92461,False,1236318,502303,178022,196481,415334,90356,175283,70775,126882
11,layer3.4.add,93690,False,1255284,509930,180739,199525,421760,91760,177994,71881,128892
11,layer3.4.relu3,35774,False,518628,209605,73890,81130,170529,36889,71143,28565,50922
11,layer3.5.conv1,1021121,False,12918138,5266651,1873028,2074745,4400863,960761,1870276,757939,1363773
11,layer3.5.bn1,31697,False,466902,188519,66355,72769,152808,33022,63622,25513,45400
11,layer3.5.relu1,11754,False,216270,86254,29969,32451,67207,14321,27190,10741,18829
11,layer3.5.conv2,2032498,False,25644186,10456796,3719511,4120875,8742664,1908962,3716747,1506514,2711228
11,layer3.5.bn2,33039,False,524526,211961,74721,75766,159077,34383,66275,26594,47361
11,layer3.5.relu2,12230,False,222852,88965,30969,33552,69606,14848,28220,11159,19594
11,layer3.5.conv3,968832,False,12260478,4998414,1777604,1969019,4176559,911767,1774857,719253,1294160
11,layer3.5.bn3,94035,False,1254114,509586,180614,199366,421414,91679,177856,71828,128784
11,layer3.5.add,104708,False,1395762,567309,201140,222130,469730,102228,198385,80147,143755
11,layer3.5.relu3,36913,False,532296,215138,75858,83272,175099,37892,73111,29362,52335
11,layer4.0.conv1,1970488,False,24859842,10136875,3605705,3994752,8475046,1850520,3602967,1460363,2628154
11,layer4.0.bn1,49863,False,698598,282975,99962,110011,231837,50282,97226,39139,69928
11,layer4.0.relu1,17108,False,285390,114464,40008,43567,90851,19488,37237,14819,26182
11,layer4.0.conv2,3426275,False,43164864,17602568,6261779,6937968,14720435,3214456,6259038,2537165,4566400
11,layer4.0.bn2,30127,False,447372,180500,63481,69595,146087,31552,60765,24354,43317
11,layer4.0.relu2,9021,False,181920,72277,24999,26941,55559,11784,22274,8756,15260
11,layer4.0.conv3,1244446,False,15733536,6414876,2281528,2527427,5361464,1170542,2278797,923562,1661914
11,layer4.0.bn3,58419,False,806106,326717,115545,127276,268478,58276,112795,45444,81306
11,layer4.0.downsample.0,2889675,False,36420108,14851748,5283123,5853514,12419268,2711900,5280385,2140422,3852267
11,layer4.0.downsample.1,58409,False,804264,326002,115288,126999,267899,58155,112557,45357,81138
11,layer4.0.add,36438,False,529896,214208,75478,82859,174201,37693,72672,29179,52019
11,layer4.0.relu3,17620,False,288816,115886,40549,44173,92122,19762,37791,15043,26579
11,layer4.1.conv1,1215149,False,15363900,6264165,2227920,2467997,5235250,1142976,2225119,901795,1622707
11,layer4.1.bn1,31126,False,461274,186191,65516,71824,150778,32580,62767,25169,44789
11,layer4.1.relu1,9037,False,181428,72079,24958,26891,55465,11758,22211,8728,15215
11,layer4.1.conv2,3140905,False,39579150,16140149,5741452,6361396,13496943,2947252,5738704,2326228,4186686
11,layer4.1.bn2,29618,False,442806,178677,62882,68920,144649,31216,60108,24088,42861
11,layer4.1.relu2,8261,False,173022,68640,23736,25525,52560,11130,20990,8222,14304
11,layer4.1.conv3,1243984,False,15726090,6411874,2280471,2526219,5358916,1169987,2277707,923109,1661071
11,layer4.1.bn3,61668,False,844308,342434,121146,133452,281575,61138,118374,47714,85389
11,layer4.1.add,38712,False,558192,225653,79590,87444,183951,39817,76818,30866,55050
11,layer4.1.relu3,17769,False,291246,116754,40836,44472,92754,19907,38081,15162,26796
11,layer4.2.conv1,1215994,False,15372534,6267642,2229120,2469351,5238250,1143638,2226401,902300,1623645
11,layer4.2.bn1,29126,False,434832,175423,61695,67600,141844,30626,58940,23605,41995
11,layer4.2.relu1,8475,False,175740,69770,24140,25988,53533,11321,21371,8381,14563
11,layer4.2.conv2,3143934,False,39614526,16154585,5746603,6367110,13509102,2949914,5743875,2328323,4190489
11,layer4.2.bn2,30821,False,454050,183248,64502,70721,148471,32077,61789,24774,44089
11,layer4.2.relu2,8611,False,177036,70265,24308,26187,53959,11421,21541,8459,14700
11,layer4.2.conv3,1239926,False,15674292,6390707,2272890,2517848,5341149,1166104,2270147,920055,1655579
11,layer4.2.bn3,61915,False,847962,343900,121663,134058,282809,61410,118897,47927,85763
11,layer4.2.add,36232,False,525414,212255,74833,82159,172747,37373,72099,28939,51592
11,layer4.2.relu3,17003,False,281808,113028,39523,43038,89725,19240,36785,14639,25850
11,avgpool,82441,False,1109250,450430,159557,176044,371928,80874,156775,63283,113407
11,flatten,8963,False,180918,71853,24859,26785,55240,11708,22110,8682,15127
11,fc,503390,False,6416556,2615022,929665,1029416,2182711,476327,926900,375490,675381
12,conv1,2173115,False,27415512,11179310,3976543,4405685,9347057,2040962,3973825,1610732,2898798
12,bn1,329095,False,4225716,1721511,611781,677168,1435287,313105,609050,246638,443450
12,relu,178905,False,2328756,947866,336542,372138,788068,171761,333805,135054,242577
12,maxpool,10132712,False,127462542,51982817,18493165,20491676,43480743,9495440,18490399,7495814,13491968
12,layer1.0.conv1,247679,False,2956386,1203584,427481,472947,1001988,218476,424776,171928,308972
12,layer1.0.bn1,88265,False,1184442,481023,170444,188106,397512,86464,167698,67711,121379
12,layer1.0.relu1,33962,False,494982,199966,70448,77268,162322,35092,67639,27138,48350
12,layer1.0.conv2,1991778,False,25131480,10247781,3645149,4038473,8567846,1870782,3642412,1476379,2656981
12,layer1.0.bn2,85487,False,1148736,466590,165325,182444,385516,83842,162590,65636,117648
12,layer1.0.relu2,32792,False,480822,194189,68394,75028,157505,34045,65619,26315,46868
12,layer1.0.conv3,856653,False,10856238,4425743,1573863,1743209,3697385,807118,1571064,636633,1145419
12,layer1.0.bn3,319390,False,4100556,1670460,593616,656988,1392509,303750,590835,239239,430128
12,layer1.0.downsample.0,867432,False,10992330,4481140,1593563,1765084,3743831,817269,1590841,644656,1159890
12,layer1.0.downsample.1,323162,False,4151412,1691206,600965,665179,1409859,307545,598217,242226,435503
12,layer1.0.add,456818,False,5831400,2376355,844752,935319,1983100,432740,842019,341077,613443
12,layer1.0.relu3,176342,False,2297742,935207,332040,367187,777500,169447,329298,133223,239297
12,layer1.1.conv1,807972,False,10245336,4176581,1485221,1644984,3488982,761613,1482460,600720,1080773
12,layer1.1.bn1,92560,False,1236312,502303,178016,196514,415387,90344,175257,70773,126879
12,layer1.1.relu1,32502,False,476994,192613,67842,74404,156201,33756,65047,26090,46446
12,layer1.1.conv2,1983936,False,25028412,10205664,3630177,4021877,8532624,1863082,3627427,1470306,2646059
12,layer1.1.bn2,82271,False,1109502,450594,159611,176117,372122,80904,156866,63313,113463
12,layer1.1.relu2,32810,False,481374,194412,68474,75127,157769,34103,65717,26366,46964
12,layer1.1.conv3,853157,False,10809156,4406531,1567025,1735684,3681428,803613,1564249,633880,1140468
12,layer1.1.bn3,325747,False,4180302,1702981,605186,669866,1419744,309707,602425,243950,438588
12,layer1.1.add,446661,False,5703840,2324358,826248,914771,1939498,423214,823473,333564,599915
12,layer1.1.relu3,173935,False,2266758,922566,327543,362199,766902,167136,324791,131394,236013
12,layer1.2.conv1,808779,False,10256646,4181150,1486814,1646785,3492790,762443,1484075,601377,1081974
12,layer1.2.bn1,92418,False,1234368,501522,177737,196176,414660,90205,174982,70664,126700
12,layer1.2.relu1,31982,False,470532,189997,66916,73350,154005,33284,64131,25708,45779
12,layer1.2.conv2,1975232,False,24921132,10161960,3614598,4004618,8496005,1855095,3611871,1463974,2634657
12,layer1.2.bn2,83449,False,1123236,456163,161594,178272,376663,81910,158820,64112,114896
12,layer1.2.relu2,32578,False,479916,193788,68229,74839,157187,33973,65467,26250,46751
12,layer1.2.conv3,851777,False,10793508,4400123,1564704,1733108,3675961,802448,1561972,632959,1138825
12,layer1.2.bn3,320753,False,4119966,1678367,596427,660128,1399136,305210,593592,240369,432169
12,layer1.2.add,449689,False,5739828,2338955,831450,920573,1951824,425907,828696,335678,603711
12,layer1.2.relu3,177160,False,2307966,939379,333488,368788,780943,170201,330768,133818,240371
12,layer2.0.conv1,1586705,False,20036124,8169682,2905836,3219239,6829441,1491139,2903097,1176656,2117487
12,layer2.0.bn1,172313,False,2296374,934664,331811,366931,776980,169329,329036,133110,239102
12,layer2.0.relu1,78642,False,1060188,430480,152465,168187,355276,77235,149713,60420,108262
12,layer2.0.conv2,2144563,False,27049590,11030078,3923453,4346854,9222194,2013688,3920705,1589200,2860063
12,layer2.0.bn2,42703,False,607482,245839,86769,95383,200800,43501,84034,33792,60333
12,layer2.0.relu2,17651,False,289776,116270,40680,44325,92396,19828,37900,15087,26637
12,layer2.0.conv3,846835,False,10726920,4372958,1555076,1722414,3653248,797488,1552323,629043,1131765
12,layer2.0.bn3,168943,False,2204274,897090,318476,352154,745621,162468,315704,127712,229388
12,layer2.0.downsample.0,2304230,False,29061432,11850531,4215343,4670296,9908508,2163578,4212608,1707520,3073039
12,layer2.0.downsample.1,172358,False,2290986,932464,331059,366060,761516,165961,322514,130465,234339
12,layer2.0.add,227064,False,2940696,1197412,425286,470509,996807,217333,422546,171010,307321
12,layer2.0.relu3,86216,False,1157628,470204,166579,183796,388411,84471,163814,66106,118479
12,layer2.1.conv1,817798,False,10362216,4224235,1502175,1663806,3528802,770310,1499399,607588,1093158
12,layer2.1.bn1,49217,False,688158,278762,98477,108374,228337,49517,95745,38529,68857
12,layer2.1.relu1,16865,False,280272,112406,39304,42796,89219,19130,36537,14531,25655
12,layer2.1.conv2,1921058,False,24234780,9882067,3515021,3894272,8261853,1803956,3512288,1423611,2561986
12,layer2.1.bn2,41583,False,593262,240017,84687,93052,195827,42416,81907,32927,58771
12,layer2.1.relu2,17129,False,283434,113681,39767,43271,90213,19347,36998,14713,25992
12,layer2.1.conv3,847626,False,10739130,4377967,1556832,1724392,3657484,798412,1554123,629770,1133089
12,layer2.1.bn3,171422,False,2238504,911033,323402,357614,757234,165019,320659,129717,232969
12,layer2.1.add,229727,False,2972580,1210437,429925,475650,1007705,219723,427203,172913,310721
12,layer2.1.relu3,84470,False,1134348,460732,163226,180086,380513,82749,160452,64773,116073
12,layer2.2.conv1,816295,False,10341078,4215602,1499104,1660413,3521688,768757,1496364,606359,1090934
12,layer2.2.bn1,47880,False,672672,272432,96205,105842,222961,48340,93457,37612,67198
12,layer2.2.relu1,17119,False,285198,114393,40013,43597,90920,19490,37281,14829,26190
12,layer2.2.conv2,1914792,False,24162174,9852446,3504519,3882631,8237158,1798572,3501768,1419355,2554339
12,layer2.2.bn2,42610,False,605730,245124,86511,95105,200194,43362,83730,33667,60090
12,layer2.2.relu2,17255,False,284730,114189,39914,43457,90621,19435,37168,14790,26118
12,layer2.2.conv3,847401,False,10734546,4376050,1556173,1723648,3655822,798049,1553420,629487,1132543
12,layer2.2.bn3,169820,False,2215932,901841,320122,353971,749482,163317,317363,128382,230594
12,layer2.2.add,229451,False,2969508,1209150,429483,475160,1006651,219489,426745,172723,310406
12,layer2.2.relu3,84401,False,1133412,460329,163084,179959,380242,82686,160338,64728,116013
12,layer2.3.conv1,812477,False,10296510,4197430,1492592,1653167,3506346,765405,1489836,603711,1086159
12,layer2.3.bn1,48998,False,687972,278676,98468,108368,228372,49524,95730,38537,68872
12,layer2.3.relu1,17438,False,334734,134600,47205,51553,107766,23185,37767,15039,26576
12,layer2.3.conv2,1909418,False,24092232,9823943,3494340,3871356,8213195,1793335,3491588,1415234,2546926
12,layer2.3.bn2,42143,False,598464,242163,85471,93940,197694,42817,82698,33249,59338
12,layer2.3.relu2,17662,False,291264,116871,40869,44535,92898,19935,38140,15189,26839
12,layer2.3.conv3,848482,False,10749462,4382188,1558366,1726067,3661021,799177,1555592,630369,1134169
12,layer2.3.bn3,170239,False,2222274,904409,321069,355025,751742,163810,318321,128771,231294
12,layer2.3.add,224899,False,2910282,1185037,420889,465622,986411,215076,418143,169241,304141
12,layer2.3.relu3,83825,False,1126944,457703,162145,178916,378042,82210,159375,64338,115312
12,layer3.0.conv1,1738400,False,21940320,8946301,3182094,3525346,7478997,1632985,3179333,1288639,2319025
12,layer3.0.bn1,86027,False,1154640,469011,166181,183393,387541,84270,163416,65969,118221
12,layer3.0.relu1,32486,False,477102,192630,67852,74422,156319,33786,65110,26116,46506
12,layer3.0.conv2,2190744,False,27632634,11267862,4008079,4440630,9421200,2057156,4005347,1623513,2921825
12,layer3.0.bn2,39774,False,569790,230367,81272,89283,187865,40681,78543,31568,56329
12,layer3.0.relu2,11863,False,218166,87074,30265,32771,67932,14475,27498,10867,19064
12,layer3.0.conv3,970085,False,12278274,5005691,1780191,1971874,4182518,913075,1777399,720288,1296015
12,layer3.0.bn3,92008,False,1228992,499310,176955,195331,412867,89793,174180,70332,126102
12,layer3.0.downsample.0,2217067,False,27966180,11403901,4056470,4494254,9534957,2081993,4053691,1643105,2957066
12,layer3.0.downsample.1,91084,False,1218558,495047,175424,193637,409256,89022,172678,69729,125014
12,layer3.0.add,107174,False,1425672,579519,205496,226954,479990,104473,202728,81913,146943
12,layer3.0.relu3,37012,False,534708,216053,76169,83643,175886,38062,73431,29493,52590
12,layer3.1.conv1,1014916,False,12841428,5235336,1861868,2062374,4374653,955015,1859080,753401,1355626
12,layer3.1.bn1,33212,False,486846,196518,69234,75955,159564,34496,66503,26680,47532
12,layer3.1.relu1,11548,False,214356,85498,29732,32189,66707,14201,26978,10663,18701
12,layer3.1.conv2,2032642,False,25650846,10459603,3720524,4121965,8745002,1909466,3717755,1506922,2711959
12,layer3.1.bn2,32437,False,477894,192835,67917,74495,156496,33828,65164,26134,46546
12,layer3.1.relu2,12376,False,224196,89496,31153,33764,70026,14939,28395,11233,19719
12,layer3.1.conv3,971225,False,12293754,5011972,1782392,1974316,4187802,914217,1779620,721178,1297623
12,layer3.1.bn3,94300,False,1258452,511249,181194,200027,422843,91995,178473,72059,129206
12,layer3.1.add,105222,False,1400730,569365,201863,222901,471399,102588,199085,80426,144234
12,layer3.1.relu3,36405,False,527358,213139,75107,82478,173394,37511,72346,29044,51782
12,layer3.2.conv1,1010350,False,12786024,5212734,1853852,2053515,4355855,950925,1851086,750165,1349796
12,layer3.2.bn1,31788,False,467982,188947,66491,72921,153147,33093,63765,25577,45535
12,layer3.2.relu1,11025,False,207168,82583,28698,31048,64186,13668,25938,10237,17919
12,layer3.2.conv2,2032689,False,25646052,10457577,3719794,4121178,8743336,1909113,3717065,1506643,2711462
12,layer3.2.bn2,34053,False,497358,200897,70791,77686,163251,35300,68044,27309,48663
12,layer3.2.relu2,11240,False,207846,82840,28796,31157,64523,13742,26081,10301,18051
12,layer3.2.conv3,967213,False,12243402,4991477,1775135,1966285,4170751,910501,1772389,718257,1292357
12,layer3.2.bn3,91630,False,1227750,498818,176741,195095,412376,89706,173996,70252,125950
12,layer3.2.add,94087,False,1261116,512429,181587,200469,423791,92200,178865,72229,129496
12,layer3.2.relu3,35681,False,518196,209443,73820,81047,170352,36853,71054,28526,50852
12,layer3.3.conv1,1023584,False,12952452,5280631,1877996,2080267,4412599,963316,1875243,759959,1367429
12,layer3.3.bn1,32060,False,473472,191198,67343,73836,155079,33518,64594,25897,46106
12,layer3.3.relu1,10461,False,201420,80227,27825,30079,62224,13232,25079,9880,17262
12,layer3.3.conv2,2032698,False,25645638,10457456,3719730,4121093,8743119,1909066,3716974,1506597,2711380
12,layer3.3.bn2,32740,False,480606,194105,68375,75018,157593,34064,65622,26328,46889
12,layer3.3.relu2,11490,False,213690,85223,29606,32060,66433,14158,26871,10619,18614
12,layer3.3.conv3,966141,False,12226884,4984715,1772731,1963622,4165110,909275,1770000,717292,1290632
12,layer3.3.bn3,92514,False,1234722,501657,177783,196239,414785,90237,175039,70682,126732
12,layer3.3.add,104987,False,1396650,567696,201280,222290,470052,102296,198495,80195,143852
12,layer3.3.relu3,36055,False,523980,211695,74637,81956,172307,37278,71915,28872,51476
12,layer3.4.conv1,1009542,False,12775344,5208413,1852303,2051801,4352162,950121,1849556,749543,1348682
12,layer3.4.bn1,31982,False,469848,189708,66806,73276,153892,33240,64051,25680,45727
12,layer3.4.relu1,10954,False,206904,82471,28666,31014,64210,13670,25937,10238,17935
12,layer3.4.conv2,2028702,False,25593972,10436400,3712244,4112806,8725578,1905236,3709513,1503567,2705926
12,layer3.4.bn2,33448,False,490680,198209,69833,76615,160977,34788,67044,26891,47895
12,layer3.4.relu2,11236,False,209610,83587,29053,31442,65133,13868,26326,10399,18212
12,layer3.4.conv3,976904,False,12365778,5041384,1792890,1985935,4212464,919606,1790120,725451,1305313
12,layer3.4.bn3,92325,False,1235370,501902,177845,196302,414921,90265,175077,70698,126735
12,layer3.4.add,93876,False,1256556,510538,180932,199725,422198,91855,178193,71966,129033
12,layer3.4.relu3,34650,False,504834,203970,71886,78893,165768,35850,69089,27732,49408
12,layer3.5.conv1,1005392,False,12721692,5186539,1844519,2043166,4333895,946125,1841776,746391,1343012
12,layer3.5.bn1,31767,False,470514,189940,66886,73329,153992,33273,64103,25714,45791
12,layer3.5.relu1,10412,False,199548,79363,27542,29764,61543,13079,24777,9771,17095
12,layer3.5.conv2,2030581,False,25621428,10447612,3716256,4117251,8734994,1907290,3713482,1505186,2708831
12,layer3.5.bn2,32928,False,484698,195757,68929,75617,158821,34332,66180,26552,47295
12,layer3.5.relu2,11867,False,217200,86683,30152,32645,67649,14416,27373,10819,18961
12,layer3.5.conv3,971444,False,12297732,5013536,1782982,1974990,4189212,914539,1780244,721430,1298073
12,layer3.5.bn3,95412,False,1272576,517101,183289,202341,427739,93065,180539,72919,130752
12,layer3.5.add,105374,False,1402440,570059,202127,223205,471915,102708,199321,80528,144449
12,layer3.5.relu3,39840,False,570900,230919,81455,89508,188331,40782,78703,31630,56423
12,layer4.0.conv1,1959809,False,24726660,10082690,3586423,3973389,8429745,1840613,3583669,1452559,2614109
12,layer4.0.bn1,51299,False,717894,290876,102769,113117,238419,51718,100030,40271,71966
12,layer4.0.relu1,17029,False,283140,113573,39713,43247,90157,19317,36917,14690,25945
12,layer4.0.conv2,3419892,False,43087512,17571030,6250553,6925542,14694052,3208692,6247795,2532611,4558206
12,layer4.0.bn2,31183,False,462000,186500,65673,72002,151184,32669,62940,25241,44943
12,layer4.0.relu2,8560,False,176382,70018,24193,26060,53694,11376,21454,8407,14634
12,layer4.0.conv3,1255620,False,15872814,6471704,2301748,2549802,5408911,1180906,2298975,931743,1676627
12,layer4.0.bn3,58829,False,809874,328371,116117,127918,269848,58579,113381,45689,81738
12,layer4.0.downsample.0,2895983,False,36498066,14883580,5294437,5866017,12445778,2717697,5291674,2144995,3860482
12,layer4.0.downsample.1,56715,False,782100,317054,112114,123481,260355,56506,109365,44060,78815
12,layer4.0.add,36092,False,525228,212311,74820,82148,172698,37363,72075,28944,51566
12,layer4.0.relu3,18236,False,298884,119967,41953,45723,95377,20478,39173,15590,27561
12,layer4.1.conv1,1215405,False,15369924,6266624,2228762,2468960,5237422,1143451,2226032,902154,1623368
12,layer4.1.bn1,30036,False,448620,181056,63737,69879,146574,31661,60955,24421,43462
12,layer4.1.relu1,7964,False,171954,68200,23586,25387,51689,10933,20602,8076,14040
12,layer4.1.conv2,3163355,False,39861084,16255156,5782391,6406756,13593196,2968282,5779651,2342820,4216578
12,layer4.1.bn2,30118,False,448404,180960,63655,69770,146422,31623,60891,24407,43437
12,layer4.1.relu2,8339,False,173262,68736,23757,25577,52576,11131,20988,8229,14316
12,layer4.1.conv3,1249766,False,15801138,6442481,2291325,2538290,5384512,1175572,2288581,927522,1669043
12,layer4.1.bn3,58342,False,803088,325586,115143,126807,267477,58065,112382,45280,81008
12,layer4.1.add,38722,False,556080,224873,79321,87149,183339,39681,76598,30777,54886
12,layer4.1.relu3,17531,False,289440,116008,40574,44193,92163,19771,37822,15040,26573
12,layer4.2.conv1,1214180,False,15352494,6259476,2226235,2466149,5231365,1142127,2223450,901123,1621490
12,layer4.2.bn1,28851,False,432396,174436,61346,67222,140985,30434,58568,23469,41751
12,layer4.2.relu1,7852,False,168756,66910,23126,24868,51031,10794,20331,7967,13817
12,layer4.2.conv2,3159631,False,39813576,16235766,5775509,6399133,13577011,2964746,5772730,2340019,4211536
12,layer4.2.bn2,32679,False,479508,193651,68183,74805,157106,33956,65440,26255,46739
12,layer4.2.relu2,8646,False,176772,70189,24245,26114,53790,11396,21508,8428,14667
12,layer4.2.conv3,1246861,False,15765786,6428062,2286229,2532624,5372508,1172956,2283416,925432,1665280
12,layer4.2.bn3,60875,False,834852,338567,119770,131963,278426,60456,117039,47163,84401
12,layer4.2.add,35909,False,521850,210904,74356,81624,171603,37126,71623,28756,51262
12,layer4.2.relu3,16793,False,322698,112273,39253,42734,89041,19094,36467,14508,25608
12,avgpool,80494,False,1083300,439896,155815,171889,363103,78943,153051,61774,110690
12,flatten,8758,False,178206,70764,24498,26373,54355,11520,21750,8543,14884
12,fc,495926,False,6322728,2576772,916057,1014319,2150663,469333,913287,369972,665450
13,conv1,2174887,False,27433878,11186717,3979199,4408609,9353233,2042310,3976413,1611780,2900711
13,bn1,326776,False,4195314,1709126,607369,672279,1424940,310843,604626,244843,440222
13,relu,176029,False,2294286,933798,331532,366606,776277,169177,328674,132964,238838
13,maxpool,10182547,False,128099154,52242445,18585542,20594036,43697926,9542875,18582801,7533293,13559431
13,layer1.0.conv1,255244,False,2995590,1219790,433282,479363,1015581,221428,430515,174255,313163
13,layer1.0.bn1,87519,False,1175340,477424,169153,186667,394429,85782,166364,67152,120382
13,layer1.0.relu1,33985,False,494964,199955,70422,77268,162351,35107,67672,27159,48388
13,layer1.0.conv2,1988761,False,25089444,10230624,3639052,4031695,8553455,1867628,3636283,1473891,2652499
13,layer1.0.bn2,81391,False,1097748,445822,157915,174225,368104,80040,155188,62636,112252
13,layer1.0.relu2,32980,False,485376,195835,68970,75671,158977,34351,66215,26569,47321
13,layer1.0.conv3,854537,False,10827864,4414156,1569738,1738672,3687773,805026,1566994,634995,1142489
13,layer1.0.bn3,321091,False,4122942,1679593,596832,660605,1400169,305437,594105,240566,432520
13,layer1.0.downsample.0,860688,False,10911912,4448427,1581930,1752181,3716435,811288,1579198,639940,1151397
13,layer1.0.downsample.1,327017,False,4196178,1709484,607494,672397,1425166,310887,604727,244871,440263
13,layer1.0.add,453511,False,5789268,2359151,838615,928526,1968699,429590,835882,338594,608972
13,layer1.0.relu3,178896,False,2326944,947112,336244,371842,787371,171605,333497,134929,242375
13,layer1.1.conv1,804772,False,10203864,4159660,1479164,1638320,3474831,758518,1476425,598276,1076375
13,layer1.1.bn1,95706,False,1276932,518840,183909,203022,429145,93370,181134,73154,131168
13,layer1.1.relu1,31740,False,468036,188886,66523,72952,153202,33110,63789,25585,45563
13,layer1.1.conv2,1982650,False,25011144,10198686,3627692,4019120,8526786,1861819,3624963,1469307,2644256
13,layer1.1.bn2,80362,False,1083744,440089,155858,171952,363265,78985,153133,61807,110745
13,layer1.1.relu2,33121,False,486060,196300,69161,75886,159408,34456,66422,26652,47482
13,layer1.1.conv3,850384,False,10774140,4392239,1561908,1730013,3669384,801011,1559171,631822,1136782
13,layer1.1.bn3,321716,False,4130166,1682536,597910,661794,1402674,305978,595158,240999,433294
13,layer1.1.add,452126,False,5771634,2351986,836079,925694,1962691,428280,833321,337559,607107
13,layer1.1.relu3,174280,False,2270880,924245,328126,362845,768351,167451,325411,131647,236465
13,layer1.2.conv1,806524,False,10224132,4167939,1482134,1641618,3481776,760034,1479382,599477,1078558
13,layer1.2.bn1,91313,False,1219002,495226,175503,193713,409448,89070,172765,69766,125086
13,layer1.2.relu1,32077,False,472350,190726,67134,73609,154578,33400,64366,25818,45977
13,layer1.2.conv2,1976608,False,24937254,10168540,3616963,4007230,8501548,1856305,3614219,1464945,2636407
13,layer1.2.bn2,79900,False,1081104,439005,155508,171561,362429,78804,152778,61641,110455
13,layer1.2.relu2,32516,False,477450,192823,67919,74458,156393,33807,65145,26135,46547
13,layer1.2.conv3,851843,False,10792320,4399643,1564535,1732921,3675533,802353,1561799,632887,1138704
13,layer1.2.bn3,320922,False,4123488,1679813,596928,660705,1400373,305475,594186,240612,432593
13,layer1.2.add,450124,False,5745282,2341255,832237,921456,1953686,426316,829516,336012,604318
13,layer1.2.relu3,173603,False,2264418,921523,327160,361761,766011,166938,324408,131237,235730
13,layer2.0.conv1,1594122,False,20128482,8207330,2919235,3234069,6860902,1498005,2916412,1182054,2127197
13,layer2.0.bn1,172408,False,2249802,915650,325043,359429,761060,165857,322306,130388,234185
13,layer2.0.relu1,78565,False,1060248,430460,152439,168127,355108,77198,149647,60393,108206
13,layer2.0.conv2,2129217,False,26856576,10951334,3895464,4315838,9156398,1999317,3892685,1577842,2839613
13,layer2.0.bn2,46749,False,656562,265772,93872,103275,217545,47156,91148,36669,65508
13,layer2.0.relu2,17983,False,294432,118141,41309,45023,93904,20153,38560,15353,27140
13,layer2.0.conv3,842784,False,10678224,4353085,1547996,1714584,3636653,793861,1545225,626165,1126593
13,layer2.0.bn3,169479,False,2366310,963165,341978,378199,800844,174547,339231,128123,230125
13,layer2.0.downsample.0,2305668,False,29075886,11856490,4217475,4672630,9913479,2164667,4214708,1708390,3074568
13,layer2.0.downsample.1,173613,False,2262000,920620,326833,361401,765199,166753,324044,131093,235438
13,layer2.0.add,229826,False,2972214,1210183,429861,475572,1007523,219682,427117,172846,310624
13,layer2.0.relu3,85644,False,1146924,465847,165060,182142,384815,83690,162290,65512,117429
13,layer2.1.conv1,819286,False,10379616,4231319,1504693,1666600,3534836,771619,1501923,608608,1094992
13,layer2.1.bn1,48896,False,685482,277660,98075,107926,227402,49313,95354,38381,68575
13,layer2.1.relu1,17250,False,286128,114787,40155,43748,91125,19548,37375,14872,26239
13,layer2.1.conv2,1921791,False,24241572,9884810,3516024,3895346,8264124,1804454,3513258,1424005,2562705
13,layer2.1.bn2,43273,False,614076,248526,87724,96455,203064,43999,84969,34171,61006
13,layer2.1.relu2,17324,False,285342,114471,40047,43623,90959,19510,37307,14851,26238
13,layer2.1.conv3,848408,False,10748040,4381598,1558157,1725853,3660458,799052,1555342,630259,1133931
13,layer2.1.bn3,171629,False,2240070,911671,323650,357896,757840,165124,320875,129808,233131
13,layer2.1.add,226759,False,2932758,1194163,424121,469206,994021,216735,421372,170541,306477
13,layer2.1.relu3,84046,False,1127598,457975,162243,179016,378283,82257,159510,64383,115392
13,layer2.2.conv1,817980,False,10361574,4223981,1502058,1663688,3528677,770283,1499320,607559,1093076
13,layer2.2.bn1,48673,False,684108,277083,97877,107665,226873,49198,95122,38288,68415
13,layer2.2.relu1,17154,False,283236,113602,39728,43270,90149,19339,36984,14716,25950
13,layer2.2.conv2,1924513,False,24277908,9899659,3521306,3901236,8276627,1807179,3518544,1426153,2566583
13,layer2.2.bn2,44989,False,636594,257705,91006,100083,210735,45662,88232,35493,63392
13,layer2.2.relu2,16999,False,281070,112696,39410,42884,89370,19161,36630,14575,25737
13,layer2.2.conv3,842264,False,10672266,4350707,1547152,1713654,3634604,793408,1544367,625818,1125970
13,layer2.2.bn3,171247,False,2282988,929185,329901,364791,772472,168334,327133,132337,232983
13,layer2.2.add,228511,False,2955018,1203253,427402,472832,1001700,218406,424642,171876,308882
13,layer2.2.relu3,83991,False,1127082,457761,162172,178944,378108,82219,159419,64351,115339
13,layer2.3.conv1,816185,False,10339800,4215091,1498922,1660204,3521275,768662,1496172,606278,1090807
13,layer2.3.bn1,47820,False,671892,272056,96072,105705,222659,48277,93329,37559,67098
13,layer2.3.relu1,17226,False,285102,114353,40006,43567,90814,19484,37230,14804,26151
13,layer2.3.conv2,1917495,False,24190578,9864020,3508632,3887178,8246804,1800676,3505882,1421025,2557346
13,layer2.3.bn2,42528,False,604578,244669,86366,94951,199871,43299,83633,33631,60046
13,layer2.3.relu2,18101,False,296802,119145,41702,45430,94690,20321,38897,15492,27352
13,layer2.3.conv3,846359,False,10724304,4371925,1554691,1722008,3652336,797287,1551921,628880,1131455
13,layer2.3.bn3,170277,False,2223984,905125,321299,355291,752278,163928,318555,128868,231429
13,layer2.3.add,228639,False,2958414,1204628,427892,473365,1002854,218667,425145,172067,309217
13,layer2.3.relu3,83261,False,1117920,454027,160851,177486,375007,81528,158073,63806,114330
13,layer3.0.conv1,1753445,False,22126674,9022293,3209179,3555367,7542717,1646902,3206435,1299632,2338836
13,layer3.0.bn1,85174,False,1142784,464151,164457,181488,383493,83400,161722,65288,117017
13,layer3.0.relu1,32255,False,475620,192062,67658,74204,155828,33675,64891,26034,46367
13,layer3.0.conv2,2189140,False,27612042,11259448,4005053,4437275,9414082,2055600,4002327,1622290,2919616
13,layer3.0.bn2,36221,False,525954,212569,74936,82284,172991,37425,72183,28989,51685
13,layer3.0.relu2,12292,False,222804,88933,30945,33533,69514,14821,28182,11151,19577
13,layer3.0.conv3,971028,False,12293370,5011866,1782389,1974319,4187801,914218,1779645,721203,1297656
13,layer3.0.bn3,91997,False,1231248,500238,177279,195630,413479,89946,174481,70456,126314
13,layer3.0.downsample.0,2223044,False,28038654,11433466,4066952,4505867,9559585,2087364,4064162,1647354,2964734
13,layer3.0.downsample.1,92869,False,1243488,505185,179011,197593,417696,90871,176281,71190,127649
13,layer3.0.add,107508,False,1431294,581798,206262,227809,481770,104868,203531,82232,147516
13,layer3.0.relu3,36687,False,529842,214176,75483,82892,174272,37708,72745,29215,52081
13,layer3.1.conv1,1010194,False,12780486,5210425,1853018,2052583,4353856,950490,1850272,749830,1349199
13,layer3.1.bn1,32664,False,479958,193843,68280,74899,157204,33978,65490,26277,46777
13,layer3.1.relu1,11595,False,213624,85209,29602,32050,66406,14144,26853,10595,18576
13,layer3.1.conv2,2037503,False,25705500,10481864,3728438,4130743,8763551,1913520,3725648,1510120,2717702
13,layer3.1.bn2,32990,False,484008,195485,68831,75509,158620,34290,66090,26516,47207
13,layer3.1.relu2,12188,False,221196,88297,30742,33304,69058,14729,27992,11074,19437
13,layer3.1.conv3,965960,False,12265512,5000482,1778342,1969840,4178219,912134,1775545,719514,1290619
13,layer3.1.bn3,93271,False,1245858,506174,179386,197992,418521,91052,176630,71331,127903
13,layer3.1.add,105815,False,1408914,572705,203071,224262,474261,103224,200334,80939,145183
13,layer3.1.relu3,35593,False,517488,209155,73736,80906,170046,36779,70937,28476,50750
13,layer3.2.conv1,1006074,False,12732816,5191081,1846115,2044936,4337628,946944,1843357,747012,1344126
13,layer3.2.bn1,32742,False,478356,193166,68034,74640,156795,33888,65312,26206,46674
13,layer3.2.relu1,11322,False,210858,84032,29176,31555,65340,13915,26424,10437,18293
13,layer3.2.conv2,2035810,False,25683852,10473065,3725302,4127283,8756259,1911939,3722565,1508872,2715466
13,layer3.2.bn2,33293,False,487770,197005,69404,76150,159961,34565,66616,26730,47618
13,layer3.2.relu2,11782,False,217368,86758,30181,32691,67774,14422,27396,10829,18995
13,layer3.2.conv3,970869,False,12290094,5010532,1781873,1973754,4186608,913961,1779137,720984,1297263
13,layer3.2.bn3,92081,False,1232586,500769,177473,195900,414016,90070,174712,70554,126469
13,layer3.2.add,94515,False,1362642,553826,196355,216832,458418,99760,193589,78193,136110
13,layer3.2.relu3,35451,False,515982,208397,73460,80656,169558,36670,70733,28400,50626
13,layer3.3.conv1,1006376,False,12737748,5193073,1846852,2045741,4339232,947300,1844040,747307,1344635
13,layer3.3.bn1,32221,False,473682,191265,67363,73880,155175,33537,64630,25925,46164
13,layer3.3.relu1,10572,False,201090,80112,27829,30074,62227,13235,25093,9895,17298
13,layer3.3.conv2,2033497,False,25653552,10460709,3720921,4122407,8745912,1909675,3718153,1507073,2712220
13,layer3.3.bn2,32806,False,481362,194402,68475,75131,157830,34109,65738,26377,46981
13,layer3.3.relu2,11884,False,216918,86550,30106,32584,67553,14404,27370,10821,18982
13,layer3.3.conv3,971176,False,12292944,5011657,1782301,1974230,4187593,914182,1779542,721156,1297584
13,layer3.3.bn3,92412,False,1234728,501657,177786,196254,414836,90239,175037,70676,126713
13,layer3.3.add,105545,False,1405776,571405,202577,223722,473084,102949,199795,80718,144797
13,layer3.3.relu3,40853,False,583530,236083,83297,91513,192554,41703,80526,32349,57738
13,layer3.4.conv1,1020788,False,12912750,5264460,1872248,2073869,4399042,960350,1869475,757614,1363212
13,layer3.4.bn1,32140,False,473088,191035,67260,73745,154837,33466,64479,25863,46062
13,layer3.4.relu1,10367,False,199062,79273,27491,29708,61420,13060,24732,9750,17048
13,layer3.4.conv2,2030366,False,25617036,10445821,3715621,4116518,8733453,1906956,3712856,1504936,2708372
13,layer3.4.bn2,32050,False,471894,190545,67104,73566,154477,33381,64325,25795,45933
13,layer3.4.relu2,12115,False,220908,88182,30690,33222,68844,14675,27887,11029,19352
13,layer3.4.conv3,964135,False,12204978,4975768,1769512,1960063,4157526,907614,1766776,715966,1288231
13,layer3.4.bn3,93328,False,1248942,507422,179820,198509,419559,91279,177079,71513,128213
13,layer3.4.add,94350,False,1262424,512904,181773,200632,424120,92274,179016,72296,129615
13,layer3.4.relu3,35837,False,522690,211037,74354,81637,171539,37110,71591,28749,51225
13,layer3.5.conv1,1009404,False,12773622,5207723,1852035,2051510,4351604,950001,1849320,749443,1348475
13,layer3.5.bn1,31786,False,468774,189260,66656,73100,153529,33177,63888,25624,45623
13,layer3.5.relu1,10675,False,202188,80552,27976,30244,62554,13292,25192,9940,17386
13,layer3.5.conv2,2031723,False,25631550,10451713,3717706,4118864,8738377,1908027,3714939,1505783,2709896
13,layer3.5.bn2,32683,False,479766,193739,68233,74845,157229,33984,65446,26256,46765
13,layer3.5.relu2,11984,False,219534,87624,30490,33029,68490,14604,27758,10975,19260
13,layer3.5.conv3,970011,False,12277794,5005491,1780119,1971775,4182420,913050,1777363,720278,1296006
13,layer3.5.bn3,93818,False,1252098,508724,180317,199024,420715,91532,177567,71704,128553
13,layer3.5.add,106003,False,1411374,573672,203404,224638,475059,103395,200660,81069,145427
13,layer3.5.relu3,36042,False,522924,211343,74467,81745,171832,37172,71700,28792,51327
13,layer4.0.conv1,1967778,False,24825228,10122873,3600719,3989213,8463319,1847952,3597961,1458358,2624549
13,layer4.0.bn1,49860,False,698046,282795,99896,109936,231668,50237,97136,39088,69856
13,layer4.0.relu1,17792,False,290418,116524,40739,44394,92590,19869,38011,15133,26741
13,layer4.0.conv2,3415926,False,43037040,17550438,6243228,6917384,14676753,3204909,6240461,2529631,4552838
13,layer4.0.bn2,31420,False,464118,187369,65958,72290,151791,32785,63159,25316,45059
13,layer4.0.relu2,9039,False,181986,72298,25037,26978,55643,11797,22291,8761,15270
13,layer4.0.conv3,1249807,False,15797976,6441197,2290869,2537777,5383433,1175342,2288143,927335,1668708
13,layer4.0.bn3,58483,False,804408,326066,115320,127038,267946,58163,112585,45364,81150
13,layer4.0.downsample.0,2884692,False,36356472,14825787,5273873,5843264,12397514,2707147,5271131,2136664,3845490
13,layer4.0.downsample.1,56875,False,783606,317673,112342,123722,260935,56635,109603,44158,78982
13,layer4.0.add,35899,False,520848,210494,74200,81471,171273,37045,71457,28678,51104
13,layer4.0.relu3,17622,False,289974,116353,40715,44363,92508,19851,37933,15104,26693
13,layer4.1.conv1,1212122,False,15327720,6249392,2222666,2462207,5223065,1140317,2219925,899690,1618942
13,layer4.1.bn1,31191,False,460674,185972,65451,71770,150705,32558,62728,25154,44777
13,layer4.1.relu1,8263,False,172902,68579,23697,25504,52497,11108,20915,8202,14259
13,layer4.1.conv2,3156704,False,39776304,16220569,5770096,6393130,13564301,2961967,5767362,2337839,4207613
13,layer4.1.bn2,29883,False,444216,179267,63087,69154,145055,31326,60330,24172,43010
13,layer4.1.relu2,8511,False,175164,69518,24044,25867,53267,11286,21235,8328,14493
13,layer4.1.conv3,1245267,False,15741912,6418317,2282747,2528773,5364320,1171166,2280012,924047,1662787
13,layer4.1.bn3,58130,False,800784,324680,114824,126483,266793,57905,112029,45136,80745
13,layer4.1.add,38311,False,551808,223137,78706,86422,181776,39348,75944,30507,54409
13,layer4.1.relu3,16968,False,283176,113575,39728,43270,90124,19335,36973,14714,25966
13,layer4.2.conv1,1210839,False,15311448,6242658,2220266,2459544,5217408,1139083,2217540,898716,1617191
13,layer4.2.bn1,31235,False,462186,186480,65662,72012,151196,32665,62922,25233,44926
13,layer4.2.relu1,7935,False,167712,66476,22933,24658,50717,10722,20112,7876,13678
13,layer4.2.conv2,3152019,False,39718992,16197200,5761770,6383920,13544752,2957694,5759030,2334465,4201526
13,layer4.2.bn2,30969,False,503508,203439,71690,78683,165353,35762,68947,27668,49311
13,layer4.2.relu2,8677,False,176610,70130,24272,26132,53821,11403,21496,8441,14693
13,layer4.2.conv3,1238759,False,15662574,6385897,2271209,2515992,5337217,1165250,2268467,919374,1654376
13,layer4.2.bn3,61288,False,840954,341049,120625,132915,280417,60887,117878,47496,84994
13,layer4.2.add,35522,False,516882,208901,73616,80825,169882,36748,70881,28459,50726
13,layer4.2.relu3,17350,False,286464,114831,40175,43754,91245,19574,37427,14883,26273
13,avgpool,80392,False,1084386,440323,155939,172049,363500,79020,153200,61814,110764
13,flatten,8773,False,177612,70460,24345,26208,54009,11435,21589,8475,14736
13,fc,503845,False,6421770,2617171,930411,1030217,2184396,476702,927638,375794,675922
14,conv1,2172551,False,27407790,11176146,3975406,4404419,9344334,2040366,3972660,1610256,2897930
14,bn1,333157,False,4276818,1742338,619147,685335,1452605,316878,616381,249603,448790
14,relu,175863,False,2293224,933340,331379,366421,775854,169074,328557,132913,238746
14,maxpool,10455358,False,131522934,53638798,19082353,21144553,44866086,9797992,19079609,7734702,13921972
14,layer1.0.conv1,264889,False,3002364,1222494,434178,480355,1017656,221896,431428,174627,313805
14,layer1.0.bn1,88269,False,1185636,481640,170636,188320,397936,86556,167873,67779,121505
14,layer1.0.relu1,33698,False,491994,198755,70009,76828,161437,34906,67293,27004,48105
14,layer1.0.conv2,1989374,False,25099560,10234757,3640529,4033327,8556923,1868395,3637739,1474480,2653561
14,layer1.0.bn2,81252,False,1096458,445110,157657,173951,367523,79917,154951,62540,112079
14,layer1.0.relu2,32233,False,474840,191737,67532,74073,155542,33579,64698,25949,46201
14,layer1.0.conv3,856281,False,10850694,4423448,1573043,1742350,3695588,806727,1570293,636316,1144855
14,layer1.0.bn3,319741,False,4108350,1673563,594698,658230,1395136,304325,591953,239669,430908
14,layer1.0.downsample.0,868518,False,11006304,4486927,1595600,1767331,3748582,818307,1592854,645472,1161326
14,layer1.0.downsample.1,327696,False,4206984,1713866,609019,674108,1428826,311688,606286,245515,441430
14,layer1.0.add,452473,False,5774532,2353072,836473,926152,1963658,428489,833739,337719,607394
14,layer1.0.relu3,175945,False,2292870,933225,331322,366367,775809,169079,328581,132931,238778
14,layer1.1.conv1,810072,False,10269162,4186296,1488673,1648813,3497113,763388,1485908,602106,1083293
14,layer1.1.bn1,93055,False,1243338,505159,179034,197645,417764,90889,176268,71183,127620
14,layer1.1.relu1,36030,False,521292,210692,74281,81538,171439,37092,71553,28729,51215
14,layer1.1.conv2,1978374,False,24962268,10178789,3620609,4011260,8510055,1858159,3617801,1466395,2639018
14,layer1.1.bn2,80519,False,1086390,441160,156270,172412,364256,79196,153538,61972,111056
14,layer1.1.relu2,32421,False,479208,193435,68136,74746,156995,33928,65392,26211,46686
14,layer1.1.conv3,852645,False,10805280,4404906,1566419,1735001,3679943,803313,1563663,633640,1140023
14,layer1.1.bn3,323240,False,4150482,1690807,600836,665031,1409551,307486,598077,242188,435431
14,layer1.1.add,450346,False,5747202,2342019,832537,921759,1954323,426451,829776,336122,604482
14,layer1.1.relu3,173163,False,2257704,918880,326207,360718,763833,166451,323459,130857,235040
14,layer1.2.conv1,808907,False,10255176,4180597,1486639,1646565,3492307,762342,1483883,601301,1081819
14,layer1.2.bn1,92284,False,1233084,500994,177558,195967,414206,90103,174778,70582,126519
14,layer1.2.relu1,32135,False,473364,191137,67317,73839,155040,33495,64526,25868,46058
14,layer1.2.conv2,1976519,False,24935124,10167705,3616665,4006906,8500852,1856157,3613945,1464839,2636218
14,layer1.2.bn2,78779,False,1063578,431866,152966,168749,356409,77483,150212,60620,108594
14,layer1.2.relu2,32438,False,479868,193792,68217,74835,157180,33977,65474,26264,46758
14,layer1.2.conv3,851090,False,10784964,4396648,1563493,1731768,3673048,801810,1560731,632445,1137902
14,layer1.2.bn3,321061,False,4120482,1678560,596502,660209,1399320,305247,593750,240436,432274
14,layer1.2.add,454686,False,5803236,2364850,840626,930751,1973412,430623,837892,339396,610408
14,layer1.2.relu3,173894,False,2267856,922992,327680,362342,767240,167209,324902,131436,236088
14,layer2.0.conv1,1594485,False,20133060,8209202,2919898,3234803,6862455,1498335,2917131,1182341,2127721
14,layer2.0.bn1,171969,False,2240556,911872,323734,357982,758024,165192,321010,129867,233264
14,layer2.0.relu1,78371,False,1056216,428859,151860,167529,353895,76940,149155,60182,107800
14,layer2.0.conv2,2132891,False,26902452,10970057,3902125,4323232,9172087,2002751,3899410,1580567,2844528
14,layer2.0.bn2,43602,False,617664,249967,88245,96984,204173,44230,85440,34361,61346
14,layer2.0.relu2,18225,False,298146,119681,41895,45669,95270,20451,39140,15570,27522
14,layer2.0.conv3,846626,False,10728228,4373510,1555278,1722663,3653818,797604,1552432,629090,1131856
14,layer2.0.bn3,173811,False,2264328,921543,327143,361765,766050,166935,324397,131238,235701
14,layer2.0.downsample.0,2302788,False,29041680,11842512,4212505,4667151,9901881,2162126,4209768,1706380,3070989
14,layer2.0.downsample.1,173258,False,2260176,919859,326576,361079,764601,166629,323810,131000,235283
14,layer2.0.add,226656,False,2933094,1194345,424234,469339,994312,216780,421472,170591,306573
14,layer2.0.relu3,89953,False,1202532,488519,173127,191080,403872,87828,170325,68775,123298
14,layer2.1.conv1,814838,False,10324884,4209010,1496720,1657774,3516115,767536,1493984,605381,1089183
14,layer2.1.bn1,49459,False,740580,300139,106068,116776,246189,53417,103341,41616,74384
14,layer2.1.relu1,17117,False,283638,113727,39747,43290,90228,19357,36997,14715,25991
14,layer2.1.conv2,1920375,False,24228498,9879506,3514130,3893263,8259706,1803493,3511383,1423254,2561351
14,layer2.1.bn2,42657,False,605310,244963,86450,95034,200057,43344,83725,33669,60111
14,layer2.1.relu2,17220,False,284862,114167,39932,43499,90670,19441,37171,14789,26111
14,layer2.1.conv3,847790,False,10743210,4379626,1557457,1725078,3658945,798725,1554728,630021,1133547
14,layer2.1.bn3,168290,False,2195526,893522,317203,350707,742574,161821,314442,127202,228467
14,layer2.1.add,225853,False,2919672,1188820,422219,467111,989586,215767,419505,169792,305102
14,layer2.1.relu3,83811,False,1124076,456428,161695,178426,377015,81978,158955,64162,114995
14,layer2.2.conv1,814197,False,10317714,4206093,1495684,1656629,3513658,766997,1492943,604971,1088438
14,layer2.2.bn1,47179,False,664050,268910,94989,104498,220063,47709,92215,37103,66277
14,layer2.2.relu1,16820,False,281124,112731,39399,42911,89450,19185,36663,14582,25739
14,layer2.2.conv2,1915835,False,24169692,9855512,3505608,3883832,8239684,1799124,3502864,1419800,2555143
14,layer2.2.bn2,42098,False,600780,243115,85781,94299,198509,43001,83039,33388,59574
14,layer2.2.relu2,17418,False,288324,115662,40468,44078,91917,19722,37728,15020,26523
14,layer2.2.conv3,844856,False,10704876,4363965,1551873,1718887,3645728,795842,1549118,627745,1129445
14,layer2.2.bn3,173723,False,2264190,921482,327139,361713,765934,166917,324367,131223,235701
14,layer2.2.add,228348,False,2957724,1204369,427796,473291,1002707,218611,425028,172034,309164
14,layer2.2.relu3,84199,False,1129596,458745,162496,179309,378884,82393,159767,64480,115565
14,layer2.3.conv1,816780,False,10346508,4217829,1499887,1661259,3523514,769155,1497145,606676,1091524
14,layer2.3.bn1,47670,False,670536,271538,95915,105532,222336,48208,93185,37497,67000
14,layer2.3.relu1,17835,False,293454,117769,41211,44911,93671,20101,38451,15308,27049
14,layer2.3.conv2,1916483,False,24176814,9858410,3506639,3884986,8242077,1799642,3503884,1420219,2555887
14,layer2.3.bn2,41465,False,590802,239000,84316,92673,195050,42247,81591,32799,58542
14,layer2.3.relu2,17210,False,284304,114045,39888,43431,90527,19421,37132,14777,26101
14,layer2.3.conv3,847702,False,10744830,4380203,1557666,1725309,3659414,798834,1554941,630103,1133686
14,layer2.3.bn3,169861,False,2216280,901949,320183,354034,749642,163364,317432,128413,230638
14,layer2.3.add,229161,False,2964846,1207264,428829,474433,1005130,219152,426089,172460,309925
14,layer2.3.relu3,83134,False,1116522,453347,160610,177220,374454,81431,157878,63726,114211
14,layer3.0.conv1,1728806,False,21817710,8896282,3164345,3505677,7437278,1623863,3161571,1281437,2306093
14,layer3.0.bn1,87439,False,1172124,476127,168709,186161,393404,85566,165949,66998,120101
14,layer3.0.relu1,32010,False,471468,190372,67041,73539,154392,33370,64232,25766,45879
14,layer3.0.conv2,2197583,False,27719304,11303217,4020653,4454569,9450736,2063605,4017891,1628591,2930968
14,layer3.0.bn2,36424,False,526698,212907,75063,82424,173286,37488,72309,29027,51747
14,layer3.0.relu2,11946,False,218862,87335,30396,32925,68236,14550,27640,10929,19179
14,layer3.0.conv3,971181,False,12291546,5011112,1782064,1973940,4187005,914055,1779314,721065,1297421
14,layer3.0.bn3,91019,False,1217298,494540,175263,193446,408871,88918,172477,69647,124864
14,layer3.0.downsample.0,2217996,False,27977082,11408337,4058061,4496022,9538725,2082818,4055321,1643768,2958284
14,layer3.0.downsample.1,91761,False,1226556,498329,176572,194909,411950,89616,173833,70189,125839
14,layer3.0.add,107655,False,1431660,581965,206361,227920,481984,104910,203622,82275,147573
14,layer3.0.relu3,37909,False,546258,220876,77900,85564,179959,38952,75173,30189,53840
14,layer3.1.conv1,1021376,False,12923736,5268845,1873812,2075608,4402736,961159,1871017,758238,1364332
14,layer3.1.bn1,32952,False,482844,194999,68679,75351,158260,34216,65945,26455,47126
14,layer3.1.relu1,11082,False,208758,83219,28928,31249,64701,13770,26132,10318,18036
14,layer3.1.conv2,2039292,False,25729338,10491601,3731906,4134602,8771817,1915334,3729169,1511547,2720283
14,layer3.1.bn2,33605,False,491262,198447,69915,76723,161204,34859,67169,26955,48027
14,layer3.1.relu2,11646,False,214578,85620,29775,32244,66822,14241,27052,10692,18732
14,layer3.1.conv3,975463,False,12348954,5034500,1790439,1983246,4206745,918360,1787703,724469,1303539
14,layer3.1.bn3,94014,False,1254798,509852,180676,199444,421610,91729,177957,71866,128850
14,layer3.1.add,105589,False,1407588,572178,202845,224007,473741,103109,200114,80848,145030
14,layer3.1.relu3,36079,False,524334,211942,74712,82020,172436,37308,71967,28899,51526
14,layer3.2.conv1,1008053,False,12758046,5201373,1849797,2049023,4346326,948819,1847003,748502,1346798
14,layer3.2.bn1,32643,False,479526,193658,68178,74788,157094,33957,65438,26230,46718
14,layer3.2.relu1,11465,False,212928,84895,29526,31970,66168,14086,26753,10569,18497
14,layer3.2.conv2,2039775,False,25736130,10494395,3732884,4135675,8774096,1915833,3730151,1511948,2721003
14,layer3.2.bn2,33461,False,489648,197747,69632,76397,160504,34702,66887,26839,47811
14,layer3.2.relu2,12147,False,221628,88483,30800,33375,69215,14732,27999,11076,19442
14,layer3.2.conv3,970749,False,12287424,5009357,1781495,1973308,4185635,913729,1778686,720813,1296970
14,layer3.2.bn3,92296,False,1233120,501013,177564,195995,414303,90102,174779,70577,126535
14,layer3.2.add,94139,False,1260492,512179,181537,200403,423657,92173,178815,72217,129492
14,layer3.2.relu3,35556,False,516444,208686,73565,80766,169787,36712,70810,28434,50679
14,layer3.3.conv1,1005366,False,12721884,5186561,1844506,2043160,4333894,946122,1841771,746383,1342984
14,layer3.3.bn1,32079,False,471828,190538,67085,73525,154410,33373,64313,25785,45914
14,layer3.3.relu1,10766,False,204396,81458,28293,30590,63326,13484,25542,10073,17632
14,layer3.3.conv2,2038057,False,25714098,10485314,3729672,4132135,8766601,1914192,3726964,1510651,2718678
14,layer3.3.bn2,32427,False,476790,192554,67793,74358,156180,33760,65060,26094,46469
14,layer3.3.relu2,11703,False,216450,86369,30048,32544,67412,14370,27291,10785,18910
14,layer3.3.conv3,968481,False,12259320,4997968,1777435,1968794,4176086,911664,1774664,719177,1293995
14,layer3.3.bn3,93222,False,1244292,505565,179147,197761,417991,90936,176390,71236,127705
14,layer3.3.add,105806,False,1407870,572271,202868,224026,473778,103121,200140,80862,145058
14,layer3.3.relu3,36447,False,526146,212635,74948,82301,172992,37416,72143,28972,51645
14,layer3.4.conv1,1014266,False,12833832,5232265,1860797,2061162,4372053,954461,1858007,752970,1354835
14,layer3.4.bn1,33311,False,525396,212263,74838,82182,172750,34657,66813,26812,47767
14,layer3.4.relu1,10611,False,201654,80344,27906,30116,62310,13255,25127,9911,17337
14,layer3.4.conv2,2034767,False,25668984,10466996,3723156,4124905,8751218,1910835,3720406,1507999,2713899
14,layer3.4.bn2,32978,False,481878,194590,68533,75173,157912,34134,65787,26395,47015
14,layer3.4.relu2,11501,False,213222,85065,29566,31980,66230,14117,26802,10577,18539
14,layer3.4.conv3,970165,False,12280512,5006614,1780516,1972247,4183406,913252,1777759,720440,1296289
14,layer3.4.bn3,92900,False,1241862,504586,178783,197342,417162,90757,176058,71100,127459
14,layer3.4.add,93832,False,1256076,510334,180876,199683,422106,91834,178133,71941,128996
14,layer3.4.relu3,36164,False,525306,212331,74855,82191,172813,37392,72098,28948,51603
14,layer3.5.conv1,1005659,False,12724212,5187574,1844904,2043602,4334834,946332,1842173,746552,1343298
14,layer3.5.bn1,31275,False,461538,186270,65590,71925,151037,32637,62833,25197,44852
14,layer3.5.relu1,10907,False,204792,81595,28342,30639,63332,13478,25571,10090,17640
14,layer3.5.conv2,2033500,False,25653696,10460773,3720938,4122437,8746007,1909698,3718202,1507105,2712294
14,layer3.5.bn2,33002,False,482934,195035,68677,75335,158236,34201,65921,26450,47116
14,layer3.5.relu2,12838,False,229884,91809,31986,34654,71942,15363,29237,11571,20334
14,layer3.5.conv3,971755,False,12298026,5013747,1783061,1975068,4189380,914555,1780296,721463,1298120
14,layer3.5.bn3,94068,False,1256178,510386,180891,199703,422079,91825,178145,71942,128977
14,layer3.5.add,106076,False,1412382,574102,203558,224802,475425,103475,200822,81129,145537
14,layer3.5.relu3,36591,False,531174,214727,75708,83103,174731,37809,72945,29286,52218
14,layer4.0.conv1,1961485,False,24745992,10090535,3589219,3976485,8436304,1842044,3586455,1453694,2616152
14,layer4.0.bn1,50087,False,702162,284444,100472,110573,233029,50543,97709,39337,70316
14,layer4.0.relu1,17731,False,291240,116825,40880,44548,92929,19939,38154,15194,26852
14,layer4.0.conv2,3429198,False,43201344,17617461,6267070,6943837,14732859,3217162,6264320,2539312,4570261
14,layer4.0.bn2,31413,False,462774,186730,65749,72101,151404,32717,63033,25281,45011
14,layer4.0.relu2,9400,False,186768,74278,25755,27791,57291,12154,22957,9030,15759
14,layer4.0.conv3,1251628,False,15822180,6451064,2294406,2541695,5391661,1177130,2291624,928760,1671268
14,layer4.0.bn3,58250,False,803454,325794,115215,126918,267720,58106,112454,45306,81055
14,layer4.0.downsample.0,2901024,False,36564618,14910712,5304091,5876744,12468542,2722657,5301305,2148893,3867510
14,layer4.0.downsample.1,57922,False,797400,323290,114294,125876,265500,57632,111555,44936,80381
14,layer4.0.add,36050,False,525084,212221,74821,82141,172694,37335,72015,28915,51548
14,layer4.0.relu3,17864,False,293376,117699,41198,44861,93585,20090,38441,15303,27051
14,layer4.1.conv1,1212545,False,15375576,6251102,2223256,2462837,5224401,1140591,2220463,899907,1619331
14,layer4.1.bn1,29307,False,435228,175587,61785,67716,142074,30681,59056,23660,42094
14,layer4.1.relu1,8909,False,179106,71134,24614,26515,54654,11588,21887,8601,14989
14,layer4.1.conv2,3162977,False,39856998,16253470,5781796,6406100,13591752,2967961,5779028,2342571,4216129
14,layer4.1.bn2,30165,False,447054,180397,63497,69614,146139,31550,60763,24357,43343
14,layer4.1.relu2,8732,False,178230,70681,24452,26330,54251,11496,21705,8483,14772
14,layer4.1.conv3,1251575,False,15820548,6450396,2294168,2541396,5391110,1177018,2291416,928671,1671097
14,layer4.1.bn3,60968,False,835548,338815,119828,132028,278549,60478,117092,47191,84444
14,layer4.1.add,38247,False,551532,223015,78663,86412,181769,39346,75870,30480,54363
14,layer4.1.relu3,17960,False,293496,117789,41188,44880,93629,20091,38446,15308,27064
14,layer4.2.conv1,1208962,False,15285324,6232094,2216476,2455345,5208531,1137142,2213750,897192,1614452
14,layer4.2.bn1,29459,False,438366,176876,62247,68229,143176,30921,59542,23864,42462
14,layer4.2.relu1,7911,False,168780,66927,23093,24829,51062,10804,20361,7980,13838
14,layer4.2.conv2,3162822,False,39854226,16252344,5781407,6405658,13590821,2967760,5778629,2342405,4215833
14,layer4.2.bn2,30786,False,454314,183377,64529,70748,148496,32079,61798,24779,44101
14,layer4.2.relu2,8793,False,219750,87710,30528,33078,68569,14626,22144,8694,15147
14,layer4.2.conv3,1245728,False,15746592,6420206,2283390,2529495,5365838,1171495,2280622,924301,1663249
14,layer4.2.bn3,60082,False,825624,334772,118420,130431,275158,59734,115640,46589,83350
14,layer4.2.add,35843,False,521088,210609,74250,81487,171327,37068,71498,28708,51150
14,layer4.2.relu3,17273,False,286902,115091,40250,43797,91319,19596,37482,14916,26354
14,avgpool,79160,False,1067508,433440,153485,169313,357661,77758,150741,60798,108941
14,flatten,8917,False,180516,71704,24826,26751,55162,11696,22068,8669,15110
14,fc,504216,False,6425808,2618820,931000,1030880,2185862,477022,928255,376046,676387
15,conv1,2173509,False,27417690,11180215,3976861,4406037,9347798,2041115,3974125,1610854,2899033
15,bn1,329478,False,4232568,1724298,612746,678205,1437522,313588,609989,247018,444140
15,relu,176126,False,2339298,952099,337996,366630,776337,169189,328792,133017,238906
15,maxpool,10136771,False,127524564,52008107,18502208,20501689,43501989,9500087,18499482,7499508,13498619
15,layer1.0.conv1,266315,False,2955114,1203090,427298,472725,1001489,218366,424529,171829,308797
15,layer1.0.bn1,88030,False,1181196,479795,170020,187644,396575,86259,167254,67528,121053
15,layer1.0.relu1,32930,False,480840,194204,68414,75061,157685,34089,65700,26360,46948
15,layer1.0.conv2,1999140,False,25273422,10305680,3665729,4061248,8616132,1881332,3662962,1481970,2667047
15,layer1.0.bn2,81896,False,1103796,448233,158743,175134,370026,80462,156002,62963,112835
15,layer1.0.relu2,32689,False,480882,194122,68383,75023,157607,34063,65662,26344,46929
15,layer1.0.conv3,858075,False,10874436,4433135,1576457,1746123,3703596,808479,1573719,637718,1147384
15,layer1.0.bn3,318854,False,4098354,1669569,593268,656656,1391792,303608,590551,239141,429960
15,layer1.0.downsample.0,866737,False,10981836,4476930,1592060,1763410,3740265,816487,1589326,644044,1158787
15,layer1.0.downsample.1,324371,False,4166166,1697202,603133,667573,1414953,308655,600381,243118,437122
15,layer1.0.add,456125,False,5825544,2373985,843912,934375,1981084,432304,841162,340736,612832
15,layer1.0.relu3,175356,False,2285496,930208,330254,365197,773294,168504,327437,132463,237932
15,layer1.1.conv1,808594,False,10250814,4178798,1485999,1645898,3490819,762016,1483235,601030,1081353
15,layer1.1.bn1,93789,False,1251306,508415,180176,198867,420351,91444,177382,71623,128425
15,layer1.1.relu1,31763,False,469086,189390,66703,73153,153631,33201,63975,25660,45676
15,layer1.1.conv2,1985550,False,25052226,10215340,3633621,4025671,8540642,1864846,3630867,1471695,2648559
15,layer1.1.bn2,79849,False,1077522,437534,154965,170957,361142,78514,152202,61423,110060
15,layer1.1.relu2,32332,False,476838,192534,67793,74368,156200,33758,65021,26086,46452
15,layer1.1.conv3,850921,False,10783098,4395909,1563239,1731479,3672473,801683,1560491,632357,1137743
15,layer1.1.bn3,323756,False,4159338,1694448,602150,666495,1412649,308160,599417,242628,436237
15,layer1.1.add,447109,False,5709612,2326697,827089,915706,1941453,423640,824304,333904,600499
15,layer1.1.relu3,174039,False,2268222,923165,327755,362427,767459,167255,325022,131493,236185
15,layer1.2.conv1,806712,False,10229124,4169920,1482840,1642398,3483487,760406,1480098,599756,1079056
15,layer1.2.bn1,92347,False,1234008,501366,177664,196082,414429,90156,174876,70600,126577
15,layer1.2.relu1,32381,False,474840,191732,67516,74065,155478,33606,64768,25982,46246
15,layer1.2.conv2,1985814,False,25050102,10214606,3633359,4025358,8540012,1864710,3630585,1471567,2648321
15,layer1.2.bn2,80188,False,1084266,440270,155921,172022,363429,79015,153189,61828,110767
15,layer1.2.relu2,32389,False,476784,192552,67787,74354,156145,33753,65043,26079,46448
15,layer1.2.conv3,853296,False,10811286,4407391,1567338,1736023,3682131,803795,1564590,634018,1140738
15,layer1.2.bn3,320400,False,4115910,1676746,595847,659513,1397832,304922,593115,240177,431823
15,layer1.2.add,454782,False,5804796,2365528,840870,931021,1973973,430747,838144,339512,610624
15,layer1.2.relu3,174084,False,2268816,923401,327830,362523,767664,167284,325081,131510,236191
15,layer2.0.conv1,1587211,False,20040990,8171662,2906513,3219982,6831048,1491485,2903795,1176939,2117981
15,layer2.0.bn1,176778,False,2302992,937346,332781,367989,779221,169802,329975,133483,239776
15,layer2.0.relu1,77791,False,1049256,426018,150848,166388,351410,76393,148054,59740,107034
15,layer2.0.conv2,2134541,False,26925300,10979371,3905423,4326875,9179802,2004439,3902697,1581901,2846923
15,layer2.0.bn2,43644,False,617778,250030,88263,97043,204294,44265,85510,34392,61403
15,layer2.0.relu2,18073,False,296616,119030,41659,45407,94746,20341,38847,15475,27360
15,layer2.0.conv3,846712,False,10727016,4373021,1555071,1722430,3653316,797502,1552350,629044,1131775
15,layer2.0.bn3,168430,False,2196348,893806,317308,350855,742808,161871,314546,127244,228543
15,layer2.0.downsample.0,2307454,False,29098542,11865712,4220771,4676275,9921220,2166355,4218011,1709726,3076983
15,layer2.0.downsample.1,173139,False,2256948,918545,326089,360593,763520,166393,323338,130801,234940
15,layer2.0.add,226451,False,2932878,1194240,424180,469273,994175,216755,421386,170559,306505
15,layer2.0.relu3,86174,False,1155828,469380,166310,183534,387850,84346,163568,66037,118361
15,layer2.1.conv1,821128,False,10404900,4241632,1508346,1670653,3543434,773501,1505598,610097,1097672
15,layer2.1.bn1,49503,False,692676,280575,99141,109078,229854,49847,96379,38799,69335
15,layer2.1.relu1,16928,False,279966,112251,39255,42731,89039,19090,36494,14514,25624
15,layer2.1.conv2,1919391,False,24214086,9873603,3511998,3890922,8254726,1802408,3509276,1422405,2559830
15,layer2.1.bn2,41730,False,593610,240182,84753,93121,195975,42449,81974,32953,58815
15,layer2.1.relu2,17652,False,292002,117183,41012,44686,93217,20007,38273,15242,26934
15,layer2.1.conv3,849195,False,10760448,4386642,1559934,1727823,3664727,799986,1557171,631008,1135323
15,layer2.1.bn3,175114,False,2280234,928076,329505,364366,771573,168140,326750,132189,237445
15,layer2.1.add,226044,False,2923452,1190374,422808,467756,990930,216061,420050,170008,305520
15,layer2.1.relu3,84249,False,1132254,459829,162910,179770,379786,82590,160156,64653,115857
15,layer2.2.conv1,816644,False,10346364,4217761,1499867,1661243,3523448,769134,1497087,606648,1091464
15,layer2.2.bn1,47390,False,665094,269328,95143,104673,220513,47807,92413,37188,66444
15,layer2.2.relu1,17529,False,288552,115651,40471,44095,91968,19730,37729,15020,26539
15,layer2.2.conv2,1919248,False,24213984,9873569,3512028,3890939,8254743,1802405,3509240,1422382,2559793
15,layer2.2.bn2,42280,False,603222,244111,86133,94695,199355,43181,83399,33533,59856
15,layer2.2.relu2,18098,False,295740,118699,41536,45267,94457,20279,38770,15439,27286
15,layer2.2.conv3,848133,False,10744452,4380132,1557642,1725274,3659349,798815,1554892,630082,1133650
15,layer2.2.bn3,173483,False,5349264,2179752,774800,857801,1818580,396807,772050,312719,562399
15,layer2.2.add,229824,False,3116460,1269118,450841,498835,1056777,230436,448068,172990,310869
15,layer2.2.relu3,85105,False,1141662,463683,164279,181272,383043,83287,161504,65194,116845
15,layer2.3.conv1,819652,False,10386084,4233975,1505630,1667647,3537050,772109,1502895,609001,1095707
15,layer2.3.bn1,49265,False,690096,279518,98759,108645,228938,49649,95984,38636,69041
15,layer2.3.relu1,17091,False,283050,113529,39696,43229,90127,19327,36913,14689,25940
15,layer2.3.conv2,1921815,False,24252210,9889203,3517583,3897112,8267886,1805274,3514816,1424651,2563864
15,layer2.3.bn2,42868,False,610590,247123,87223,95896,201863,43734,84480,33977,60656
15,layer2.3.relu2,17495,False,288222,115641,40459,44079,91937,19714,37704,15013,26522
15,layer2.3.conv3,847266,False,10732332,4375178,1555829,1723274,3655104,797886,1553102,629362,1132348
15,layer2.3.bn3,169900,False,2217876,902612,320397,354288,750174,163482,317655,128501,230810
15,layer2.3.add,225858,False,2921490,1189567,422530,467419,990236,215903,419765,169882,305289
15,layer2.3.relu3,82835,False,1216116,494066,175073,193245,408453,88849,172324,69580,124739
15,layer3.0.conv1,1741527,False,21979584,8962287,3187829,3531705,7492489,1635942,3185100,1290979,2323264
15,layer3.0.bn1,87598,False,1175328,477377,169095,186625,394372,85771,166345,67160,120388
15,layer3.0.relu1,32407,False,477048,192640,67841,74421,156305,33784,65101,26100,46483
15,layer3.0.conv2,2189814,False,27622326,11263660,4006548,4438937,9417574,2056361,4003808,1622886,2920698
15,layer3.0.bn2,36081,False,522888,211333,74493,81800,171978,37207,71765,28818,51380
15,layer3.0.relu2,11582,False,213552,85192,29595,32037,66358,14139,26852,10597,18565
15,layer3.0.conv3,969488,False,12270642,5002586,1779061,1970632,4179949,912505,1776273,719836,1295208
15,layer3.0.bn3,91644,False,1225992,498094,176492,194808,411764,89574,173750,70166,125776
15,layer3.0.downsample.0,2222007,False,28026582,11428528,4065243,4503933,9555539,2086490,4062483,1646654,2963480
15,layer3.0.downsample.1,94704,False,1264902,513924,182154,201091,425031,92475,179402,72454,129889
15,layer3.0.add,108138,False,1440228,585358,207575,229255,484836,105530,204827,82750,148451
15,layer3.0.relu3,37736,False,544380,220118,77625,85259,179302,38793,74863,30076,53612
15,layer3.1.conv1,1021373,False,12924474,5269237,1873921,2075756,4403027,961229,1871186,758299,1364438
15,layer3.1.bn1,33266,False,486084,196349,69164,75892,159394,34456,66411,26651,47471
15,layer3.1.relu1,11572,False,213690,85255,29654,32101,66480,14168,26907,10634,18641
15,layer3.1.conv2,2036410,False,25690806,10475891,3726310,4128391,8758644,1912449,3723569,1509277,2716207
15,layer3.1.bn2,33408,False,486672,196563,69216,75930,159521,34483,66473,26671,47512
15,layer3.1.relu2,12158,False,221394,88393,30736,33290,69041,14728,27967,11058,19410
15,layer3.1.conv3,966956,False,12240954,4990471,1774744,1965852,4169839,910296,1771993,718100,1292053
15,layer3.1.bn3,95022,False,1267788,515065,182566,201555,426091,92695,179820,72621,130221
15,layer3.1.add,108917,False,1446654,588087,208508,230293,487071,106018,205774,83143,149155
15,layer3.1.relu3,36866,False,532212,215158,75867,83319,175159,37903,73132,29374,52378
15,layer3.2.conv1,1015301,False,12845640,5237076,1862500,2063091,4376186,955370,1859763,753684,1356132
15,layer3.2.bn1,32685,False,478320,193163,68037,74634,156767,33881,65277,26188,46642
15,layer3.2.relu1,11155,False,208740,83212,28922,31286,64796,13797,26191,10337,18111
15,layer3.2.conv2,2034489,False,25664994,10465346,3722572,4124259,8749793,1910523,3719792,1507740,2713437
15,layer3.2.bn2,34125,False,498642,201420,70969,77848,163583,35377,68209,27375,48770
15,layer3.2.relu2,11929,False,218982,87397,30410,32945,68265,14555,27652,10909,19134
15,layer3.2.conv3,968771,False,12262272,4999173,1777771,1969209,4176936,911853,1775034,719331,1294292
15,layer3.2.bn3,93062,False,1243020,505034,178997,197589,417678,90860,176248,71179,127625
15,layer3.2.add,93955,False,1256862,510684,180962,199763,422304,91878,178235,71973,129045
15,layer3.2.relu3,35403,False,513942,207701,73186,80344,168885,36529,70449,28261,50373
15,layer3.3.conv1,1007279,False,12744864,5196009,1847875,2046900,4341754,947842,1845122,747750,1345417
15,layer3.3.bn1,32161,False,474948,191764,67507,74048,155506,33607,64768,25983,46263
15,layer3.3.relu1,11624,False,214524,85589,29764,32222,66773,14231,27000,10670,18713
15,layer3.3.conv2,2032050,False,25638096,10454408,3718643,4119896,8740626,1908516,3715889,1506166,2710589
15,layer3.3.bn2,33413,False,490872,198258,69819,76613,160979,34804,67098,26924,47940
15,layer3.3.relu2,11808,False,216768,86447,30072,32571,67520,14376,27313,10793,18937
15,layer3.3.conv3,966386,False,12229458,4985755,1773097,1964011,4165928,909447,1770318,717420,1290856
15,layer3.3.bn3,93933,False,1254030,509526,180592,199308,421322,91656,177809,71803,128750
15,layer3.3.add,105848,False,1408212,572323,202931,224111,473890,103144,200172,80872,145072
15,layer3.3.relu3,36060,False,522810,211305,74493,81789,171951,37189,71733,28790,51328
15,layer3.4.conv1,1016993,False,12869286,5246736,1865902,2066873,4384188,957107,1863160,755043,1358572
15,layer3.4.bn1,32261,False,472440,190768,67195,73696,154786,33453,64466,25860,46054
15,layer3.4.relu1,11301,False,251838,100797,35147,38195,79458,14012,26611,10504,18410
15,layer3.4.conv2,2033878,False,25659456,10463114,3721765,4123350,8747934,1910115,3718982,1507412,2712844
15,layer3.4.bn2,33872,False,494310,199675,70340,77155,162088,35044,67567,27117,48317
15,layer3.4.relu2,11546,False,213258,85043,29567,31973,66221,14111,26799,10576,18537
15,layer3.4.conv3,966478,False,12233022,4987223,1773584,1964566,4167095,909696,1770837,717629,1291238
15,layer3.4.bn3,92618,False,1238670,503262,178350,196879,416132,90514,175587,70904,127133
15,layer3.4.add,94174,False,1259964,511962,181455,200279,423383,92108,178687,72163,129398
15,layer3.4.relu3,35799,False,519096,209789,73929,81150,170563,36901,71173,28573,50909
15,layer3.5.conv1,1005487,False,12724944,5187873,1844997,2043701,4335022,946379,1842235,746576,1343323
15,layer3.5.bn1,32794,False,482286,194793,68582,75235,157995,34154,65812,26400,47020
15,layer3.5.relu1,11628,False,215196,85838,29837,32286,66902,14252,27066,10692,18753
15,layer3.5.conv2,2034401,False,25663674,10464842,3722361,4123984,8749281,1910417,3719595,1507651,2713265
15,layer3.5.bn2,36716,False,530034,214211,75482,82885,174282,37708,72751,29208,52079
15,layer3.5.relu2,11746,False,214464,85550,29723,32180,66679,14213,26992,10664,18684
15,layer3.5.conv3,969184,False,12266406,5000866,1778443,1969959,4178552,912197,1775690,719581,1294754
15,layer3.5.bn3,94250,False,1254660,509794,180684,199460,421637,91730,177947,71863,128857
15,layer3.5.add,105982,False,1409952,573089,203199,224411,474596,103281,200435,80980,145268
15,layer3.5.relu3,35871,False,518700,209644,73897,81132,170566,36901,71177,28581,50943
15,layer4.0.conv1,1961631,False,24747798,10091309,3589498,3976796,8436947,1842198,3586733,1453800,2616344
15,layer4.0.bn1,50078,False,700764,283895,100317,110396,232662,50464,97587,39285,70217
15,layer4.0.relu1,17056,False,283038,113502,39696,43234,90134,19337,36978,14718,25990
15,layer4.0.conv2,3422068,False,43113882,17581779,6254372,6929735,14702926,3210606,6251550,2534132,4560932
15,layer4.0.bn2,30156,False,446514,180187,63388,69483,145845,31501,60669,24323,43285
15,layer4.0.relu2,9028,False,181476,72083,24966,26902,55481,11760,22217,8733,15224
15,layer4.0.conv3,1246049,False,15750072,6421619,2283928,2530087,5367130,1171769,2281180,924528,1663660
15,layer4.0.bn3,59480,False,817164,331268,117175,129091,272314,59117,114441,46119,82510
15,layer4.0.downsample.0,2891411,False,36441486,14860472,5286220,5856943,12426548,2713491,5283483,2141663,3854479
15,layer4.0.downsample.1,57839,False,794814,322246,113952,125520,264740,57463,111221,44815,80172
15,layer4.0.add,36513,False,528972,213738,75361,82735,173961,37645,72616,29162,51996
15,layer4.0.relu3,17497,False,287964,115516,40408,44022,91794,19686,37644,14970,26438
15,layer4.1.conv1,1219604,False,15420714,6287302,2236110,2477089,5254650,1147216,2233374,905141,1628732
15,layer4.1.bn1,29953,False,444666,179406,63118,69169,145188,31350,60371,24200,43061
15,layer4.1.relu1,8734,False,177726,70570,24431,26256,54082,11461,21632,8489,14786
15,layer4.1.conv2,3146225,False,39643848,16166556,5750866,6371816,13519020,2952078,5748102,2330033,4193550
15,layer4.1.bn2,31520,False,465204,187807,66111,72510,152250,32898,63373,25400,45214
15,layer4.1.relu2,9019,False,182148,72377,25047,26997,55664,11800,22297,8764,15268
15,layer4.1.conv3,1242085,False,15700482,6401405,2276706,2522083,5350131,1168071,2273986,921595,1658377
15,layer4.1.bn3,58991,False,851412,345319,122142,134592,283999,61669,119393,48125,86128
15,layer4.1.add,38486,False,555252,224533,79196,87004,182999,39615,76460,30719,54792
15,layer4.1.relu3,16730,False,279894,112245,39247,42734,89090,19093,36476,14513,25621
15,layer4.2.conv1,1207626,False,15269694,6225718,2214241,2452827,5203173,1135969,2211476,896251,1612759
15,layer4.2.bn1,30205,False,447438,180568,63541,69625,146142,31560,60772,24362,43349
15,layer4.2.relu1,8181,False,171720,68134,23525,25299,52073,11024,20793,8152,14168
15,layer4.2.conv2,3151517,False,39711726,16194234,5760710,6382745,13542275,2957158,5757960,2334031,4200763
15,layer4.2.bn2,30767,False,457266,184558,64944,71217,149513,32295,62211,24942,44399
15,layer4.2.relu2,8627,False,176964,70221,24289,26159,53827,11406,21531,8447,14702
15,layer4.2.conv3,1244513,False,15732462,6414436,2281370,2527240,5361040,1170451,2278620,923486,1661780
15,layer4.2.bn3,60611,False,832974,337796,119460,131617,277665,60282,116711,47035,84161
15,layer4.2.add,35275,False,513162,207369,73098,80235,168645,36480,70355,28249,50348
15,layer4.2.relu3,16751,False,281148,112738,39426,42916,89438,19165,36638,14580,25747
15,avgpool,79187,False,1067928,433633,153586,169437,357914,77811,150847,60873,109078
15,flatten,8510,False,176304,69986,24216,26068,53715,11382,21443,8417,14652
15,fc,504152,False,6426744,2619182,931142,1031045,2186224,477095,928356,376087,676459
16,conv1,2172911,False,27411468,11177660,3975977,4405058,9345731,2040664,3973246,1610502,2898410
16,bn1,329590,False,4233462,1724670,612896,678405,1437856,313666,610145,247079,444242
16,relu,178646,False,2326476,946933,336212,371771,787266,171573,333438,134902,242303
16,maxpool,10371528,False,130462716,53206294,18928470,20974031,44504262,9718967,18925727,7672316,13809666
16,layer1.0.conv1,266304,False,2945010,1198883,425765,471043,997937,217592,423053,171227,307714
16,layer1.0.bn1,88753,False,1191174,483786,171387,189126,399637,86927,168599,68075,122005
16,layer1.0.relu1,33848,False,543978,219929,77530,85162,179099,38756,67836,27212,48483
16,layer1.0.conv2,1992201,False,25141752,10251916,3646639,4040117,8571309,1871540,3643883,1476976,2658042
16,layer1.0.bn2,82827,False,1118994,454274,160892,177535,375091,81553,158131,63828,114393
16,layer1.0.relu2,32620,False,479190,193496,68159,74772,157052,33923,65371,26219,46700
16,layer1.0.conv3,857052,False,10861278,4427748,1574549,1744021,3699068,807495,1571794,636942,1145995
16,layer1.0.bn3,318980,False,4098678,1669655,593325,656715,1391926,303623,590587,239151,429972
16,layer1.0.downsample.0,865901,False,10972866,4473292,1590775,1761998,3737252,815834,1588040,643523,1157839
16,layer1.0.downsample.1,323717,False,4157886,1693806,601915,666195,1412037,308028,599165,242625,436227
16,layer1.0.add,455446,False,5815392,2369854,842434,932743,1977627,431546,839693,340137,611751
16,layer1.0.relu3,174276,False,2273700,925414,328554,363311,769213,167631,325746,131781,236708
16,layer1.1.conv1,810787,False,10279722,4190593,1490190,1650543,3500692,764169,1487444,602744,1084420
16,layer1.1.bn1,92874,False,1241304,504249,178699,197265,416956,90707,175951,71043,127383
16,layer1.1.relu1,32208,False,472518,190792,67166,73655,154695,33432,64403,25835,46006
16,layer1.1.conv2,1983507,False,25025112,10204407,3629732,4021366,8531517,1862854,3626980,1470115,2645704
16,layer1.1.bn2,80993,False,1093014,443762,157186,173433,366424,79672,154475,62335,111708
16,layer1.1.relu2,32169,False,473454,191174,67323,73848,155108,33521,64585,25908,46135
16,layer1.1.conv3,848230,False,10791390,4399291,1564440,1726472,3661883,799349,1555944,630512,1134428
16,layer1.1.bn3,325200,False,4174812,1700760,604403,668993,1417944,309305,601627,243626,438019
16,layer1.1.add,446073,False,5695848,2321109,825077,913521,1936839,422637,822312,333097,599072
16,layer1.1.relu3,174287,False,2274426,925554,328598,363353,769395,167672,325829,131812,236764
16,layer1.2.conv1,803806,False,10191330,4154541,1477360,1636292,3470518,757569,1474581,597520,1075039
16,layer1.2.bn1,92044,False,1229844,499658,177079,195456,413144,89877,174341,70399,126215
16,layer1.2.relu1,31531,False,465144,187787,66128,72525,152264,32902,63358,25407,45228
16,layer1.2.conv2,1976619,False,24940230,10169690,3617384,4007705,8502523,1856524,3614651,1465124,2636730
16,layer1.2.bn2,79739,False,1076058,436944,154757,170728,360679,78416,152023,61340,109910
16,layer1.2.relu2,31025,False,458256,185003,65120,71371,149842,32374,62367,24997,44493
16,layer1.2.conv3,852830,False,10805544,4405056,1566506,1735103,3680129,803354,1563731,633656,1140060
16,layer1.2.bn3,321434,False,4129740,1682370,597857,661732,1402571,305958,595117,240986,433268
16,layer1.2.add,454643,False,5803518,2365004,840705,930842,1973596,430664,837981,339444,610499
16,layer1.2.relu3,173680,False,2263842,921378,327093,361679,765813,166890,324220,131164,235591
16,layer2.0.conv1,1589145,False,20067642,8182536,2910416,3224300,6840213,1493489,2907692,1178519,2120819
16,layer2.0.bn1,170492,False,2269752,923794,321687,355692,753062,164105,318893,129006,231689
16,layer2.0.relu1,79491,False,1071462,435087,154110,169981,359070,78063,151319,61067,109389
16,layer2.0.conv2,2181742,False,27115110,11056793,3932981,4357382,9244561,2018561,3930182,1593042,2866939
16,layer2.0.bn2,46015,False,648894,262699,92778,102064,214986,46595,90051,36235,64729
16,layer2.0.relu2,18551,False,302448,121435,42522,46369,96770,20778,39744,15832,27980
16,layer2.0.conv3,849966,False,10767594,4389583,1561004,1729002,3667269,800532,1558239,631437,1136088
16,layer2.0.bn3,168131,False,2195022,893303,317128,350655,742444,161795,314347,127161,228391
16,layer2.0.downsample.0,2304398,False,29067594,11853007,4216239,4671298,9910653,2164044,4213501,1707893,3073713
16,layer2.0.downsample.1,173653,False,2267796,922952,327670,362342,767273,167192,324898,131436,236070
16,layer2.0.add,226979,False,2938656,1196585,424997,470176,996097,217188,422247,170905,307138
16,layer2.0.relu3,86753,False,1163928,472779,167518,184881,390706,84950,164725,66503,119210
16,layer2.1.conv1,820668,False,10398618,4239094,1507437,1669645,3541236,773015,1504640,609707,1096975
16,layer2.1.bn1,49254,False,689490,279259,98636,108550,228724,49604,95910,38600,68982
16,layer2.1.relu1,17476,False,289050,115969,40583,44160,92064,19749,37781,15041,26563
16,layer2.1.conv2,1917346,False,24187920,9862951,3508255,3886770,8245940,1800490,3505494,1420871,2557071
16,layer2.1.bn2,42436,False,603750,244285,86191,94750,199461,43212,83466,33562,59892
16,layer2.1.relu2,19922,False,319548,128405,44980,49090,102566,22046,42230,16836,29806
16,layer2.1.conv3,842396,False,10677978,4353019,1547994,1714589,3636676,793852,1545227,626170,1126584
16,layer2.1.bn3,172995,False,2254176,917422,325695,360156,762579,166190,322962,130657,234681
16,layer2.1.add,226562,False,2931054,1193514,423935,468972,993546,216631,421182,170473,306351
16,layer2.1.relu3,84038,False,1127850,458077,162279,179054,378308,82266,159516,64394,115414
16,layer2.2.conv1,820269,False,10393518,4237004,1506710,1668836,3539537,772653,1503929,609424,1096466
16,layer2.2.bn1,47059,False,662862,268433,94814,104267,219641,47621,92048,37040,66153
16,layer2.2.relu1,17077,False,282588,113352,39637,43155,89951,19295,36879,14677,25914
16,layer2.2.conv2,1918181,False,24197244,9866756,3509597,3888255,8249078,1801171,3506845,1421419,2558058
16,layer2.2.bn2,42654,False,606354,245382,86580,95196,200401,43415,83849,33715,60168
16,layer2.2.relu2,17439,False,289374,116098,40630,44227,92224,19785,37852,15069,26611
16,layer2.2.conv3,847542,False,10737864,4377365,1556638,1724170,3656973,798294,1553900,629682,1132935
16,layer2.2.bn3,170519,False,2221470,904093,320957,354890,751432,163757,318206,128728,231208
16,layer2.2.add,231744,False,2994252,1219259,433092,479162,1015138,221342,430346,174187,313036
16,layer2.2.relu3,83723,False,1125606,457145,161955,178708,377588,82106,159202,64254,115161
16,layer2.3.conv1,817709,False,10359114,4222973,1501716,1663293,3527837,770098,1498949,607395,1092812
16,layer2.3.bn1,48192,False,677316,274327,96914,106603,224575,48690,94138,37871,67666
16,layer2.3.relu1,17771,False,291618,117024,40950,44620,93018,19955,38132,15185,26835
16,layer2.3.conv2,1914193,False,24150540,9847684,3502807,3880698,8233050,1797674,3500051,1418659,2553091
16,layer2.3.bn2,42345,False,601362,243321,85870,94398,198691,43040,83132,33428,59681
16,layer2.3.relu2,17946,False,295116,118457,41454,45181,94179,20215,38675,15397,27192
16,layer2.3.conv3,847102,False,10732260,4375168,1555873,1723312,3655104,797885,1553086,629350,1132310
16,layer2.3.bn3,170104,False,2218242,902771,320485,354385,750358,163515,317730,128536,230870
16,layer2.3.add,225812,False,2923158,1190198,422745,467695,990823,216032,420016,169988,305476
16,layer2.3.relu3,83593,False,1122318,455806,161473,178171,376444,81845,158705,64062,114820
16,layer3.0.conv1,1729093,False,21821412,8897794,3164872,3506260,7438473,1624145,3162121,1281666,2306492
16,layer3.0.bn1,83753,False,1129086,458547,162443,179218,378671,82348,159683,64463,115511
16,layer3.0.relu1,32796,False,480306,193964,68319,74948,157446,34036,65592,26318,46878
16,layer3.0.conv2,2202890,False,27786450,11330605,4030405,4465365,9473639,2068605,4027655,1632556,2938107
16,layer3.0.bn2,35896,False,519222,209843,73977,81192,170712,36934,71247,28609,50995
16,layer3.0.relu2,11862,False,216972,86579,30089,32578,67504,14391,27349,10811,18957
16,layer3.0.conv3,971560,False,12296922,5013305,1782897,1974875,4188941,914474,1780135,721401,1298025
16,layer3.0.bn3,91458,False,1223076,496854,176084,194318,410755,89350,173314,69984,125474
16,layer3.0.downsample.0,2217234,False,27965808,11403725,4056404,4494158,9534721,2081947,4053599,1643071,2957031
16,layer3.0.downsample.1,90797,False,1216830,494313,175177,193358,408681,88903,172437,69631,124831
16,layer3.0.add,110470,False,1465536,595773,211243,233324,493472,107419,208505,84252,151158
16,layer3.0.relu3,36669,False,529608,214042,75460,82855,174178,37690,72713,29204,52071
16,layer3.1.conv1,1013059,False,12817554,5225636,1858429,2058587,4366600,953277,1855699,752031,1353154
16,layer3.1.bn1,32600,False,478530,193230,68032,74623,156739,33874,65259,26179,46618
16,layer3.1.relu1,10642,False,202800,80780,28021,30295,62658,13334,25285,9901,17298
16,layer3.1.conv2,2035299,False,25676928,10470238,3724269,4126139,8753872,1911416,3721520,1508448,2714702
16,layer3.1.bn2,34544,False,503352,203307,71615,78604,165192,35727,68862,27638,49259
16,layer3.1.relu2,11667,False,214938,85755,29827,32280,66806,14236,27043,10678,18684
16,layer3.1.conv3,973230,False,12319590,5022544,1786185,1978534,4196712,916169,1783394,722726,1300412
16,layer3.1.bn3,94086,False,1254954,509871,180719,199460,421627,91721,177928,71853,128816
16,layer3.1.add,107000,False,1424124,578901,205264,226694,479437,104356,202532,81827,146798
16,layer3.1.relu3,37086,False,534552,216070,76194,83670,175943,38055,73420,29481,52574
16,layer3.2.conv1,1008082,False,12756816,5200837,1849595,2048763,4345773,948724,1846836,748427,1346673
16,layer3.2.bn1,32495,False,475644,192077,67621,74183,155781,33675,64882,26027,46348
16,layer3.2.relu1,11410,False,212376,84702,29410,31838,65928,14046,26669,10523,18439
16,layer3.2.conv2,2034207,False,25663530,10464774,3722365,4123990,8749301,1910419,3719601,1507666,2713268
16,layer3.2.bn2,33657,False,492144,198789,70040,76855,161464,34915,67317,27014,48132
16,layer3.2.relu2,11839,False,217986,86995,30215,32696,67787,14455,27466,10854,19015
16,layer3.2.conv3,966414,False,12234240,4987693,1773787,1964758,4167505,909793,1771014,717690,1291343
16,layer3.2.bn3,93209,False,1245780,506159,179399,198003,418554,91061,176648,71334,127901
16,layer3.2.add,94720,False,1269546,515850,182799,201808,426603,92812,180058,72702,130367
16,layer3.2.relu3,35829,False,518658,209632,73869,81106,170508,36892,71163,28575,50936
16,layer3.3.conv1,1020902,False,12920238,5267524,1873334,2075087,4401611,960924,1870586,758071,1364024
16,layer3.3.bn1,31871,False,470862,190114,66922,73400,154086,33297,64150,25730,45805
16,layer3.3.relu1,11576,False,257604,103117,35960,39094,81325,17411,33225,13193,18672
16,layer3.3.conv2,2033996,False,25659972,10463347,3721816,4123423,8748096,1910149,3719065,1507454,2712884
16,layer3.3.bn2,33071,False,484686,195640,68922,75609,158833,34337,66148,26540,47269
16,layer3.3.relu2,11577,False,214866,85630,29775,32246,66798,14238,27037,10683,18735
16,layer3.3.conv3,966409,False,12230328,4986144,1773232,1964182,4166320,909526,1770504,717496,1290993
16,layer3.3.bn3,93451,False,1247730,506949,179667,198304,419117,91177,176871,71430,128076
16,layer3.3.add,105491,False,1405542,571339,202574,223679,473047,102954,199787,80719,144773
16,layer3.3.relu3,36539,False,527796,213349,75212,82576,173596,37562,72461,29100,51887
16,layer3.4.conv1,1008320,False,12759822,5202065,1850004,2049250,4346823,948958,1847292,748626,1347031
16,layer3.4.bn1,32547,False,478794,193345,68107,74669,156838,33903,65344,26201,46663
16,layer3.4.relu1,10964,False,206058,82131,28543,30874,63918,13613,25829,10198,17855
16,layer3.4.conv2,2037035,False,25696026,10477929,3727044,4129206,8760388,1912832,3724308,1509580,2716750
16,layer3.4.bn2,35789,False,521178,210628,74249,81512,171286,37049,71475,28702,51134
16,layer3.4.relu2,11588,False,214938,85755,29833,32295,66929,14246,27067,10692,18746
16,layer3.4.conv3,969770,False,12275100,5004394,1779689,1971339,4181486,912847,1776955,720110,1295676
16,layer3.4.bn3,92430,False,1235772,502070,177932,196410,415084,90303,175166,70733,126820
16,layer3.4.add,94107,False,1259538,511788,181369,200214,423240,92077,178603,72129,129329
16,layer3.4.relu3,35497,False,513942,207684,73211,80370,168948,36542,70479,28298,50431
16,layer3.5.conv1,1005613,False,12726018,5188286,1845104,2043806,4335229,946428,1842365,746627,1343430
16,layer3.5.bn1,31776,False,468756,189253,66655,73068,153449,33159,63892,25617,45603
16,layer3.5.relu1,10538,False,200304,79783,27670,29912,61821,13150,24918,9807,17157
16,layer3.5.conv2,2033259,False,25651590,10459916,3720628,4122109,8745281,1909533,3717869,1506970,2712047
16,layer3.5.bn2,33555,False,493194,199212,70192,76995,161779,34969,67419,27055,48180
16,layer3.5.relu2,11512,False,212916,84884,29518,31947,66177,14103,26774,10579,18535
16,layer3.5.conv3,971630,False,12298428,5013921,1783074,1975088,4189448,914588,1780353,721473,1298151
16,layer3.5.bn3,98213,False,1306332,530834,188171,207756,439223,95562,185379,74876,134266
16,layer3.5.add,105703,False,1404432,570870,202417,223549,472754,102883,199662,80669,144700
16,layer3.5.relu3,36537,False,529704,214113,75488,82901,174299,37715,72752,29219,52094
16,layer4.0.conv1,1960092,False,24730236,10084004,3586890,3973914,8430847,1840867,3584153,1452760,2614463
16,layer4.0.bn1,51013,False,712572,288689,102026,112300,236683,51338,99277,39967,71439
16,layer4.0.relu1,17737,False,290484,116543,40785,44391,92566,19867,38009,15115,26692
16,layer4.0.conv2,3411807,False,42983694,17528679,6235469,6908781,14658479,3200925,6232692,2526487,4547172
16,layer4.0.bn2,34328,False,502080,202766,71459,78437,164819,35637,68713,27544,49082
16,layer4.0.relu2,9074,False,183084,72743,25188,27152,56000,11883,22452,8826,15395
16,layer4.0.conv3,1241688,False,15696942,6399961,2276231,2521552,5348993,1167821,2273489,921408,1658036
16,layer4.0.bn3,58814,False,809160,328097,116044,127837,269673,58528,113290,45653,81681
16,layer4.0.downsample.0,2889713,False,36420774,14852029,5283220,5853627,12419516,2711952,5280480,2140454,3852307
16,layer4.0.downsample.1,57780,False,796110,322767,114150,125737,265212,57570,111412,44884,80294
16,layer4.0.add,35643,False,518712,209655,73871,81108,170483,36884,71147,28560,50916
16,layer4.0.relu3,17585,False,291426,116943,40916,44585,92952,19949,38172,15200,26839
16,layer4.1.conv1,1212763,False,15337098,6253209,2223989,2463660,5226143,1140996,2221264,900237,1619920
16,layer4.1.bn1,33885,False,496578,200620,70676,77530,162905,35229,67926,27246,48547
16,layer4.1.relu1,9174,False,184542,73343,25396,27371,56406,11968,22609,8887,15465
16,layer4.1.conv2,3162799,False,39854724,16252558,5781481,6405753,13591087,2967814,5778750,2342460,4215926
16,layer4.1.bn2,30746,False,454380,183402,64555,70781,148514,32083,61799,24780,44083
16,layer4.1.relu2,9136,False,184950,73497,25462,27407,56530,11997,22674,8901,15515
16,layer4.1.conv3,1237941,False,15651900,6381616,2269695,2514281,5333573,1164453,2266937,918749,1653252
16,layer4.1.bn3,58998,False,813642,329917,116692,128561,271108,58850,113914,45905,82102
16,layer4.1.add,38501,False,556344,224987,79365,87182,183386,39684,76600,30716,54769
16,layer4.1.relu3,17599,False,292026,117158,40990,44639,93094,19977,38225,15216,26869
16,layer4.2.conv1,1208960,False,15287904,6233153,2216869,2455775,5209441,1137326,2214104,897332,1614668
16,layer4.2.bn1,29616,False,440556,177765,62561,68531,143792,31056,59795,23950,42617
16,layer4.2.relu1,8366,False,174318,69159,23891,25703,52939,11212,21155,8284,14416
16,layer4.2.conv2,3161042,False,39834798,16244431,5778581,6402538,13584201,2966301,5775799,2341263,4213743
16,layer4.2.bn2,30962,False,457122,184525,64943,71206,149497,32298,62218,24948,44404
16,layer4.2.relu2,9591,False,190092,75524,26183,28233,58290,12380,23412,9215,16088
16,layer4.2.conv3,1253976,False,15853386,6463771,2298931,2546691,5402321,1179462,2296136,930589,1674538
16,layer4.2.bn3,60437,False,830160,336651,119090,131211,276817,60098,116310,46874,83874
16,layer4.2.add,35549,False,517956,209355,73807,81035,170338,36845,71077,28539,50875
16,layer4.2.relu3,17284,False,287670,115382,40319,43908,91567,19650,37584,14941,26379
16,avgpool,80007,False,1077414,437509,154961,170916,361062,78499,152168,61399,110025
16,flatten,9286,False,184050,73128,25301,27279,56276,11933,22546,8860,15457
16,fc,508237,False,6481056,2641338,939005,1039740,2204625,481112,936218,379267,682187
17,conv1,2172691,False,27411300,11177590,3975953,4405028,9345677,2040637,3973197,1610473,2898359
17,bn1,328882,False,4223784,1720715,611442,676790,1434491,312928,608696,246492,443187
17,relu,175612,False,2292858,933161,331284,366308,775690,169049,328512,132906,238730
17,maxpool,10218308,False,128542908,52423400,18649944,20665408,43849364,9575943,18647200,7559399,13606425
17,layer1.0.conv1,263396,False,2951172,1201565,426768,472139,1000236,218093,423982,171606,308380
17,layer1.0.bn1,89254,False,1196124,485925,172163,190020,401554,87343,169403,68385,122597
17,layer1.0.relu1,33379,False,489360,197666,69648,76391,160506,34700,66892,26833,47766
17,layer1.0.conv2,1998066,False,25210716,10280116,3656635,4051170,8594781,1876669,3653860,1481018,2665335
17,layer1.0.bn2,83477,False,1125378,457062,161895,178637,377461,82081,159160,64247,115138
17,layer1.0.relu2,38704,False,557280,225370,79462,87298,183644,39758,76747,30831,54993
17,layer1.0.conv3,851069,False,10787400,4397656,1563862,1732162,3673959,802005,1561108,632604,1138196
17,layer1.0.bn3,323783,False,4159194,1694377,602116,666460,1412591,308145,599359,242709,436379
17,layer1.0.downsample.0,867951,False,10997448,4483308,1594310,1765908,3745577,817650,1591586,644945,1160403
17,layer1.0.downsample.1,322579,False,4142064,1687294,599595,663663,1406664,306856,596880,241702,434571
17,layer1.0.add,455743,False,5818680,2371212,842894,933257,1978732,431780,840142,340304,612055
17,layer1.0.relu3,174342,False,2271558,924509,328227,362953,768574,167495,325491,131681,236531
17,layer1.1.conv1,807324,False,10234908,4172312,1483691,1643297,3485396,760826,1480923,600095,1079641
17,layer1.1.bn1,93037,False,1244136,505499,179126,197728,417944,90927,176390,71229,127700
17,layer1.1.relu1,32443,False,477774,192826,67922,74506,156489,33820,65182,26142,46562
17,layer1.1.conv2,1982996,False,25019562,10202128,3628904,4020461,8529582,1862427,3626138,1469777,2645090
17,layer1.1.bn2,79802,False,1079706,438437,155266,171303,361906,78686,152544,61552,110289
17,layer1.1.relu2,33146,False,485730,196176,69078,75793,159226,34423,66347,26611,47401
17,layer1.1.conv3,852591,False,10803516,4404131,1566155,1734706,3679359,803193,1563425,633533,1139863
17,layer1.1.bn3,321836,False,4129536,1682287,597829,661655,1402350,305911,595039,240958,433229
17,layer1.1.add,446400,False,5752536,2344192,833308,922643,1956196,422835,822737,333264,599373
17,layer1.1.relu3,174786,False,2278470,927345,329225,364054,770871,167995,326471,132080,237246
17,layer1.2.conv1,807446,False,10238886,4173927,1484243,1643931,3486749,761124,1481505,600337,1080107
17,layer1.2.bn1,92297,False,1234296,501469,177721,196166,414660,90208,174988,70634,126645
17,layer1.2.relu1,31986,False,470400,189921,66874,73353,154066,33298,64163,25723,45802
17,layer1.2.conv2,1976812,False,24943302,10171000,3617831,4008162,8503527,1856739,3615067,1465292,2636994
17,layer1.2.bn2,78485,False,1059966,430377,152430,168154,355230,77229,149713,60421,108261
17,layer1.2.relu2,35994,False,522342,211125,74428,81722,171773,37155,71660,28776,51294
17,layer1.2.conv3,846955,False,10737432,4377289,1556618,1724156,3656973,798299,1553888,629681,1132926
17,layer1.2.bn3,324237,False,4163412,1696105,602743,667114,1413998,308456,600002,242965,436816
17,layer1.2.add,451072,False,5756790,2345961,833938,923347,1957659,427186,831209,336694,605555
17,layer1.2.relu3,178307,False,2324388,946072,335902,371454,786607,171438,333138,134779,242104
17,layer2.0.conv1,1588608,False,20058294,8178631,2909032,3222761,6836937,1492773,2906299,1177952,2119805
17,layer2.0.bn1,171522,False,2237232,910513,323248,357434,756857,164930,320491,129651,232872
17,layer2.0.relu1,81810,False,1101612,447347,158476,174820,369353,80309,155713,62851,112606
17,layer2.0.conv2,2140274,False,26996706,11008508,3915794,4338361,9204191,2009762,3913069,1586077,2854435
17,layer2.0.bn2,43318,False,612858,247913,87522,96240,202626,43902,84819,34108,60903
17,layer2.0.relu2,17824,False,292914,117546,41144,44794,93438,20054,38332,15255,26958
17,layer2.0.conv3,852885,False,10804872,4404789,1566409,1734986,3679943,803316,1563676,633637,1140050
17,layer2.0.bn3,169966,False,2218554,902876,320535,354421,750456,163515,317743,128537,230845
17,layer2.0.downsample.0,2303466,False,29048682,11845397,4213515,4668246,9904164,2162629,4210755,1706785,3071692
17,layer2.0.downsample.1,175935,False,2290752,932373,331030,366064,775176,168923,328279,132808,238557
17,layer2.0.add,226628,False,2933244,1194385,424207,469319,994254,216784,421479,170595,306563
17,layer2.0.relu3,86306,False,1157226,470031,166502,183743,388262,84438,163757,66110,118504
17,layer2.1.conv1,820072,False,10387368,4234368,1505779,1667811,3537399,772187,1503045,609063,1095809
17,layer2.1.bn1,49432,False,692892,280654,99112,109069,229842,49847,96387,38782,69311
17,layer2.1.relu1,17365,False,286242,114806,40157,43741,91211,19560,37403,14884,26292
17,layer2.1.conv2,1926759,False,24311430,9913319,3526139,3906598,8288022,1809679,3523430,1428113,2570099
17,layer2.1.bn2,42636,False,607116,245679,86682,95296,200613,43458,83938,33738,60229
17,layer2.1.relu2,17786,False,292524,117370,41075,44761,93393,20031,38320,15258,26968
17,layer2.1.conv3,848606,False,10751490,4383020,1558660,1726369,3661635,799317,1555875,630471,1134333
17,layer2.1.bn3,170284,False,2221500,904122,320935,354866,751375,163736,318173,128712,231187
17,layer2.1.add,230487,False,2981604,1214089,431213,477079,1010742,220384,428481,173431,311673
17,layer2.1.relu3,83519,False,1122000,455662,161428,178129,376381,81823,158663,64047,114790
17,layer2.2.conv1,816701,False,10348368,4218600,1500165,1661587,3524202,769302,1497435,606795,1091738
17,layer2.2.bn1,48424,False,679890,275345,97240,106997,225408,48870,94483,38027,67938
17,layer2.2.relu1,17985,False,294720,118222,41335,45026,93935,20158,38567,15353,27131
17,layer2.2.conv2,1918439,False,24205656,9870158,3510799,3889586,8251895,1801789,3508069,1421908,2558942
17,layer2.2.bn2,41740,False,593574,240140,84745,93116,195985,42451,81986,32949,58807
17,layer2.2.relu2,18077,False,295794,118716,41543,45278,94480,20258,38763,15440,27275
17,layer2.2.conv3,847808,False,10786956,4397467,1563771,1732077,3673787,801971,1561040,632577,1138119
17,layer2.2.bn3,169905,False,2218242,902781,320472,354347,750296,163507,317715,128514,230825
17,layer2.2.add,228250,False,2953998,1202818,427230,472617,1001261,218319,424456,171802,308745
17,layer2.2.relu3,84275,False,1131672,459626,162833,179678,379651,82560,160095,64629,115837
17,layer2.3.conv1,814822,False,10323756,4208500,1496572,1657610,3515750,767450,1493795,605318,1089074
17,layer2.3.bn1,49002,False,686862,278125,98268,108136,227854,49405,95533,38451,68719
17,layer2.3.relu1,17998,False,294096,118031,41280,44983,93846,20145,38548,15352,27135
17,layer2.3.conv2,1918980,False,24251418,9888832,3517419,3896929,8267508,1805197,3508671,1422158,2559372
17,layer2.3.bn2,45607,False,643128,260369,91908,101079,212898,46148,89187,35877,64072
17,layer2.3.relu2,17432,False,286752,115026,40225,43817,91344,19600,37486,14922,26365
17,layer2.3.conv3,842050,False,10673568,4351127,1547320,1713823,3635050,793512,1544580,625894,1126112
17,layer2.3.bn3,170172,False,2220198,903559,320764,354678,750991,163642,317985,128636,231047
17,layer2.3.add,225685,False,2919162,1188588,422139,467023,989407,215722,419388,169733,305016
17,layer2.3.relu3,84217,False,1129542,458760,162484,179297,378874,82392,159766,64497,115594
17,layer3.0.conv1,1754489,False,22141152,9028181,3211264,3557679,7547592,1647978,3208539,1300480,2340374
17,layer3.0.bn1,83930,False,1127880,457987,162251,179037,378317,82273,159535,64400,115410
17,layer3.0.relu1,32616,False,479568,193685,68194,74799,157133,33960,65446,26253,46752
17,layer3.0.conv2,2197183,False,27714618,11301293,4019971,4453817,9449199,2063269,4017268,1628346,2930530
17,layer3.0.bn2,36817,False,531696,214935,75749,83193,174935,37856,73036,29332,52309
17,layer3.0.relu2,11904,False,219252,87511,30408,32943,68302,14563,27675,10928,19172
17,layer3.0.conv3,972525,False,12307182,5017471,1784379,1976512,4192403,915233,1781617,721999,1299099
17,layer3.0.bn3,92970,False,1243188,505093,179016,197615,417706,90870,176192,71153,127580
17,layer3.0.downsample.0,2226488,False,28082298,11451261,4073304,4512911,9574586,2090651,4070539,1649941,2969397
17,layer3.0.downsample.1,92765,False,1239768,503710,178480,197019,416457,90601,175750,70959,127233
17,layer3.0.add,107522,False,1430442,581470,206181,227715,481555,104813,203426,82194,147457
17,layer3.0.relu3,38440,False,553452,223796,78907,86688,182333,39469,76162,30596,54572
17,layer3.1.conv1,1014908,False,12841338,5235237,1861833,2062359,4374620,955028,1859111,753416,1355652
17,layer3.1.bn1,34357,False,545058,220389,77696,85344,179495,35672,68784,27605,49191
17,layer3.1.relu1,11481,False,212364,84686,29424,31844,65950,14053,26655,10533,18442
17,layer3.1.conv2,2042065,False,25757766,10503114,3736006,4139146,8781463,1917440,3733282,1513217,2723288
17,layer3.1.bn2,33593,False,490596,198178,69823,76607,160946,34795,67034,26903,47930
17,layer3.1.relu2,12730,False,227790,90967,31681,34307,71188,15197,28904,11444,20102
17,layer3.1.conv3,972485,False,12307404,5017567,1784385,1976533,4192530,915259,1781657,722018,1299114
17,layer3.1.bn3,93734,False,1254090,509534,180590,199358,421434,91684,177843,71801,128753
17,layer3.1.add,106259,False,1411986,573965,203507,224754,475308,103453,200759,81111,145506
17,layer3.1.relu3,36766,False,530370,214406,75590,82977,174475,37756,72846,29250,52131
17,layer3.2.conv1,1007583,False,12751356,5198639,1848834,2047963,4344092,948341,1846074,748134,1346144
17,layer3.2.bn1,32572,False,477726,192922,67953,74545,156502,33822,65175,26149,46575
17,layer3.2.relu1,10853,False,204966,81686,28366,30672,63444,13505,25614,10106,17696
17,layer3.2.conv2,2039872,False,25737036,10494755,3732995,4135800,8774349,1915889,3730261,1511990,2721085
17,layer3.2.bn2,33752,False,494946,199914,70442,77307,162430,35125,67708,27167,48406
17,layer3.2.relu2,12126,False,220518,88020,30630,33188,68796,14673,27882,11028,19356
17,layer3.2.conv3,972349,False,12305046,5016603,1784074,1976194,4191758,915088,1781332,721887,1298890
17,layer3.2.bn3,91416,False,1224678,497558,176332,194631,411387,89487,173578,70095,125669
17,layer3.2.add,94338,False,1261728,512688,181691,200567,424003,92247,178956,72274,129587
17,layer3.2.relu3,35587,False,517428,209126,73717,80899,170049,36784,70945,28486,50772
17,layer3.3.conv1,1006918,False,12739806,5193933,1847151,2046067,4340056,947477,1844396,747454,1344926
17,layer3.3.bn1,32124,False,473208,191081,67267,73788,154981,33496,64543,25890,46091
17,layer3.3.relu1,11293,False,211224,84223,29282,31673,65607,13977,26539,10486,18380
17,layer3.3.conv2,2035976,False,25688130,10474817,3725930,4127986,8757780,1912264,3723188,1509123,2715931
17,layer3.3.bn2,33747,False,494418,199685,70351,77186,162080,35048,67566,27115,48313
17,layer3.3.relu2,11790,False,251448,100652,35119,38152,79328,16961,32351,12842,22624
17,layer3.3.conv3,970465,False,12283350,5007754,1780918,1972697,4184370,913460,1778158,720600,1296578
17,layer3.3.bn3,93052,False,1242480,504760,178860,197439,417348,90795,176131,71124,127522
17,layer3.3.add,106129,False,1411626,573796,203442,224669,475104,103409,200683,81083,145444
17,layer3.3.relu3,35912,False,519918,210146,74084,81344,170935,36976,71319,28637,51051
17,layer3.4.conv1,1007451,False,12747966,5197252,1848344,2047413,4342906,948097,1845616,747946,1345801
17,layer3.4.bn1,32277,False,473652,191267,67308,73825,155060,33506,64563,25893,46096
17,layer3.4.relu1,10661,False,201816,80410,27905,30118,62294,13250,25100,9901,17327
17,layer3.4.conv2,2039418,False,25728684,10491352,3731788,4134469,8771522,1915269,3729049,1511484,2720164
17,layer3.4.bn2,33603,False,489738,197766,69679,76447,160625,34730,66952,26866,47869
17,layer3.4.relu2,12107,False,220464,87979,30617,33176,68763,14652,27846,11012,19325
17,layer3.4.conv3,972608,False,12310866,5018989,1784909,1977088,4193676,915508,1782132,722197,1299459
17,layer3.4.bn3,92474,False,1238274,503076,178278,196767,415915,90464,175478,70863,127031
17,layer3.4.add,94305,False,1261350,512517,181624,200494,423838,92210,178841,72227,129501
17,layer3.4.relu3,36293,False,524064,211829,74674,81973,172342,37288,71928,28886,51496
17,layer3.5.conv1,1006320,False,12734514,5191755,1846353,2045202,4338220,947074,1843618,747126,1344318
17,layer3.5.bn1,32659,False,478554,193232,68059,74655,156756,33884,65298,26195,46645
17,layer3.5.relu1,11108,False,209418,83396,28986,31363,64916,13828,26242,10339,18112
17,layer3.5.conv2,2031791,False,25632456,10452102,3717846,4119008,8738720,1908100,3715053,1505819,2709976
17,layer3.5.bn2,32478,False,476232,192287,67714,74285,156032,33718,64972,26066,46406
17,layer3.5.relu2,11664,False,213612,85194,29625,32071,66446,14161,26894,10627,18633
17,layer3.5.conv3,973878,False,12328014,5025987,1787376,1979858,4199527,916789,1784651,723231,1301323
17,layer3.5.bn3,92551,False,1235358,501924,177892,196372,415078,90293,175148,70733,126823
17,layer3.5.add,105148,False,1398666,568545,201592,222639,470836,102476,198778,80303,144040
17,layer3.5.relu3,36833,False,574020,215082,75838,83268,175099,37871,73066,29348,52329
17,layer4.0.conv1,1962189,False,24755370,10094380,3590557,3977957,8439426,1842741,3587813,1454244,2617147
17,layer4.0.bn1,50467,False,704874,285523,100900,111032,234009,50759,98156,39519,70639
17,layer4.0.relu1,17072,False,283086,113539,39722,43259,90087,19325,36953,14707,25956
17,layer4.0.conv2,3425947,False,43161198,17601068,6261228,6937333,14719090,3214155,6258450,2536918,4565956
17,layer4.0.bn2,30237,False,449208,181268,63799,69911,146737,31696,61048,24474,43548
17,layer4.0.relu2,9086,False,183180,72800,25184,27137,55975,11877,22450,8827,15387
17,layer4.0.conv3,1253379,False,15843588,6459780,2297476,2545099,5398980,1178738,2294748,930027,1673527
17,layer4.0.bn3,58482,False,806238,326912,115601,127346,268603,58303,112812,45459,81333
17,layer4.0.downsample.0,2894523,False,36483678,14877682,5292309,5863684,12440811,2716612,5289565,2144143,3858961
17,layer4.0.downsample.1,58684,False,809478,328229,116096,127895,269761,58565,113366,45686,81738
17,layer4.0.add,36194,False,526410,212674,74969,82321,173028,37438,72217,28982,51671
17,layer4.0.relu3,17409,False,287778,115359,40359,43949,91651,19662,37614,14971,26455
17,layer4.1.conv1,1211474,False,15319674,6246125,2221489,2460882,5220278,1139692,2218717,899205,1618071
17,layer4.1.bn1,30158,False,447948,180775,63618,69733,146375,31601,60844,24390,43407
17,layer4.1.relu1,8224,False,170616,67575,23362,25138,51748,10953,20653,8100,14088
17,layer4.1.conv2,3169594,False,39939378,16287087,5793715,6419304,13619852,2974097,5790961,2347399,4224791
17,layer4.1.bn2,29771,False,442830,178679,62894,68919,144631,31233,60147,24110,42897
17,layer4.1.relu2,9258,False,185580,73771,25567,27548,56834,12061,22806,8968,15645
17,layer4.1.conv3,1239564,False,15670068,6389019,2272335,2517224,5339718,1165790,2269534,919802,1655111
17,layer4.1.bn3,58079,False,800724,324617,114753,126410,266625,57881,112035,45143,80756
17,layer4.1.add,38605,False,555756,224743,79273,87080,183179,39650,76521,30744,54840
17,layer4.1.relu3,16726,False,277902,111417,38962,42417,88378,18948,36198,14401,25420
17,layer4.2.conv1,1220038,False,15423570,6288476,2236514,2477532,5255607,1147422,2233753,905291,1629028
17,layer4.2.bn1,29501,False,440568,177759,62526,68528,143814,31056,59802,23969,42649
17,layer4.2.relu1,7696,False,165552,65618,22660,24356,50047,10577,19914,7798,13531
17,layer4.2.conv2,3155642,False,39766872,16216727,5768721,6391596,13561073,2961243,5765952,2337264,4206572
17,layer4.2.bn2,31099,False,460332,185827,65431,71748,150561,32530,62664,25125,44731
17,layer4.2.relu2,9087,False,182952,72702,25188,27125,55928,11856,22399,8805,15350
17,layer4.2.conv3,1241915,False,15704178,6402905,2277264,2522706,5351392,1168328,2274479,921803,1658745
17,layer4.2.bn3,60220,False,829164,336196,118925,131030,276340,60001,116164,46818,83763
17,layer4.2.add,39701,False,570288,230669,81355,89387,188034,40715,78601,31575,56336
17,layer4.2.relu3,17750,False,291294,116893,40877,44539,92890,19924,38118,15163,26799
17,avgpool,80046,False,1077894,437595,154991,170976,361191,78525,152231,61429,110071
17,flatten,8475,False,174078,69078,23892,25715,52945,11202,21133,8289,14424
17,fc,499626,False,6367698,2595116,922552,1021528,2166009,472686,919813,372619,670217
18,conv1,2178211,False,27477672,11204666,3985564,4415680,9368260,2045588,3982836,1614373,2905378
18,bn1,327801,False,4209276,1714789,609390,674502,1429584,311859,606616,245638,441619
18,relu,176415,False,2298750,935515,332134,367288,777771,169506,329385,133244,239343
18,maxpool,10146158,False,127633698,52052607,18518001,20519183,43539101,9508177,18515236,7505897,13510095
18,layer1.0.conv1,256818,False,3031836,1234432,438472,485057,1027664,224078,435679,176334,316903
18,layer1.0.bn1,86892,False,1166418,473775,167869,185254,391505,85150,165139,66669,119504
18,layer1.0.relu1,34280,False,499854,201943,71158,78099,164072,35474,68403,27455,48926
18,layer1.0.conv2,1992304,False,25138110,10250485,3646116,4039540,8570104,1871282,3643373,1476765,2657682
18,layer1.0.bn2,83856,False,1128606,458373,162385,179192,378595,82331,159640,64443,115503
18,layer1.0.relu2,33109,False,485022,195875,68962,75662,158943,34354,66222,26571,47338
18,layer1.0.conv3,856788,False,10855926,4425597,1573766,1743129,3697234,807091,1571009,636616,1145414
18,layer1.0.bn3,320186,False,4111362,1674868,595187,658734,1396176,304566,592425,239893,431312
18,layer1.0.downsample.0,862608,False,10930608,4456062,1584605,1755160,3722752,812662,1581877,641027,1153354
18,layer1.0.downsample.1,325587,False,4179888,1702820,605100,669754,1419589,309677,602374,243928,438575
18,layer1.0.add,452550,False,5778258,2354722,837055,926782,1964978,428779,834268,337941,607790
18,layer1.0.relu3,178147,False,2323356,945661,335728,371266,786165,171341,332944,134701,241949
18,layer1.1.conv1,801780,False,10164012,4143416,1473425,1631897,3461167,755537,1470626,595924,1072140
18,layer1.1.bn1,96616,False,1289244,523807,185660,204968,433342,94290,182922,73881,132491
18,layer1.1.relu1,32593,False,477894,192990,67980,74581,156606,33841,65222,26167,46608
18,layer1.1.conv2,1980404,False,24989304,10189785,3624511,4015595,8519292,1860165,3621731,1467987,2641879
18,layer1.1.bn2,81887,False,1105512,448911,159031,175466,370745,80620,156319,63098,113081
18,layer1.1.relu2,32752,False,482694,194942,68657,75330,158213,34194,65908,26435,47074
18,layer1.1.conv3,852059,False,10798092,4402017,1565391,1733850,3677549,802782,1562630,633218,1139293
18,layer1.1.bn3,321635,False,4130094,1682463,597876,661694,1402466,305935,595086,240973,433220
18,layer1.1.add,450456,False,5754816,2345151,833594,922953,1956822,426994,830833,336529,605249
18,layer1.1.relu3,174120,False,2266668,922514,327516,362171,766923,167140,324795,131392,236011
18,layer1.2.conv1,807662,False,10240038,4174421,1484442,1644156,3487198,761222,1481690,600403,1080223
18,layer1.2.bn1,93182,False,1245246,505917,179316,197949,418342,91006,176541,71297,127817
18,layer1.2.relu1,32343,False,475026,191737,67538,74084,155595,33631,64812,25994,46297
18,layer1.2.conv2,1980284,False,24984822,10187982,3623890,4014908,8517775,1859852,3621131,1467746,2641439
18,layer1.2.bn2,79363,False,1073454,435851,154373,170290,359752,78211,151620,61188,109641
18,layer1.2.relu2,32975,False,482904,195021,68697,75369,158270,34211,65906,26441,47098
18,layer1.2.conv3,853528,False,10816704,4409590,1568073,1736823,3683819,804163,1565325,634284,1141185
18,layer1.2.bn3,319086,False,4098720,1669555,593281,656664,1391785,303598,590515,239107,429869
18,layer1.2.add,449467,False,5737938,2338238,831167,920270,1951172,425763,828438,335576,603535
18,layer1.2.relu3,173623,False,2263230,921134,327033,361629,765745,166879,324291,131187,235641
18,layer2.0.conv1,1593860,False,20122818,8205027,2918375,3233122,6858902,1497568,2915635,1181739,2126626
18,layer2.0.bn1,171605,False,2236200,910113,323114,357244,756449,164852,320348,129592,232742
18,layer2.0.relu1,77817,False,1050060,426349,150972,166547,351804,76473,148221,59815,107139
18,layer2.0.conv2,2131024,False,26879556,10960712,3898800,4319535,9164222,2001032,3896070,1579214,2842091
18,layer2.0.bn2,47536,False,665916,269653,95238,104775,220739,47857,92507,37229,66519
18,layer2.0.relu2,18053,False,296064,118839,41588,45325,94589,20306,38860,15472,27354
18,layer2.0.conv3,842723,False,10680438,4353983,1548286,1714914,3637376,794017,1545560,626299,1126816
18,layer2.0.bn3,169640,False,2255328,901528,320038,353882,749244,163279,317286,128352,230529
18,layer2.0.downsample.0,2303651,False,29053734,11847455,4214271,4669119,9906049,2163039,4211559,1707114,3072311
18,layer2.0.downsample.1,173706,False,2268954,923454,327847,362523,767663,167295,325062,131507,236211
18,layer2.0.add,229758,False,2975538,1211627,430335,476102,1008631,219919,427530,173048,310994
18,layer2.0.relu3,86349,False,1156878,469913,166490,183677,388145,84410,163700,66063,118406
18,layer2.1.conv1,819905,False,10390092,4235514,1506181,1668246,3538327,772389,1503448,609215,1096088
18,layer2.1.bn1,50432,False,706044,286029,101079,111236,234430,50841,98321,39585,70756
18,layer2.1.relu1,17327,False,285864,114669,40118,43700,91117,19544,37380,14879,26288
18,layer2.1.conv2,1921661,False,24243240,9885504,3516241,3895623,8264685,1804577,3513488,1424095,2562876
18,layer2.1.bn2,42094,False,597672,241808,85320,93783,197381,42753,82579,33200,59266
18,layer2.1.relu2,17183,False,285948,114681,40081,43650,91020,19531,37343,14864,26238
18,layer2.1.conv3,846975,False,10732200,4375135,1555854,1723307,3655136,797878,1553081,629353,1132334
18,layer2.1.bn3,169752,False,2219976,903427,320719,354638,750822,163620,317932,128617,231013
18,layer2.1.add,226334,False,2930412,1193189,423818,468865,993304,216569,421007,170401,306225
18,layer2.1.relu3,83995,False,1126308,457441,162030,178786,377782,82157,159315,64313,115269
18,layer2.2.conv1,816248,False,10343934,4216803,1499495,1660845,3522634,768964,1496781,606530,1091226
18,layer2.2.bn1,48291,False,678942,274866,97109,106854,225098,48810,94370,37981,67872
18,layer2.2.relu1,18298,False,298794,119923,41984,45763,95506,20507,39241,15629,27629
18,layer2.2.conv2,1915152,False,24165336,9853751,3504966,3883126,8238192,1798793,3502228,1419539,2554677
18,layer2.2.bn2,41943,False,597636,241833,85360,93818,197435,42766,82609,33217,59294
18,layer2.2.relu2,17798,False,292086,117219,40997,44668,93186,19988,38182,15203,26865
18,layer2.2.conv3,842199,False,10673004,4350981,1547260,1713779,3634956,793493,1544539,625890,1126105
18,layer2.2.bn3,169242,False,2251380,916279,325294,359677,761631,165984,322552,130491,234379
18,layer2.2.add,228454,False,2954112,1202888,427259,472693,1001429,218348,424507,171820,308780
18,layer2.2.relu3,83923,False,1127700,458006,162257,179008,378215,82243,159465,64365,115348
18,layer2.3.conv1,814728,False,10321026,4207443,1496155,1657147,3514792,767237,1493396,605156,1088786
18,layer2.3.bn1,48124,False,674028,272996,96447,106123,223588,48481,93722,37714,67382
18,layer2.3.relu1,17792,False,292794,117508,41108,44786,93440,20032,38331,15264,26955
18,layer2.3.conv2,1919354,False,24214548,9873821,3512124,3891046,8255014,1802471,3509399,1422451,2559919
18,layer2.3.bn2,42064,False,598200,242051,85415,93898,197654,42816,82681,33240,59327
18,layer2.3.relu2,17894,False,293940,117927,41279,44966,93794,20129,38475,15320,27077
18,layer2.3.conv3,847231,False,10733328,4375589,1556020,1723477,3655517,797981,1553239,629414,1132446
18,layer2.3.bn3,170902,False,2230350,907727,322251,356295,754439,164405,319479,129244,232117
18,layer2.3.add,228538,False,2956290,1203789,427554,473015,1002109,218497,424821,171949,308992
18,layer2.3.relu3,84271,False,1131366,459479,162771,179614,379533,82538,160051,64611,115807
18,layer3.0.conv1,1750895,False,22097136,9010227,3204868,3550550,7532482,1644677,3202097,1297859,2335645
18,layer3.0.bn1,84606,False,1140540,463255,164121,181083,382630,83204,161349,65132,116743
18,layer3.0.relu1,31893,False,469650,189630,66781,73250,153826,33242,64020,25673,45702
18,layer3.0.conv2,2189469,False,27620100,11262740,4006257,4438620,9416953,2056228,4003519,1622767,2920484
18,layer3.0.bn2,36452,False,528144,213455,75260,82635,173751,37595,72498,29115,51896
18,layer3.0.relu2,12025,False,222678,88872,30941,33537,69485,14827,28193,11148,19573
18,layer3.0.conv3,973621,False,12322932,5023899,1786654,1979050,4197848,916424,1783942,722945,1300805
18,layer3.0.bn3,91596,False,1226862,498452,176624,194970,412104,89651,173906,70228,125881
18,layer3.0.downsample.0,2219909,False,28000422,11417859,4061431,4499753,9546637,2084543,4058684,1645138,2960755
18,layer3.0.downsample.1,91782,False,1227096,498512,176675,195018,412212,89659,173911,70213,125883
18,layer3.0.add,106933,False,1421970,578010,204949,226338,478672,104189,202180,81690,146524
18,layer3.0.relu3,36806,False,533028,215488,75991,83456,175497,37975,73238,29409,52436
18,layer3.1.conv1,1019984,False,12905778,5261605,1871203,2072749,4396660,959835,1868466,757204,1362446
18,layer3.1.bn1,32943,False,482676,194940,68669,75323,158227,34203,65920,26450,47116
18,layer3.1.relu1,11058,False,207996,82914,28786,31143,64486,13732,26037,10253,17956
18,layer3.1.conv2,2035874,False,25686072,10473953,3725598,4127598,8756902,1912071,3722828,1508980,2715671
18,layer3.1.bn2,33080,False,484878,195806,68972,75673,158969,34366,66240,26575,47337
18,layer3.1.relu2,11907,False,218880,87328,30378,32896,68155,14523,27592,10892,19106
18,layer3.1.conv3,961624,False,12212250,4978759,1770600,1961265,4160107,908179,1767879,716429,1285064
18,layer3.1.bn3,93112,False,1244808,505750,179253,197872,418208,90985,176506,71280,127800
18,layer3.1.add,106045,False,1413588,574609,203749,224977,475781,103556,200964,81184,145634
18,layer3.1.relu3,37324,False,539238,217999,76863,84404,177418,38396,74085,29756,53067
18,layer3.2.conv1,1010521,False,12787260,5213255,1853986,2053647,4356115,950983,1851224,750219,1349897
18,layer3.2.bn1,32406,False,476898,192584,67840,74423,156320,33761,65069,26105,46498
18,layer3.2.relu1,10554,False,200430,79747,27684,29919,61883,13164,24945,9833,17202
18,layer3.2.conv2,2029045,False,25601670,10439561,3713361,4114053,8728227,1905814,3710629,1504026,2706746
18,layer3.2.bn2,33203,False,485922,196266,69149,75876,159366,34457,66418,26653,47486
18,layer3.2.relu2,11633,False,215964,86149,29952,32390,67127,14307,27181,10728,18813
18,layer3.2.conv3,967202,False,12240420,4990250,1774668,1965778,4169667,910270,1771945,718071,1292033
18,layer3.2.bn3,92322,False,1236612,502413,178034,196506,415373,90357,175275,70777,126888
18,layer3.2.add,97556,False,1304466,530018,187880,207412,438505,95416,185130,74777,134102
18,layer3.2.relu3,35134,False,511008,206497,72791,79909,167957,36286,69982,28096,50061
18,layer3.3.conv1,1007374,False,12749388,5197835,1848547,2047584,4343278,948178,1845768,747996,1345902
18,layer3.3.bn1,31415,False,464586,187462,65992,72358,151945,32824,63230,25345,45119
18,layer3.3.relu1,10768,False,203928,81226,28215,30501,63109,13420,25412,10011,17523
18,layer3.3.conv2,2038367,False,25716048,10486195,3729993,4132479,8767332,1914356,3727276,1510785,2718912
18,layer3.3.bn2,32859,False,481800,194588,68528,75174,157854,34120,65753,26380,46972
18,layer3.3.relu2,11256,False,209016,83320,28930,31290,64790,13799,26174,10335,18109
18,layer3.3.conv3,966326,False,12232134,4986871,1773489,1964459,4166852,909645,1770699,717574,1291127
18,layer3.3.bn3,93074,False,1244286,505552,179137,197746,418015,90941,176417,71242,127740
18,layer3.3.add,105511,False,1405122,571176,202497,223624,472889,102926,199756,80703,144765
18,layer3.3.relu3,40306,False,575376,232750,82127,90255,189917,41128,79398,31913,56946
18,layer3.4.conv1,1016042,False,12855960,5241311,1864016,2064771,4379727,956138,1861244,754283,1357206
18,layer3.4.bn1,32009,False,471228,190266,67006,73457,154276,33343,64251,25759,45872
18,layer3.4.relu1,11108,False,206898,82454,28655,30991,64130,13659,25918,10227,17899
18,layer3.4.conv2,2031214,False,25627782,10450201,3717132,4118196,8737019,1907733,3714361,1505537,2709462
18,layer3.4.bn2,33084,False,485562,196095,69047,75761,159151,34402,66312,26607,47386
18,layer3.4.relu2,11031,False,206904,82456,28645,30938,64034,13629,25857,10205,17859
18,layer3.4.conv3,965089,False,12217326,4980844,1771316,1962042,4161747,908540,1768582,716716,1289567
18,layer3.4.bn3,92906,False,1242150,504683,178836,197417,417273,90769,176072,71107,127479
18,layer3.4.add,94582,False,1268100,515267,182605,201594,426175,92705,179836,72625,130224
18,layer3.4.relu3,35276,False,512562,207097,72955,80088,168303,36404,70212,28176,50226
18,layer3.5.conv1,1006736,False,12739566,5193826,1847113,2046027,4339947,947457,1844351,747437,1344891
18,layer3.5.bn1,32422,False,477564,192865,67927,74468,156369,33802,65146,26120,46518
18,layer3.5.relu1,11753,False,259416,103885,36280,39413,82023,17562,33522,13300,23433
18,layer3.5.conv2,2034336,False,25665192,10465451,3722584,4124267,8749795,1910526,3719813,1507760,2713452
18,layer3.5.bn2,33332,False,487602,196848,69347,76088,159850,34562,66608,26726,47600
18,layer3.5.relu2,12148,False,221754,88510,30795,33368,69207,14761,28034,11090,19467
18,layer3.5.conv3,973815,False,12325302,5024869,1787015,1979439,4198682,916589,1784224,723056,1300995
18,layer3.5.bn3,93972,False,1254960,509881,180673,199444,421606,91726,177936,71856,128848
18,layer3.5.add,106185,False,1416012,575495,204060,225365,476616,103740,201340,81345,145925
18,layer3.5.relu3,36795,False,532260,215152,75862,83308,175138,37897,73120,29364,52354
18,layer4.0.conv1,1960307,False,24732930,10085230,3587335,3974402,8431893,1841095,3584599,1452937,2614758
18,layer4.0.bn1,50197,False,700392,283731,100259,110344,232552,50436,97499,39248,70143
18,layer4.0.relu1,18127,False,295608,118653,41535,45237,94387,20260,38768,15440,27289
18,layer4.0.conv2,3428060,False,43188912,17612375,6265258,6941829,14728629,3216229,6262503,2538578,4568933
18,layer4.0.bn2,31731,False,467328,188649,66426,72854,152985,33062,63702,25548,45485
18,layer4.0.relu2,9028,False,182424,72501,25111,27075,55854,11803,22293,8763,15278
18,layer4.0.conv3,1247587,False,15769008,6429368,2286692,2533144,5373616,1173194,2283966,925654,1665682
18,layer4.0.bn3,60481,False,830502,336788,119141,131266,276928,60123,116393,46908,83936
18,layer4.0.downsample.0,2897632,False,36521928,14893304,5297902,5869887,12453993,2719489,5295170,2146412,3863050
18,layer4.0.downsample.1,57757,False,795048,322327,113957,125521,264730,57466,111222,44817,80177
18,layer4.0.add,40209,False,577458,233586,82383,90530,190487,41250,79651,32010,57114
18,layer4.0.relu3,18322,False,297858,119478,41813,45584,95121,20427,39090,15572,27535
18,layer4.1.conv1,1214354,False,15354246,6260222,2226520,2466467,5232120,1142288,2223752,901245,1621735
18,layer4.1.bn1,30621,False,455370,183818,64724,70980,149016,32173,61967,24840,44213
18,layer4.1.relu1,9316,False,185004,73442,25443,27440,56620,12014,22706,8931,15580
18,layer4.1.conv2,3164543,False,39876018,16261247,5784536,6409140,13598241,2969379,5781785,2343689,4218144
18,layer4.1.bn2,29733,False,442602,178579,62838,68851,144485,31205,59999,24049,42792
18,layer4.1.relu2,8747,False,179754,71388,24676,26585,54783,11606,21896,8565,14909
18,layer4.1.conv3,1243809,False,15726270,6411931,2280469,2526241,5358966,1169998,2277718,923124,1661131
18,layer4.1.bn3,59050,False,811758,329122,116375,128205,270437,58707,113644,45798,81938
18,layer4.1.add,39083,False,562092,227319,80195,88076,185245,40109,77407,31088,55462
18,layer4.1.relu3,17245,False,284976,114285,39927,43486,90669,19453,37187,14800,26144
18,layer4.2.conv1,1209720,False,15299034,6237695,2218499,2457574,5213253,1138170,2215746,897992,1615873
18,layer4.2.bn1,30618,False,454938,183610,64643,70881,148817,32149,61925,24832,44198
18,layer4.2.relu1,7959,False,166452,65968,22791,24488,50354,10638,20036,7846,13622
18,layer4.2.conv2,3157018,False,39783180,16223373,5771080,6394219,13566631,2962465,5768286,2338218,4208286
18,layer4.2.bn2,30410,False,451308,182113,64076,70248,147468,31848,61329,24582,43746
18,layer4.2.relu2,8168,False,171942,68197,23586,25381,52155,11038,20816,8159,14163
18,layer4.2.conv3,1236731,False,15633726,6374182,2267050,2511378,5327388,1163100,2264297,917686,1651332
18,layer4.2.bn3,61016,False,836868,339397,120064,132289,279016,60582,117292,47275,84604
18,layer4.2.add,36814,False,534978,216273,76255,83745,176004,38087,73472,29506,52613
18,layer4.2.relu3,16553,False,275964,110641,38662,42083,87700,18804,35937,14292,25234
18,avgpool,79008,False,1065396,432577,153186,168987,356981,77606,150446,60701,108766
18,flatten,8539,False,176274,69969,24206,26049,53672,11367,21453,8420,14661
18,fc,505370,False,6445878,2626945,933861,1034073,2192662,478506,931146,377208,678452
19,conv1,2177448,False,27470982,11201935,3984615,4414625,9366019,2045095,3981853,1613985,2904672
19,bn1,333774,False,4285944,1746062,620512,686838,1455819,317585,617773,250169,449800
19,relu,174985,False,2279904,927935,329442,364308,771451,168120,326712,132174,237416
19,maxpool,10357467,False,130292598,53137021,18903825,20946690,44446267,9706303,18901065,7662308,13791652
19,layer1.0.conv1,254224,False,3017220,1228370,436263,482670,1022596,222959,433459,175452,315320
19,layer1.0.bn1,88578,False,1187550,482237,170849,188570,398532,86686,168136,67887,121697
19,layer1.0.relu1,34630,False,504906,203915,71854,78858,165734,35841,69121,27733,49425
19,layer1.0.conv2,1991282,False,25127178,10246039,3644527,4037779,8566333,1870452,3641747,1476109,2656502
19,layer1.0.bn2,82312,False,1109052,450389,159554,176014,371887,80868,156794,63281,113407
19,layer1.0.relu2,33505,False,492570,198892,70044,76850,161462,34907,67289,26999,48094
19,layer1.0.conv3,855851,False,10845048,4421146,1572227,1741444,3693633,806301,1569471,635990,1144277
19,layer1.0.bn3,318827,False,4094028,1667827,592648,655964,1390326,303278,589904,238856,429445
19,layer1.0.downsample.0,870038,False,11024586,4494397,1598240,1770260,3754797,819667,1595506,646550,1163292
19,layer1.0.downsample.1,326883,False,4195332,1709036,607340,672242,1424845,310814,604589,244808,440150
19,layer1.0.add,452741,False,5780514,2355541,837351,927110,1965688,428929,834607,338064,608019
19,layer1.0.relu3,174983,False,2281926,928733,329718,364610,772066,168238,326926,132259,237567
19,layer1.1.conv1,807384,False,10236588,4173011,1483948,1643617,3486075,760978,1481223,600218,1079894
19,layer1.1.bn1,93712,False,1252680,508974,180398,199134,420957,91577,177649,71741,128632
19,layer1.1.relu1,31916,False,470076,189789,66812,73290,153920,33265,64081,25700,45764
19,layer1.1.conv2,1984068,False,25029732,10206281,3630399,4022100,8533081,1863184,3627615,1470378,2646181
19,layer1.1.bn2,80684,False,1136202,461469,163481,180387,365117,79389,153919,62122,111328
19,layer1.1.relu2,33020,False,484992,195870,68993,75662,158960,34359,66229,26575,47312
19,layer1.1.conv3,851235,False,10786860,4397440,1563780,1732090,3673685,801950,1561013,632542,1138083
19,layer1.1.bn3,321757,False,4134102,1684168,598461,662409,1403975,306259,595712,241229,433709
19,layer1.1.add,447574,False,5716680,2329595,828086,916857,1943906,424181,825352,334322,601283
19,layer1.1.relu3,173955,False,2317584,943178,334866,370311,767798,167333,325176,131552,236295
19,layer1.2.conv1,808465,False,10249206,4178150,1485765,1645623,3490254,761879,1482960,600910,1081145
19,layer1.2.bn1,93121,False,1243548,505257,179070,197681,417868,90908,176356,71219,127698
19,layer1.2.relu1,32027,False,473490,191105,67311,73803,154979,33490,64516,25866,46047
19,layer1.2.conv2,1981977,False,25004856,10196148,3626759,4018082,8524578,1861339,3624033,1468905,2643524
19,layer1.2.bn2,79755,False,1077168,437402,154930,170927,361054,78480,152132,61400,109991
19,layer1.2.relu2,33348,False,490836,198273,69854,76649,161063,34819,67131,26941,47996
19,layer1.2.conv3,851016,False,10781232,4395113,1562970,1731184,3671877,801552,1560201,632238,1137528
19,layer1.2.bn3,321657,False,4131894,1683246,598158,662062,1403244,306105,595426,241109,433500
19,layer1.2.add,455222,False,5811588,2368300,841844,932087,1976245,431239,839094,339879,611276
19,layer1.2.relu3,173951,False,2268366,923202,327764,362439,767473,167255,325016,131484,236165
19,layer2.0.conv1,1600898,False,20212248,8241508,2931399,3247558,6889546,1504260,2928622,1187003,2136105
19,layer2.0.bn1,172641,False,2252160,916582,325374,359797,761874,166033,322640,130524,234406
19,layer2.0.relu1,78126,False,1053330,427678,151432,167053,352853,76706,148699,60003,107478
19,layer2.0.conv2,2129923,False,26867148,10955637,3896981,4317509,9159898,2000090,3894230,1578466,2840745
19,layer2.0.bn2,43287,False,613764,248367,87639,96350,202853,43940,84887,34135,60949
19,layer2.0.relu2,18097,False,297624,119485,41830,45590,95143,20428,39087,15570,27529
19,layer2.0.conv3,848347,False,10748448,4381753,1558201,1725906,3660590,799088,1555427,630301,1134039
19,layer2.0.bn3,173713,False,2269758,923757,327949,362653,767944,167344,325189,131551,236297
19,layer2.0.downsample.0,2305473,False,29079312,11857760,4217937,4673164,9914590,2164899,4215177,1708581,3074938
19,layer2.0.downsample.1,175890,False,2292450,932998,331231,366288,775653,169050,328506,132905,238733
19,layer2.0.add,227763,False,2947998,1200361,426367,471699,999261,217871,423576,171442,308102
19,layer2.0.relu3,90228,False,1208472,490954,173977,192032,405805,88274,171198,69128,123910
19,layer2.1.conv1,817750,False,10365168,4225432,1502602,1664235,3529815,770527,1499823,607754,1093457
19,layer2.1.bn1,53820,False,748464,303342,107234,118036,248840,53990,104466,42075,75203
19,layer2.1.relu1,17635,False,289950,116331,40709,44351,92500,19844,37948,15108,26689
19,layer2.1.conv2,1922127,False,24247596,9887221,3516848,3896290,8266124,1804883,3514074,1424345,2563311
19,layer2.1.bn2,43345,False,614832,248744,87811,96550,203275,44039,85065,34213,61081
19,layer2.1.relu2,17497,False,287358,115291,40341,43950,91614,19656,37595,14962,26432
19,layer2.1.conv3,848881,False,10752738,4383497,1558823,1726550,3662051,799405,1556058,630547,1134486
19,layer2.1.bn3,171661,False,2239674,911517,323555,357777,757563,165084,320790,129773,233054
19,layer2.1.add,226579,False,2931480,1193663,423986,469063,993698,216664,421241,170495,306397
19,layer2.1.relu3,84222,False,1130496,459147,162664,179497,379280,82481,159939,64564,115717
19,layer2.2.conv1,814776,False,10325148,4209125,1496782,1657793,3516147,767544,1494009,605389,1089184
19,layer2.2.bn1,47455,False,666012,269700,95271,104818,220806,47870,92540,37244,66544
19,layer2.2.relu1,17351,False,285078,114353,40005,43572,90875,19491,37243,14823,26184
19,layer2.2.conv2,1916516,False,24179406,9859464,3507004,3885372,8242961,1799803,3504187,1420343,2556094
19,layer2.2.bn2,41416,False,590814,239055,84374,92726,195171,42249,81591,32800,58518
19,layer2.2.relu2,17828,False,293286,117701,41182,44871,93532,20076,38396,15288,27003
19,layer2.2.conv3,845356,False,10709310,4365800,1552530,1719613,3647313,796185,1549769,628008,1129923
19,layer2.2.bn3,173281,False,2260878,920038,326634,361188,764787,166674,323889,131016,235328
19,layer2.2.add,228926,False,2962068,1206150,428423,473954,1004086,218936,425649,172281,309600
19,layer2.2.relu3,84198,False,1129776,458841,162564,179349,378976,82413,159808,64499,115599
19,layer2.3.conv1,817494,False,10359408,4223075,1501751,1663331,3527882,770105,1498998,607424,1092868
19,layer2.3.bn1,48058,False,673800,272884,96394,106056,223353,48430,93629,37679,67327
19,layer2.3.relu1,17523,False,288846,115890,40549,44180,92144,19755,37784,15042,26568
19,layer2.3.conv2,1913922,False,24143538,9844841,3501808,3879593,8230684,1797155,3499015,1418230,2552321
19,layer2.3.bn2,41195,False,589518,238510,84160,92494,194565,42135,81361,32707,58380
19,layer2.3.relu2,17447,False,287652,115411,40380,43996,91735,19678,37638,14976,26464
19,layer2.3.conv3,847640,False,10739796,4378226,1556946,1724502,3657711,798448,1554188,629803,1133155
19,layer2.3.bn3,170363,False,2224536,905292,321365,355339,752421,163961,318601,128867,231454
19,layer2.3.add,226352,False,2975910,1211778,430423,476198,1008860,219970,427661,173101,311087
19,layer2.3.relu3,83427,False,1121676,455552,161378,178065,376216,81810,158637,64034,114768
19,layer3.0.conv1,1756858,False,22173816,9041432,3215978,3562901,7558683,1650397,3213245,1302389,2343798
19,layer3.0.bn1,84665,False,1178436,478660,169600,187175,395524,86026,166836,67353,116557
19,layer3.0.relu1,32299,False,474156,191377,67408,73945,155306,33568,64690,25944,46208
19,layer3.0.conv2,2193360,False,27662880,11280202,4012462,4445491,9431523,2059411,4009750,1625294,2925029
19,layer3.0.bn2,36383,False,527676,213283,75192,82550,173549,37552,72451,29099,51873
19,layer3.0.relu2,11324,False,211434,84270,29282,31661,65588,13973,26536,10481,18344
19,layer3.0.conv3,971100,False,12292818,5011633,1782273,1974199,4187529,914166,1779512,721149,1297568
19,layer3.0.bn3,92374,False,1234872,501701,177770,196229,414785,90235,175029,70678,126726
19,layer3.0.downsample.0,2219807,False,28002654,11418782,4061771,4500086,9547339,2084701,4058983,1645254,2960956
19,layer3.0.downsample.1,91093,False,1217472,494621,175243,193437,408872,88948,172519,69663,124880
19,layer3.0.add,107378,False,1430586,581534,206179,227703,481558,104808,203422,82175,147413
19,layer3.0.relu3,37462,False,541920,219087,77260,84851,178425,38588,74459,29912,53345
19,layer3.1.conv1,1013458,False,12823458,5228029,1859247,2059482,4368492,953691,1856486,752340,1353713
19,layer3.1.bn1,33349,False,489480,197706,69626,76402,160506,34702,66895,26834,47793
19,layer3.1.relu1,11138,False,209364,83422,28994,31371,64945,13827,26229,10351,18138
19,layer3.1.conv2,2037200,False,25700226,10479740,3727657,4129894,8761833,1913148,3724912,1509826,2717188
19,layer3.1.bn2,33039,False,483522,195189,68762,75445,158491,34258,66032,26479,47170
19,layer3.1.relu2,11515,False,215478,85933,29881,32341,66996,14284,27128,10722,18803
19,layer3.1.conv3,973185,False,12319326,5022446,1786120,1978459,4196561,916139,1783371,722698,1300354
19,layer3.1.bn3,92646,False,1237680,502873,178228,196726,415811,90433,175424,70826,126979
19,layer3.1.add,106488,False,1414494,574959,203875,225163,476156,103633,201126,81261,145778
19,layer3.1.relu3,35825,False,518694,209640,73895,81129,170526,36880,71137,28559,50900
19,layer3.2.conv1,1006796,False,12739218,5193679,1847062,2045944,4339782,947416,1844278,747393,1344804
19,layer3.2.bn1,32644,False,479928,193798,68259,74888,157225,33976,65474,26261,46760
19,layer3.2.relu1,10708,False,202668,80735,28036,30317,62726,13347,25304,9980,17468
19,layer3.2.conv2,2036608,False,25696710,10478315,3727173,4129359,8760685,1912898,3724435,1509633,2716837
19,layer3.2.bn2,33831,False,494772,199871,70403,77258,162308,35096,67666,27156,48381
19,layer3.2.relu2,11444,False,212424,84690,29446,31882,66043,14070,26715,10557,18505
19,layer3.2.conv3,965360,False,12218580,4981343,1771524,1962280,4162271,908648,1768795,716799,1289746
19,layer3.2.bn3,92779,False,1242636,504877,178944,197532,417526,90828,176194,71150,127569
19,layer3.2.add,93856,False,1257126,510789,180993,199809,422374,91889,178264,71970,129048
19,layer3.2.relu3,35686,False,564246,228225,80512,88460,186110,40295,77771,31245,51066
19,layer3.3.conv1,1018783,False,12891798,5255817,1869182,2070487,4391868,958792,1866426,756379,1360973
19,layer3.3.bn1,31685,False,468306,189077,66591,73042,153365,33143,63846,25604,45588
19,layer3.3.relu1,11844,False,218562,87233,30349,32869,68062,14507,27573,10902,19118
19,layer3.3.conv2,2032546,False,25644522,10457009,3719590,4120912,8742753,1908989,3716812,1506538,2711260
19,layer3.3.bn2,33738,False,492780,199059,70136,76932,161630,34949,67374,27038,48170
19,layer3.3.relu2,12197,False,222972,89010,30988,33549,69590,14841,28215,11163,19598
19,layer3.3.conv3,966195,False,12231654,4986651,1773406,1964354,4166630,909563,1770562,717520,1291032
19,layer3.3.bn3,93688,False,1251402,508442,180211,198944,420529,91487,177463,71669,128509
19,layer3.3.add,105567,False,1407720,572198,202897,224082,473861,103136,200167,80866,145058
19,layer3.3.relu3,36124,False,523164,211440,74534,81835,172014,37217,71775,28821,51378
19,layer3.4.conv1,1006293,False,12733440,5191322,1846213,2044995,4337791,946987,1843460,747050,1344191
19,layer3.4.bn1,36821,False,531528,214869,75754,83183,174913,37835,72962,29304,52251
19,layer3.4.relu1,11346,False,210660,84006,29205,31571,65402,13934,26444,10441,18297
19,layer3.4.conv2,2035634,False,25681470,10472064,3724956,4126897,8755434,1911758,3722215,1508732,2715209
19,layer3.4.bn2,33217,False,486072,196323,69125,75840,159298,34440,66375,26634,47445
19,layer3.4.relu2,11646,False,215130,85696,29796,32241,66809,14241,27045,10673,18700
19,layer3.4.conv3,969010,False,12263472,4999620,1778031,1969496,4177554,911986,1775289,719435,1294476
19,layer3.4.bn3,92664,False,1240206,503891,178554,197102,416653,90635,175810,70995,127295
19,layer3.4.add,94730,False,1269342,515789,182819,201831,426666,92806,180046,72706,130361
19,layer3.4.relu3,35749,False,519204,209826,73972,81177,170636,36916,71210,28594,50975
19,layer3.5.conv1,1014386,False,12834840,5232700,1860961,2061372,4372522,954542,1858161,753032,1354962
19,layer3.5.bn1,31903,False,471660,190467,67050,73522,154391,33371,64297,25790,45898
19,layer3.5.relu1,10835,False,206232,82204,28556,30874,63899,13607,25784,10174,17813
19,layer3.5.conv2,2041434,False,25751622,10500706,3735153,4138210,8779477,1917001,3732422,1512866,2722653
19,layer3.5.bn2,33357,False,487968,197060,69409,76100,159881,34567,66630,26735,47601
19,layer3.5.relu2,11904,False,219282,87521,30415,32945,68308,14568,27678,10945,19161
19,layer3.5.conv3,971555,False,12297948,5013727,1783045,1975016,4189284,914544,1780275,721451,1298108
19,layer3.5.bn3,94415,False,1262142,512840,181774,200608,424071,92262,178993,72276,129604
19,layer3.5.add,105657,False,1406538,571748,202739,223871,473434,103039,199955,80782,144883
19,layer3.5.relu3,35990,False,522360,211123,74437,81731,171835,37175,71670,28776,51288
19,layer4.0.conv1,1958386,False,24707142,10074739,3583583,3970238,8423047,1839167,3580818,1451406,2612034
19,layer4.0.bn1,50680,False,706668,286291,101175,111363,234710,50903,98448,39632,70842
19,layer4.0.relu1,17617,False,289542,116196,40642,44281,92349,19813,37873,15077,26638
19,layer4.0.conv2,3425514,False,43158192,17599844,6260798,6936887,14718124,3213951,6258068,2536780,4565705
19,layer4.0.bn2,31251,False,459978,185668,65336,71648,150435,32506,62617,25112,44702
19,layer4.0.relu2,8783,False,178698,70967,24536,26421,54419,11535,21785,8547,14886
19,layer4.0.conv3,1240649,False,15687366,6396071,2274813,2519990,5345681,1167098,2272092,920833,1657003
19,layer4.0.bn3,58458,False,804426,326169,115363,127087,268046,58183,112617,45375,81184
19,layer4.0.downsample.0,2893614,False,36472050,14872969,5290651,5861861,12436959,2715770,5287926,2143481,3857762
19,layer4.0.downsample.1,58661,False,806544,327017,115666,127410,268726,58339,112917,45495,81380
19,layer4.0.add,36131,False,524202,211864,74675,81988,172376,37297,71947,28891,51502
19,layer4.0.relu3,17890,False,293658,117845,41239,44944,93757,20123,38499,15332,27099
19,layer4.1.conv1,1214045,False,15349344,6258207,2225787,2465659,5230343,1141910,2223039,900956,1621225
19,layer4.1.bn1,30346,False,450090,181655,63928,70078,147088,31771,61154,24506,43599
19,layer4.1.relu1,8599,False,175998,69868,24177,26034,53643,11356,21436,8415,14658
19,layer4.1.conv2,3162644,False,39856818,16253411,5781739,6406026,13591666,2967946,5779001,2342558,4216106
19,layer4.1.bn2,29846,False,444624,179365,63122,69195,145147,31343,60353,24187,43038
19,layer4.1.relu2,8808,False,180462,71596,24744,26653,54902,11632,21932,8616,15013
19,layer4.1.conv3,1244124,False,15727980,6412537,2280706,2526506,5359530,1170122,2277980,923223,1661308
19,layer4.1.bn3,58751,False,809496,328226,116058,127845,269700,58541,113323,45651,81673
19,layer4.1.add,38548,False,556458,225037,79383,87203,183423,39710,76618,30786,54910
19,layer4.1.relu3,17864,False,292872,117542,41109,44794,93430,20051,38373,15280,26982
19,layer4.2.conv1,1208745,False,15285684,6232236,2216551,2455419,5208676,1137172,2213801,897212,1614487
19,layer4.2.bn1,29459,False,438906,177099,62328,68321,143337,30939,59563,23868,42452
19,layer4.2.relu1,7207,False,159762,63161,21789,23385,48003,10128,19044,7431,12875
19,layer4.2.conv2,3160539,False,39828198,16241707,5777608,6401468,13582010,2965835,5774878,2340892,4213115
19,layer4.2.bn2,30467,False,452268,182550,64232,70421,147835,31938,61503,24649,43873
19,layer4.2.relu2,9069,False,183162,72760,25208,27151,55999,11879,22440,8821,15384
19,layer4.2.conv3,1238122,False,15653286,6382145,2269888,2514526,5334087,1164569,2267163,918848,1653432
19,layer4.2.bn3,61144,False,838584,340099,120276,132517,279587,60706,117533,47365,84762
19,layer4.2.add,35692,False,520032,210051,74037,81289,170874,36964,71269,28610,50988
19,layer4.2.relu3,17176,False,284100,113950,39848,43387,90447,19399,37088,14758,26063
19,avgpool,80757,False,1086354,441158,156261,172371,364169,79177,153507,61947,111008
19,flatten,8806,False,177318,70377,24350,26230,54069,11461,21639,8499,14806
19,fc,505640,False,6444576,2626465,933727,1033914,2192306,478428,930988,377152,678361
20,conv1,2171901,False,27402576,11174034,3974693,4403643,9342697,2040010,3971951,1609976,2897462
20,bn1,329226,False,4228830,1722742,612205,677638,1436284,313320,609463,246803,443753
20,relu,179809,False,2343654,953922,338695,374558,793147,172866,335950,135912,244136
20,maxpool,10292635,False,129154098,52672677,18738631,20763677,44057868,9621466,18735837,7595331,13671102
20,layer1.0.conv1,250793,False,2980986,1213541,431009,476800,1010046,220212,428118,173287,311415
20,layer1.0.bn1,89405,False,1196436,485998,172211,190058,401661,87370,169461,68420,122652
20,layer1.0.relu1,35014,False,510780,206385,72746,79855,167842,36298,70005,28109,50105
20,layer1.0.conv2,1994155,False,25161822,10260119,3649560,4043320,8578106,1873029,3646796,1478156,2660158
20,layer1.0.bn2,83080,False,1119510,454642,161030,177680,375437,81636,158277,63892,114505
20,layer1.0.relu2,33020,False,485262,195981,69035,75731,159057,34386,66268,26591,47362
20,layer1.0.conv3,858118,False,10875000,4433376,1576564,1746243,3703850,808527,1573807,637749,1147456
20,layer1.0.bn3,320866,False,4123200,1679719,596901,660644,1400227,305441,594110,240565,432519
20,layer1.0.downsample.0,866835,False,10984596,4478072,1592480,1763865,3741231,816683,1589704,644198,1159044
20,layer1.0.downsample.1,323002,False,4144830,1688534,600036,664152,1407710,307078,597304,241875,434867
20,layer1.0.add,455471,False,5812764,2368780,842027,932305,1976681,431339,839285,339969,611420
20,layer1.0.relu3,174159,False,2270562,924097,328082,362785,768134,167404,325296,131600,236355
20,layer1.1.conv1,808721,False,10255608,4180743,1486673,1646640,3492497,762377,1483937,601322,1081876
20,layer1.1.bn1,93427,False,1247736,506969,179684,198322,419248,91202,176921,71448,128109
20,layer1.1.relu1,31376,False,462474,186679,65735,72089,151376,32704,62996,25256,44964
20,layer1.1.conv2,1981690,False,25003074,10195421,3626504,4017810,8524012,1861216,3623793,1468829,2643392
20,layer1.1.bn2,81745,False,1102176,447575,158538,174924,369582,80358,155802,62888,112698
20,layer1.1.relu2,44773,False,633162,256313,90484,99473,209478,45401,87721,35284,63009
20,layer1.1.conv3,848264,False,10748538,4381821,1558226,1725915,3660610,799094,1555452,630312,1134059
20,layer1.1.bn3,324555,False,4167336,1697703,603300,667765,1415375,308750,600535,243180,437215
20,layer1.1.add,447171,False,5710584,2327099,827218,915891,1941871,423720,824450,333961,600634
20,layer1.1.relu3,178569,False,2325774,946645,336075,371656,787041,171533,333356,134869,242268
20,layer1.2.conv1,802818,False,10176744,4148599,1475261,1633996,3465665,756520,1472540,596700,1073566
20,layer1.2.bn1,96189,False,1282386,521096,184675,203882,431035,93784,181936,73485,131758
20,layer1.2.relu1,32887,False,483192,195168,68761,75447,158469,34241,66001,26482,47166
20,layer1.2.conv2,1977287,False,24946776,10172455,3618304,4008693,8504650,1856979,3615533,1465475,2637323
20,layer1.2.bn2,78820,False,1067628,433491,153543,169384,357738,77776,150782,60851,109008
20,layer1.2.relu2,32078,False,474066,191441,67425,73951,155296,33565,64623,25917,46153
20,layer1.2.conv3,852582,False,10802988,4403959,1566079,1734629,3679204,803152,1563354,633508,1139817
20,layer1.2.bn3,320115,False,4111134,1674796,595112,658687,1396096,304544,592375,239859,431240
20,layer1.2.add,454194,False,5798664,2363012,839974,930033,1971865,430280,837235,339128,609921
20,layer1.2.relu3,173828,False,2266524,922439,327468,362077,766713,167096,324719,131366,235964
20,layer2.0.conv1,1592059,False,20102634,8196707,2915456,3229872,6852036,1496066,2912711,1180538,2124468
20,layer2.0.bn1,171761,False,2242890,912824,324068,358333,758765,165357,321335,129987,233476
20,layer2.0.relu1,78445,False,1058928,429963,152272,167983,354827,77131,149489,60329,108094
20,layer2.0.conv2,2123745,False,26790726,10924483,3885902,4305246,9133870,1994395,3883100,1573950,2832593
20,layer2.0.bn2,43032,False,611292,247395,87334,96018,202126,43778,84570,34005,60714
20,layer2.0.relu2,18307,False,300012,120435,42135,45923,95845,20572,39381,15683,27731
20,layer2.0.conv3,848813,False,10755210,4384525,1559183,1726955,3662925,799599,1556432,630710,1134783
20,layer2.0.bn3,168859,False,2204478,897077,318479,352158,745672,162497,315768,127737,229433
20,layer2.0.downsample.0,2306154,False,29083446,11859553,4218549,4673845,9916069,2165222,4215802,1708816,3075379
20,layer2.0.downsample.1,175218,False,2283714,929491,329950,364869,772599,168369,327180,132349,237730
20,layer2.0.add,226361,False,2929302,1192760,423664,468699,992963,216504,420928,170371,306173
20,layer2.0.relu3,86096,False,1154118,468712,166055,183210,387142,84190,163269,65916,118145
20,layer2.1.conv1,820960,False,10401840,4240408,1507921,1670149,3542376,773272,1505170,609915,1097343
20,layer2.1.bn1,49297,False,690372,279640,98773,108698,229059,49675,96059,38667,69105
20,layer2.1.relu1,17170,False,284286,114023,39858,43405,90482,19408,37113,14762,26068
20,layer2.1.conv2,1915608,False,24169584,9855478,3505587,3883780,8239582,1799100,3502837,1419790,2555126
20,layer2.1.bn2,42694,False,607968,246054,86853,95452,200950,43524,84079,33811,60357
20,layer2.1.relu2,16837,False,280620,112545,39350,42839,89299,19153,36604,14565,25714
20,layer2.1.conv3,843312,False,10685148,4355954,1549000,1715704,3639018,794362,1546194,626552,1127297
20,layer2.1.bn3,174942,False,2281338,928486,329642,364512,771879,168217,326881,132243,237537
20,layer2.1.add,226435,False,2934216,1194747,424362,469461,994551,216849,421570,170622,306607
20,layer2.1.relu3,83487,False,1121370,455419,161350,178037,376182,81801,158603,64021,114745
20,layer2.2.conv1,816620,False,10345824,4217567,1499791,1661183,3523338,769108,1497056,606641,1091460
20,layer2.2.bn1,47516,False,668796,270755,95635,105220,221678,48062,92910,37378,66784
20,layer2.2.relu1,17746,False,291132,116823,40884,44539,92916,19942,38150,15183,26838
20,layer2.2.conv2,1912651,False,24130110,9839389,3499836,3877441,8226137,1796160,3497091,1417449,2550913
20,layer2.2.bn2,42585,False,603942,244373,86257,94824,199619,43243,83501,33572,59931
20,layer2.2.relu2,18257,False,297858,119569,41860,45595,95115,20424,39088,15567,27521
20,layer2.2.conv3,844924,False,10704096,4363669,1551746,1718752,3645521,795803,1549042,627712,1129367
20,layer2.2.bn3,169680,False,2215218,901533,320050,353860,749281,163280,317282,128352,230521
20,layer2.2.add,231722,False,2998410,1220975,433660,479794,1016485,221637,430927,174425,313444
20,layer2.2.relu3,83721,False,1124280,456597,161762,178461,377084,81994,158979,64159,114990
20,layer2.3.conv1,817384,False,10357506,4222322,1501448,1662992,3527183,769954,1498696,607290,1092629
20,layer2.3.bn1,47649,False,669966,271274,95828,105408,222038,48123,93034,37441,66898
20,layer2.3.relu1,16995,False,282558,113335,39643,43131,89908,19278,36851,14662,25870
20,layer2.3.conv2,1915085,False,24161568,9852211,3504404,3882500,8236855,1798507,3501663,1419318,2554273
20,layer2.3.bn2,42727,False,606930,245624,86669,95275,200573,43454,83937,33742,60231
20,layer2.3.relu2,18117,False,297984,119595,41835,45595,95147,20430,39106,15573,27519
20,layer2.3.conv3,847728,False,10740330,4378454,1557023,1724577,3657762,798472,1554240,629816,1133153
20,layer2.3.bn3,170466,False,2226372,906094,321678,355698,753172,164112,318908,129007,231717
20,layer2.3.add,224914,False,2909226,1184592,420718,465442,986041,214986,417962,169161,303993
20,layer2.3.relu3,83859,False,1126032,457326,162019,178778,377701,82133,159261,64288,115222
20,layer3.0.conv1,1743302,False,22001988,8971419,3191062,3535293,7500117,1637604,3188335,1292290,2325628
20,layer3.0.bn1,84614,False,1136616,461628,163556,180478,381332,82930,160813,64917,116353
20,layer3.0.relu1,32031,False,470340,189904,66882,73362,154059,33299,64165,25731,45818
20,layer3.0.conv2,2196823,False,27708936,11298954,4019108,4452845,9447092,2062807,4016353,1627962,2929829
20,layer3.0.bn2,36137,False,524424,211964,74716,82020,172440,37308,71955,28892,51494
20,layer3.0.relu2,11654,False,214884,85735,29810,32255,66818,14243,27061,10697,18732
20,layer3.0.conv3,969187,False,12268794,5001813,1778803,1970347,4179345,912384,1776060,719750,1295057
20,layer3.0.bn3,91693,False,1226922,498473,176665,195013,412197,89665,173924,70214,125870
20,layer3.0.downsample.0,2217323,False,27966876,11404185,4056577,4494364,9535200,2082055,4053832,1643172,2957209
20,layer3.0.downsample.1,92828,False,1237794,502908,178238,196716,415801,90452,175465,70859,127051
20,layer3.0.add,111872,False,1485684,604005,214207,236600,500461,108940,211469,85457,153324
20,layer3.0.relu3,37300,False,538656,217764,76783,84314,177273,38360,74020,29733,53000
20,layer3.1.conv1,1021013,False,12916014,5265755,1872699,2074384,4400081,960588,1869896,757785,1363513
20,layer3.1.bn1,33381,False,489576,197750,69661,76434,160559,34715,66888,26833,47803
20,layer3.1.relu1,10724,False,202914,80829,28067,30345,62799,13361,25298,9980,17451
20,layer3.1.conv2,2033720,False,25655808,10461634,3721213,4122727,8746568,1909812,3718419,1507190,2712440
20,layer3.1.bn2,32860,False,481698,194538,68526,75183,157908,34130,65788,26394,47006
20,layer3.1.relu2,11739,False,215082,85813,29854,32314,66963,14256,27080,10702,18759
20,layer3.1.conv3,966301,False,12231414,4986562,1773382,1964351,4166627,909599,1770630,717549,1291092
20,layer3.1.bn3,94090,False,1255968,510331,180883,199635,422024,91810,178099,71929,128974
20,layer3.1.add,105908,False,1411716,573848,203459,224700,475151,103408,200664,81067,145414
20,layer3.1.relu3,35981,False,522228,211071,74411,81644,171638,37130,71628,28764,51278
20,layer3.2.conv1,1006493,False,12786378,5212920,1853907,2053547,4339523,947359,1844160,747357,1344749
20,layer3.2.bn1,33398,False,488184,197184,69469,76229,160154,34627,66752,26787,47713
20,layer3.2.relu1,11525,False,213426,85143,29607,32048,66390,14148,26872,10619,18621
20,layer3.2.conv2,2273272,False,25841382,10537310,3748168,4152625,8809976,1923665,3745392,1518121,2732115
20,layer3.2.bn2,34336,False,502200,202905,71475,78448,164878,35649,68745,27571,49132
20,layer3.2.relu2,11748,False,216702,86452,30063,32536,67414,14361,27273,10779,18904
20,layer3.2.conv3,971448,False,12298044,5013735,1783053,1975070,4189375,914561,1780305,721464,1298127
20,layer3.2.bn3,91767,False,1228074,498852,176805,195165,412531,89742,174075,70279,126008
20,layer3.2.add,94281,False,1262880,513136,181866,200754,424357,92323,179107,72334,129707
20,layer3.2.relu3,40556,False,578886,234176,82630,90776,191009,41350,79832,32089,57265
20,layer3.3.conv1,1008180,False,12759528,5201980,1849990,2049241,4346766,948942,1847242,748587,1346956
20,layer3.3.bn1,32407,False,476154,192275,67723,74274,155931,33705,64957,26053,46390
20,layer3.3.relu1,11725,False,215274,85877,29829,32280,66886,14246,27048,10690,18739
20,layer3.3.conv2,2044419,False,25789770,10516265,3740681,4144329,8792456,1919823,3737867,1515073,2726630
20,layer3.3.bn2,33152,False,486672,196548,69246,75972,159601,34508,66481,26676,47514
20,layer3.3.relu2,12096,False,221748,88513,30807,33385,69252,14779,28052,11094,19470
20,layer3.3.conv3,970628,False,12284952,5008410,1781147,1972933,4184845,913582,1778364,720683,1296709
20,layer3.3.bn3,93918,False,1253706,509402,180543,199312,421305,91655,177803,71809,128761
20,layer3.3.add,105459,False,1406562,571726,202723,223836,473388,103024,199938,80760,144877
20,layer3.3.relu3,36980,False,535740,216582,76371,83829,176278,38143,73583,29535,52664
20,layer3.4.conv1,1005936,False,12728580,5189345,1845482,2044239,4336168,946628,1842741,746767,1343683
20,layer3.4.bn1,34981,False,507924,205248,72344,79394,166874,36077,69573,27932,49777
20,layer3.4.relu1,10843,False,205152,81753,28369,30677,63508,13520,25649,10124,17733
20,layer3.4.conv2,2032231,False,25639878,10455128,3718893,4120185,8741230,1908642,3716149,1506272,2710793
20,layer3.4.bn2,33335,False,487968,197111,69445,76203,160096,34618,66741,26785,47725
20,layer3.4.relu2,11644,False,213198,85042,29551,31997,66285,14128,26837,10607,18592
20,layer3.4.conv3,965610,False,12222570,4982883,1772063,1962871,4163532,908921,1769315,717012,1290126
20,layer3.4.bn3,91801,False,1229118,499276,176945,195313,412824,89806,174194,70338,126109
20,layer3.4.add,95413,False,1277568,519040,183930,203059,429268,93393,181182,73176,131223
20,layer3.4.relu3,35840,False,521736,210846,74328,81609,171580,37120,71565,28740,51225
20,layer3.5.conv1,1018226,False,12885840,5253475,1868346,2069578,4389911,958364,1865612,756053,1360401
20,layer3.5.bn1,31808,False,468270,189033,66558,73003,153294,33120,63802,25586,45561
20,layer3.5.relu1,11902,False,218424,87160,30317,32839,68060,14506,27569,10899,19118
20,layer3.5.conv2,2033607,False,25654998,10461297,3721085,4122618,8746374,1909778,3718359,1507164,2712398
20,layer3.5.bn2,32996,False,481938,194649,68564,75221,158011,34156,65832,26412,47049
20,layer3.5.relu2,11484,False,213504,85151,29601,32038,66357,14118,26795,10589,18540
20,layer3.5.conv3,969155,False,12265086,5000310,1778261,1969752,4178012,912087,1775482,719514,1294594
20,layer3.5.bn3,94239,False,1257360,510868,181034,199839,422401,91895,178270,71990,129078
20,layer3.5.add,106029,False,1411140,573585,203368,224595,474955,103362,200592,81045,145378
20,layer3.5.relu3,36168,False,525090,212212,74776,82104,172604,37345,72038,28918,51557
20,layer4.0.conv1,1959315,False,24721230,10080432,3585595,3972477,8427807,1840204,3582880,1452229,2613500
20,layer4.0.bn1,51473,False,717840,290838,102792,113146,238470,51726,100049,40285,72013
20,layer4.0.relu1,17865,False,294546,118227,41363,45087,94015,20179,38577,15360,27154
20,layer4.0.conv2,3446185,False,43413726,17704077,6297868,6977969,14805308,3232993,6295147,2551814,4592772
20,layer4.0.bn2,30711,False,455166,183679,64664,70900,148846,32155,61938,24829,44187
20,layer4.0.relu2,8543,False,176916,70240,24313,26198,53915,11426,21574,8466,14743
20,layer4.0.conv3,1244506,False,15733560,6414913,2281554,2527442,5361446,1170540,2278793,923547,1661886
20,layer4.0.bn3,59424,False,816426,331018,117084,128997,272101,59071,114322,46070,82423
20,layer4.0.downsample.0,2891895,False,36450522,14864167,5287529,5858396,12429639,2714164,5284792,2142203,3855468
20,layer4.0.downsample.1,56880,False,784482,318015,112446,123839,261193,56694,109693,44194,79053
20,layer4.0.add,36304,False,526776,212904,75031,82392,173232,37482,72307,29038,51773
20,layer4.0.relu3,17869,False,294090,118007,41268,44983,93833,20138,38527,15334,27103
20,layer4.1.conv1,1213945,False,15396816,6277562,2232672,2473273,5246563,1145447,2229924,903741,1626239
20,layer4.1.bn1,30178,False,448854,181050,63734,69871,146606,31668,60988,24449,43505
20,layer4.1.relu1,8325,False,174738,69357,24000,25836,53162,11262,21249,8337,14510
20,layer4.1.conv2,3159250,False,39809382,16234047,5774894,6398439,13575584,2964429,5772122,2339774,4211094
20,layer4.1.bn2,29781,False,443220,178647,62842,68885,144568,31222,60117,24075,42838
20,layer4.1.relu2,9054,False,185010,73535,25481,27467,56681,12028,22709,8924,15559
20,layer4.1.conv3,1241260,False,15689700,6397020,2275187,2520394,5346549,1167275,2272419,920975,1657249
20,layer4.1.bn3,58897,False,810456,328613,116215,127987,269991,58612,113441,45700,81763
20,layer4.1.add,38587,False,557424,225425,79511,87340,183693,39756,76738,30833,54999
20,layer4.1.relu3,17079,False,284682,114199,39947,43476,90651,19445,37186,14797,26139
20,layer4.2.conv1,1209657,False,15297216,6236961,2218240,2457292,5212641,1138039,2215418,897863,1615648
20,layer4.2.bn1,29339,False,439728,177422,62419,68411,143507,30975,59648,23904,42532
20,layer4.2.relu1,7887,False,166488,65980,22800,24516,50394,10654,20060,7852,13628
20,layer4.2.conv2,3159595,False,39814782,16236284,5775638,6399278,13577337,2964815,5772901,2340084,4211657
20,layer4.2.bn2,30878,False,457140,184465,64941,71150,149363,32266,62160,24918,44359
20,layer4.2.relu2,11670,False,215592,85916,29878,32355,67053,14293,27133,10719,18800
20,layer4.2.conv3,1236282,False,15629262,6372391,2266393,2510649,5325866,1162768,2263657,917426,1650875
20,layer4.2.bn3,60452,False,830532,336759,119110,131187,276763,60078,116320,46877,83858
20,layer4.2.add,35554,False,516306,208626,73498,80690,169597,36681,70728,28399,50608
20,layer4.2.relu3,17176,False,285720,114618,40101,43660,91026,19523,37336,14861,26252
20,avgpool,81085,False,1091940,443434,157071,173292,366087,79594,154304,62274,111597
20,flatten,9152,False,185340,73666,25495,27497,56724,12035,22750,8948,15602
20,fc,508610,False,6486000,2643343,939712,1040550,2206357,481496,936969,379570,682722
21,conv1,2174165,False,27428352,11184552,3978442,4407757,9351460,2041927,3975701,1611490,2900167
21,bn1,330095,False,4243956,1728940,614422,680042,1441418,314444,611656,247688,445343
21,relu,179089,False,2336448,951005,337626,373368,790666,172326,334912,135487,243380
21,maxpool,10234278,False,128742936,52505021,18678973,20697572,43917648,9590842,18676226,7571164,13627598
21,layer1.0.conv1,259366,False,2957682,1203980,427633,473061,1002205,218520,424864,171969,309022
21,layer1.0.bn1,89018,False,1193172,484697,171750,189525,400550,87123,168978,68225,122286
21,layer1.0.relu1,34500,False,663090,268520,94851,104348,219828,47656,92089,37058,66213
21,layer1.0.conv2,1988810,False,25093452,10232274,3639649,4032367,8554789,1867938,3636879,1474131,2652927
21,layer1.0.bn2,82584,False,1114248,452510,160311,176854,373681,81261,157564,63594,113974
21,layer1.0.relu2,33296,False,489462,197627,69605,76382,160454,34691,66875,26839,47809
21,layer1.0.conv3,856866,False,10859298,4426974,1574292,1743737,3698513,807366,1571545,636819,1145774
21,layer1.0.bn3,321354,False,4129182,1682140,597738,661596,1402262,305890,595003,240941,433181
21,layer1.0.downsample.0,867524,False,10993194,4481575,1593717,1765260,3744169,817341,1590981,644718,1159976
21,layer1.0.downsample.1,323993,False,4163274,1696032,602681,667084,1413911,308429,599945,242933,436788
21,layer1.0.add,455679,False,5820936,2371991,843190,933587,1979424,431941,840472,340451,612303
21,layer1.0.relu3,175077,False,2280840,928317,329585,364454,771737,168193,326853,132232,237513
21,layer1.1.conv1,807021,False,10233270,4171631,1483452,1643037,3484809,760701,1480678,599995,1079491
21,layer1.1.bn1,93114,False,1246230,506363,179435,198061,418681,91088,176705,71361,127954
21,layer1.1.relu1,32660,False,479982,193844,68269,74894,157294,34001,65497,26276,46776
21,layer1.1.conv2,1981597,False,25001394,10194701,3626285,4017565,8523441,1861083,3623535,1468726,2643215
21,layer1.1.bn2,79795,False,1078092,437774,155052,171024,361312,78559,152304,61464,110141
21,layer1.1.relu2,33325,False,489480,197698,69608,76379,160439,34686,66862,26822,47777
21,layer1.1.conv3,847556,False,10787460,4397646,1563830,1732129,3673901,798756,1554793,630044,1133550
21,layer1.1.bn3,356037,False,4247820,1730530,614967,680697,1442806,314742,612236,247931,445772
21,layer1.1.add,447656,False,5717022,2329733,828157,916871,1943961,424194,825364,334334,601288
21,layer1.1.relu3,178505,False,2327694,947377,336363,371975,787712,171677,333623,134979,242470
21,layer1.2.conv1,803500,False,10188156,4153244,1476874,1635773,3469429,757331,1474123,597343,1074722
21,layer1.2.bn1,96330,False,1283832,521691,184888,204114,431522,93885,182130,73559,131884
21,layer1.2.relu1,32209,False,473580,191223,67351,73844,155087,33518,64579,25903,46117
21,layer1.2.conv2,1978991,False,24967494,10180888,3621320,4012062,8511775,1858539,3618559,1466707,2639574
21,layer1.2.bn2,79398,False,1074060,436125,154472,170418,359948,78261,151722,61221,109701
21,layer1.2.relu2,32992,False,484824,195824,68981,75689,159013,34377,66223,26575,47326
21,layer1.2.conv3,853464,False,10813938,4408472,1567703,1736426,3682976,803955,1564913,634150,1140972
21,layer1.2.bn3,320253,False,4113078,1675582,595445,659063,1396905,304720,592718,239993,431487
21,layer1.2.add,454076,False,5797524,2362552,839847,929890,1971561,430212,837097,339085,609859
21,layer1.2.relu3,174051,False,2269776,923789,327966,362659,767881,167344,325082,131513,236217
21,layer2.0.conv1,1590146,False,20078328,8186895,2911951,3225993,6843807,1494275,2909216,1179121,2121921
21,layer2.0.bn1,171350,False,2234130,909239,322794,356905,755741,164693,320023,129458,232521
21,layer2.0.relu1,77765,False,1049730,426222,150957,166529,351748,76449,148197,59797,107129
21,layer2.0.conv2,2132673,False,26900202,10969132,3901802,4322820,9171187,2002548,3899014,1580392,2844205
21,layer2.0.bn2,44634,False,633378,256385,90489,99505,209539,45400,87720,35285,63019
21,layer2.0.relu2,18009,False,295722,118675,41532,45271,94385,20264,38775,15442,27303
21,layer2.0.conv3,848724,False,10752822,4383536,1558842,1726600,3662159,799426,1556022,630545,1134468
21,layer2.0.bn3,170285,False,2224842,905461,321444,355417,752497,163991,318669,128911,231518
21,layer2.0.downsample.0,2311844,False,29156514,11889375,4229178,4685631,9941077,2170686,4226411,1713135,3083131
21,layer2.0.downsample.1,174880,False,2279910,927935,329441,364308,771444,168110,326691,132167,237398
21,layer2.0.add,227217,False,2942262,1198075,425552,470800,997417,217455,422791,171122,307524
21,layer2.0.relu3,86067,False,1155228,469238,166257,183473,387600,84291,163456,65992,118294
21,layer2.1.conv1,823148,False,10428318,4251185,1511754,1674438,3551452,775244,1508992,611462,1100144
21,layer2.1.bn1,49647,False,695928,281884,99602,109597,230943,50088,96857,38979,69661
21,layer2.1.relu1,17464,False,288540,115768,40504,44139,91984,19739,37761,15030,26535
21,layer2.1.conv2,1920112,False,24226422,9878629,3513810,3892931,8259000,1803340,3511061,1423123,2561101
21,layer2.1.bn2,42742,False,607026,245646,86704,95325,200688,43481,83989,33775,60305
21,layer2.1.relu2,21422,False,338238,135920,47663,52046,108844,23419,44919,17916,31750
21,layer2.1.conv3,842316,False,10675374,4351918,1547557,1714093,3635591,793620,1544786,625989,1126245
21,layer2.1.bn3,173685,False,2265018,921817,327275,361896,766323,167000,324501,131278,235809
21,layer2.1.add,226554,False,2930988,1193448,423868,468938,993446,216600,421116,170449,306318
21,layer2.1.relu3,84125,False,1130772,459257,162705,179531,379351,82479,159924,64553,115688
21,layer2.2.conv1,814926,False,10324086,4208566,1496602,1657653,3515867,767478,1493875,605350,1089125
21,layer2.2.bn1,47719,False,672540,272333,96195,105828,222964,48345,93454,37611,67184
21,layer2.2.relu1,17208,False,286848,115063,40213,43803,91357,19603,37498,14926,26348
21,layer2.2.conv2,1920187,False,24224454,9877858,3513523,3892601,8258263,1803179,3510778,1422997,2560894
21,layer2.2.bn2,42128,False,601212,243216,85852,94385,198690,43045,83132,33429,59660
21,layer2.2.relu2,17987,False,294276,118115,41320,45031,93923,20156,38561,15356,27147
21,layer2.2.conv3,846862,False,10729758,4374137,1555500,1722872,3654264,797697,1552724,629200,1132065
21,layer2.2.bn3,168688,False,2202750,896431,318232,351849,744992,162347,315427,127599,229183
21,layer2.2.add,232527,False,3004806,1223556,434609,480839,1018678,222114,431857,174794,314110
21,layer2.2.relu3,84316,False,1130952,459342,162732,179535,379332,82486,159954,64570,115728
21,layer2.3.conv1,825115,False,10451508,4260665,1515115,1678134,3559285,776957,1512303,612818,1102578
21,layer2.3.bn1,49237,False,689550,279278,98631,108536,228714,49599,95908,38607,68988
21,layer2.3.relu1,17116,False,282750,113382,39663,43185,90034,19309,36890,14679,25929
21,layer2.3.conv2,1919630,False,24219186,9875698,3512767,3891752,8256506,1802792,3509973,1422687,2560338
21,layer2.3.bn2,42860,False,610026,246874,87145,95811,201619,43682,84386,33931,60555
21,layer2.3.relu2,18041,False,294228,118076,41321,45022,93823,20143,38548,15351,27127
21,layer2.3.conv3,847731,False,10743186,4379614,1557440,1725042,3658848,798698,1554668,629995,1133493
21,layer2.3.bn3,169230,False,2207652,898450,318957,352683,746782,162740,316160,127898,229705
21,layer2.3.add,225036,False,2910840,1185150,420961,465725,986646,215126,418258,169290,304224
21,layer2.3.relu3,84435,False,1133028,460177,163024,179900,380153,82673,160307,64706,115976
21,layer3.0.conv1,1754701,False,22144704,9029639,3211779,3558240,7548801,1648239,3209019,1300677,2340721
21,layer3.0.bn1,84337,False,1134624,460715,163222,180092,380550,82750,160449,64759,116075
21,layer3.0.relu1,32132,False,471252,190237,67003,73495,154342,33359,64281,25783,45914
21,layer3.0.conv2,2195796,False,27745752,11313988,4024483,4450648,9442437,2061790,4014376,1627166,2928387
21,layer3.0.bn2,36399,False,527040,213021,75093,82468,173396,37503,72354,29052,51797
21,layer3.0.relu2,12033,False,219000,87400,30400,32923,68236,14550,27655,10939,19195
21,layer3.0.conv3,972733,False,12312846,5019788,1785166,1977407,4194356,915653,1782434,722321,1299672
21,layer3.0.bn3,91781,False,1226040,498130,176512,194843,411838,89585,173779,70175,125815
21,layer3.0.downsample.0,2219650,False,27998946,11417240,4061219,4499506,9546106,2084434,4058406,1645023,2960538
21,layer3.0.downsample.1,92051,False,1230030,499719,177101,195500,413228,89872,174336,70403,126218
21,layer3.0.add,107629,False,1473894,599184,212480,234686,496381,108037,209703,84734,152027
21,layer3.0.relu3,37313,False,539040,217898,76842,84359,177394,38392,74081,29757,53072
21,layer3.1.conv1,1026046,False,12979686,5291762,1881923,2084600,4421791,965327,1879156,761545,1370272
21,layer3.1.bn1,33443,False,490308,198002,69722,76492,160700,34740,66970,26868,47863
21,layer3.1.relu1,10814,False,204288,81409,28257,30563,63257,13464,25543,10081,17649
21,layer3.1.conv2,2039233,False,25724430,10489623,3731203,4133822,8770171,1914970,3728455,1511261,2719768
21,layer3.1.bn2,33515,False,490608,198062,69768,76539,160793,34766,67017,26895,47913
21,layer3.1.relu2,11864,False,217650,86851,30217,32718,67801,14441,27342,10800,18945
21,layer3.1.conv3,965388,False,12219702,4981808,1771689,1962467,4162652,908735,1768903,716848,1289830
21,layer3.1.bn3,94851,False,1265232,514088,182213,201160,425225,92512,179470,72478,129964
21,layer3.1.add,105648,False,1404258,570811,202364,223481,472580,102850,199594,80626,144631
21,layer3.1.relu3,36727,False,576810,233305,82288,90435,190266,41201,72853,29262,52168
21,layer3.2.conv1,1011026,False,12793452,5215772,1854920,2054690,4358328,951463,1852161,750594,1350574
21,layer3.2.bn1,32663,False,479934,193798,68241,74869,157239,33993,65517,26285,46801
21,layer3.2.relu1,10674,False,202542,80682,27977,30245,62572,13315,25249,9943,17399
21,layer3.2.conv2,2036484,False,25691802,10476311,3726470,4128580,8758947,1912522,3723707,1509337,2716248
21,layer3.2.bn2,33381,False,488556,197301,69467,76211,160108,34616,66731,26774,47695
21,layer3.2.relu2,12583,False,227544,90889,31611,34270,71096,15176,28864,11429,20078
21,layer3.2.conv3,969313,False,12272478,5003300,1779314,1970912,4180583,912649,1776556,719946,1295393
21,layer3.2.bn3,93184,False,1244904,505682,179225,197851,418227,90989,176507,71276,127801
21,layer3.2.add,93780,False,1257282,510841,181061,199843,422458,91915,178313,71998,129098
21,layer3.2.relu3,35206,False,511320,206603,72825,79928,167986,36333,70033,28119,50109
21,layer3.3.conv1,1005035,False,12718512,5185239,1844065,2042660,4332837,945901,1841303,746193,1342625
21,layer3.3.bn1,34746,False,505938,204410,72039,79075,166168,35941,69296,27813,49569
21,layer3.3.relu1,11319,False,210582,83932,29140,31531,65303,13910,26386,10420,18262
21,layer3.3.conv2,2030939,False,25622850,10448202,3716470,4117505,8735550,1907411,3713745,1505293,2709030
21,layer3.3.bn2,33119,False,483786,195390,68838,75516,158629,34287,66069,26507,47220
21,layer3.3.relu2,11710,False,214986,85777,29840,32313,66965,14275,27084,10706,18763
21,layer3.3.conv3,966439,False,12232068,4986839,1773469,1964446,4166858,909643,1770692,717573,1291124
21,layer3.3.bn3,93353,False,1246302,506372,179431,198070,418681,91083,176680,71333,127893
21,layer3.3.add,105640,False,1404936,571029,202473,223574,472817,102911,199728,80683,144724
21,layer3.3.relu3,36247,False,524274,211895,74705,82022,172393,37290,71939,28884,51493
21,layer3.4.conv1,1021659,False,12927516,5270443,1874383,2076253,4404112,961468,1871644,758496,1364798
21,layer3.4.bn1,32577,False,480672,194108,68343,74976,157468,34039,65596,26287,46818
21,layer3.4.relu1,10816,False,204534,81509,28319,30625,63373,13490,25577,10090,17668
21,layer3.4.conv2,2034525,False,25665918,10465735,3722710,4124411,8750178,1910609,3719981,1507827,2713589
21,layer3.4.bn2,32437,False,476190,192209,67704,74267,155983,33716,64971,26062,46411
21,layer3.4.relu2,12077,False,219834,87708,30492,33035,68462,14603,27746,10973,19251
21,layer3.4.conv3,965788,False,12225012,4983971,1772429,1963289,4164397,909119,1769709,717174,1290388
21,layer3.4.bn3,92376,False,1236132,502212,177933,196413,415170,90321,175214,70757,126862
21,layer3.4.add,94223,False,1262934,513050,181842,200745,424339,92325,179117,72321,129685
21,layer3.4.relu3,35399,False,514788,208030,73320,80488,169169,36589,70541,28324,50488
21,layer3.5.conv1,1007845,False,12754566,5199936,1849257,2048408,4345009,948557,1846504,748308,1346435
21,layer3.5.bn1,31746,False,468846,189302,66670,73086,153474,33163,63899,25616,45616
21,layer3.5.relu1,10708,False,202284,80562,27962,30228,62548,13294,25208,9943,17398
21,layer3.5.conv2,2036739,False,25695546,10477809,3726974,4129125,8760208,1912795,3724213,1509539,2716676
21,layer3.5.bn2,33564,False,491748,198640,69992,76798,161341,34885,67223,26971,48054
21,layer3.5.relu2,11909,False,218142,87018,30242,32753,67901,14481,27507,10861,19050
21,layer3.5.conv3,965769,False,12225642,4984214,1772490,1963354,4164510,909140,1769737,717186,1290430
21,layer3.5.bn3,93490,False,1289874,524155,185801,205142,433671,94355,183055,73931,132573
21,layer3.5.add,105476,False,1405842,571447,202625,223740,473140,102973,199849,80744,144845
21,layer3.5.relu3,35916,False,520362,210303,74144,81402,171143,37022,71402,28671,51111
21,layer4.0.conv1,1961951,False,24753882,10093802,3590370,3977767,8439019,1842650,3587639,1454170,2617004
21,layer4.0.bn1,49452,False,690810,279792,98857,108798,229230,49714,96134,38691,69151
21,layer4.0.relu1,17367,False,287412,115298,40302,43905,91555,19647,37574,14956,26395
21,layer4.0.conv2,3449420,False,43458366,17722290,6304348,6985102,14820462,3236299,6301561,2554407,4597434
21,layer4.0.bn2,30913,False,458982,185237,65223,71527,150191,32434,62474,25053,44602
21,layer4.0.relu2,9550,False,190014,75582,26211,28249,58351,12388,23435,9205,16070
21,layer4.0.conv3,1250648,False,15809532,6445866,2292545,2539627,5387341,1176179,2289761,927995,1669894
21,layer4.0.bn3,58973,False,811728,329149,116426,128259,270535,58732,113678,45812,81967
21,layer4.0.downsample.0,2895417,False,36494910,14882282,5293978,5865534,12444693,2717457,5291202,2144804,3860116
21,layer4.0.downsample.1,58338,False,803904,325943,115284,126995,267801,58137,112540,45345,81097
21,layer4.0.add,36482,False,530034,214235,75512,82917,174328,37703,72737,29214,52091
21,layer4.0.relu3,17899,False,293106,117627,41163,44860,93579,20079,38397,15290,27031
21,layer4.1.conv1,1220193,False,15428286,6290393,2237212,2478299,5257197,1147775,2234462,905588,1629562
21,layer4.1.bn1,30678,False,455088,183571,64629,70858,148757,32137,61868,24806,44152
21,layer4.1.relu1,9143,False,183558,72949,25278,27258,56212,11920,22530,8859,15450
21,layer4.1.conv2,3184660,False,40128618,16364271,5821224,6449749,13684451,2988210,5818458,2358545,4244872
21,layer4.1.bn2,30162,False,447996,180789,63642,69736,146379,31614,60868,24401,43381
21,layer4.1.relu2,9049,False,182172,72352,25018,26970,55637,11805,22307,8743,15241
21,layer4.1.conv3,1245607,False,15747612,6420608,2283579,2529696,5366278,1171572,2280807,924376,1663349
21,layer4.1.bn3,58510,False,805194,326477,115441,127151,268188,58220,112689,45410,81244
21,layer4.1.add,39216,False,607296,245778,86744,95364,200737,40219,77633,31193,55652
21,layer4.1.relu3,17230,False,285678,114549,40070,43630,90975,19516,37280,14838,26216
21,layer4.2.conv1,1209921,False,15301878,6238870,2218907,2458035,5214213,1138383,2216174,898173,1616217
21,layer4.2.bn1,30043,False,447150,180385,63494,69567,146000,31533,60728,24339,43315
21,layer4.2.relu1,7524,False,162252,64135,22139,23769,48843,10318,19395,7580,13144
21,layer4.2.conv2,3169206,False,39935490,16285512,5793206,6418735,13618574,2973819,5790434,2347192,4224413
21,layer4.2.bn2,31293,False,461418,186265,65570,71908,150968,32620,62836,25201,44856
21,layer4.2.relu2,9424,False,186582,74180,25716,27736,57253,12152,22963,9030,15759
21,layer4.2.conv3,1245153,False,15743328,6418875,2282945,2528981,5364770,1171260,2280197,924113,1662907
21,layer4.2.bn3,61001,False,837750,339745,120159,132368,279276,60633,117383,47294,84619
21,layer4.2.add,36071,False,522954,211362,74512,81774,171898,37177,71714,28794,51326
21,layer4.2.relu3,17598,False,289704,116137,40635,44274,92337,19805,37879,15079,26649
21,avgpool,80408,False,1083390,439917,155829,171924,363220,78970,153082,61787,110722
21,flatten,8606,False,177210,70341,24341,26203,53975,11433,21582,8470,14751
21,fc,504640,False,6434562,2622285,932208,1032223,2188750,477652,929467,376532,677260
22,conv1,2177219,False,27465348,11199616,3983793,4413710,9364009,2044665,3981026,1613651,2904052
22,bn1,330021,False,4242036,1728155,614130,679756,1440778,314282,611335,247563,445118
22,relu,179631,False,2340378,952488,338175,373968,791913,172598,335430,135672,243708
22,maxpool,10242122,False,128839278,52544179,18692919,20713007,43950376,9598006,18690172,7576820,13637779
22,layer1.0.conv1,259608,False,2952480,1202012,426957,472344,1000637,218178,424196,171697,308557
22,layer1.0.bn1,88956,False,1193916,485003,171855,189665,400867,87154,169041,68256,122363
22,layer1.0.relu1,33382,False,488868,197460,69520,76269,160222,34640,66775,26781,47710
22,layer1.0.conv2,1992979,False,25143624,10252744,3646931,4040438,8572031,1871701,3644201,1477086,2658263
22,layer1.0.bn2,81524,False,1144542,464870,164707,181740,384042,83520,155457,62747,112440
22,layer1.0.relu2,33617,False,492672,199002,70088,76903,161553,34928,67321,27019,48103
22,layer1.0.conv3,856442,False,10851876,4423927,1573205,1742514,3695905,806799,1570456,636392,1145005
22,layer1.0.bn3,319401,False,4102314,1671202,593866,657318,1393179,303888,591075,239265,430175
22,layer1.0.downsample.0,867150,False,10986192,4478700,1592701,1764094,3741696,816793,1589895,644262,1159180
22,layer1.0.downsample.1,325051,False,4174002,1700388,604265,668835,1417640,309244,601529,243587,437957
22,layer1.0.add,456340,False,5824140,2373370,843684,934127,1980550,432171,840911,340633,612635
22,layer1.0.relu3,174063,False,2269254,923569,327865,362555,767712,167312,325103,131521,236238
22,layer1.1.conv1,806738,False,10226238,4168636,1482394,1641901,3482405,760177,1479654,599585,1078758
22,layer1.1.bn1,92359,False,1235568,502012,177878,196355,415047,90293,175151,70731,126820
22,layer1.1.relu1,31829,False,469278,189349,66671,73132,153556,33187,63911,25628,45637
22,layer1.1.conv2,1984353,False,25039626,10210330,3631808,4023686,8536451,1863933,3629089,1470977,2647269
22,layer1.1.bn2,81222,False,1097070,445512,157775,174077,367760,79968,155049,62580,112129
22,layer1.1.relu2,31974,False,470382,189914,66876,73351,154051,33277,64104,25712,45792
22,layer1.1.conv3,854351,False,10828278,4414318,1569797,1738714,3687866,805049,1567052,635014,1142517
22,layer1.1.bn3,327033,False,4197882,1710166,607731,672680,1425803,311024,604990,244992,440486
22,layer1.1.add,446576,False,5701296,2323336,825893,914412,1938725,423051,823153,333431,599679
22,layer1.1.relu3,173777,False,2265114,921905,327272,361889,766281,166999,324530,131276,235782
22,layer1.2.conv1,809495,False,10263834,4184091,1487848,1647929,3495202,762967,1485093,601785,1082692
22,layer1.2.bn1,92376,False,1235310,501809,177852,196323,414980,90278,175108,70692,126747
22,layer1.2.relu1,31604,False,466656,188409,66332,72725,152625,32969,63509,25471,45317
22,layer1.2.conv2,1976216,False,24935178,10167726,3616680,4006921,8500883,1856159,3613934,1464830,2636188
22,layer1.2.bn2,80214,False,1122144,440177,155908,172015,363347,78995,153149,61808,110725
22,layer1.2.relu2,32981,False,485940,196247,69134,75849,159343,34434,66352,26622,47423
22,layer1.2.conv3,853180,False,10808664,4406306,1566947,1735586,3681193,803589,1564200,633860,1140456
22,layer1.2.bn3,321642,False,4128144,1681734,597585,661426,1401886,305806,594839,240869,433071
22,layer1.2.add,450937,False,5757990,2346453,834085,923497,1958011,427254,831325,336745,605635
22,layer1.2.relu3,173769,False,2313300,922042,327355,361997,766532,167038,324606,131322,235872
22,layer2.0.conv1,1588673,False,20060940,8179776,2909388,3223163,6837797,1492965,2906658,1178102,2120060
22,layer2.0.bn1,175961,False,2295780,934392,331709,366812,776759,169289,328993,133099,239084
22,layer2.0.relu1,79141,False,1066860,433108,153406,169239,357517,77731,150695,60814,108967
22,layer2.0.conv2,2131138,False,26881128,10961367,3899034,4319783,9164701,2001129,3896248,1579281,2842177
22,layer2.0.bn2,43420,False,616308,249419,88015,96779,203774,44146,85285,34299,61236
22,layer2.0.relu2,17381,False,288690,115817,40527,44146,92075,19760,37802,15048,26566
22,layer2.0.conv3,848916,False,10756812,4385162,1559424,1727234,3663492,799723,1556666,630806,1134958
22,layer2.0.bn3,169841,False,2216592,902113,320265,354124,749834,163399,317514,128446,230708
22,layer2.0.downsample.0,2305722,False,29074530,11855929,4217300,4672462,9913130,2164586,4214533,1708309,3074458
22,layer2.0.downsample.1,172728,False,2253954,917337,325653,360107,762464,166162,322889,130621,234619
22,layer2.0.add,226246,False,2930664,1193326,423861,468897,993366,216590,421101,170426,306268
22,layer2.0.relu3,85645,False,1147464,466077,165113,182173,384978,83718,162337,65532,117457
22,layer2.1.conv1,820043,False,10391418,4236148,1506367,1668453,3538753,772481,1503619,609299,1096220
22,layer2.1.bn1,48950,False,685818,277807,98160,108015,227561,49326,95378,38392,68610
22,layer2.1.relu1,17032,False,282762,113313,39633,43165,90007,19305,36916,14686,25941
22,layer2.1.conv2,1918438,False,24204504,9869708,3510660,3889440,8251606,1801726,3507911,1421851,2558835
22,layer2.1.bn2,43091,False,613914,248418,87681,96364,202872,43947,84900,34131,60914
22,layer2.1.relu2,17243,False,286080,114701,40109,43693,91033,19532,37357,14869,26261
22,layer2.1.conv3,847867,False,10744764,4380250,1557641,1725261,3659324,798810,1554888,630082,1133626
22,layer2.1.bn3,169973,False,2217366,902421,320326,354202,749995,163442,317604,128478,230745
22,layer2.1.add,225856,False,2965320,1207494,428898,474519,1005286,219198,426179,172494,305583
22,layer2.1.relu3,83776,False,1127322,457859,162177,178954,378098,82221,159439,64341,115305
22,layer2.2.conv1,818450,False,10371708,4228128,1503552,1665347,3532169,771044,1500823,608168,1094200
22,layer2.2.bn1,47886,False,673548,272781,96332,105988,223281,48412,93587,37649,67273
22,layer2.2.relu1,17807,False,293310,117702,41153,44848,93543,20072,38395,15288,27023
22,layer2.2.conv2,1920962,False,24237588,9883205,3515455,3894746,8262781,1804162,3512677,1423784,2562282
22,layer2.2.bn2,43382,False,614946,248856,87849,96595,203385,44057,85123,34232,61122
22,layer2.2.relu2,17739,False,291378,116914,40903,44576,92990,19957,38161,15195,26851
22,layer2.2.conv3,847664,False,10741428,4378889,1557171,1724752,3658237,798576,1554439,629901,1133308
22,layer2.2.bn3,170367,False,2223432,904817,321206,355138,751989,163869,318435,128821,231380
22,layer2.2.add,228794,False,2958180,1204569,427869,473323,1002766,218639,425086,172044,309174
22,layer2.2.relu3,86817,False,1163388,472566,167409,184747,390419,84915,164664,66471,119137
22,layer2.3.conv1,811306,False,10281510,4191322,1490421,1650786,3501297,764295,1487670,602791,1084523
22,layer2.3.bn1,51938,False,725946,294161,103964,114406,241156,52320,101211,40754,72864
22,layer2.3.relu1,17402,False,286380,114884,40190,43769,91289,19585,37423,14888,26303
22,layer2.3.conv2,1917481,False,24190608,9864031,3508633,3887152,8246736,1800658,3505849,1421014,2557332
22,layer2.3.bn2,41496,False,590550,238926,84310,92665,195019,42239,81577,32798,58530
22,layer2.3.relu2,17981,False,295296,118523,41487,45165,94242,20232,38712,15418,27226
22,layer2.3.conv3,847154,False,10734408,4375943,1556144,1723614,3655816,798050,1553422,629491,1132594
22,layer2.3.bn3,169173,False,2207466,898384,318937,352655,746700,162708,316162,127893,229701
22,layer2.3.add,226174,False,2926992,1191828,423339,468331,992185,216329,420581,170227,305902
22,layer2.3.relu3,83603,False,1122456,455882,161484,178135,376374,81850,158707,64053,114803
22,layer3.0.conv1,1738325,False,21940098,8946183,3182087,3525333,7478913,1632975,3179305,1288631,2319039
22,layer3.0.bn1,84682,False,1138044,462210,163746,180699,381754,83025,161006,64978,116460
22,layer3.0.relu1,32610,False,478392,193100,68022,74618,156739,33882,65285,26187,46645
22,layer3.0.conv2,2202087,False,27774036,11325539,4028564,4463337,9469364,2067672,4025833,1631817,2936738
22,layer3.0.bn2,35726,False,518916,209708,73925,81154,170608,36910,71194,28588,50967
22,layer3.0.relu2,11860,False,217452,86778,30165,32655,67678,14417,27398,10833,18999
22,layer3.0.conv3,969049,False,12265068,5000298,1778264,1969729,4178082,912103,1775500,719516,1294593
22,layer3.0.bn3,91025,False,1217946,494788,175333,193539,409074,88983,172558,69676,124924
22,layer3.0.downsample.0,2220206,False,28007658,11420832,4062467,4500905,9549057,2085077,4059734,1645533,2961462
22,layer3.0.downsample.1,90683,False,1212288,492510,174531,192644,407107,88560,171773,69359,124323
22,layer3.0.add,107273,False,1427778,580398,205774,227256,480631,104617,203039,82038,147174
22,layer3.0.relu3,37142,False,535800,216596,76373,83858,176329,38151,73530,29531,52655
22,layer3.1.conv1,1017554,False,12877962,5250287,1867215,2068287,4387193,957765,1864436,755576,1359532
22,layer3.1.bn1,33154,False,486084,196332,69128,75853,159367,34450,66391,26635,47421
22,layer3.1.relu1,12044,False,220872,88048,30639,33199,68804,14676,27889,11029,19358
22,layer3.1.conv2,2032048,False,25637478,10454171,3718588,4119796,8740403,1908473,3715811,1506135,2710549
22,layer3.1.bn2,33203,False,487200,196803,69290,76024,159720,34535,66572,26711,47560
22,layer3.1.relu2,11996,False,220260,87932,30567,33117,68677,14650,27851,11016,19335
22,layer3.1.conv3,966376,False,12233388,4987395,1773681,1964671,4167286,909734,1770892,717652,1291283
22,layer3.1.bn3,93937,False,1254432,509693,180630,199396,421497,91693,177879,71839,128817
22,layer3.1.add,105773,False,1408110,572369,202917,224101,473939,103152,200176,80873,145068
22,layer3.1.relu3,36200,False,524472,211991,74726,82029,172412,37297,71950,28896,51516
22,layer3.2.conv1,1012044,False,12809952,5222444,1857301,2057319,4363922,952686,1854529,751545,1352284
22,layer3.2.bn1,33293,False,486462,196480,69188,75919,159491,34484,66465,26671,47479
22,layer3.2.relu1,11383,False,253044,101289,35357,38423,79880,17073,26685,10547,18440
22,layer3.2.conv2,2045840,False,25808724,10523988,3743432,4147335,8798845,1921232,3740659,1516205,2728666
22,layer3.2.bn2,33870,False,494646,199785,70397,77234,162242,35084,67643,27147,48361
22,layer3.2.relu2,11283,False,209964,83672,29089,31469,65109,13863,26313,10389,18208
22,layer3.2.conv3,965907,False,12225666,4984233,1772544,1963409,4164652,909153,1769778,717200,1290456
22,layer3.2.bn3,91943,False,1230708,500017,177203,195595,413436,89932,174414,70430,126269
22,layer3.2.add,94611,False,1268244,515246,182630,201629,426245,92742,179920,72665,130299
22,layer3.2.relu3,36001,False,522042,210993,74347,81624,171603,37131,71616,28741,51240
22,layer3.3.conv1,1021612,False,12924474,5269247,1873925,2075760,4403066,961230,1871187,758315,1364465
22,layer3.3.bn1,32313,False,475302,191939,67607,74166,155747,33647,64844,25998,46294
22,layer3.3.relu1,11487,False,213600,85199,29632,32079,66441,14155,26875,10621,18622
22,layer3.3.conv2,2034288,False,25666656,10466024,3722800,4124496,8750351,1910648,3720052,1507856,2713639
22,layer3.3.bn2,32982,False,523956,211763,74655,81928,172248,37268,71898,28868,51441
22,layer3.3.relu2,11458,False,212766,84842,29509,31951,66173,14101,26781,10579,18547
22,layer3.3.conv3,968367,False,12257466,4997200,1777137,1968499,4175465,911528,1774393,719071,1293832
22,layer3.3.bn3,93249,False,1247652,506832,179630,198283,419129,91175,176867,71421,128058
22,layer3.3.add,105346,False,1404948,571102,202498,223646,472936,102932,199754,80707,144778
22,layer3.3.relu3,36607,False,530958,214590,75623,83056,174637,37789,72913,29286,52192
22,layer3.4.conv1,1011984,False,12805410,5220663,1856675,2056642,4362475,952372,1853934,751318,1351880
22,layer3.4.bn1,32575,False,477768,192848,67932,74524,156540,33839,65213,26161,46595
22,layer3.4.relu1,11004,False,208434,83072,28838,31199,64601,13755,26105,10284,18015
22,layer3.4.conv2,2035765,False,25680804,10471811,3724860,4126759,8755184,1911703,3722105,1508684,2715130
22,layer3.4.bn2,32947,False,482706,194947,68661,75337,158184,34197,65912,26444,47076
22,layer3.4.relu2,11183,False,208110,82948,28832,31191,64588,13752,26088,10301,18040
22,layer3.4.conv3,966722,False,12235440,4988224,1773944,1964963,4167960,909895,1771217,717781,1291483
22,layer3.4.bn3,95775,False,1278696,519574,184156,203304,429778,93512,181426,73271,131383
22,layer3.4.add,94759,False,1268640,515482,182675,201669,426294,92743,179916,72653,130277
22,layer3.4.relu3,35813,False,518880,209686,73912,81150,170595,36901,71176,28582,50952
22,layer3.5.conv1,1010679,False,12787158,5213207,1854009,2053692,4356244,951012,1851288,750242,1349921
22,layer3.5.bn1,32724,False,480618,194103,68373,75012,157570,34063,65654,26338,46910
22,layer3.5.relu1,11476,False,211950,84529,29381,31809,65891,14036,26651,10527,18454
22,layer3.5.conv2,2036061,False,25684698,10473414,3725428,4127417,8756572,1912001,3722677,1508917,2715517
22,layer3.5.bn2,35354,False,515148,208179,73341,80516,169257,36609,70609,28347,50528
22,layer3.5.relu2,11369,False,213672,85182,29624,32075,66432,14156,26844,10607,18570
22,layer3.5.conv3,972712,False,12312672,5019731,1785186,1977411,4194365,915662,1782449,722338,1299703
22,layer3.5.bn3,94417,False,1260840,512299,181541,200408,423657,92175,178789,72205,129474
22,layer3.5.add,109395,False,1451790,590096,209257,231113,488807,106395,206517,83447,149702
22,layer3.5.relu3,35373,False,513954,207702,73175,80332,168833,36524,70435,28278,50395
22,layer4.0.conv1,1959269,False,24719808,10079893,3585400,3972232,8427256,1840080,3582619,1452137,2613349
22,layer4.0.bn1,51630,False,718782,291242,102898,113264,238748,51786,100168,40332,72097
22,layer4.0.relu1,17719,False,290340,116482,40758,44373,92562,19863,37986,15122,26724
22,layer4.0.conv2,3435613,False,43281972,17650346,6278733,6956754,14760268,3223154,6275977,2544032,4578750
22,layer4.0.bn2,31633,False,467034,188524,66349,72768,152815,33024,63625,25499,45401
22,layer4.0.relu2,8873,False,180114,71454,24732,26639,54909,11638,21970,8619,15013
22,layer4.0.conv3,1245733,False,15846942,6461160,2297997,2545664,5400180,1179001,2289414,927863,1669657
22,layer4.0.bn3,58781,False,809160,328094,116008,127783,269526,58509,113248,45639,81610
22,layer4.0.downsample.0,2893217,False,36465168,14870143,5289661,5860764,12434621,2715244,5286904,2143064,3857022
22,layer4.0.downsample.1,57935,False,799068,323959,114531,126170,266093,57760,111795,45045,80562
22,layer4.0.add,36152,False,525138,212258,74831,82166,172745,37375,72101,28954,51622
22,layer4.0.relu3,17501,False,287502,115325,40355,43956,91651,19648,37581,14960,26431
22,layer4.1.conv1,1212134,False,15325908,6248640,2222388,2461899,5222424,1140177,2219665,899587,1618757
22,layer4.1.bn1,30461,False,451578,182276,64160,70341,147677,31896,61424,24629,43837
22,layer4.1.relu1,8686,False,177666,70497,24384,26267,54064,11451,21610,8482,14746
22,layer4.1.conv2,3166034,False,39896340,16269542,5787525,6412434,13605177,2970898,5784753,2344890,4220308
22,layer4.1.bn2,29740,False,443676,179003,62970,69026,144850,31284,60231,24144,42951
22,layer4.1.relu2,8232,False,171678,68101,23506,25287,52034,11013,20765,8141,14147
22,layer4.1.conv3,1239236,False,15666288,6387472,2271729,2516552,5338394,1165500,2268972,919577,1654728
22,layer4.1.bn3,58643,False,807462,327402,115752,127498,268940,58382,113016,45537,81468
22,layer4.1.add,39067,False,561438,227048,80080,87983,185099,40050,77313,31068,55422
22,layer4.1.relu3,17989,False,294492,118153,41321,45025,93937,20164,38583,15350,27110
22,layer4.2.conv1,1210075,False,15301218,6238598,2218777,2457894,5213943,1138329,2216046,898117,1616086
22,layer4.2.bn1,30531,False,454248,183353,64542,70761,148461,32074,61773,24770,44067
22,layer4.2.relu1,8278,False,172122,68273,23571,25362,52210,11046,20814,8151,14171
22,layer4.2.conv2,3163990,False,39869970,16258773,5783659,6408160,13596178,2968936,5780935,2343348,4217532
22,layer4.2.bn2,30713,False,453876,183194,64463,70685,148352,32049,61727,24750,44047
22,layer4.2.relu2,8251,False,171840,68144,23545,25329,52129,11017,20773,8147,14165
22,layer4.2.conv3,1240014,False,15680862,6393401,2273904,2518957,5343483,1166611,2271111,920446,1656305
22,layer4.2.bn3,65430,False,892884,362201,128164,141255,298150,64756,125380,50552,90490
22,layer4.2.add,36353,False,527022,213004,75087,82445,173353,37510,72355,29060,51813
22,layer4.2.relu3,17199,False,283716,113774,39788,43335,90327,19351,37004,14728,26000
22,avgpool,79993,False,1076976,437331,154878,170861,360933,78476,152141,61394,109993
22,flatten,9181,False,184308,73248,25385,27376,56484,11985,22637,8903,15530
22,fc,499397,False,6364608,2593826,922090,1021022,2164956,472455,919365,372435,669891
23,conv1,2177391,False,27469404,11201287,3984347,4414328,9365393,2044969,3981628,1613880,2904480
23,bn1,328041,False,4215462,1717309,610253,675449,1431643,312307,607492,246005,442277
23,relu,175104,False,2281440,928515,329651,364495,771833,168207,326881,132241,237534
23,maxpool,10196886,False,128283624,52317660,18612320,20623673,43760824,9556610,18609561,7544136,13578928
23,layer1.0.conv1,264277,False,2948622,1200529,426425,471761,999447,217900,423647,171473,308152
23,layer1.0.bn1,88101,False,1183392,480622,170275,187900,397097,86368,167489,67610,121176
23,layer1.0.relu1,33198,False,486498,196489,69222,75934,159538,34490,66486,26678,47520
23,layer1.0.conv2,1990432,False,25111224,10239522,3642227,4035218,8560914,1869273,3639470,1475186,2654832
23,layer1.0.bn2,81933,False,1104204,448331,158822,175231,370227,80499,156084,62993,112835
23,layer1.0.relu2,33094,False,484998,195855,68997,75659,158915,34351,66218,26559,47310
23,layer1.0.conv3,856361,False,10852650,4424275,1573325,1742666,3696252,806876,1570607,636455,1145122
23,layer1.0.bn3,325129,False,4175622,1701078,604505,669101,1418170,309365,601752,243676,438113
23,layer1.0.downsample.0,867593,False,10993200,4481583,1593684,1765216,3744114,817318,1590932,644695,1159952
23,layer1.0.downsample.1,322909,False,4148202,1689902,600505,664653,1408768,307314,597759,242056,435208
23,layer1.0.add,452868,False,5783916,2357009,837866,927694,1966929,429205,835128,338290,608430
23,layer1.0.relu3,174583,False,2275164,925989,328750,363538,769807,167744,325967,131875,236847
23,layer1.1.conv1,808997,False,10254102,4180142,1486490,1646405,3491999,762273,1483743,601239,1081730
23,layer1.1.bn1,92639,False,1236810,502501,178099,196598,415578,90409,175375,70825,126993
23,layer1.1.relu1,31658,False,466596,188346,66328,72708,152643,32989,63550,25483,45367
23,layer1.1.conv2,1980278,False,24984084,10187654,3623772,4014775,8517558,1859808,3620960,1467682,2641333
23,layer1.1.bn2,79643,False,1076802,437189,154852,170823,360893,78465,152101,61385,109991
23,layer1.1.relu2,33142,False,487074,196702,69261,75989,159654,34517,66530,26698,47558
23,layer1.1.conv3,853210,False,10814436,4408660,1567788,1736509,3683185,804023,1565040,634198,1141060
23,layer1.1.bn3,321509,False,4132968,1683686,598317,662209,1403555,306174,595540,241146,433567
23,layer1.1.add,450195,False,5752566,2344236,833312,922605,1956126,426844,830536,336415,605033
23,layer1.1.relu3,173406,False,2266536,922470,327501,362158,766859,167122,324766,131383,235998
23,layer1.2.conv1,806717,False,10228410,4169659,1482758,1642300,3483257,760352,1480002,599718,1078996
23,layer1.2.bn1,94141,False,1260138,512017,181488,200352,423483,92135,178709,72172,129411
23,layer1.2.relu1,32345,False,475746,192104,67627,74186,155816,33683,64921,26043,46368
23,layer1.2.conv2,1981316,False,25002066,10195015,3626390,4017673,8523707,1861145,3623620,1468760,2643261
23,layer1.2.bn2,80008,False,1080990,438943,155467,171504,362307,78775,152726,61642,110460
23,layer1.2.relu2,32434,False,478842,193291,68069,74669,156853,33906,65348,26218,46702
23,layer1.2.conv3,854252,False,10826022,4413374,1569429,1738342,3687076,804872,1566695,634869,1142241
23,layer1.2.bn3,324852,False,4171752,1699504,603950,668485,1416886,309086,601217,243451,437709
23,layer1.2.add,450409,False,5748192,2342303,832629,921855,1954503,426490,829860,336150,604575
23,layer1.2.relu3,175190,False,2285016,930000,330152,365084,773070,168474,327400,132434,237881
23,layer2.0.conv1,1595120,False,20144508,8213876,2921555,3236647,6866382,1499204,2918821,1183032,2128944
23,layer2.0.bn1,172410,False,2249760,915611,325066,359437,761090,165847,322265,130366,234162
23,layer2.0.relu1,78623,False,1060806,430690,152515,168252,355408,77264,149769,60430,108276
23,layer2.0.conv2,2141715,False,27018708,11017478,3918998,4341921,9211752,2011404,3916256,1587397,2856818
23,layer2.0.bn2,44213,False,625242,253050,89339,98236,206824,44814,86565,34818,62174
23,layer2.0.relu2,18422,False,299850,120373,42109,45902,95811,20572,39360,15674,27707
23,layer2.0.conv3,848854,False,10754136,4384057,1559030,1726819,3662628,799528,1556296,630657,1134691
23,layer2.0.bn3,167867,False,2191896,891960,316646,350119,741288,161536,313883,126977,228051
23,layer2.0.downsample.0,2305713,False,29083350,11859497,4218546,4673835,9915975,2165206,4215769,1708820,3075376
23,layer2.0.downsample.1,173979,False,2269782,923772,327969,362637,767845,167332,325169,131543,236280
23,layer2.0.add,227093,False,2937984,1196327,424911,470087,995892,217140,422066,170832,306996
23,layer2.0.relu3,85743,False,1148550,466503,165289,182373,385392,83807,162505,65603,117590
23,layer2.1.conv1,820007,False,10391838,4236321,1506437,1668530,3538943,772521,1503694,609307,1096249
23,layer2.1.bn1,49419,False,691800,280229,99010,108955,229594,49790,96276,38750,69255
23,layer2.1.relu1,17640,False,292068,117211,41017,44693,93199,19987,38240,15228,26899
23,layer2.1.conv2,1920622,False,24237138,9883032,3515366,3894644,8262642,1804131,3512602,1423754,2562245
23,layer2.1.bn2,42662,False,606342,245374,86609,95226,200438,43426,83889,33732,60225
23,layer2.1.relu2,18117,False,295386,118543,41495,45224,94367,20248,38751,15436,27293
23,layer2.1.conv3,848069,False,10745178,4380431,1557728,1725333,3659467,798845,1554963,630109,1133669
23,layer2.1.bn3,169209,False,2208090,898607,319011,352737,746890,162761,316283,127944,229787
23,layer2.1.add,226163,False,2929062,1192690,423599,468641,992781,216460,420842,170334,306083
23,layer2.1.relu3,83388,False,1121862,455598,161374,178052,376205,81809,158634,64036,114733
23,layer2.2.conv1,811702,False,10285860,4193092,1491078,1651510,3502792,764626,1488317,603092,1085067
23,layer2.2.bn1,48618,False,682428,276388,97654,107428,226292,49069,94878,38183,68204
23,layer2.2.relu1,17579,False,289686,116228,40657,44265,92323,19807,37891,15085,26616
23,layer2.2.conv2,1926650,False,24304302,9910422,3525146,3905483,8285633,1809150,3522367,1427707,2569376
23,layer2.2.bn2,42194,False,600600,242937,85723,94229,198360,42948,82953,33354,59542
23,layer2.2.relu2,17329,False,285630,114566,40073,43629,90969,19517,37313,14848,26226
23,layer2.2.conv3,845699,False,10714644,4367894,1553237,1720405,3649034,796565,1550502,628303,1130419
23,layer2.2.bn3,170581,False,2225442,905711,321536,355512,752785,164047,318762,128951,231604
23,layer2.2.add,228018,False,2951652,1201900,426914,472267,1000520,218152,424139,171661,308492
23,layer2.2.relu3,84484,False,1134006,460580,163172,180064,380495,82748,160456,64774,116097
23,layer2.3.conv1,817154,False,10352748,4220383,1500791,1662286,3525693,769628,1498024,607017,1092124
23,layer2.3.bn1,48189,False,677142,274249,96888,106557,224506,48675,94103,37876,67682
23,layer2.3.relu1,16896,False,282414,113250,39574,43074,89768,19249,36777,14628,25833
23,layer2.3.conv2,1914821,False,24158826,9851000,3504005,3882041,8235899,1798298,3501264,1419154,2553988
23,layer2.3.bn2,42286,False,601794,243512,85955,94452,198818,43072,83187,33450,59676
23,layer2.3.relu2,18487,False,301356,120980,42348,46134,96294,20671,39552,15748,27816
23,layer2.3.conv3,841262,False,10698276,4345871,1545439,1711733,3630553,792520,1542646,625121,1124716
23,layer2.3.bn3,173290,False,2260440,919991,326621,361139,764734,166664,323876,131022,235346
23,layer2.3.add,225988,False,2927340,1191853,423348,468353,992198,216332,420592,170232,305924
23,layer2.3.relu3,83862,False,1126110,457338,162027,178789,377750,82144,159288,64297,115243
23,layer3.0.conv1,1752848,False,22117752,9018562,3207831,3553869,7539504,1646209,3205096,1299087,2337855
23,layer3.0.bn1,85028,False,1141380,463580,164234,181231,382927,83280,161486,65185,116837
23,layer3.0.relu1,32691,False,478632,193279,68074,74685,156862,33891,65316,26205,46675
23,layer3.0.conv2,2188575,False,27607356,11257572,4004416,4436575,9412555,2055260,4001618,1621983,2919072
23,layer3.0.bn2,36205,False,525300,212224,74811,82140,172696,37360,72055,28923,51567
23,layer3.0.relu2,11244,False,211620,84396,29303,31700,65655,13983,26533,10458,18322
23,layer3.0.conv3,968499,False,12257196,4997102,1777095,1968458,4175351,911502,1774329,719041,1293777
23,layer3.0.bn3,94909,False,1266090,514394,182289,201241,425421,92560,179570,72523,130018
23,layer3.0.downsample.0,2220222,False,28001658,11418346,4061612,4499948,9547075,2084634,4058874,1645203,2960860
23,layer3.0.downsample.1,91378,False,1222440,496631,176005,194282,410652,89329,173275,69966,125447
23,layer3.0.add,107140,False,1425138,579228,205396,226842,479745,104424,202675,81883,146897
23,layer3.0.relu3,37280,False,538704,217798,76809,84354,177392,38372,74032,29731,53021
23,layer3.1.conv1,1010855,False,12794178,5216107,1855045,2054815,4358573,951520,1852270,750637,1350648
23,layer3.1.bn1,32960,False,482958,195048,68712,75348,158279,34216,65939,26435,47087
23,layer3.1.relu1,11044,False,207822,82809,28763,31081,64349,13695,25979,10255,17934
23,layer3.1.conv2,2032486,False,25644690,10457114,3719633,4120996,8742919,1909018,3716884,1506571,2711334
23,layer3.1.bn2,33663,False,491478,198532,69941,76714,161192,34854,67191,26964,48042
23,layer3.1.relu2,12085,False,220176,87879,30586,33130,68699,14634,27801,10994,19285
23,layer3.1.conv3,973128,False,12315768,5020993,1785630,1977916,4195415,915884,1782884,722513,1300028
23,layer3.1.bn3,94448,False,1259364,511699,181361,200211,423215,92063,178605,72133,129339
23,layer3.1.add,106435,False,1414830,574993,203876,225160,476179,103642,201105,81252,145754
23,layer3.1.relu3,36124,False,522462,211159,74431,81726,171829,37167,71696,28791,51330
23,layer3.2.conv1,1007514,False,12749700,5197967,1848596,2047657,4343441,948217,1845842,748039,1345977
23,layer3.2.bn1,32327,False,474030,191419,67420,73952,155323,33569,64695,25952,46216
23,layer3.2.relu1,11076,False,208620,83153,28902,31276,64760,13779,26140,10319,18076
23,layer3.2.conv2,2036559,False,25695972,10477887,3727035,4129208,8760351,1912825,3724298,1509570,2716725
23,layer3.2.bn2,33002,False,483666,195320,68805,75473,158531,34269,66038,26493,47186
23,layer3.2.relu2,14920,False,257970,103263,36049,39192,81559,17438,33266,13206,23275
23,layer3.2.conv3,970711,False,12288588,5009888,1781684,1973529,4186047,913843,1778910,720904,1297107
23,layer3.2.bn3,91434,False,1225146,497739,176394,194709,411524,89518,173631,70116,125717
23,layer3.2.add,94626,False,1266858,514756,182443,201381,425708,92621,179680,72564,130118
23,layer3.2.relu3,35698,False,518310,209480,73815,81039,170296,36841,71054,28529,50852
23,layer3.3.conv1,1008083,False,12758016,5201366,1849798,2049006,4346288,948839,1847063,748531,1346862
23,layer3.3.bn1,32644,False,481008,194230,68405,75006,157515,34044,65626,26326,46890
23,layer3.3.relu1,11166,False,208248,83024,28829,31188,64572,13750,26068,10290,18023
23,layer3.3.conv2,2034100,False,25665168,10465452,3722563,4124248,8749820,1910531,3719825,1507759,2713466
23,layer3.3.bn2,33048,False,484260,195562,68889,75585,158791,34311,66122,26523,47248
23,layer3.3.relu2,11857,False,217578,86831,30211,32723,67839,14464,27480,10861,19047
23,layer3.3.conv3,971326,False,12294120,5012169,1782463,1974405,4187986,914263,1779733,721235,1297730
23,layer3.3.bn3,93893,False,1252974,509079,180385,199120,420908,91569,177614,71733,128614
23,layer3.3.add,105423,False,1403496,570476,202248,223362,472326,102796,199499,80603,144593
23,layer3.3.relu3,36609,False,529326,213937,75429,82833,174169,37685,72674,29189,52048
23,layer3.4.conv1,1023739,False,12951204,5280115,1877818,2080068,4412204,963220,1875064,759883,1367295
23,layer3.4.bn1,31610,False,466416,188282,66309,72720,152705,32993,63565,25487,45378
23,layer3.4.relu1,10917,False,205068,81688,28365,30675,63481,13509,25611,10103,17688
23,layer3.4.conv2,2030544,False,25617624,10446044,3715681,4116620,8733597,1906987,3712927,1504962,2708440
23,layer3.4.bn2,32884,False,482724,194869,68633,75300,158164,34195,65913,26440,47096
23,layer3.4.relu2,11774,False,216030,86190,29984,32474,67264,14342,27245,10772,18898
23,layer3.4.conv3,963991,False,12201342,4974320,1769030,1959512,4156389,907364,1766283,715787,1287916
23,layer3.4.bn3,92467,False,1237188,502650,178111,196617,415612,90409,175371,70806,126955
23,layer3.4.add,94212,False,1261452,512561,181671,200544,423956,92237,178925,72259,129554
23,layer3.4.relu3,35960,False,560544,210384,74146,81415,171154,37007,71385,28659,51071
23,layer3.5.conv1,1011384,False,12797214,5217345,1855471,2055300,4359593,951736,1852701,750821,1350956
23,layer3.5.bn1,33289,False,488832,197460,69571,76303,160271,34646,66768,26793,47709
23,layer3.5.relu1,10473,False,199476,79426,27574,29799,61551,13088,24805,9779,17083
23,layer3.5.conv2,2036059,False,25688850,10475110,3726043,4128106,8758030,1912317,3723309,1509169,2715994
23,layer3.5.bn2,33457,False,489756,197779,69685,76471,160662,34730,66908,26849,47830
23,layer3.5.relu2,11795,False,216492,86376,30050,32548,67443,14362,27288,10788,18898
23,layer3.5.conv3,970723,False,12287940,5009641,1781567,1973402,4185857,913799,1778825,720869,1297068
23,layer3.5.bn3,95167,False,1269390,515767,182815,201795,426597,92818,180071,72720,130368
23,layer3.5.add,106318,False,1416066,575598,204096,225375,476635,103724,201306,81328,145891
23,layer3.5.relu3,35933,False,520344,210295,74133,81384,171062,37008,71390,28669,51109
23,layer4.0.conv1,1966542,False,24809832,10116606,3598492,3986743,8458023,1846804,3595716,1457443,2622899
23,layer4.0.bn1,54434,False,753864,305549,107986,118897,250683,54398,105255,42394,75813
23,layer4.0.relu1,17592,False,289680,116220,40666,44287,92364,19819,37863,15076,26644
23,layer4.0.conv2,3423437,False,43131078,17588805,6256879,6932534,14708884,3211927,6254123,2535172,4562815
23,layer4.0.bn2,31362,False,463728,187190,65897,72262,151714,32786,63163,25331,45100
23,layer4.0.relu2,8967,False,180942,71878,24846,26780,55238,11715,22106,8673,15118
23,layer4.0.conv3,1244774,False,15741216,6418036,2282623,2528638,5364002,1171095,2279872,923978,1662657
23,layer4.0.bn3,58480,False,807252,327309,115746,127506,268959,58371,112987,45526,81424
23,layer4.0.downsample.0,2889815,False,36424458,14853556,5283761,5854225,12420689,2712210,5280996,2140663,3852677
23,layer4.0.downsample.1,58259,False,801084,324811,114872,126529,266877,57936,112143,45180,80818
23,layer4.0.add,35736,False,519864,210112,74064,81324,170956,36990,71347,28650,51075
23,layer4.0.relu3,17736,False,291306,116879,40898,44568,92949,19943,38127,15182,26827
23,layer4.1.conv1,1210756,False,15310674,6242430,2220152,2459417,5217173,1139030,2217422,898677,1617115
23,layer4.1.bn1,30511,False,452766,182737,64328,70519,148025,31975,61582,24689,43942
23,layer4.1.relu1,8506,False,174654,69315,23986,25784,53070,11235,21201,8316,14464
23,layer4.1.conv2,3159706,False,39815532,16236565,5775779,6399409,13577611,2964874,5773017,2340138,4211754
23,layer4.1.bn2,29849,False,443100,178812,62922,68970,144762,31255,60170,24116,42917
23,layer4.1.relu2,9181,False,187098,74395,25718,27724,57236,12144,22970,9036,15771
23,layer4.1.conv3,1242725,False,15709560,6405094,2278045,2523569,5353220,1168742,2275292,922136,1659322
23,layer4.1.bn3,58404,False,804960,326391,115434,127158,268179,58203,112661,45396,81200
23,layer4.1.add,38609,False,556188,224932,79346,87174,183349,39688,76533,30752,54849
23,layer4.1.relu3,17036,False,282768,113378,39640,43138,89944,19293,36892,14667,25901
23,layer4.2.conv1,1208724,False,15284496,6231751,2216379,2455232,5208289,1137082,2213632,897144,1614363
23,layer4.2.bn1,29731,False,443754,179053,63001,69046,144822,31277,60215,24132,42930
23,layer4.2.relu1,7657,False,203448,81071,28169,30464,63045,13412,25400,10021,17523
23,layer4.2.conv2,3148566,False,39675348,16179359,5755401,6376843,13529740,2954420,5752661,2331884,4196868
23,layer4.2.bn2,30516,False,452520,182624,64293,70491,147933,31947,61535,24673,43888
23,layer4.2.relu2,9324,False,185982,73881,25589,27590,56902,12072,22827,8974,15650
23,layer4.2.conv3,1239857,False,15674472,6390805,2272959,2517882,5341233,1166126,2270187,920067,1655612
23,layer4.2.bn3,60900,False,835422,338824,119839,132035,278540,60480,117090,47192,84453
23,layer4.2.add,35974,False,523092,211434,74542,81835,171949,37193,71736,28806,51316
23,layer4.2.relu3,17170,False,283356,113657,39757,43279,90243,19363,36968,14710,25974
23,avgpool,84673,False,1135896,461359,163414,180301,380995,82860,160677,64866,116258
23,flatten,8732,False,177366,70411,24336,26219,54043,11447,21606,8485,14753
23,fc,501025,False,6387114,2603005,925356,1024638,2172599,474124,922610,373754,672239
24,conv1,2174602,False,27432678,11186330,3979062,4408478,9352969,2042251,3976335,1611754,2900666
24,bn1,331532,False,4255776,1733788,616116,681958,1445490,315332,613381,248374,446564
24,relu,176242,False,2298186,935398,332096,367202,777531,169456,329317,133214,239281
24,maxpool,10248912,False,128923230,52578531,18705134,20726523,43979079,9604278,18702387,7581775,13646690
24,layer1.0.conv1,262588,False,3006318,1223943,434703,480881,1018704,222109,431814,174768,314055
24,layer1.0.bn1,87849,False,1177956,478459,169529,187097,395375,85995,166774,67337,120702
24,layer1.0.relu1,32830,False,482958,195048,68716,75365,158287,34212,65928,26450,47116
24,layer1.0.conv2,1994467,False,25164744,10261352,3649956,4043794,8579132,1873251,3647226,1478322,2660475
24,layer1.0.bn2,81562,False,1101990,447525,158502,174866,369464,80335,155766,62875,112665
24,layer1.0.relu2,32971,False,485700,196169,69107,75782,159208,34421,66345,26620,47402
24,layer1.0.conv3,856120,False,10848432,4422545,1572694,1741962,3694757,806549,1569959,636193,1144654
24,layer1.0.bn3,321602,False,4132932,1683664,598281,662199,1403552,306165,595518,241148,433547
24,layer1.0.downsample.0,893711,False,11068398,4512183,1604578,1777280,3769704,822908,1601831,649099,1167877
24,layer1.0.downsample.1,327110,False,4199970,1711008,608033,672997,1426442,311159,605257,245085,440649
24,layer1.0.add,453440,False,5788938,2359068,838600,928508,1968646,429577,835860,338582,608954
24,layer1.0.relu3,174789,False,2279610,927817,329403,364262,771351,168087,326646,132147,237339
24,layer1.1.conv1,804342,False,10199316,4157790,1478521,1637602,3473281,758178,1475775,598005,1075913
24,layer1.1.bn1,98473,False,1312776,533395,189083,208767,441380,96041,186335,75243,134940
24,layer1.1.relu1,32262,False,474540,191607,67459,74004,155439,33595,64732,25967,46239
24,layer1.1.conv2,1985944,False,25054506,10216390,3633974,4026060,8541486,1865028,3631201,1471833,2648799
24,layer1.1.bn2,81077,False,1095324,444794,157561,173845,367277,79845,154807,62476,111961
24,layer1.1.relu2,32853,False,483276,195189,68763,75437,158452,34243,65986,26476,47150
24,layer1.1.conv3,853410,False,10814682,4408778,1567797,1736537,3683224,804027,1565057,634194,1141050
24,layer1.1.bn3,321350,False,4126548,1681019,597369,661177,1401370,305668,594561,240740,432836
24,layer1.1.add,450163,False,5746254,2341650,832411,921656,1954087,426404,829681,336081,604436
24,layer1.1.relu3,173768,False,2264550,921668,327217,361827,766156,166973,324476,131271,235770
24,layer1.2.conv1,808957,False,10255470,4180612,1486651,1646611,3492390,762357,1483910,601312,1081856
24,layer1.2.bn1,91614,False,1224132,497323,176221,194509,411138,89438,173490,70060,125607
24,layer1.2.relu1,31320,False,461880,186461,65635,71983,151138,32653,62910,25222,44908
24,layer1.2.conv2,1979678,False,24975654,10184211,3622552,4013409,8514643,1859164,3619780,1467204,2640471
24,layer1.2.bn2,79784,False,1077930,437667,155032,171004,361269,78538,152265,61454,110120
24,layer1.2.relu2,32075,False,472524,190706,67156,73663,154706,33440,64441,25848,46033
24,layer1.2.conv3,853503,False,10814088,4408504,1567729,1736407,3682943,803972,1564940,634155,1140974
24,layer1.2.bn3,320646,False,4117764,1677471,596113,659750,1398357,305039,593345,240270,431966
24,layer1.2.add,450347,False,5790990,2359907,838870,928797,1969227,429709,836084,338679,604662
24,layer1.2.relu3,174415,False,2273442,925299,328514,363277,769164,167630,325762,131791,236693
24,layer2.0.conv1,1594840,False,20135736,8210316,2920282,3235232,6863387,1498551,2917537,1182511,2128027
24,layer2.0.bn1,172352,False,2248920,915271,324939,359313,760837,165809,322202,130345,234126
24,layer2.0.relu1,77880,False,1050738,426584,151051,166609,351943,76502,148298,59847,107196
24,layer2.0.conv2,2135124,False,26931072,10981740,3906265,4327788,9181728,2004856,3903496,1582224,2847511
24,layer2.0.bn2,43787,False,620616,251164,88639,97466,205218,44468,85907,34552,61673
24,layer2.0.relu2,17781,False,291360,116918,40910,44554,92910,19940,38146,15190,26845
24,layer2.0.conv3,843077,False,10681062,4354280,1548436,1715087,3637699,794090,1545681,626353,1126934
24,layer2.0.bn3,172694,False,2253504,917124,325596,360028,762355,166134,322843,130602,234589
24,layer2.0.downsample.0,2315549,False,29203854,11908695,4236032,4693223,9957184,2174209,4233300,1715929,3088176
24,layer2.0.downsample.1,173956,False,2267844,922994,327685,362322,767243,167199,324913,131437,236081
24,layer2.0.add,231180,False,2989428,1217277,432383,478375,1013409,220962,429602,173886,312498
24,layer2.0.relu3,86379,False,1157736,470276,166607,183870,388556,84505,163882,66164,118599
24,layer2.1.conv1,819294,False,10378992,4231053,1504566,1666474,3534540,771554,1501813,608568,1094927
24,layer2.1.bn1,49723,False,695082,281580,99493,109492,230737,50042,96750,38946,69609
24,layer2.1.relu1,17466,False,288948,115932,40549,44155,92077,19754,37785,15043,26569
24,layer2.1.conv2,1922398,False,24251478,9888888,3517474,3896993,8267635,1805226,3514757,1424622,2563826
24,layer2.1.bn2,42055,False,598644,242212,85489,93952,197730,42827,82709,33255,59364
24,layer2.1.relu2,17208,False,285336,114454,40003,43567,90826,19480,37236,14806,26154
24,layer2.1.conv3,847743,False,10739604,4378072,1556895,1724459,3657593,798424,1554142,629764,1133076
24,layer2.1.bn3,170084,False,2220864,903848,320870,354801,751254,163711,318122,128693,231155
24,layer2.1.add,227178,False,2937534,1196120,424853,470020,995741,217110,422097,170847,307023
24,layer2.1.relu3,84180,False,1129578,458762,162512,179322,378914,82396,159779,64502,115609
24,layer2.2.conv1,815516,False,10334376,4212891,1498123,1659330,3519408,768232,1495332,605939,1090194
24,layer2.2.bn1,46857,False,659454,267047,94330,103777,218603,47391,91488,36803,65748
24,layer2.2.relu1,17798,False,292560,117403,41055,44720,93270,20013,38291,15246,26916
24,layer2.2.conv2,1915664,False,24167004,9854428,3505227,3883420,8238742,1798916,3502465,1419642,2554858
24,layer2.2.bn2,42545,False,604632,244682,86333,94908,199758,43274,83582,33608,60000
24,layer2.2.relu2,17508,False,287502,115332,40356,43970,91724,19685,37639,14984,26481
24,layer2.2.conv3,841224,False,10659102,4345316,1545237,1711532,3630180,792432,1542469,625050,1124567
24,layer2.2.bn3,174120,False,2268624,923236,327785,362470,767549,167273,325059,131502,236201
24,layer2.2.add,229574,False,2968662,1208832,429381,475042,1006418,219423,426618,172674,310283
24,layer2.2.relu3,84646,False,1134594,460828,163241,180143,380647,82775,160494,64787,116122
24,layer2.3.conv1,817230,False,10356984,4222106,1501381,1662940,3527072,769925,1498641,607274,1092562
24,layer2.3.bn1,48143,False,677514,274408,96913,106641,224667,48711,94167,37895,67713
24,layer2.3.relu1,17701,False,292092,117122,40996,44679,93193,20000,38264,15221,26897
24,layer2.3.conv2,1914018,False,24148800,9846984,3502556,3880459,8232515,1797530,3499772,1418552,2552867
24,layer2.3.bn2,42288,False,598914,242335,85538,94031,197850,42860,82773,33282,59409
24,layer2.3.relu2,17450,False,287112,115179,40261,43864,91462,19626,37528,14920,26357
24,layer2.3.conv3,846640,False,10726548,4372833,1555026,1722357,3653081,797430,1552197,628993,1131663
24,layer2.3.bn3,169710,False,2214498,901151,319923,353749,749044,163235,317190,128310,230458
24,layer2.3.add,227797,False,2948436,1200542,426408,471760,999440,217911,423658,171477,308147
24,layer2.3.relu3,82934,False,1112454,451799,160044,176591,373114,81092,157232,63468,113729
24,layer3.0.conv1,1730218,False,21835110,8903398,3166878,3508491,7443247,1625186,3164159,1282492,2307994
24,layer3.0.bn1,83642,False,1126044,457334,162024,178738,377649,82126,159253,64287,115218
24,layer3.0.relu1,32059,False,471636,190425,67032,73515,154360,33359,64276,25779,45905
24,layer3.0.conv2,2194565,False,27683442,11288579,4015421,4448771,9438439,2060905,4012664,1626475,2927157
24,layer3.0.bn2,35662,False,516672,208763,73580,80774,169769,36701,70778,28415,50637
24,layer3.0.relu2,11654,False,216678,86438,30034,32516,67385,14360,27287,10786,18916
24,layer3.0.conv3,965127,False,12216012,4980207,1771122,1961849,4161335,908448,1768398,716641,1289445
24,layer3.0.bn3,91183,False,1219998,495666,175657,193887,409811,89142,172902,69818,125176
24,layer3.0.downsample.0,2218034,False,27975342,11407581,4057777,4495688,9537927,2082645,4054984,1643637,2958055
24,layer3.0.downsample.1,91824,False,1226766,498422,176629,194976,412133,89648,173887,70219,125901
24,layer3.0.add,107576,False,1431540,581930,206341,227883,481937,104895,203545,82243,147543
24,layer3.0.relu3,37170,False,536802,216995,76523,84004,176659,38219,73750,29623,52801
24,layer3.1.conv1,1015314,False,12849936,5238830,1863098,2063765,4377613,955680,1860379,753914,1356536
24,layer3.1.bn1,33123,False,484350,195640,68922,75626,158849,34342,66197,26558,47307
24,layer3.1.relu1,11261,False,210630,83997,29201,31609,65477,13941,26468,10448,18311
24,layer3.1.conv2,2035586,False,25684776,10473426,3725405,4127402,8756552,1911992,3722673,1508916,2715552
24,layer3.1.bn2,34065,False,497346,200911,70746,77647,163152,35280,68027,27289,48624
24,layer3.1.relu2,11417,False,212880,84903,29529,31926,66110,14079,26712,10540,18475
24,layer3.1.conv3,969739,False,12275610,5004615,1779804,1971468,4181754,912885,1777034,720134,1295745
24,layer3.1.bn3,97623,False,1299402,528014,187167,206641,436875,95042,184402,74480,133544
24,layer3.1.add,106216,False,1411854,573899,203497,224732,475235,103438,200751,81107,145489
24,layer3.1.relu3,36305,False,525534,212415,74892,82225,172852,37402,72151,28976,51650
24,layer3.2.conv1,1006475,False,12738990,5193586,1847029,2045927,4339750,947413,1844280,747404,1344830
24,layer3.2.bn1,32163,False,473358,191054,67290,73812,155009,33503,64550,25895,46115
24,layer3.2.relu1,11508,False,211542,84264,29297,31713,65682,13996,26575,10499,18403
24,layer3.2.conv2,2032362,False,25639554,10454978,3718871,4120149,8741152,1908635,3716130,1506265,2710783
24,layer3.2.bn2,32949,False,483450,195261,68781,75466,158523,34270,66054,26505,47210
24,layer3.2.relu2,12228,False,221856,88524,30775,33346,69154,14746,28026,11084,19452
24,layer3.2.conv3,969894,False,12278112,5005618,1780164,1971861,4182576,913084,1777412,720291,1296025
24,layer3.2.bn3,91458,False,1223850,497233,176182,194464,411006,89412,173438,70037,125563
24,layer3.2.add,98013,False,1310502,532578,188797,208414,440630,95881,186034,75139,134758
24,layer3.2.relu3,34862,False,507642,205124,72262,79323,166731,36053,69529,27898,49722
24,layer3.3.conv1,1022902,False,12942162,5276431,1876513,2078619,4409086,962555,1873752,759347,1366329
24,layer3.3.bn1,32316,False,476412,192344,67735,74301,156055,33714,64970,26052,46388
24,layer3.3.relu1,11465,False,211440,84308,29307,31723,65702,13991,26557,10484,18359
24,layer3.3.conv2,2037195,False,25699422,10479431,3727576,4129804,8761643,1913117,3724871,1509810,2717158
24,layer3.3.bn2,32939,False,482892,195016,68690,75351,158277,34210,65892,26431,47071
24,layer3.3.relu2,11319,False,210858,84071,29229,31595,65439,13943,26459,10448,18307
24,layer3.3.conv3,974129,False,12331842,5027541,1787925,1980463,4200853,917075,1785189,723442,1301667
24,layer3.3.bn3,94152,False,1257666,511007,181120,199946,422623,91942,178362,72036,129152
24,layer3.3.add,106069,False,1411812,573877,203474,224691,475178,103425,200726,81101,145481
24,layer3.3.relu3,36510,False,528030,213425,75252,82629,173740,37571,72475,29103,51892
24,layer3.4.conv1,1010326,False,12784338,5212077,1853623,2053259,4355314,950802,1850876,750076,1349634
24,layer3.4.bn1,32431,False,477126,192681,67874,74446,156330,33788,65120,26117,46509
24,layer3.4.relu1,11039,False,207492,82715,28738,31087,64253,13677,25945,10242,17937
24,layer3.4.conv2,2033530,False,25655982,10461703,3721274,4122819,8746790,1909854,3718487,1507220,2712493
24,layer3.4.bn2,33049,False,483666,195353,68820,75461,158524,34268,66058,26506,47214
24,layer3.4.relu2,11891,False,218610,87223,30314,32837,68059,14507,27570,10887,19083
24,layer3.4.conv3,967153,False,12241446,4990662,1774838,1965924,4170004,910342,1772079,718127,1292081
24,layer3.4.bn3,93248,False,1247136,506720,179596,198260,419107,91180,176878,71433,128076
24,layer3.4.add,94414,False,1264902,513968,182175,201052,424985,92463,179381,72430,129879
24,layer3.4.relu3,34971,False,508680,205560,72448,79517,167105,36144,69692,27980,49865
24,layer3.5.conv1,1009318,False,12772044,5207057,1851828,2051263,4350981,949867,1849065,749339,1348282
24,layer3.5.bn1,32612,False,479352,193590,68198,74784,157086,33958,65429,26234,46713
24,layer3.5.relu1,11269,False,209532,83538,29029,31415,65047,13861,26310,10390,18209
24,layer3.5.conv2,2035414,False,25675668,10469741,3724125,4125960,8753480,1911330,3721383,1508394,2714615
24,layer3.5.bn2,33008,False,483930,195414,68835,75516,158628,34285,66078,26516,47234
24,layer3.5.relu2,11398,False,211374,84277,29299,31705,65688,13994,26572,10494,18397
24,layer3.5.conv3,970298,False,12282774,5007441,1780811,1972563,4184033,913405,1778052,720534,1296463
24,layer3.5.bn3,93616,False,1249536,507670,179922,198606,419741,91312,177130,71530,128260
24,layer3.5.add,106263,False,1414476,574971,203872,225154,476117,103629,201110,81258,145773
24,layer3.5.relu3,36211,False,524370,211945,74718,82022,172454,37312,71976,28905,51535
24,layer4.0.conv1,1965969,False,24803148,10113877,3597523,3985686,8455710,1846290,3594724,1457047,2622164
24,layer4.0.bn1,48868,False,684840,277377,98003,107841,227236,49275,95265,38348,68533
24,layer4.0.relu1,17666,False,291060,116803,40866,44513,92752,19901,38067,15154,26773
24,layer4.0.conv2,3430016,False,43214940,17622986,6269029,6946008,14737499,3218181,6266309,2540121,4571724
24,layer4.0.bn2,31904,False,471588,190423,67058,73522,154414,33376,64316,25797,45917
24,layer4.0.relu2,9313,False,185760,73796,25575,27584,56934,12075,22822,8971,15649
24,layer4.0.conv3,1245056,False,15741036,6417926,2282586,2528593,5363929,1171084,2279832,923965,1662634
24,layer4.0.bn3,59334,False,815856,330723,116976,128865,271829,59013,114241,46038,82373
24,layer4.0.downsample.0,2894707,False,36484338,14877983,5292435,5863827,12441160,2716669,5289670,2144181,3859025
24,layer4.0.downsample.1,57740,False,795420,322502,114052,125624,264867,57493,111267,44830,80165
24,layer4.0.add,36760,False,534246,215970,76115,83575,175757,38034,73372,29455,52514
24,layer4.0.relu3,18489,False,300720,120718,42244,46021,96052,20621,39483,15718,27801
24,layer4.1.conv1,1214158,False,15354840,6260433,2226573,2466526,5232254,1142328,2223822,901274,1621782
24,layer4.1.bn1,30429,False,450600,181861,63976,70144,147245,31807,61253,24558,43707
24,layer4.1.relu1,8444,False,174096,69000,23876,25709,52955,11212,21153,8296,14437
24,layer4.1.conv2,3167973,False,39917004,16277956,5790514,6415722,13612248,2972439,5787753,2346112,4222503
24,layer4.1.bn2,30213,False,448248,180875,63626,69712,146309,31603,60863,24397,43414
24,layer4.1.relu2,8745,False,178248,70784,24494,26363,54316,11486,21681,8508,14796
24,layer4.1.conv3,1246922,False,15765222,6427819,2286138,2532516,5372276,1172907,2283391,925413,1665253
24,layer4.1.bn3,58037,False,800076,324375,114705,126328,266414,57805,111885,45080,80652
24,layer4.1.add,39262,False,564906,228487,80603,88558,186303,40329,77810,31254,55762
24,layer4.1.relu3,17705,False,291240,116864,40897,44561,92854,19923,38119,15172,26788
24,layer4.2.conv1,1209222,False,15288936,6233540,2217009,2455913,5209742,1137392,2214234,897387,1614797
24,layer4.2.bn1,28744,False,428814,172954,60850,66670,139806,30179,58087,23275,41403
24,layer4.2.relu1,8234,False,173724,68924,23831,25637,52644,11147,21025,8247,14285
24,layer4.2.conv2,3160725,False,39831714,16243163,5778119,6402031,13583177,2966093,5775312,2341067,4213408
24,layer4.2.bn2,30823,False,498042,201217,70901,77822,163535,35348,68162,24894,44299
24,layer4.2.relu2,9209,False,183672,72998,25287,27266,56258,11925,22520,8850,15438
24,layer4.2.conv3,1233393,False,15592044,6357206,2261022,2504712,5313282,1160023,2258315,915259,1646970
24,layer4.2.bn3,59964,False,823188,333820,118083,130097,274467,59574,115334,46481,83168
24,layer4.2.add,36187,False,525066,212234,74781,82103,172625,37350,72047,28918,51544
24,layer4.2.relu3,17221,False,284898,114255,39943,43507,90719,19457,37209,14806,26158
24,avgpool,82047,False,1101174,447198,158404,174779,369259,80290,155665,62827,112592
24,flatten,8929,False,181062,71911,24896,26829,55308,11714,22136,8700,15159
24,fc,504595,False,6434880,2622505,932295,1032326,2188929,477689,929537,376561,677310
25,conv1,2172221,False,27402888,11174174,3974747,4403668,9342764,2040025,3972011,1609997,2897490
25,bn1,333877,False,4283892,1745203,620208,686505,1455119,317432,617443,250041,449566
25,relu,175823,False,2295156,934143,331661,366755,776630,169253,328917,133065,239019
25,maxpool,10255447,False,129009240,52613632,18717615,20740382,44008359,9610668,18714833,7586820,13655755
25,layer1.0.conv1,262737,False,2952222,1201870,426813,472188,1000256,218091,424024,171624,308396
25,layer1.0.bn1,90647,False,1213080,492836,174618,192728,407353,88612,171882,69390,124399
25,layer1.0.relu1,34259,False,500094,202053,71209,78141,164219,35496,68443,27470,48938
25,layer1.0.conv2,1987879,False,25085592,10229068,3638509,4031093,8552164,1867361,3635743,1473675,2652107
25,layer1.0.bn2,82935,False,1118652,454184,160907,177554,375169,81577,158185,63849,114434
25,layer1.0.relu2,32588,False,480114,193905,68296,74881,157292,34004,65545,26284,46814
25,layer1.0.conv3,855797,False,10846758,4421838,1572435,1741659,3694112,806408,1569694,636088,1144451
25,layer1.0.bn3,320714,False,4120950,1678790,596581,660302,1399505,305282,593738,240426,432267
25,layer1.0.downsample.0,866648,False,10982730,4477305,1592211,1763592,3740570,816554,1589437,644090,1158859
25,layer1.0.downsample.1,322537,False,4141518,1687166,599511,663574,1406421,306797,596770,241659,434491
25,layer1.0.add,453573,False,5792124,2360359,839058,929014,1969680,429803,836298,338763,609264
25,layer1.0.relu3,174680,False,2276154,926400,328899,363705,770138,167842,326165,131950,237016
25,layer1.1.conv1,808788,False,10251564,4179131,1486127,1646029,3491107,762077,1483358,601086,1081453
25,layer1.1.bn1,91529,False,1223262,496980,176104,194387,410849,89373,173359,70002,125509
25,layer1.1.relu1,32058,False,471858,190533,67103,73595,154482,33388,64338,25801,45921
25,layer1.1.conv2,1983705,False,25026030,10204776,3629854,4021517,8531828,1862925,3627117,1470178,2645827
25,layer1.1.bn2,79166,False,1069512,434235,153804,169654,358384,77901,151012,60945,109210
25,layer1.1.relu2,32646,False,480228,193842,68280,74887,157290,33997,65514,26266,46780
25,layer1.1.conv3,846188,False,10724526,4372011,1554706,1722029,3652430,797304,1551968,628900,1131521
25,layer1.1.bn3,320866,False,4166574,1697381,603189,667605,1400137,305419,594071,240548,432488
25,layer1.1.add,446846,False,5704026,2324432,826233,914807,1939563,423229,823491,333572,599904
25,layer1.1.relu3,178334,False,2321826,945022,335496,371007,785635,171231,332774,134631,241808
25,layer1.2.conv1,802519,False,10174560,4147699,1474907,1633602,3464827,756331,1472159,596547,1073291
25,layer1.2.bn1,96423,False,1286796,522885,185298,204583,432503,94104,182560,73737,132227
25,layer1.2.relu1,32388,False,476442,192402,67775,74320,156107,33743,65027,26087,46462
25,layer1.2.conv2,1980784,False,24991152,10190563,3624766,4015881,8519886,1860314,3622024,1468112,2642106
25,layer1.2.bn2,79150,False,1070040,434483,153887,169770,358618,77953,151112,60989,109285
25,layer1.2.relu2,32859,False,481440,194434,68491,75145,157714,34086,65694,26356,46928
25,layer1.2.conv3,851856,False,10797078,4401598,1565241,1733698,3677191,802704,1562424,633141,1139147
25,layer1.2.bn3,321254,False,4124436,1680200,597083,660865,1400719,305557,594351,240675,432719
25,layer1.2.add,461441,False,5886366,2398771,852733,944164,2001845,436835,849980,344306,619259
25,layer1.2.relu3,174024,False,2267868,923026,327701,362374,767350,167234,324957,131464,236117
25,layer2.0.conv1,1593515,False,20120508,8204007,2918040,3232744,6858118,1497403,2915317,1181592,2126369
25,layer2.0.bn1,172323,False,2246754,914414,324628,358970,760077,165644,321890,130221,233895
25,layer2.0.relu1,77925,False,1051158,426777,151145,166736,352190,76563,148424,59896,107315
25,layer2.0.conv2,2132845,False,26904420,10970867,3902421,4323550,9172780,2002885,3899672,1580668,2844705
25,layer2.0.bn2,42944,False,610884,247229,87232,95913,201938,43753,84531,33996,60675
25,layer2.0.relu2,18268,False,298992,120019,42016,45801,95561,20522,39286,15637,27644
25,layer2.0.conv3,846921,False,10734498,4376075,1556177,1723659,3655894,798063,1553428,629490,1132514
25,layer2.0.bn3,168785,False,2206296,897868,318748,352438,746247,162623,316004,127833,229603
25,layer2.0.downsample.0,2359535,False,29258070,11930785,4243904,4701915,9975629,2178233,4241130,1719103,3093865
25,layer2.0.downsample.1,176691,False,2302914,937208,332734,367950,779139,169802,329990,133497,239801
25,layer2.0.add,227751,False,2948724,1200603,426454,471778,999493,217928,423707,171497,308198
25,layer2.0.relu3,86771,False,1161744,471842,167183,184479,389846,84792,164442,66393,119010
25,layer2.1.conv1,819647,False,10385520,4233742,1505522,1667525,3536812,772059,1502803,608956,1095617
25,layer2.1.bn1,49938,False,699300,283244,100046,110103,232028,50319,97299,39167,70000
25,layer2.1.relu1,17541,False,333162,133969,46980,51309,107282,23081,44267,15082,26651
25,layer2.1.conv2,1918453,False,24203658,9869365,3510518,3889277,8251266,1801647,3507762,1421789,2558721
25,layer2.1.bn2,42518,False,605022,244835,86387,94975,199937,43315,83649,33638,60052
25,layer2.1.relu2,17669,False,290328,116502,40735,44382,92578,19870,38006,15133,26729
25,layer2.1.conv3,849992,False,10773864,4392013,1561855,1729950,3669243,800979,1559121,631799,1136735
25,layer2.1.bn3,168916,False,2203836,896871,318381,352008,745320,162420,315592,127652,229281
25,layer2.1.add,226641,False,2934816,1194997,424448,469566,994791,216893,421658,170666,306703
25,layer2.1.relu3,84054,False,1129380,458689,162514,179292,378849,82381,159745,64485,115577
25,layer2.2.conv1,816233,False,10343694,4216681,1499479,1660791,3522532,768928,1496702,606480,1091162
25,layer2.2.bn1,47666,False,671862,271976,96083,105716,222669,48280,93341,37559,67104
25,layer2.2.relu1,17600,False,289008,115974,40573,44176,92144,19775,37831,15064,26591
25,layer2.2.conv2,1917428,False,24189996,9863800,3508520,3887065,8246529,1800615,3505783,1420973,2557250
25,layer2.2.bn2,41479,False,589980,238723,84219,92563,194807,42191,81472,32755,58458
25,layer2.2.relu2,17770,False,290820,116681,40817,44486,92796,19919,38105,15172,26817
25,layer2.2.conv3,846823,False,10727562,4373254,1555192,1722532,3653531,797551,1552441,629081,1131852
25,layer2.2.bn3,169726,False,2213904,901020,319844,353672,748873,163194,317118,128286,230418
25,layer2.2.add,228824,False,3000714,1221894,434004,480177,1017292,221819,431286,172128,309335
25,layer2.2.relu3,84571,False,1134528,460794,163225,180100,380567,82756,160465,64776,116094
25,layer2.3.conv1,817177,False,10352838,4220418,1500814,1662279,3525653,769612,1498034,607024,1092149
25,layer2.3.bn1,48251,False,676356,273943,96749,106448,224251,48625,94000,37832,67594
25,layer2.3.relu1,17844,False,292398,117351,41059,44747,93354,20032,38319,15258,26962
25,layer2.3.conv2,1915617,False,24169134,9855290,3505526,3883739,8239491,1799080,3502754,1419759,2555066
25,layer2.3.bn2,42177,False,599742,242658,85643,94132,198149,42912,82880,33326,59490
25,layer2.3.relu2,17488,False,288192,115629,40457,44068,91896,19717,37715,15009,26511
25,layer2.3.conv3,848727,False,10754124,4384052,1559024,1726790,3662496,799505,1556235,630630,1134635
25,layer2.3.bn3,170195,False,2220198,903550,320773,354696,751003,163654,317988,128636,231045
25,layer2.3.add,225626,False,2920368,1189153,422384,467284,989956,215845,419613,169835,305202
25,layer2.3.relu3,87605,False,1171734,475946,168642,186076,393220,85519,165851,66962,120028
25,layer3.0.conv1,1789582,False,22194414,9049928,3219011,3566256,7565819,1651956,3216286,1303626,2346031
25,layer3.0.bn1,90098,False,1207152,490408,173793,191824,405448,88193,171062,69076,123836
25,layer3.0.relu1,32370,False,474540,191630,67486,73996,155408,33589,64727,25966,46240
25,layer3.0.conv2,2196147,False,27700128,11295384,4017831,4451437,9444136,2062164,4015104,1627466,2928943
25,layer3.0.bn2,37015,False,534618,215999,76156,83634,175869,38061,73436,29491,52590
25,layer3.0.relu2,13153,False,235896,94271,32822,35619,73934,15797,30077,11905,20920
25,layer3.0.conv3,974160,False,12329610,5026640,1787642,1980124,4200137,916919,1784820,723293,1301433
25,layer3.0.bn3,93001,False,1242096,504679,178845,197421,417307,90786,176077,71103,127492
25,layer3.0.downsample.0,2222716,False,28035750,11432270,4066556,4505415,9558683,2087178,4063824,1647222,2964505
25,layer3.0.downsample.1,91394,False,1222812,496806,176066,194344,410763,89351,173308,69963,125439
25,layer3.0.add,107628,False,1433190,582588,206578,228163,482527,105025,203838,82365,147764
25,layer3.0.relu3,37347,False,541428,218904,77205,84802,178352,38600,74452,29907,53329
25,layer3.1.conv1,1023519,False,12952338,5280587,1877949,2080208,4412500,963301,1875206,759934,1367384
25,layer3.1.bn1,33167,False,487830,196942,69386,76133,159938,34578,66651,26730,47621
25,layer3.1.relu1,10834,False,203964,81281,28246,30550,63233,13456,25525,10074,17634
25,layer3.1.conv2,2035765,False,25683012,10472715,3725190,4127148,8755985,1911859,3722414,1508805,2715341
25,layer3.1.bn2,33367,False,487764,196998,69400,76150,160002,34593,66686,26760,47668
25,layer3.1.relu2,11300,False,211506,84343,29302,31716,65713,13960,26495,10460,18330
25,layer3.1.conv3,972381,False,12306120,5017044,1784229,1976363,4192139,915176,1781453,721931,1298981
25,layer3.1.bn3,92365,False,1234134,501383,177667,196111,414533,90176,174917,70638,126655
25,layer3.1.add,106336,False,1415412,575360,203979,225263,476410,103689,201228,81298,145842
25,layer3.1.relu3,36063,False,522048,211002,74385,81635,171619,37130,71623,28748,51245
25,layer3.2.conv1,1006943,False,12741870,5194746,1847453,2046424,4340786,947630,1844703,747574,1345135
25,layer3.2.bn1,32525,False,478680,193269,68080,74651,156784,33888,65315,26201,46664
25,layer3.2.relu1,11749,False,216096,86175,29974,32466,67295,14348,27261,10777,18896
25,layer3.2.conv2,2036597,False,25697574,10478666,3727310,4129472,8760906,1912945,3724527,1509654,2716868
25,layer3.2.bn2,32103,False,470934,190098,66915,73402,154167,33318,64202,25747,45846
25,layer3.2.relu2,11695,False,216516,86393,30047,32540,67422,14352,27257,10770,18888
25,layer3.2.conv3,968960,False,12263538,4999662,1778045,1969510,4177564,911990,1775281,719434,1294488
25,layer3.2.bn3,91828,False,1226604,498343,176606,194894,411975,89623,173855,70205,125868
25,layer3.2.add,93760,False,1255194,510021,180762,199540,421792,91762,177976,71879,128889
25,layer3.2.relu3,36618,False,571482,231178,81536,89586,188494,40814,78779,31662,52134
25,layer3.3.conv1,1005896,False,12727566,5188925,1845375,2044123,4335933,946576,1842643,746738,1343629
25,layer3.3.bn1,31824,False,468318,189069,66578,73010,153327,33133,63831,25603,45590
25,layer3.3.relu1,11621,False,216462,86379,30007,32503,67378,14353,27253,10767,18859
25,layer3.3.conv2,2031199,False,25629408,10450862,3717397,4118517,8737667,1907871,3714602,1505645,2709649
25,layer3.3.bn2,33424,False,488484,197304,69501,76252,160213,34640,66777,26796,47734
25,layer3.3.relu2,11955,False,217578,86824,30179,32688,67760,14437,27417,10841,19018
25,layer3.3.conv3,970373,False,12281664,5007033,1780638,1972379,4183668,913326,1777878,720486,1296351
25,layer3.3.bn3,93052,False,1244076,505492,179154,197733,417964,90925,176382,71230,127719
25,layer3.3.add,105387,False,1402548,570064,202112,223183,471964,102719,199343,80542,144467
25,layer3.3.relu3,37322,False,538278,217455,76666,84197,177065,38314,73920,29685,52914
25,layer3.4.conv1,1005175,False,12717720,5184909,1843938,2042522,4332520,945832,1841170,746144,1342560
25,layer3.4.bn1,36249,False,524946,212192,74778,82109,172635,37348,72052,28929,51576
25,layer3.4.relu1,10565,False,202128,80437,27943,30216,62501,13303,25227,9946,17409
25,layer3.4.conv2,2047726,False,25839264,10536446,3747863,4152276,8809293,1923507,3745093,1518001,2731904
25,layer3.4.bn2,35094,False,511770,206787,72877,80000,168131,36360,70092,28137,50148
25,layer3.4.relu2,11958,False,217188,86660,30121,32626,67629,14421,27394,10830,18997
25,layer3.4.conv3,964504,False,12210486,4978042,1770342,1960973,4159474,908030,1767589,716309,1288856
25,layer3.4.bn3,93153,False,1246026,506257,179424,198063,418676,91082,176685,71353,127942
25,layer3.4.add,94184,False,1261314,512519,181638,200500,423850,92208,178874,72238,129523
25,layer3.4.relu3,35750,False,517260,209044,73693,80879,170023,36774,70929,28480,50758
25,layer3.5.conv1,1025273,False,12972492,5288818,1880912,2083469,4419414,964810,1878167,761142,1369530
25,layer3.5.bn1,32219,False,473850,191343,67384,73923,155268,33558,64673,25944,46205
25,layer3.5.relu1,11399,False,212262,84653,29440,31872,66003,14065,26704,10545,18482
25,layer3.5.conv2,2039637,False,25733400,10493257,3732459,4135206,8773096,1915612,3729708,1511735,2720616
25,layer3.5.bn2,33257,False,487332,196846,69314,76057,159799,34553,66612,26727,47609
25,layer3.5.relu2,12464,False,225186,89919,31297,33915,70361,15005,28502,11272,19788
25,layer3.5.conv3,969935,False,12276384,5004908,1779868,1971526,4181865,912929,1777118,720171,1295813
25,layer3.5.bn3,94351,False,1260642,512228,181534,200401,423610,92162,178784,72206,129470
25,layer3.5.add,105811,False,1406748,571826,202755,223924,473501,103054,199999,80803,144954
25,layer3.5.relu3,36596,False,529572,213850,75357,82751,173971,37642,72613,29161,51994
25,layer4.0.conv1,1961956,False,24751098,10092657,3589968,3977282,8437985,1842419,3587183,1453974,2616646
25,layer4.0.bn1,50481,False,705288,285726,100962,111123,234188,50775,98198,39535,70670
25,layer4.0.relu1,17800,False,292020,117155,41001,44680,93186,19999,38235,15204,26848
25,layer4.0.conv2,3417420,False,43051974,17556528,6245397,6919820,14681930,3206033,6242648,2530522,4554446
25,layer4.0.bn2,30461,False,450306,181726,63966,70129,147219,31800,61252,24554,43695
25,layer4.0.relu2,9506,False,188052,74745,25874,27909,57596,12229,23132,9088,15863
25,layer4.0.conv3,1242008,False,15699132,6400879,2276552,2521905,5349724,1167978,2273792,921534,1658268
25,layer4.0.bn3,58423,False,804228,326092,115332,127014,267877,58146,112554,45355,81109
25,layer4.0.downsample.0,2891665,False,36447198,14862821,5287052,5857867,12428484,2713907,5284295,2141991,3855087
25,layer4.0.downsample.1,57581,False,794658,322190,113939,125501,264646,57442,111179,44798,80116
25,layer4.0.add,36707,False,532590,215209,75891,83337,175241,37923,73158,29386,52399
25,layer4.0.relu3,17873,False,293646,117852,41250,44947,93723,20113,38487,15326,27091
25,layer4.1.conv1,1218681,False,15453822,6300827,2240909,2475663,5251604,1146553,2232050,904608,1627803
25,layer4.1.bn1,30895,False,457884,184714,65029,71309,149686,32335,62277,24971,44446
25,layer4.1.relu1,8889,False,179808,71420,24706,26602,54843,11622,21940,8615,15011
25,layer4.1.conv2,3163957,False,39868050,16257895,5783381,6407860,13595551,2968792,5780640,2343215,4217290
25,layer4.1.bn2,29964,False,444870,179392,63110,69172,145149,31348,60340,24176,43015
25,layer4.1.relu2,8908,False,181602,72135,24981,26916,55467,11742,22179,8713,15179
25,layer4.1.conv3,1246067,False,15752214,6422528,2284251,2530448,5367868,1171939,2281510,924662,1663895
25,layer4.1.bn3,58586,False,807918,327551,115818,127583,269122,58425,113095,45569,81504
25,layer4.1.add,39054,False,563268,227833,80383,88308,185691,40204,77618,31193,55628
25,layer4.1.relu3,17709,False,291612,116994,40924,44596,93039,19967,38200,15213,26889
25,layer4.2.conv1,1209050,False,15288528,6233407,2216982,2455888,5209646,1137387,2214215,897377,1614778
25,layer4.2.bn1,29031,False,432534,174509,61369,67252,141102,30466,58651,23504,41802
25,layer4.2.relu1,7991,False,168078,66636,23030,24763,50925,10763,20271,7943,13797
25,layer4.2.conv2,3155932,False,39767898,16217134,5768880,6391734,13561327,2961315,5766083,2337326,4206691
25,layer4.2.bn2,31732,False,467898,188901,66517,72905,153104,33087,63751,25556,45508
25,layer4.2.relu2,8644,False,222012,88610,24660,26558,54726,11597,21898,8603,14981
25,layer4.2.conv3,1235457,False,15620064,6368605,2265067,2509188,5322770,1162092,2262330,916886,1649901
25,layer4.2.bn3,60793,False,835740,338942,119905,132077,278660,60510,117146,47174,84385
25,layer4.2.add,36389,False,528108,213457,75262,82640,173760,37595,72492,29101,51891
25,layer4.2.relu3,17447,False,287586,115364,40358,43976,91713,19680,37650,14987,26465
25,avgpool,83195,False,1120794,455168,161245,177884,375852,81730,158474,63944,114578
25,flatten,9387,False,187110,74362,25743,27752,57285,12154,22990,9042,15758
25,fc,504488,False,6433488,2621941,932108,1032084,2188433,477584,929339,376479,677144
26,conv1,2175373,False,27442002,11190094,3980398,4409944,9356093,2042916,3977630,1612275,2901600
26,bn1,329078,False,4227852,1722374,612067,677480,1435979,313239,609312,246735,443627
26,relu,175660,False,2289708,931936,330870,365884,774789,168855,328127,132729,238410
26,maxpool,10245971,False,128890206,52565085,18700359,20721218,43967815,9601820,18697607,7579835,13643207
26,layer1.0.conv1,266323,False,2962686,1206278,428425,473928,1003978,218901,425584,172259,309563
26,layer1.0.bn1,92695,False,1238202,502966,178223,196719,415825,90463,175483,70854,127039
26,layer1.0.relu1,34199,False,498336,201317,70934,77839,163560,35367,68184,27369,48767
26,layer1.0.conv2,1994387,False,25161654,10260082,3649531,4043305,8578102,1873029,3646782,1478146,2660166
26,layer1.0.bn2,83363,False,1122828,455990,161540,178239,376587,81891,158789,64099,114874
26,layer1.0.relu2,32499,False,476382,192359,67755,74331,156108,33746,65021,26087,46462
26,layer1.0.conv3,857859,False,10867506,4430210,1575446,1745018,3701234,807954,1572687,637302,1146648
26,layer1.0.bn3,319410,False,4103286,1671581,594016,657446,1393455,303966,591252,239422,430431
26,layer1.0.downsample.0,867771,False,10997298,4483264,1594322,1765933,3745606,817650,1591555,644952,1160410
26,layer1.0.downsample.1,323040,False,4150158,1690693,600818,664980,1409453,307458,598056,242181,435411
26,layer1.0.add,453135,False,5837160,2378656,845577,936236,1985031,433162,842840,341415,614044
26,layer1.0.relu3,175985,False,2293278,933362,331377,366448,775978,169100,328610,132946,238808
26,layer1.1.conv1,817860,False,10368024,4226609,1502970,1664690,3530781,770733,1500212,607917,1093755
26,layer1.1.bn1,92347,False,1233006,500864,177511,195933,414137,90094,174758,70571,126527
26,layer1.1.relu1,32000,False,470724,190073,66936,73411,154181,33321,64209,25756,45860
26,layer1.1.conv2,1978459,False,24964620,10179740,3620946,4011645,8510907,1858354,3618189,1466556,2639299
26,layer1.1.bn2,81129,False,1093290,443982,157238,173462,366491,79687,154490,62356,111722
26,layer1.1.relu2,33570,False,530124,214291,75525,82937,174362,37730,72793,29232,48230
26,layer1.1.conv3,847933,False,10745508,4380576,1557753,1725412,3659646,798882,1555026,630139,1133750
26,layer1.1.bn3,324595,False,4166910,1697426,603219,667682,1415197,308717,600504,243159,437180
26,layer1.1.add,446300,False,5701446,2323389,825902,914430,1938764,423048,823143,333427,599663
26,layer1.1.relu3,178599,False,2327166,947093,336260,371865,787453,171614,333500,134919,242355
26,layer1.2.conv1,803105,False,10182870,4151097,1476150,1634989,3467770,756977,1473423,597055,1074195
26,layer1.2.bn1,96764,False,1289796,524116,185752,205075,433558,94334,183012,73915,132543
26,layer1.2.relu1,31988,False,470418,189919,66888,73331,153994,33287,64137,25722,45798
26,layer1.2.conv2,1980413,False,24987756,10189144,3624305,4015354,8518724,1860062,3621533,1467909,2641729
26,layer1.2.bn2,81423,False,1098918,446033,158003,174329,368321,80091,155284,62678,112322
26,layer1.2.relu2,32813,False,481572,194502,68488,75120,157791,34108,65733,26374,46974
26,layer1.2.conv3,852508,False,10806342,4405369,1566611,1735204,3680393,803403,1563842,633716,1140192
26,layer1.2.bn3,319134,False,4101306,1670751,593708,657130,1392792,303821,590968,239306,430250
26,layer1.2.add,455212,False,5810430,2367796,841701,931932,1975893,431167,838959,339843,611226
26,layer1.2.relu3,173808,False,2268030,923089,327685,362358,767299,167214,324939,131457,236100
26,layer2.0.conv1,1590599,False,20084124,8189219,2912783,3226922,6845780,1494703,2910016,1179461,2122529
26,layer2.0.bn1,173095,False,2257794,918888,326206,360722,763839,166461,323481,130863,235059
26,layer2.0.relu1,78169,False,1055058,428372,151693,167290,353355,76811,148901,60090,107655
26,layer2.0.conv2,2137848,False,26968032,10996809,3911640,4333729,9194350,2007613,3908873,1584400,2851392
26,layer2.0.bn2,44242,False,628254,254299,89744,98675,207779,45027,86998,34993,62489
26,layer2.0.relu2,17998,False,295938,118778,41576,45304,94453,20274,38791,15450,27290
26,layer2.0.conv3,847581,False,10737744,4377382,1556647,1724174,3657007,798309,1553924,629695,1132957
26,layer2.0.bn3,169136,False,2209914,899385,319296,353017,747498,162898,316537,128045,229987
26,layer2.0.downsample.0,2306683,False,29091342,11862788,4219721,4675146,9918664,2165785,4216886,1709264,3076150
26,layer2.0.downsample.1,173425,False,2262402,920787,326898,361483,765424,166782,324104,131117,235501
26,layer2.0.add,225732,False,2925060,1191050,423055,468038,991559,216196,420314,170121,305724
26,layer2.0.relu3,86052,False,1153464,468514,165972,183148,387019,84164,163212,65888,118101
26,layer2.1.conv1,821871,False,10412472,4244722,1509445,1671875,3546038,774071,1506717,610554,1098502
26,layer2.1.bn1,49761,False,697668,282633,99835,109861,231500,50204,97086,39085,69833
26,layer2.1.relu1,17834,False,292902,117520,41125,44816,93500,20067,38395,15287,27016
26,layer2.1.conv2,1919111,False,24211752,9872585,3511671,3890551,8253964,1802235,3508927,1422251,2559555
26,layer2.1.bn2,45278,False,637668,258160,91157,100248,211080,45748,88373,35553,63503
26,layer2.1.relu2,17668,False,290130,116419,40706,44346,92501,19851,37969,15103,26665
26,layer2.1.conv3,842271,False,10673442,4351188,1547329,1713844,3635065,793513,1544573,625899,1126113
26,layer2.1.bn3,169818,False,2255712,918068,325906,360388,763121,166305,323181,128379,230578
26,layer2.1.add,226285,False,2926302,1191546,423241,468247,991990,216291,420518,170203,305858
26,layer2.1.relu3,83311,False,1119960,454857,161098,177746,375571,81671,158361,63909,114492
26,layer2.2.conv1,814357,False,10319304,4206724,1495938,1656891,3513926,767059,1493057,605016,1088528
26,layer2.2.bn1,47186,False,663258,268582,94842,104344,219789,47645,92102,37063,66213
26,layer2.2.relu1,17812,False,292332,117309,41023,44690,93223,20008,38283,15244,26933
26,layer2.2.conv2,1917554,False,24193050,9865029,3508993,3887562,8247630,1800851,3506239,1421159,2557591
26,layer2.2.bn2,42539,False,604254,244506,86287,94853,199644,43252,83541,33589,59952
26,layer2.2.relu2,17269,False,285360,114464,39996,43555,90818,19481,37225,14815,26162
26,layer2.2.conv3,847743,False,10740216,4378420,1557018,1724590,3657900,798497,1554250,629814,1133165
26,layer2.2.bn3,169810,False,2216964,902253,320278,354145,749883,163421,317560,128457,230723
26,layer2.2.add,232334,False,3002940,1222807,434310,480511,1018015,221973,431571,174685,313930
26,layer2.2.relu3,84640,False,1137432,461988,163671,180611,381633,82998,160940,64964,116436
26,layer2.3.conv1,817540,False,10358058,4222530,1501556,1663109,3527439,770009,1498796,607334,1092707
26,layer2.3.bn1,48066,False,674940,273373,96540,106212,223790,48518,93789,37729,67396
26,layer2.3.relu1,17733,False,291432,116957,40929,44560,92926,19935,38146,15178,26813
26,layer2.3.conv2,1916170,False,24175632,9857945,3506433,3884756,8241676,1799554,3503715,1420145,2555751
26,layer2.3.bn2,43302,False,614166,248555,87732,96465,203095,44004,85014,34182,61025
26,layer2.3.relu2,17678,False,292356,117312,41054,44722,93295,20007,38284,15241,26920
26,layer2.3.conv3,847867,False,10742352,4379266,1557299,1724908,3658563,798642,1554568,629955,1133416
26,layer2.3.bn3,170189,False,2225748,905828,321586,355607,752960,164074,318823,128972,231651
26,layer2.3.add,225393,False,2915634,1187222,421682,466522,988316,215484,418950,169554,304703
26,layer2.3.relu3,84070,False,1130814,459252,162697,179533,379162,82451,159863,64532,115599
26,layer3.0.conv1,1710707,False,21593172,8804701,3131744,3469538,7360577,1607120,3128956,1268220,2282301
26,layer3.0.bn1,83407,False,1123020,456095,161565,178278,376622,81901,158801,64095,114877
26,layer3.0.relu1,32529,False,477948,193024,67991,74539,156549,33834,65197,26133,46544
26,layer3.0.conv2,2235881,False,27872748,11365783,4042921,4479190,9502996,2075015,4040125,1637612,2947196
26,layer3.0.bn2,37155,False,535116,216342,76285,83771,176160,38117,73543,29541,52673
26,layer3.0.relu2,12495,False,225510,90067,31355,33991,70505,15030,28588,11314,19867
26,layer3.0.conv3,974123,False,12327342,5025713,1787311,1979778,4199372,916743,1784546,723187,1301231
26,layer3.0.bn3,92345,False,1236114,502227,177967,196446,415191,90318,175193,70746,126842
26,layer3.0.downsample.0,2220945,False,28013682,11423245,4063325,4501855,9551110,2085522,4060552,1645892,2962106
26,layer3.0.downsample.1,95900,False,1278852,519657,184194,203352,429929,93542,181468,73289,131419
26,layer3.0.add,108870,False,1445922,587796,208427,230173,486820,105958,205658,83092,149058
26,layer3.0.relu3,37591,False,543480,219733,77488,85077,178927,38724,74702,30009,53513
26,layer3.1.conv1,1012621,False,12812520,5223570,1857709,2057783,4364909,952907,1854961,751731,1352608
26,layer3.1.bn1,33803,False,493650,199420,70227,77053,161875,34998,67470,27078,48243
26,layer3.1.relu1,10660,False,201558,80268,27859,30115,62218,13223,25065,9885,17299
26,layer3.1.conv2,2029105,False,25598328,10438189,3712903,4113542,8727117,1905566,3710158,1503844,2706426
26,layer3.1.bn2,34086,False,497628,201038,70846,77720,163312,35317,68097,27321,48677
26,layer3.1.relu2,11993,False,218040,87008,30271,32789,67965,14494,27532,10881,19089
26,layer3.1.conv3,973220,False,12319200,5022365,1786087,1978426,4196536,916134,1783371,722712,1300376
26,layer3.1.bn3,93474,False,1247940,507045,179705,198385,419337,91229,176930,71452,128119
26,layer3.1.add,109838,False,1461204,594009,210616,232637,492027,107105,207880,84001,150681
26,layer3.1.relu3,36892,False,533670,215723,76066,83544,175595,37990,73301,29439,52468
26,layer3.2.conv1,1020960,False,12915732,5265679,1872683,2074382,4400058,960583,1869914,757795,1363524
26,layer3.2.bn1,33076,False,484998,195879,68990,75690,159011,34359,66229,26574,47333
26,layer3.2.relu1,11346,False,212328,84587,29409,31837,65959,14057,26698,10544,18462
26,layer3.2.conv2,2038828,False,25719282,10487519,3730444,4132973,8768343,1914578,3727692,1510952,2719214
26,layer3.2.bn2,34059,False,496194,200451,70625,77500,162784,35193,67834,27221,48494
26,layer3.2.relu2,12118,False,221052,88239,30711,33269,68984,14715,27965,11060,19409
26,layer3.2.conv3,979719,False,12401754,5056050,1798099,1991726,4224741,922284,1795337,727551,1309090
26,layer3.2.bn3,91717,False,1229082,499366,176974,195316,412820,89807,174206,70350,126129
26,layer3.2.add,93919,False,1257474,510932,181062,199879,422525,91929,178338,72016,129134
26,layer3.2.relu3,35987,False,522414,211145,74429,81718,171795,37164,71674,28782,51311
26,layer3.3.conv1,1006955,False,12784872,5212279,1853675,2053295,4355396,950829,1844513,747496,1344992
26,layer3.3.bn1,33106,False,484200,195557,68861,75550,158693,34305,66090,26517,47224
26,layer3.3.relu1,11874,False,217572,86832,30188,32692,67756,14444,27446,10850,19027
26,layer3.3.conv2,2037725,False,25705614,10481940,3728469,4130784,8763705,1913565,3725727,1510154,2717783
26,layer3.3.bn2,33065,False,485802,196190,69119,75844,159333,34439,66384,26625,47431
26,layer3.3.relu2,11786,False,218316,87128,30306,32834,68061,14511,27571,10903,19124
26,layer3.3.conv3,970070,False,12277884,5005534,1780093,1971786,4182444,913057,1777366,720277,1295990
26,layer3.3.bn3,93267,False,1246512,506475,179506,198124,418781,91109,176737,71360,127950
26,layer3.3.add,105747,False,1409316,572871,203130,224281,474309,103236,200344,80937,145187
26,layer3.3.relu3,36669,False,529140,213900,75424,82810,174094,37662,72663,29184,52039
26,layer3.4.conv1,1024341,False,12961584,5284375,1879342,2081735,4415680,963988,1876552,760490,1368384
26,layer3.4.bn1,33625,False,492006,198745,70024,76803,161360,34891,67260,26978,48057
26,layer3.4.relu1,11666,False,250470,100222,34976,37988,78969,16894,32212,10815,18968
26,layer3.4.conv2,2028455,False,25591194,10435284,3711865,4112394,8724671,1905040,3709134,1503428,2705664
26,layer3.4.bn2,33614,False,491886,198657,69977,76751,161238,34857,67189,26960,48033
26,layer3.4.relu2,11839,False,218592,87230,30318,32847,68087,14523,27570,10895,19105
26,layer3.4.conv3,964633,False,12209118,4977484,1770116,1960713,4158930,907925,1767386,716223,1288703
26,layer3.4.bn3,91937,False,1229904,499689,177092,195485,413183,89875,174340,70400,126216
26,layer3.4.add,94378,False,1266750,514724,182397,201337,425612,92599,179649,72556,130081
26,layer3.4.relu3,36057,False,521544,210799,74323,81606,171544,37109,71578,28745,51246
26,layer3.5.conv1,1012084,False,12806124,5220976,1856784,2056763,4362745,952430,1854055,751365,1351956
26,layer3.5.bn1,31531,False,465942,188024,66211,72608,152465,32942,63454,25451,45316
26,layer3.5.relu1,10706,False,203976,81282,28240,30538,63168,13439,25482,10046,17589
26,layer3.5.conv2,2039276,False,25726146,10490329,3731460,4134107,8770757,1915105,3728711,1511366,2719965
26,layer3.5.bn2,36328,False,525690,212483,74906,82212,172858,37403,72142,28974,51631
26,layer3.5.relu2,11965,False,217824,86922,30246,32754,67896,14480,27514,10880,19089
26,layer3.5.conv3,970927,False,12289428,5010233,1781804,1973669,4186325,913902,1779025,720946,1297197
26,layer3.5.bn3,92629,False,1235682,502029,177887,196363,415080,90303,175165,70729,126817
26,layer3.5.add,105823,False,1410426,573226,203258,224472,474711,103324,200516,81011,145315
26,layer3.5.relu3,36189,False,525522,212400,74866,82195,172803,37362,72057,28932,51571
26,layer4.0.conv1,1971160,False,24869634,10140999,3607165,3996362,8478492,1851272,3604390,1460961,2629233
26,layer4.0.bn1,50916,False,711066,288077,101819,112033,236106,51214,99047,39880,71271
26,layer4.0.relu1,17617,False,290736,116656,40808,44455,92724,19897,38021,15136,26724
26,layer4.0.conv2,3438605,False,43320084,17665878,6284296,6962930,14773333,3225993,6281496,2546272,4582793
26,layer4.0.bn2,31738,False,466962,188534,66388,72820,152928,33035,63657,25519,45442
26,layer4.0.relu2,8901,False,179676,71388,24714,26595,54824,11624,21937,8617,14991
26,layer4.0.conv3,1249220,False,15792060,6438777,2290040,2536806,5381390,1174893,2287261,926975,1668050
26,layer4.0.bn3,58873,False,810996,328797,116261,128071,270157,58647,113529,45749,81851
26,layer4.0.downsample.0,2892265,False,36454458,14865743,5288098,5859027,12430943,2714459,5285367,2142440,3855899
26,layer4.0.downsample.1,57523,False,792984,321488,113654,125180,264034,57316,110924,44682,79920
26,layer4.0.add,35901,False,522498,211184,74412,81682,171730,37155,71676,28781,51287
26,layer4.0.relu3,18433,False,300588,120557,42199,46011,95986,20617,39473,15713,27791
26,layer4.1.conv1,1218769,False,15410334,6283044,2234627,2475439,5251138,1146452,2231882,904541,1627679
26,layer4.1.bn1,29232,False,435876,175839,61844,67778,142211,30710,59125,23688,42112
26,layer4.1.relu1,8573,False,177156,70334,24294,26165,53924,11426,21575,8443,14702
26,layer4.1.conv2,3171020,False,39956976,16294262,5796318,6422184,13625910,2975414,5793550,2348456,4226723
26,layer4.1.bn2,30773,False,455100,183688,64660,70849,148741,32130,61867,24798,44138
26,layer4.1.relu2,8803,False,178878,70995,24576,26479,54560,11566,21836,8578,14949
26,layer4.1.conv3,1248737,False,15789474,6437695,2289632,2536408,5380551,1174710,2286913,926851,1667837
26,layer4.1.bn3,58914,False,809760,328327,116120,127905,269784,58569,113367,45685,81735
26,layer4.1.add,39474,False,566886,229199,80861,88845,186910,40468,78126,31396,56019
26,layer4.1.relu3,18124,False,295332,118533,41489,45218,94339,20251,38721,15423,27261
26,layer4.2.conv1,1208246,False,15276438,6228430,2215203,2453928,5205503,1136484,2212470,896674,1613514
26,layer4.2.bn1,28744,False,429954,173389,60994,66830,140221,30254,58238,23337,41509
26,layer4.2.relu1,8146,False,170934,67786,23400,25172,51783,10953,20652,8098,14057
26,layer4.2.conv2,3167430,False,39912318,16276058,5789837,6414976,13610676,2972093,5787082,2345839,4222015
26,layer4.2.bn2,31496,False,464700,187611,66065,72454,152141,32876,63346,25396,45215
26,layer4.2.relu2,9187,False,183642,72890,25254,27225,56145,11912,22515,8854,15444
26,layer4.2.conv3,1243893,False,15726840,6412163,2280559,2526335,5359161,1170042,2277821,923166,1661202
26,layer4.2.bn3,60534,False,831270,337117,119218,131345,277077,60161,116458,46933,83989
26,layer4.2.add,36014,False,523362,211448,74538,81846,172059,37219,71794,28823,51385
26,layer4.2.relu3,17154,False,282900,113468,39686,43212,90097,19317,36942,14701,25961
26,avgpool,82416,False,1107366,449696,159271,175728,371283,80734,156533,63177,113216
26,flatten,9073,False,182994,72712,25153,27106,55897,11858,22415,8810,15358
26,fc,505838,False,6452028,2629502,934815,1035123,2194815,478975,932061,377583,679134
27,conv1,2175009,False,27444624,11191192,3980765,4410353,9356964,2043114,3978018,1612420,2901858
27,bn1,330970,False,4250568,1731629,615383,681144,1443750,314952,612574,248062,445984
27,relu,176489,False,2348526,955932,339396,375338,794814,173232,336647,136199,244660
27,maxpool,10128785,False,127430316,51969537,18488477,20486476,43469699,9493034,18485740,7493918,13488548
27,layer1.0.conv1,249719,False,2959818,1205098,428060,473542,1003243,218752,425309,172148,309375
27,layer1.0.bn1,88851,False,1195824,485783,172146,189962,401486,87331,169385,68388,122588
27,layer1.0.relu1,35352,False,514308,207846,73259,80418,168966,36551,70487,28299,50434
27,layer1.0.conv2,1996291,False,25190946,10272036,3653764,4048005,8588060,1875192,3651008,1479863,2663244
27,layer1.0.bn2,83564,False,1126542,457546,162100,178837,377889,82177,159344,64308,115251
27,layer1.0.relu2,33366,False,490962,198302,69869,76633,161014,34814,67118,26917,47950
27,layer1.0.conv3,859292,False,10888584,4438889,1578497,1748399,3708414,809534,1575776,638539,1148873
27,layer1.0.bn3,318938,False,4095312,1668307,592849,656154,1390735,303368,590081,238931,429583
27,layer1.0.downsample.0,867418,False,10988784,4479789,1593078,1764547,3742664,817007,1590296,644434,1159481
27,layer1.0.downsample.1,323275,False,4152060,1691460,601085,665298,1410137,307592,598316,242287,435621
27,layer1.0.add,457616,False,5840094,2379931,845982,936679,1985950,433363,843225,341553,614294
27,layer1.0.relu3,174558,False,2275458,926119,328768,363561,769842,167779,326047,131898,236895
27,layer1.1.conv1,807770,False,10241574,4174993,1484622,1644361,3487677,761331,1481917,600495,1080362
27,layer1.1.bn1,92132,False,1230270,499838,177137,195533,413299,89911,174403,70430,126264
27,layer1.1.relu1,31651,False,465258,187751,66120,72510,152271,32906,63406,25422,45270
27,layer1.1.conv2,1980704,False,24992154,10190962,3624947,4016069,8520307,1860385,3622158,1468164,2642178
27,layer1.1.bn2,80518,False,1086114,441035,156218,172348,364104,79151,153450,61927,110975
27,layer1.1.relu2,32420,False,476100,192256,67697,74265,155972,33713,64960,26062,46406
27,layer1.1.conv3,851812,False,10797270,4401669,1565283,1733726,3677183,802708,1562483,633165,1139178
27,layer1.1.bn3,325098,False,4175232,1700929,604421,669009,1418008,309327,601690,243646,438065
27,layer1.1.add,445669,False,5690088,2318759,824257,912578,1934833,422195,821482,332743,598432
27,layer1.1.relu3,173042,False,2256672,918445,326072,360559,763481,166388,323335,130807,234950
27,layer1.2.conv1,809159,False,10256658,4181179,1486858,1646810,3492848,762444,1484080,601380,1081988
27,layer1.2.bn1,92030,False,1230012,499724,177055,195436,413056,89852,174282,70379,126177
27,layer1.2.relu1,31947,False,470028,189779,66823,73294,153846,33248,64065,25699,45727
27,layer1.2.conv2,1977803,False,24953004,10174998,3619225,4009744,8506876,1857469,3616485,1465861,2638045
27,layer1.2.bn2,79689,False,1076064,436956,154727,170694,360602,78396,151986,61337,109904
27,layer1.2.relu2,33079,False,485388,196053,69065,75785,159202,34416,66337,26621,47421
27,layer1.2.conv3,852683,False,10803720,4404324,1566244,1734803,3679574,803230,1563508,633581,1139953
27,layer1.2.bn3,319734,False,4105740,1672572,594356,657858,1394299,304145,591577,239549,430689
27,layer1.2.add,454477,False,5799738,2363473,840167,930234,1972292,430380,837387,339209,610076
27,layer1.2.relu3,172924,False,2255850,918125,325938,360416,763133,166309,323155,130730,234810
27,layer2.0.conv1,1588247,False,20054070,8176962,2908405,3222072,6835457,1492438,2905645,1177689,2119342
27,layer2.0.bn1,175637,False,2288748,931417,330694,365690,774366,168769,327976,132674,238317
27,layer2.0.relu1,77763,False,1051638,426931,151191,166787,352315,76578,148419,59894,107307
27,layer2.0.conv2,2135181,False,26931192,10981691,3906276,4327818,9181810,2004874,3903550,1582243,2847546
27,layer2.0.bn2,43847,False,620736,251252,88691,97485,205260,44473,85920,34542,61677
27,layer2.0.relu2,18301,False,298566,119855,41959,45738,95342,20466,39171,15600,27558
27,layer2.0.conv3,848440,False,10749204,4382073,1558292,1726002,3660852,799146,1555547,630345,1134094
27,layer2.0.bn3,168398,False,2197392,894268,317420,350974,743115,161936,314657,127290,228591
27,layer2.0.downsample.0,2305716,False,29078580,11857585,4217889,4673089,9914442,2164872,4215124,1708537,3074867
27,layer2.0.downsample.1,173605,False,2262642,920899,326910,361497,765463,166819,324170,131134,235544
27,layer2.0.add,227224,False,2937624,1196171,424878,470054,995821,217125,422117,170848,307023
27,layer2.0.relu3,86111,False,1154466,468891,166137,183348,387461,84248,163381,65957,118222
27,layer2.1.conv1,822493,False,10422666,4248880,1510906,1673485,3549428,774805,1508151,611135,1099545
27,layer2.1.bn1,49709,False,695268,281651,99494,109498,230747,50037,96728,38940,69593
27,layer2.1.relu1,17842,False,292638,117413,41094,44765,93370,20044,38355,15275,26999
27,layer2.1.conv2,1916048,False,24175572,9857908,3506463,3884782,8241634,1799548,3503706,1420146,2555765
27,layer2.1.bn2,42310,False,601320,243321,85874,94405,198733,43047,83149,33427,59670
27,layer2.1.relu2,17085,False,284334,114045,39879,43425,90366,19387,37072,14750,25995
27,layer2.1.conv3,848499,False,10747500,4381386,1558064,1725745,3660348,799032,1555328,630262,1133978
27,layer2.1.bn3,173837,False,2267166,922710,327586,362251,766968,167148,324818,131406,236040
27,layer2.1.add,225457,False,2916966,1187749,421881,466683,988652,215558,419089,169624,304828
27,layer2.1.relu3,83416,False,1121376,455429,161347,178012,376045,81755,158509,63984,114649
27,layer2.2.conv1,816343,False,10343676,4216676,1499486,1660819,3522544,768940,1496695,606490,1091173
27,layer2.2.bn1,47555,False,667866,270483,95550,105111,221435,48009,92804,37348,66732
27,layer2.2.relu1,17325,False,286998,115122,40245,43847,91440,19619,37503,14930,26373
27,layer2.2.conv2,1915975,False,24170394,9855808,3505711,3883954,8239961,1799180,3502960,1419843,2555224
27,layer2.2.bn2,42347,False,601470,243392,85909,94438,198794,43063,83172,33444,59696
27,layer2.2.relu2,18035,False,296244,118903,41563,45303,94527,20296,38843,15474,27330
27,layer2.2.conv3,851665,False,10791810,4399434,1564492,1732867,3675426,802329,1561746,632856,1138645
27,layer2.2.bn3,169653,False,2213928,901019,319832,353655,748843,163196,317124,128292,230417
27,layer2.2.add,228847,False,2958408,1204567,427866,473368,1002846,218657,425128,172064,309217
27,layer2.2.relu3,84245,False,1130898,459305,162704,179540,379332,82467,159916,64556,115700
27,layer2.3.conv1,811284,False,10319004,4206604,1495882,1656823,3514068,767093,1493117,605038,1088575
27,layer2.3.bn1,47956,False,673926,272915,96408,106076,223487,48458,93654,37693,67343
27,layer2.3.relu1,17549,False,290658,116617,40763,44407,92623,19869,38004,15108,26684
27,layer2.3.conv2,1913730,False,24143628,9844899,3501831,3879648,8230816,1797186,3499025,1418246,2552334
27,layer2.3.bn2,41948,False,596652,241410,85192,93651,197109,42699,82465,33155,59171
27,layer2.3.relu2,17718,False,294054,118004,41285,44956,93807,20139,38544,15352,27136
27,layer2.3.conv3,846644,False,10727490,4373215,1555137,1722504,3653488,797535,1552417,629078,1131836
27,layer2.3.bn3,168901,False,2205894,897735,318685,352383,746133,162596,315951,127813,229573
27,layer2.3.add,225974,False,2925084,1191057,423014,467996,991467,216173,420278,170106,305688
27,layer2.3.relu3,83936,False,1128576,458366,162337,179120,378462,82297,159585,64421,115459
27,layer3.0.conv1,1737283,False,21927558,8941100,3180286,3523316,7474702,1632060,3177544,1287919,2317755
27,layer3.0.bn1,84755,False,1138038,462223,163761,180710,381844,83031,160993,64994,116495
27,layer3.0.relu1,31933,False,470592,190007,66881,73354,154045,33292,64155,25735,45828
27,layer3.0.conv2,2195953,False,27697164,11294146,4017427,4450996,9443171,2061942,4014670,1627296,2928640
27,layer3.0.bn2,36084,False,523140,211399,74507,81771,171929,37193,71728,28805,51341
27,layer3.0.relu2,12074,False,220800,88038,30644,33207,68873,14695,27938,11045,19383
27,layer3.0.conv3,968749,False,12259140,4997851,1777395,1968759,4175978,911642,1774625,719167,1294006
27,layer3.0.bn3,92201,False,1232634,500803,177461,195893,414058,90067,174709,70552,126493
27,layer3.0.downsample.0,2223009,False,28040190,11434073,4067210,4506142,9560227,2087506,4064460,1647473,2964955
27,layer3.0.downsample.1,91663,False,1226328,498109,176508,194837,411834,89590,173761,70169,125795
27,layer3.0.add,107134,False,1424814,579162,205328,226773,479594,104391,202604,81863,146853
27,layer3.0.relu3,38023,False,545820,220690,77837,85503,179843,38926,75119,30181,53824
27,layer3.1.conv1,1017407,False,12873096,5248200,1866470,2067499,4385533,957404,1863739,755293,1359033
27,layer3.1.bn1,33173,False,485358,196029,69054,75747,159104,34371,66251,26583,47342
27,layer3.1.relu1,11495,False,217104,86621,30145,32656,67686,14276,27115,10717,18792
27,layer3.1.conv2,2036559,False,25691244,10476087,3726391,4128494,8758861,1912489,3723637,1509303,2716253
27,layer3.1.bn2,33395,False,487686,196990,69395,76112,159889,34564,66627,26731,47624
27,layer3.1.relu2,12338,False,222696,88899,30951,33550,69588,14847,28237,11172,19616
27,layer3.1.conv3,968039,False,12252558,4995196,1776440,1967735,4173812,911173,1773705,718793,1293328
27,layer3.1.bn3,92932,False,1241898,504474,178754,197289,417039,90725,175982,71068,127422
27,layer3.1.add,105961,False,1412544,574173,203589,224847,475481,103480,200825,81142,145561
27,layer3.1.relu3,35705,False,516816,208876,73598,80801,169840,36740,70864,28437,50683
27,layer3.2.conv1,1012124,False,12807852,5221678,1856990,2056992,4363214,952539,1854256,751446,1352107
27,layer3.2.bn1,32971,False,484410,195667,68901,75599,158800,34331,66182,26533,47261
27,layer3.2.relu1,11900,False,217434,86778,30151,32659,67697,14432,27427,10842,19024
27,layer3.2.conv2,2037070,False,25698918,10479219,3727467,4129667,8761355,1913048,3724719,1509745,2717041
27,layer3.2.bn2,33220,False,487650,196976,69388,76135,159951,34579,66658,26746,47644
27,layer3.2.relu2,12694,False,229164,91449,31831,34520,71590,15285,29083,11498,20192
27,layer3.2.conv3,973099,False,12319458,5022410,1786141,1978476,4196622,916147,1783361,722711,1300389
27,layer3.2.bn3,92453,False,1236774,502457,178034,196529,415426,90370,175289,70788,126897
27,layer3.2.add,94828,False,1268718,515539,182688,201687,426380,92766,179916,72660,130289
27,layer3.2.relu3,35594,False,516636,208778,73564,80769,169789,36725,70838,28443,50702
27,layer3.3.conv1,1023009,False,12946716,5278308,1877168,2079348,4410648,962876,1874392,759615,1366806
27,layer3.3.bn1,32168,False,473412,191179,67301,73826,155067,33515,64592,25908,46142
27,layer3.3.relu1,11514,False,212526,84769,29481,31917,66126,14094,26762,10574,18537
27,layer3.3.conv2,2037656,False,25711134,10484184,3729264,4131676,8765607,1913977,3726532,1510426,2718266
27,layer3.3.bn2,32699,False,481578,194494,68506,75156,157851,34122,65765,26386,47003
27,layer3.3.relu2,11716,False,216876,86548,30118,32622,67621,14417,27362,10812,18956
27,layer3.3.conv3,967320,False,12242406,4991058,1774938,1966076,4170314,910409,1772223,718181,1292225
27,layer3.3.bn3,94715,False,1268412,515404,182682,201654,426220,92732,179902,72653,130254
27,layer3.3.add,106394,False,1416228,575680,204119,225426,476730,103763,201389,81368,145956
27,layer3.3.relu3,36735,False,532584,215315,75927,83366,175224,37916,73157,29383,52356
27,layer3.4.conv1,1011895,False,12804030,5220118,1856484,2056436,4362049,952273,1853747,751246,1351746
27,layer3.4.bn1,32472,False,478188,193100,68018,74617,156735,33849,65233,26161,46588
27,layer3.4.relu1,11319,False,210426,83919,29182,31550,65348,13924,26414,10427,18265
27,layer3.4.conv2,2036743,False,25694700,10477503,3726859,4129015,8759968,1912743,3724133,1509509,2716576
27,layer3.4.bn2,35139,False,512316,206997,72888,80013,168185,36381,70170,28170,50188
27,layer3.4.relu2,11927,False,218142,87044,30279,32794,67973,14495,27547,10887,19097
27,layer3.4.conv3,969556,False,12271482,5002941,1779177,1970761,4180245,912574,1776437,719902,1295328
27,layer3.4.bn3,92653,False,1239324,503492,178412,196948,416309,90562,175664,70923,127156
27,layer3.4.add,94617,False,1265382,514154,182236,201150,425203,92513,179474,72487,129956
27,layer3.4.relu3,36070,False,521694,210861,74338,81599,171513,37111,71590,28748,51250
27,layer3.5.conv1,1014156,False,12830826,5231026,1860321,2060682,4371036,954236,1857565,752788,1354507
27,layer3.5.bn1,32786,False,481938,194624,68533,75179,157912,34136,65785,26390,46999
27,layer3.5.relu1,11072,False,208188,82933,28794,31154,64483,13731,26052,10276,17999
27,layer3.5.conv2,2038307,False,25719336,10487539,3730428,4132956,8768339,1914563,3727680,1510945,2719199
27,layer3.5.bn2,34523,False,501408,202588,71365,78335,164629,35599,68641,27550,49093
27,layer3.5.relu2,12597,False,227118,90710,31550,34201,70966,15152,28793,11396,20023
27,layer3.5.conv3,970099,False,12278304,5005694,1780193,1971871,4182581,913091,1777438,720309,1296058
27,layer3.5.bn3,95383,False,1274658,517825,183543,202611,428329,93192,180793,73005,130917
27,layer3.5.add,106192,False,1412688,574222,203595,224856,475546,103495,200855,81151,145569
27,layer3.5.relu3,35810,False,518142,209399,73808,81033,170297,36838,71046,28526,50852
27,layer4.0.conv1,1969970,False,24853674,10134475,3604851,3993815,8473067,1850087,3602079,1460008,2627520
27,layer4.0.bn1,51481,False,718908,291244,102925,113297,238724,51783,100164,40331,72077
27,layer4.0.relu1,16751,False,281454,112870,39429,42931,89479,19192,36692,14597,25744
27,layer4.0.conv2,3432235,False,43242504,17634242,6273011,6950418,14746834,3220222,6270274,2541728,4574615
27,layer4.0.bn2,30601,False,452640,182695,64280,70464,147931,31957,61550,24675,43909
27,layer4.0.relu2,9310,False,185184,73610,25510,27505,56729,12038,22737,8945,15605
27,layer4.0.conv3,1242623,False,15711078,6405739,2278264,2523791,5353708,1168846,2275480,922216,1659491
27,layer4.0.bn3,59202,False,815838,330685,116968,128858,271831,59014,114239,46037,82362
27,layer4.0.downsample.0,2898942,False,36536838,14899365,5300045,5872265,12459049,2720590,5297290,2147276,3864597
27,layer4.0.downsample.1,56995,False,788238,319358,112886,124333,262210,56903,110132,44364,79351
27,layer4.0.add,36274,False,526938,212990,75073,82422,173259,37479,72305,29040,51769
27,layer4.0.relu3,18406,False,300270,120540,42209,46015,96046,20624,39463,15725,27810
27,layer4.1.conv1,1214749,False,15359580,6262300,2227258,2467290,5233858,1142673,2224525,901556,1622293
27,layer4.1.bn1,30579,False,454110,183300,64501,70713,148449,32073,61774,24752,44055
27,layer4.1.relu1,8740,False,178806,71001,24572,26478,54584,11568,21816,8565,14903
27,layer4.1.conv2,3169461,False,39936612,16285952,5793363,6418903,13618966,2973901,5790593,2347256,4224558
27,layer4.1.bn2,30550,False,453540,183065,64447,70622,148256,32030,61698,24719,43998
27,layer4.1.relu2,8625,False,176928,70248,24306,26171,53934,11428,21574,8470,14750
27,layer4.1.conv3,1242638,False,15708078,6404511,2277845,2523346,5352793,1168649,2275076,922052,1659178
27,layer4.1.bn3,58536,False,804996,326415,115432,127154,268212,58223,112680,45408,81238
27,layer4.1.add,38356,False,552606,223456,78825,86554,182053,39411,76065,30564,54517
27,layer4.1.relu3,17843,False,292512,117383,41034,44700,93204,20009,38283,15245,26939
27,layer4.2.conv1,1206329,False,15251340,6218218,2211559,2449881,5196885,1134592,2208776,895175,1610820
27,layer4.2.bn1,28862,False,431562,174059,61212,67064,140676,30367,58442,23411,41646
27,layer4.2.relu1,8604,False,178296,70808,24477,26344,54284,11504,21715,8530,14858
27,layer4.2.conv2,3166391,False,39901278,16271539,5788237,6413202,13606837,2971252,5785437,2345153,4220780
27,layer4.2.bn2,31145,False,461568,186319,65587,71922,151018,32631,62863,25212,44881
27,layer4.2.relu2,8735,False,180336,71628,24764,26683,55014,11659,22028,8653,15052
27,layer4.2.conv3,1246418,False,15754290,6423311,2284517,2530741,5368513,1172064,2281761,924760,1664075
27,layer4.2.bn3,59883,False,823356,333893,118109,130068,274414,59576,115329,46476,83157
27,layer4.2.add,35804,False,519948,210146,74081,81339,170999,36990,71356,28654,51087
27,layer4.2.relu3,17447,False,287166,115175,40297,43887,91496,19628,37509,14927,26375
27,avgpool,83740,False,1122756,455988,161549,178262,376583,81885,158773,64084,114855
27,flatten,9065,False,182142,72274,25024,26974,55629,11790,22279,8753,15254
27,fc,505868,False,6447180,2627529,934084,1034315,2193151,478607,931347,377297,678640
28,conv1,2174075,False,27425616,11183423,3978041,4407334,9350545,2041705,3975273,1611320,2899869
28,bn1,328714,False,4221558,1719825,611177,676465,1433835,312790,608434,246382,442989
28,relu,175296,False,2284422,929753,330079,365010,772949,168457,327364,132441,237894
28,maxpool,10142577,False,127601238,52039280,18513286,20513973,43528046,9505777,18510572,7504007,13506717
28,layer1.0.conv1,253493,False,2961960,1205901,428303,473816,1003822,218875,425546,172241,309537
28,layer1.0.bn1,87854,False,1178664,478762,169638,187215,395570,86035,166845,67362,120721
28,layer1.0.relu1,34422,False,503400,203397,71679,78673,165349,35763,68934,27671,49296
28,layer1.0.conv2,1992431,False,25139250,10250925,3646271,4039705,8570450,1871350,3643526,1476830,2657790
28,layer1.0.bn2,83124,False,1119708,454752,161071,177707,375480,81649,158311,63903,114519
28,layer1.0.relu2,37321,False,540120,218361,76994,84555,177787,38477,74232,29814,53169
28,layer1.0.conv3,853850,False,10820268,4411073,1568651,1737478,3685199,804464,1565908,634548,1141682
28,layer1.0.bn3,324959,False,4175472,1700904,604450,669043,1418047,309322,601683,243651,438071
28,layer1.0.downsample.0,868055,False,11000574,4484588,1594767,1766411,3746630,817869,1591994,645113,1160702
28,layer1.0.downsample.1,323527,False,4155102,1692711,601525,665777,1411120,307815,598741,242457,435919
28,layer1.0.add,457419,False,5838294,2379171,845721,936394,1985385,433241,843006,341471,614144
28,layer1.0.relu3,176089,False,2294640,933937,331551,366642,776361,169201,328814,133028,238951
28,layer1.1.conv1,808106,False,10244370,4176202,1485064,1644801,3488577,761518,1482268,600645,1080663
28,layer1.1.bn1,92985,False,1244322,505572,179180,197802,418098,90956,176429,71245,127723
28,layer1.1.relu1,31584,False,466110,188204,66275,72680,152579,32936,63447,25440,45261
28,layer1.1.conv2,1984003,False,25034712,10208224,3631087,4022867,8534735,1863546,3628317,1470665,2646698
28,layer1.1.bn2,81653,False,1103832,448149,158753,175162,370027,80453,155952,62944,112805
28,layer1.1.relu2,32841,False,482856,195009,68692,75323,158234,34202,65902,26420,47064
28,layer1.1.conv3,851636,False,10792584,4399748,1564566,1732959,3675631,802376,1561842,632900,1138702
28,layer1.1.bn3,320348,False,4117902,1677498,596086,659775,1398420,305050,593347,240272,431977
28,layer1.1.add,447170,False,5710188,2326849,827131,915788,1941636,423680,824382,333931,600586
28,layer1.1.relu3,174223,False,2270700,924081,328082,362798,768210,167423,325350,131624,236421
28,layer1.2.conv1,808797,False,10255440,4180605,1486648,1646619,3492450,762371,1483940,601323,1081891
28,layer1.2.bn1,93133,False,1244718,505640,179208,197831,418154,90969,176438,71245,127734
28,layer1.2.relu1,31578,False,466554,188262,66279,72691,152660,32984,63554,25489,45385
28,layer1.2.conv2,1973832,False,24901176,10153831,3611729,4001425,8489223,1853617,3608995,1462831,2632598
28,layer1.2.bn2,80317,False,1085358,440750,156118,172244,363741,79088,153326,61883,110832
28,layer1.2.relu2,33009,False,533166,215532,75955,83402,158972,34366,66236,26578,47349
28,layer1.2.conv3,848226,False,10752000,4383189,1558721,1726476,3661884,799364,1555976,630527,1134451
28,layer1.2.bn3,322031,False,4175868,1701129,604518,669106,1418181,309370,601752,243679,438133
28,layer1.2.add,450248,False,5749656,2343017,832890,922169,1955121,426625,830107,336245,604741
28,layer1.2.relu3,177217,False,2308836,939700,333630,368951,781233,170262,330886,133869,240467
28,layer2.0.conv1,1586945,False,20039400,8170992,2906291,3219690,6830376,1491343,2903513,1176822,2117759
28,layer2.0.bn1,171711,False,2243040,912900,324066,358334,758765,165356,321320,129977,233457
28,layer2.0.relu1,82467,False,1109478,450457,159569,176057,371938,80875,156803,63292,113428
28,layer2.0.conv2,2130335,False,26871480,10957421,3897601,4318163,9161327,2000401,3894839,1578708,2841180
28,layer2.0.bn2,43666,False,618984,250498,88378,97173,204546,44320,85631,34443,61498
28,layer2.0.relu2,17810,False,293070,117591,41130,44791,93431,20052,38364,15279,26997
28,layer2.0.conv3,848387,False,10747362,4381236,1558031,1725708,3660264,799001,1555255,630230,1133910
28,layer2.0.bn3,168890,False,2205918,897772,318687,352383,746108,162589,315940,127786,229517
28,layer2.0.downsample.0,2305285,False,29079282,11857877,4217954,4673193,9914656,2164920,4215209,1708580,3074947
28,layer2.0.downsample.1,183608,False,2390052,972840,345376,381960,808891,176302,342652,138631,249032
28,layer2.0.add,227479,False,2947494,1200187,426304,471639,999186,217823,423492,171403,307970
28,layer2.0.relu3,85861,False,1151952,467790,165733,182859,386409,84034,162970,65792,117927
28,layer2.1.conv1,823029,False,10428114,4251090,1511662,1674315,3551199,775202,1508924,611448,1100114
28,layer2.1.bn1,50523,False,706434,286179,101137,111296,234564,50870,98383,39610,70804
28,layer2.1.relu1,18615,False,302520,121463,42533,46370,96768,20757,39739,15836,28009
28,layer2.1.conv2,1920738,False,24230610,9880365,3514451,3893639,8260519,1803672,3511733,1423398,2561623
28,layer2.1.bn2,42968,False,609762,246717,87079,95723,201515,43658,84316,33898,60516
28,layer2.1.relu2,18465,False,301314,120941,42342,46153,96335,20691,39581,15772,27870
28,layer2.1.conv3,847462,False,10740966,4378706,1557125,1724710,3658139,798556,1554371,629875,1133269
28,layer2.1.bn3,170646,False,2227050,906361,321767,355777,753306,164163,318991,129044,231786
28,layer2.1.add,229599,False,2970822,1209625,429666,475353,1007073,219584,426928,172794,310536
28,layer2.1.relu3,83968,False,1127766,458021,162267,179016,378254,82258,159508,64387,115369
28,layer2.2.conv1,814681,False,10320360,4207164,1496100,1657087,3514678,767224,1493355,605137,1088748
28,layer2.2.bn1,48192,False,678996,274910,97086,106828,225076,48804,94347,37970,67848
28,layer2.2.relu1,18753,False,303378,121803,42656,46511,97071,20852,39892,15898,28121
28,layer2.2.conv2,1919534,False,24218124,9875274,3512628,3891605,8256199,1802728,3509888,1422653,2560274
28,layer2.2.bn2,42460,False,602088,243590,85979,94526,198964,43096,83237,33470,59736
28,layer2.2.relu2,17997,False,294486,118181,41334,45043,93980,20170,38583,15353,27131
28,layer2.2.conv3,848587,False,10750908,4382773,1558545,1726279,3661476,799282,1555815,630456,1134315
28,layer2.2.bn3,170470,False,2223894,905079,321319,355266,752204,163928,318535,128860,231449
28,layer2.2.add,229190,False,2964114,1206987,428717,474310,1004840,219097,425965,172413,309853
28,layer2.2.relu3,83567,False,1121364,455390,161301,177981,376072,81779,158576,64011,114716
28,layer2.3.conv1,811671,False,10282386,4191570,1490552,1650938,3501615,764372,1487793,602879,1084676
28,layer2.3.bn1,48642,False,682206,276337,97635,107406,226314,49079,94897,38198,68257
28,layer2.3.relu1,17751,False,294036,118026,41313,45025,93948,20158,38548,15343,27120
28,layer2.3.conv2,1921426,False,24244110,9885868,3516357,3895754,8264983,1804640,3513620,1424151,2562973
28,layer2.3.bn2,42803,False,607158,245711,86700,95312,200644,43471,83975,33770,60293
28,layer2.3.relu2,18294,False,298848,119945,41927,45688,95350,20476,39194,15600,27582
28,layer2.3.conv3,855945,False,10845054,4421140,1572181,1741379,3693523,806281,1569449,635986,1144250
28,layer2.3.bn3,170303,False,2222376,904445,321098,355058,751803,163829,318343,128783,231308
28,layer2.3.add,225996,False,2926422,1191603,423247,468234,991947,216265,420459,170174,305781
28,layer2.3.relu3,83816,False,1127304,457827,162206,178995,378211,82249,159446,64365,115362
28,layer3.0.conv1,1753216,False,22125654,9021885,3209029,3555140,7542214,1646801,3206236,1299547,2338661
28,layer3.0.bn1,85338,False,1145988,465470,164917,181995,384551,83635,162184,65473,117355
28,layer3.0.relu1,32236,False,475530,192025,67604,74160,155756,33662,64862,26008,46313
28,layer3.0.conv2,2198308,False,27725022,11305455,4021452,4455456,9452656,2064025,4018735,1628943,2931604
28,layer3.0.bn2,36033,False,521910,210885,74341,81584,171509,37104,71576,28742,51232
28,layer3.0.relu2,12091,False,221334,88326,30713,33270,68972,14699,27936,11047,19387
28,layer3.0.conv3,969420,False,12268560,5001736,1778738,1970267,4179216,912347,1775988,719719,1294996
28,layer3.0.bn3,91731,False,1227768,498813,176782,195131,412472,89727,174055,70283,126010
28,layer3.0.downsample.0,2219315,False,27994110,11415202,4060446,4498630,9544266,2084031,4057701,1644724,2960001
28,layer3.0.downsample.1,91803,False,1226274,498201,176568,194898,411977,89600,173802,70183,125807
28,layer3.0.add,108116,False,1436274,583849,207032,228647,483538,105248,204255,82532,148054
28,layer3.0.relu3,37343,False,539304,217955,76860,84420,177530,38415,74129,29773,53088
28,layer3.1.conv1,1011256,False,12797022,5217254,1855446,2055233,4359471,951720,1852660,750788,1350926
28,layer3.1.bn1,33214,False,485664,196131,69100,75773,159183,34416,66334,26618,47416
28,layer3.1.relu1,11191,False,208932,83283,28914,31289,64789,13800,26187,10323,18083
28,layer3.1.conv2,2031858,False,25637766,10454281,3718591,4119829,8740465,1908476,3715812,1506131,2710543
28,layer3.1.bn2,34703,False,507822,205196,72303,79365,166811,36074,69573,27930,49782
28,layer3.1.relu2,11585,False,214584,85608,29774,32233,66792,14233,27020,10677,18718
28,layer3.1.conv3,970814,False,12286668,5009112,1781417,1973224,4185472,913717,1778587,720767,1296886
28,layer3.1.bn3,93619,False,1249332,507630,179913,198596,419788,91327,177165,71545,128271
28,layer3.1.add,106116,False,1413570,574606,203703,224938,475700,103538,200945,81189,145639
28,layer3.1.relu3,36678,False,530742,214560,75658,83080,174606,37776,72875,29260,52142
28,layer3.2.conv1,1005882,False,12731946,5190728,1846020,2044829,4337367,946893,1843241,746981,1344072
28,layer3.2.bn1,33232,False,485526,196100,69089,75804,159234,34423,66344,26620,47419
28,layer3.2.relu1,10628,False,247140,98869,34487,37461,77877,16651,31729,9909,17341
28,layer3.2.conv2,2030926,False,25620786,10447336,3716160,4117153,8734765,1907237,3713410,1505158,2708790
28,layer3.2.bn2,33550,False,491916,198667,69963,76779,161282,34871,67214,26960,48029
28,layer3.2.relu2,11319,False,210792,84066,29195,31599,65436,13943,26462,10440,18301
28,layer3.2.conv3,971537,False,12295368,5012568,1782641,1974601,4188383,914347,1779874,721271,1297790
28,layer3.2.bn3,91627,False,1226244,498187,176553,194888,411936,89604,173772,70171,125817
28,layer3.2.add,94142,False,1260666,512250,181554,200414,423674,92171,178778,72204,129463
28,layer3.2.relu3,35493,False,516168,208584,73509,80664,169578,36683,70753,28397,50609
28,layer3.3.conv1,1005387,False,12721938,5186636,1844564,2043220,4333933,946141,1841796,746400,1343018
28,layer3.3.bn1,32344,False,477324,192743,67892,74475,156432,33816,65090,26111,46488
28,layer3.3.relu1,10774,False,205734,81869,28452,30774,63694,13562,25732,10156,17789
28,layer3.3.conv2,2036044,False,25686348,10474078,3725669,4127694,8757125,1912125,3722924,1509020,2715743
28,layer3.3.bn2,37011,False,533544,215591,76017,83481,175550,37988,73300,29443,52496
28,layer3.3.relu2,12775,False,229944,91867,31969,34659,71929,15357,29203,11549,20295
28,layer3.3.conv3,966747,False,12236034,4988467,1774056,1965082,4168211,909945,1771309,717821,1291562
28,layer3.3.bn3,95396,False,1272114,516861,183170,202220,427485,93011,180448,72875,130682
28,layer3.3.add,105718,False,1408134,572391,202958,224147,474040,103163,200221,80896,145098
28,layer3.3.relu3,36887,False,532158,215123,75854,83306,175169,37887,73097,29358,52344
28,layer3.4.conv1,1022662,False,12938646,5275019,1876012,2078072,4407911,962296,1873227,759141,1365954
28,layer3.4.bn1,32866,False,481974,194644,68564,75221,158006,34150,65751,26374,46975
28,layer3.4.relu1,11618,False,214662,85638,29753,32218,66763,14220,26991,10656,18679
28,layer3.4.conv2,2039205,False,25726302,10490399,3731448,4134077,8770687,1915078,3728660,1511338,2719906
28,layer3.4.bn2,32889,False,481254,194335,68457,75100,157761,34102,65731,26371,46973
28,layer3.4.relu2,11301,False,211656,84426,29346,31743,65770,14017,26576,10492,18380
28,layer3.4.conv3,965962,False,12232110,4986844,1773481,1964449,4166851,909654,1770743,717572,1291121
28,layer3.4.bn3,96517,False,1288728,523666,185598,204869,433131,94244,182835,73838,132404
28,layer3.4.add,94802,False,1269600,515874,182852,201846,426689,92831,180080,72730,130421
28,layer3.4.relu3,35483,False,515538,208350,73435,80610,169453,36651,70691,28384,50590
28,layer3.5.conv1,1009144,False,12769380,5206007,1851463,2050865,4350176,949679,1848663,749184,1348027
28,layer3.5.bn1,32017,False,471006,190183,66977,73428,154221,33325,64207,25752,45832
28,layer3.5.relu1,11349,False,210600,83973,29190,31585,65418,13924,26427,10435,18267
28,layer3.5.conv2,2033653,False,25653720,10460795,3720931,4122436,8746004,1909696,3718170,1507092,2712273
28,layer3.5.bn2,33356,False,488706,197392,69529,76255,160220,34639,66780,26793,47724
28,layer3.5.relu2,11721,False,214248,85454,29725,32171,66671,14210,26986,10658,18692
28,layer3.5.conv3,975144,False,12342948,5032054,1789553,1982217,4204552,917886,1786755,724084,1302828
28,layer3.5.bn3,92169,False,1232112,500580,177407,195814,413905,90035,174642,70524,126445
28,layer3.5.add,109562,False,1456296,592021,209939,231879,490393,106748,207161,83700,150163
28,layer3.5.relu3,36383,False,526026,212594,74953,82271,172956,37424,72190,28991,51685
28,layer4.0.conv1,1960823,False,24737124,10086843,3587903,3975031,8433166,1841377,3585160,1453167,2615210
28,layer4.0.bn1,50306,False,702612,284544,100551,110671,233219,50585,97822,39365,70362
28,layer4.0.relu1,17148,False,284364,114062,39886,43441,90541,19418,37132,14779,26108
28,layer4.0.conv2,3442438,False,43368198,17685511,6291245,6970617,14789679,3229579,6288496,2549101,4587881
28,layer4.0.bn2,31045,False,458430,185035,65131,71385,149861,32382,62374,25011,44526
28,layer4.0.relu2,8889,False,180102,71540,24738,26655,54961,11658,22012,8650,15072
28,layer4.0.conv3,1245413,False,15742890,6418699,2282882,2528912,5364623,1171232,2280134,924100,1662882
28,layer4.0.bn3,57956,False,798228,323640,114461,126084,265943,57708,111690,45000,80474
28,layer4.0.downsample.0,2899102,False,36541326,14901210,5300716,5872997,12460453,2720897,5297906,2147521,3864989
28,layer4.0.downsample.1,57880,False,797568,323388,114369,125986,265688,57671,111608,44973,80446
28,layer4.0.add,36511,False,529194,213902,75414,82807,174121,37641,72621,29162,51991
28,layer4.0.relu3,18311,False,299652,120280,42055,45842,95655,20530,39287,15646,27661
28,layer4.1.conv1,1216194,False,15380376,6270845,2230290,2470611,5240905,1144212,2227520,902772,1624492
28,layer4.1.bn1,30317,False,450000,181601,63927,70087,147048,31762,61182,24515,43632
28,layer4.1.relu1,9438,False,235380,94078,32778,35546,73792,15762,30012,11887,20893
28,layer4.1.conv2,3177240,False,40033884,16325614,5807470,6434555,13652224,2981171,5804755,2353006,4234919
28,layer4.1.bn2,31008,False,457716,184738,65006,71284,149638,32333,62287,24962,44429
28,layer4.1.relu2,8071,False,169662,67274,23221,24987,51414,10874,20475,8017,13929
28,layer4.1.conv3,1260825,False,15934680,6496929,2310712,2559755,5430071,1185530,2307953,935380,1683185
28,layer4.1.bn3,58908,False,811068,328841,116248,128065,270132,58646,113512,45740,81830
28,layer4.1.add,38756,False,559122,226116,79769,87639,184381,39915,77038,30949,55207
28,layer4.1.relu3,18069,False,295146,118455,41458,45174,94211,20222,38677,15405,27230
28,layer4.2.conv1,1215438,False,15543480,6337371,2253914,2496817,5296511,1156352,2251164,912354,1641718
28,layer4.2.bn1,30419,False,453096,182869,64336,70526,148058,31982,61598,24679,43919
28,layer4.2.relu1,8141,False,170622,67659,23386,25123,51668,10934,20611,8079,14037
28,layer4.2.conv2,3173266,False,39987120,16306559,5800668,6427012,13636179,2977660,5797910,2350231,4229910
28,layer4.2.bn2,30750,False,454392,183285,64529,70751,148530,32085,61792,24757,44065
28,layer4.2.relu2,9055,False,182238,72384,25063,27021,55711,11818,22329,8768,15277
28,layer4.2.conv3,1265376,False,15992586,6520551,2319096,2569052,5449813,1189839,2316377,938791,1689313
28,layer4.2.bn3,60704,False,832440,337494,119389,131537,277489,60244,116635,47009,84120
28,layer4.2.add,35585,False,516660,208751,73587,80785,169814,36737,70862,28448,50711
28,layer4.2.relu3,17859,False,292386,117234,41028,44699,93250,20015,38297,15251,26952
28,avgpool,85488,False,1146966,465864,165062,182104,384804,83683,162280,65511,117388
28,flatten,8872,False,179190,71067,24539,26440,54486,11542,21798,8542,14875
28,fc,505077,False,6437334,2623490,932633,1032694,2189735,477860,929870,376695,677545
29,conv1,2175842,False,27445182,11191416,3980888,4410503,9357273,2043193,3978118,1612475,2901964
29,bn1,329222,False,4227462,1722220,612029,677407,1435807,313211,609252,246718,443599
29,relu,176188,False,2295738,934399,331728,366837,776802,169298,329006,133103,239083
29,maxpool,10200324,False,128317638,52331542,18617235,20629148,43772425,9559143,18614486,7546137,13582549
29,layer1.0.conv1,247356,False,2953896,1202632,427173,472596,1001233,218304,424410,171781,308706
29,layer1.0.bn1,90422,False,1212252,492417,174495,192592,407061,88547,171751,69352,124340
29,layer1.0.relu1,33927,False,496584,200608,70637,77492,162784,35202,67873,27240,48517
29,layer1.0.conv2,1996227,False,25191372,10272220,3653849,4048110,8588288,1875253,3651134,1479915,2663348
29,layer1.0.bn2,84794,False,1140438,463089,164043,181025,382511,83182,161274,65106,116696
29,layer1.0.relu2,37467,False,543150,219612,77449,85068,178907,38718,74715,29992,53489
29,layer1.0.conv3,853328,False,10816932,4409651,1568139,1736912,3684057,804211,1565377,634334,1141299
29,layer1.0.bn3,324718,False,4171860,1699531,603947,668447,1416818,309070,601190,243447,437698
29,layer1.0.downsample.0,869017,False,11012760,4489533,1596537,1768379,3750783,818782,1593787,645854,1162037
29,layer1.0.downsample.1,322480,False,4142478,1687562,599650,663712,1406727,306869,596912,241714,434548
29,layer1.0.add,456526,False,5826642,2374430,844068,934563,1981477,432378,841318,340796,612935
29,layer1.0.relu3,174611,False,2276532,926564,328958,363770,770195,167846,326179,131950,236979
29,layer1.1.conv1,810292,False,10272390,4187603,1489116,1649351,3498217,763626,1486369,602303,1083639
29,layer1.1.bn1,92250,False,1231092,500164,177258,195665,413605,89973,174526,70476,126361
29,layer1.1.relu1,32421,False,476778,192393,67768,74331,156107,33730,65000,26077,46442
29,layer1.1.conv2,1986711,False,25064370,10220430,3635434,4027664,8544917,1865779,3632680,1472423,2649856
29,layer1.1.bn2,80101,False,1082418,439550,155688,171743,362839,78891,152955,61734,110618
29,layer1.1.relu2,32809,False,483582,195295,68794,75466,158463,34251,66024,26487,47164
29,layer1.1.conv3,853450,False,10818690,4410368,1568348,1737148,3684540,804320,1565611,634417,1141444
29,layer1.1.bn3,322500,False,4143534,1687964,599852,663912,1407154,306959,597082,241754,434652
29,layer1.1.add,446738,False,5703732,2324204,826206,914760,1939482,423208,823462,333555,599897
29,layer1.1.relu3,174161,False,2271168,924344,328167,362885,768425,167463,325431,131657,236484
29,layer1.2.conv1,809645,False,10264428,4184351,1487989,1648096,3495576,763052,1485255,601856,1082835
29,layer1.2.bn1,92253,False,1232628,500803,177494,195920,414059,90072,174720,70546,126480
29,layer1.2.relu1,31157,False,462000,186488,65659,72010,151120,32654,62911,25217,44867
29,layer1.2.conv2,1976335,False,24935178,10167698,3616675,4006898,8500837,1856151,3613906,1464815,2636167
29,layer1.2.bn2,78919,False,1067058,433235,153412,169218,357465,77716,150648,60796,108911
29,layer1.2.relu2,31859,False,469644,189635,66770,73238,153745,33222,64001,25672,45711
29,layer1.2.conv3,846926,False,10735452,4376449,1556290,1723783,3656184,798124,1553549,629534,1132648
29,layer1.2.bn3,319726,False,4207674,1714155,609165,674246,1429120,311758,606408,245569,436746
29,layer1.2.add,450923,False,5756232,2345729,833802,923189,1957365,427119,831077,336647,605449
29,layer1.2.relu3,177428,False,2312148,941068,334105,369451,782292,170499,331348,134054,240791
29,layer2.0.conv1,1589933,False,20074632,8185394,2911431,3225429,6842578,1494006,2908690,1178925,2121572
29,layer2.0.bn1,171070,False,2234082,909232,322775,356911,755721,164692,319979,129445,232506
29,layer2.0.relu1,77822,False,1104492,448539,158880,175301,370372,80536,156154,63030,112939
29,layer2.0.conv2,2140306,False,26998956,11009413,3916099,4338692,9204881,2009914,3913328,1586198,2854650
29,layer2.0.bn2,44504,False,629682,254905,90003,98937,208321,45137,87217,35082,62650
29,layer2.0.relu2,17963,False,293994,117995,41299,44999,93870,20153,38555,15356,27137
29,layer2.0.conv3,848098,False,10744542,4380172,1557616,1725256,3659277,798804,1554852,630052,1133602
29,layer2.0.bn3,169260,False,2209722,899267,319252,352971,747385,162866,316470,128009,229921
29,layer2.0.downsample.0,2307741,False,29103936,11867846,4221531,4677113,9922974,2166736,4218744,1710007,3077519
29,layer2.0.downsample.1,176478,False,2299638,935883,332267,367433,778075,169570,329535,133314,239456
29,layer2.0.add,227157,False,2942484,1198169,425587,470848,997499,217494,422861,171153,307576
29,layer2.0.relu3,85971,False,1153326,468451,165971,183161,387036,84167,163220,65894,118111
29,layer2.1.conv1,824078,False,10440384,4256133,1513505,1676368,3555569,776148,1510760,612196,1101455
29,layer2.1.bn1,49468,False,695604,281693,99536,109545,230837,50052,96788,38961,69618
29,layer2.1.relu1,17259,False,284448,114003,39882,43443,90562,19425,37141,14781,26112
29,layer2.1.conv2,1921301,False,24238086,9883423,3515544,3894830,8262988,1804206,3512768,1423816,2562375
29,layer2.1.bn2,41762,False,594666,240620,84886,93306,196383,42538,82141,33010,58922
29,layer2.1.relu2,17724,False,291912,117153,40982,44664,93108,19971,38202,15212,26888
29,layer2.1.conv3,848992,False,10755690,4384713,1559268,1727089,3663166,799651,1556532,630750,1134854
29,layer2.1.bn3,169781,False,2213154,900714,319761,353567,748648,163142,317008,128240,230341
29,layer2.1.add,237746,False,3071796,1250895,444352,491636,1041638,227128,441622,178754,321260
29,layer2.1.relu3,83854,False,1126542,457536,162087,178859,377781,82154,159294,64295,115235
29,layer2.2.conv1,817179,False,10351884,4220048,1500673,1662157,3525424,769572,1497927,606993,1092095
29,layer2.2.bn1,49300,False,691476,280105,98975,108916,229506,49772,96246,38741,69230
29,layer2.2.relu1,17353,False,285588,114579,40083,43662,91041,19516,37326,14858,26239
29,layer2.2.conv2,1917973,False,24196998,9866666,3509542,3888193,8248952,1801147,3506821,1421407,2558036
29,layer2.2.bn2,42455,False,603042,244040,86129,94644,199199,43147,83346,33510,59787
29,layer2.2.relu2,17741,False,290958,116739,40851,44514,92832,19926,38117,15180,26814
29,layer2.2.conv3,848712,False,10752780,4383527,1558807,1726557,3662070,799412,1556070,630564,1134518
29,layer2.2.bn3,168596,False,2203236,896634,318276,351934,745193,162382,315538,127646,229270
29,layer2.2.add,228750,False,2959344,1205040,428039,473511,1003174,218738,425271,172111,309302
29,layer2.2.relu3,84314,False,1132218,459856,162906,179755,379693,82571,160104,64627,115812
29,layer2.3.conv1,812976,False,10299480,4198565,1493044,1653707,3507474,765651,1490323,603894,1086506
29,layer2.3.bn1,48485,False,680898,275784,97399,107167,225774,48950,94647,38089,68065
29,layer2.3.relu1,18345,False,497760,201085,70854,77740,163332,35316,68078,16308,28810
29,layer2.3.conv2,1920149,False,24228684,9879567,3514165,3893287,8259759,1803501,3511399,1423258,2561343
29,layer2.3.bn2,42922,False,608730,246343,86943,95572,201218,43584,84191,33851,60436
29,layer2.3.relu2,17787,False,291438,116816,40871,44523,92869,19931,38132,15176,26823
29,layer2.3.conv3,849810,False,10765902,4388790,1560706,1728679,3666575,800396,1557983,631339,1135911
29,layer2.3.bn3,170476,False,2226648,906197,321660,355680,753136,164126,318935,129016,231706
29,layer2.3.add,225919,False,2925474,1191223,423100,468077,991549,216198,420325,170127,305709
29,layer2.3.relu3,84109,False,1129134,458469,162429,179229,378719,82358,159700,64454,115516
29,layer3.0.conv1,1738263,False,21937482,8945132,3181693,3524896,7478020,1632768,3178885,1288457,2318689
29,layer3.0.bn1,84899,False,1140912,463397,164142,181137,382774,83245,161430,65168,116811
29,layer3.0.relu1,32734,False,480462,194030,68312,74945,157437,34033,65596,26308,46833
29,layer3.0.conv2,2198800,False,27733932,11309181,4022779,4456903,9455737,2064690,4020024,1629466,2932543
29,layer3.0.bn2,35800,False,518802,209659,73900,81112,170493,36875,71120,28553,50899
29,layer3.0.relu2,12311,False,223350,89183,31030,33616,69737,14869,28273,11179,19626
29,layer3.0.conv3,970791,False,12286092,5008877,1781315,1973126,4185216,913661,1778558,720762,1296866
29,layer3.0.bn3,91719,False,1227204,498598,176704,195050,412197,89658,173905,70211,125882
29,layer3.0.downsample.0,2217360,False,27970032,11405372,4056985,4494814,9536133,2082249,4054212,1643318,2957469
29,layer3.0.downsample.1,92740,False,1237926,502948,178250,196776,415950,90491,175543,70888,127104
29,layer3.0.add,108401,False,1442190,586279,207879,229597,485579,105697,205145,82891,148707
29,layer3.0.relu3,37569,False,541926,219115,77265,84855,178438,38602,74493,29926,53357
29,layer3.1.conv1,1017583,False,12875652,5249350,1866842,2067892,4386342,957579,1864069,755430,1359276
29,layer3.1.bn1,33599,False,492588,198945,70045,76863,161453,34904,67287,26990,48078
29,layer3.1.relu1,10639,False,203430,81061,28153,30440,62845,13376,25371,10010,17522
29,layer3.1.conv2,2037254,False,25700340,10479781,3727668,4129903,8761860,1913158,3724941,1509835,2717181
29,layer3.1.bn2,33515,False,488988,197520,69577,76294,160274,34650,66786,26798,47737
29,layer3.1.relu2,11585,False,215694,86053,29900,32379,67109,14307,27182,10743,18832
29,layer3.1.conv3,974062,False,12328392,5026131,1787464,1979956,4199772,916839,1784644,723228,1301313
29,layer3.1.bn3,94801,False,1266132,514469,182358,201317,425561,92589,179595,72525,130044
29,layer3.1.add,105345,False,1405284,571004,202428,223553,472721,102882,199674,80672,144687
29,layer3.1.relu3,36318,False,525024,212192,74767,82097,172616,37349,72041,28925,51569
29,layer3.2.conv1,1008925,False,12766392,5204775,1851007,2050348,4349130,949464,1848273,749024,1347748
29,layer3.2.bn1,32129,False,472536,190799,67202,73711,154815,33456,64470,25859,46054
29,layer3.2.relu1,10799,False,242010,96788,33749,36638,63262,13461,25491,10051,17589
29,layer3.2.conv2,2041693,False,25755750,10502395,3735746,4138858,8780873,1917314,3733037,1513121,2723122
29,layer3.2.bn2,32823,False,480636,194088,68336,74963,157464,34040,65604,26306,46850
29,layer3.2.relu2,11583,False,214110,85403,29702,32151,66538,14177,26923,10625,18629
29,layer3.2.conv3,970502,False,12285300,5008540,1781175,1972979,4184950,913580,1778396,720695,1296751
29,layer3.2.bn3,92638,False,1238592,503250,178336,196825,416000,90504,175565,70900,127128
29,layer3.2.add,95008,False,1273038,517286,183356,202427,427835,93083,180585,72929,130770
29,layer3.2.relu3,35930,False,520668,210447,74141,81407,171122,37008,71377,28662,51076
29,layer3.3.conv1,1024846,False,12965766,5286092,1879946,2082421,4417197,964321,1877201,760750,1368857
29,layer3.3.bn1,34072,False,498324,201302,70931,77832,163548,35360,68137,27342,48719
29,layer3.3.relu1,11480,False,212562,84741,29462,31891,66075,14076,26723,10553,18501
29,layer3.3.conv2,2040740,False,25745664,10498272,3734276,4137223,8777377,1916541,3731525,1512503,2721998
29,layer3.3.bn2,33050,False,520686,210450,68954,75652,158884,34346,66187,26558,47311
29,layer3.3.relu2,12051,False,219474,87600,30485,33010,68411,14592,27725,10963,19242
29,layer3.3.conv3,970218,False,12279420,5006161,1780315,1972019,4182927,913160,1777557,720359,1296128
29,layer3.3.bn3,93991,False,1254864,509872,180675,199455,421622,91729,177945,71865,128855
29,layer3.3.add,106195,False,1413162,574422,203675,224942,475630,103519,200906,81174,145590
29,layer3.3.relu3,36627,False,530322,214367,75554,82953,174399,37737,72812,29243,52139
29,layer3.4.conv1,1009897,False,12777660,5209259,1852612,2052142,4352946,950293,1849894,749682,1348931
29,layer3.4.bn1,32409,False,479226,193437,68129,74741,156967,33925,65371,26227,46708
29,layer3.4.relu1,10412,False,201222,80133,27795,30044,62159,13226,25078,9890,17310
29,layer3.4.conv2,2038516,False,25716060,10486183,3729985,4132472,8767309,1914347,3727229,1510765,2718877
29,layer3.4.bn2,32961,False,482460,194847,68623,75249,158026,34160,65840,26416,47028
29,layer3.4.relu2,12338,False,223608,89283,31090,33706,69938,14922,28377,11223,19706
29,layer3.4.conv3,964286,False,12248418,4993519,1775825,1967050,4172389,910860,1773094,718538,1288338
29,layer3.4.bn3,92116,False,1233498,501153,177572,196013,414337,90135,174835,70604,126564
29,layer3.4.add,94425,False,1263186,513283,181887,200796,424482,92351,179162,72358,129740
29,layer3.4.relu3,35177,False,513486,207510,73149,80300,168792,36508,70419,28273,50372
29,layer3.5.conv1,1006910,False,12741258,5194516,1847368,2046325,4340563,947589,1844592,747525,1345041
29,layer3.5.bn1,32858,False,483996,195475,68861,75495,158594,34287,66094,26518,47209
29,layer3.5.relu1,11260,False,208572,83151,28898,31271,64749,13783,26160,10332,18098
29,layer3.5.conv2,2032731,False,25645152,10457285,3719699,4121081,8743119,1909067,3716966,1506605,2711388
29,layer3.5.bn2,33591,False,491214,198432,69898,76686,161120,34834,67143,26942,47999
29,layer3.5.relu2,11783,False,217248,86658,30117,32619,67586,14411,27384,10812,18956
29,layer3.5.conv3,976099,False,12351594,5035602,1790840,1983648,4207586,918549,1788063,724616,1303801
29,layer3.5.bn3,94193,False,1256910,510692,181007,199780,422325,91883,178254,71977,129061
29,layer3.5.add,105751,False,1460406,593583,210505,232494,491730,107036,207746,83928,150572
29,layer3.5.relu3,36612,False,531684,214923,75749,83190,174913,37850,73033,29317,52266
29,layer4.0.conv1,1961206,False,24743658,10089564,3588875,3976106,8435469,1841873,3586106,1453549,2615893
29,layer4.0.bn1,50188,False,701946,284370,100457,110560,232994,50526,97709,39336,70303
29,layer4.0.relu1,17686,False,291012,116783,40862,44514,92834,19926,38083,15162,26791
29,layer4.0.conv2,3429442,False,43211640,17621643,6268513,6945438,14736246,3217908,6265768,2539885,4571296
29,layer4.0.bn2,31072,False,461100,186096,65516,71846,150835,32585,62751,25164,44798
29,layer4.0.relu2,12364,False,225792,90176,31404,34026,70519,15048,28615,11323,19871
29,layer4.0.conv3,1260608,False,15932448,6496034,2310388,2559386,5429214,1185329,2307587,935229,1682877
29,layer4.0.bn3,58646,False,806112,326746,115556,127287,268465,58281,112763,45436,81293
29,layer4.0.downsample.0,2904224,False,36604734,14927054,5309890,5883188,12482219,2725653,5307136,2151265,3871760
29,layer4.0.downsample.1,57217,False,789018,319879,113115,124587,262767,57037,110341,44460,79532
29,layer4.0.add,36093,False,524850,212133,74783,82117,172647,37355,72064,28939,51597
29,layer4.0.relu3,17998,False,295398,118570,41479,45165,94232,20232,38710,15419,27255
29,layer4.1.conv1,1215426,False,15369828,6266554,2228759,2468941,5237358,1143436,2225992,902151,1623373
29,layer4.1.bn1,30193,False,448470,180970,63671,69783,146484,31638,60931,24428,43477
29,layer4.1.relu1,8800,False,179784,71401,24695,26612,54873,11636,21935,8607,14995
29,layer4.1.conv2,3162463,False,39851760,16251338,5781040,6405214,13589955,2967570,5778274,2342255,4215555
29,layer4.1.bn2,31318,False,464184,187183,65891,72227,151556,32752,63102,25304,45019
29,layer4.1.relu2,8808,False,179346,71219,24625,26537,54699,11597,21891,8579,14938
29,layer4.1.conv3,1256079,False,15879822,6474565,2302757,2550947,5411382,1181446,2299990,932153,1677379
29,layer4.1.bn3,60323,False,829272,336260,118917,131004,276392,60013,116190,46815,83771
29,layer4.1.add,38530,False,554982,224435,79170,86936,182813,39570,76378,30675,54717
29,layer4.1.relu3,17720,False,292200,117260,41040,44723,93257,20012,38283,15241,26931
29,layer4.2.conv1,1211600,False,15319578,6246047,2221461,2460858,5220221,1139696,2218727,899209,1618080
29,layer4.2.bn1,29364,False,438144,176778,62176,68137,142983,30876,59455,23823,42382
29,layer4.2.relu1,8301,False,172638,68493,23653,25466,52408,11096,20903,8198,14250
29,layer4.2.conv2,3171049,False,39962538,16296531,5797102,6423013,13627715,2975808,5794296,2348762,4227243
29,layer4.2.bn2,32374,False,476010,192202,67665,74232,155924,33706,64959,26061,46388
29,layer4.2.relu2,9073,False,182268,72364,25064,27007,55698,11814,22323,8775,15301
29,layer4.2.conv3,1261020,False,15939384,6498860,2311419,2560558,5431789,1185903,2308708,935688,1683747
29,layer4.2.bn3,61084,False,837282,339564,120082,132311,279162,60617,117366,47307,84656
29,layer4.2.add,36911,False,533004,215469,75943,83399,175351,37947,73220,29391,52409
29,layer4.2.relu3,17127,False,284928,114258,39937,43497,90709,19462,37220,14809,26149
29,avgpool,85998,False,1151088,467513,165647,182781,386243,83999,162891,65766,117888
29,flatten,8986,False,182064,72332,25000,26935,55533,11777,22259,8744,15246
29,fc,505556,False,6447432,2627627,934112,1034348,2193229,478627,931386,377312,678663
