iter,layer,ns
0,conv1,2171121
0,bn1,330077
0,relu,179431
0,maxpool,10407616
0,layer1.0.conv1,262000
0,layer1.0.bn1,86814
0,layer1.0.relu1,35861
0,layer1.0.conv2,1983876
0,layer1.0.bn2,78141
0,layer1.0.relu2,30776
0,layer1.0.conv3,848821
0,layer1.0.bn3,321620
0,layer1.0.downsample.0,867197
0,layer1.0.downsample.1,321489
0,layer1.0.add,451690
0,layer1.0.relu3,174012
0,layer1.1.conv1,802611
0,layer1.1.bn1,91210
0,layer1.1.relu1,30455
0,layer1.1.conv2,2001002
0,layer1.1.bn2,76313
0,layer1.1.relu2,30617
0,layer1.1.conv3,849836
0,layer1.1.bn3,318612
0,layer1.1.add,445428
0,layer1.1.relu3,177248
0,layer1.2.conv1,802448
0,layer1.2.bn1,90699
0,layer1.2.relu1,31355
0,layer1.2.conv2,1971296
0,layer1.2.bn2,75837
0,layer1.2.relu2,30872
0,layer1.2.conv3,844276
0,layer1.2.bn3,318019
0,layer1.2.add,449182
0,layer1.2.relu3,173791
0,layer2.0.conv1,1593303
0,layer2.0.bn1,170785
0,layer2.0.relu1,75891
0,layer2.0.conv2,2138457
0,layer2.0.bn2,44802
0,layer2.0.relu2,17345
0,layer2.0.conv3,840095
0,layer2.0.bn3,170184
0,layer2.0.downsample.0,2300283
0,layer2.0.downsample.1,171788
0,layer2.0.add,224723
0,layer2.0.relu3,84725
0,layer2.1.conv1,818585
0,layer2.1.bn1,47623
0,layer2.1.relu1,16676
0,layer2.1.conv2,1915132
0,layer2.1.bn2,40752
0,layer2.1.relu2,17304
0,layer2.1.conv3,844856
0,layer2.1.bn3,168311
0,layer2.1.add,228500
0,layer2.1.relu3,82138
0,layer2.2.conv1,809494
0,layer2.2.bn1,49349
0,layer2.2.relu1,16492
0,layer2.2.conv2,1907963
0,layer2.2.bn2,43712
0,layer2.2.relu2,16856
0,layer2.2.conv3,839309
0,layer2.2.bn3,172175
0,layer2.2.add,228121
0,layer2.2.relu3,82774
0,layer2.3.conv1,814178
0,layer2.3.bn1,45581
0,layer2.3.relu1,16472
0,layer2.3.conv2,1915726
0,layer2.3.bn2,40389
0,layer2.3.relu2,16541
0,layer2.3.conv3,844747
0,layer2.3.bn3,168130
0,layer2.3.add,224531
0,layer2.3.relu3,81924
0,layer3.0.conv1,1736764
0,layer3.0.bn1,82802
0,layer3.0.relu1,31149
0,layer3.0.conv2,2185549
0,layer3.0.bn2,34108
0,layer3.0.relu2,11075
0,layer3.0.conv3,968902
0,layer3.0.bn3,90023
0,layer3.0.downsample.0,2220289
0,layer3.0.downsample.1,89266
0,layer3.0.add,104303
0,layer3.0.relu3,36111
0,layer3.1.conv1,1019817
0,layer3.1.bn1,31042
0,layer3.1.relu1,10395
0,layer3.1.conv2,2030770
0,layer3.1.bn2,31184
0,layer3.1.relu2,11346
0,layer3.1.conv3,964553
0,layer3.1.bn3,92038
0,layer3.1.add,103583
0,layer3.1.relu3,34329
0,layer3.2.conv1,1012592
0,layer3.2.bn1,30911
0,layer3.2.relu1,10426
0,layer3.2.conv2,2028073
0,layer3.2.bn2,31982
0,layer3.2.relu2,11306
0,layer3.2.conv3,962972
0,layer3.2.bn3,89347
0,layer3.2.add,94001
0,layer3.2.relu3,34341
0,layer3.3.conv1,1011460
0,layer3.3.bn1,30719
0,layer3.3.relu1,9945
0,layer3.3.conv2,2028002
0,layer3.3.bn2,30593
0,layer3.3.relu2,10774
0,layer3.3.conv3,964627
0,layer3.3.bn3,90987
0,layer3.3.add,103624
0,layer3.3.relu3,34756
0,layer3.4.conv1,1020924
0,layer3.4.bn1,31203
0,layer3.4.relu1,9806
0,layer3.4.conv2,2023524
0,layer3.4.bn2,31904
0,layer3.4.relu2,11467
0,layer3.4.conv3,965364
0,layer3.4.bn3,90320
0,layer3.4.add,89618
0,layer3.4.relu3,34066
0,layer3.5.conv1,1009031
0,layer3.5.bn1,31465
0,layer3.5.relu1,9969
0,layer3.5.conv2,2029206
0,layer3.5.bn2,34849
0,layer3.5.relu2,10922
0,layer3.5.conv3,966994
0,layer3.5.bn3,91620
0,layer3.5.add,102934
0,layer3.5.relu3,34004
0,layer4.0.conv1,1966362
0,layer4.0.bn1,48361
0,layer4.0.relu1,16634
0,layer4.0.conv2,3409562
0,layer4.0.bn2,28904
0,layer4.0.relu2,7640
0,layer4.0.conv3,1242739
0,layer4.0.bn3,57423
0,layer4.0.downsample.0,2876864
0,layer4.0.downsample.1,58578
0,layer4.0.add,33950
0,layer4.0.relu3,17157
0,layer4.1.conv1,1207156
0,layer4.1.bn1,28481
0,layer4.1.relu1,7424
0,layer4.1.conv2,3134782
0,layer4.1.bn2,27634
0,layer4.1.relu2,7709
0,layer4.1.conv3,1238447
0,layer4.1.bn3,57859
0,layer4.1.add,37486
0,layer4.1.relu3,16126
0,layer4.2.conv1,1210671
0,layer4.2.bn1,27122
0,layer4.2.relu1,7007
0,layer4.2.conv2,3141627
0,layer4.2.bn2,28785
0,layer4.2.relu2,7555
0,layer4.2.conv3,1235078
0,layer4.2.bn3,59534
0,layer4.2.add,34287
0,layer4.2.relu3,16080
0,avgpool,79597
0,flatten,7945
0,fc,498078
1,conv1,2168702
1,bn1,327570
1,relu,178202
1,maxpool,10203052
1,layer1.0.conv1,260324
1,layer1.0.bn1,85116
1,layer1.0.relu1,32043
1,layer1.0.conv2,1983538
1,layer1.0.bn2,76790
1,layer1.0.relu2,31289
1,layer1.0.conv3,853870
1,layer1.0.bn3,321679
1,layer1.0.downsample.0,859218
1,layer1.0.downsample.1,326111
1,layer1.0.add,452255
1,layer1.0.relu3,173630
1,layer1.1.conv1,807900
1,layer1.1.bn1,91889
1,layer1.1.relu1,30543
1,layer1.1.conv2,1972760
1,layer1.1.bn2,76006
1,layer1.1.relu2,30596
1,layer1.1.conv3,848162
1,layer1.1.bn3,323555
1,layer1.1.add,446031
1,layer1.1.relu3,173797
1,layer1.2.conv1,806843
1,layer1.2.bn1,90334
1,layer1.2.relu1,30753
1,layer1.2.conv2,1968220
1,layer1.2.bn2,76037
1,layer1.2.relu2,30256
1,layer1.2.conv3,850189
1,layer1.2.bn3,322487
1,layer1.2.add,449807
1,layer1.2.relu3,174632
1,layer2.0.conv1,1593494
1,layer2.0.bn1,171479
1,layer2.0.relu1,76398
1,layer2.0.conv2,2118414
1,layer2.0.bn2,41463
1,layer2.0.relu2,17601
1,layer2.0.conv3,846227
1,layer2.0.bn3,168167
1,layer2.0.downsample.0,2302098
1,layer2.0.downsample.1,171149
1,layer2.0.add,224719
1,layer2.0.relu3,84329
1,layer2.1.conv1,818530
1,layer2.1.bn1,46506
1,layer2.1.relu1,16744
1,layer2.1.conv2,1914134
1,layer2.1.bn2,40339
1,layer2.1.relu2,16005
1,layer2.1.conv3,846506
1,layer2.1.bn3,168792
1,layer2.1.add,225235
1,layer2.1.relu3,82588
1,layer2.2.conv1,814923
1,layer2.2.bn1,45801
1,layer2.2.relu1,16289
1,layer2.2.conv2,1911765
1,layer2.2.bn2,41531
1,layer2.2.relu2,16201
1,layer2.2.conv3,845874
1,layer2.2.bn3,166758
1,layer2.2.add,230246
1,layer2.2.relu3,82092
1,layer2.3.conv1,809207
1,layer2.3.bn1,46154
1,layer2.3.relu1,16527
1,layer2.3.conv2,1912606
1,layer2.3.bn2,39826
1,layer2.3.relu2,16256
1,layer2.3.conv3,843379
1,layer2.3.bn3,173801
1,layer2.3.add,223531
1,layer2.3.relu3,82006
1,layer3.0.conv1,1735438
1,layer3.0.bn1,83347
1,layer3.0.relu1,31058
1,layer3.0.conv2,2188293
1,layer3.0.bn2,35323
1,layer3.0.relu2,10949
1,layer3.0.conv3,981324
1,layer3.0.bn3,90610
1,layer3.0.downsample.0,2218712
1,layer3.0.downsample.1,87579
1,layer3.0.add,104181
1,layer3.0.relu3,36217
1,layer3.1.conv1,1025310
1,layer3.1.bn1,31775
1,layer3.1.relu1,10366
1,layer3.1.conv2,2033519
1,layer3.1.bn2,30329
1,layer3.1.relu2,10999
1,layer3.1.conv3,965914
1,layer3.1.bn3,91406
1,layer3.1.add,103104
1,layer3.1.relu3,34800
1,layer3.2.conv1,1005072
1,layer3.2.bn1,31483
1,layer3.2.relu1,10034
1,layer3.2.conv2,2029032
1,layer3.2.bn2,31711
1,layer3.2.relu2,11459
1,layer3.2.conv3,977460
1,layer3.2.bn3,90357
1,layer3.2.add,89243
1,layer3.2.relu3,33297
1,layer3.3.conv1,1012173
1,layer3.3.bn1,30592
1,layer3.3.relu1,9868
1,layer3.3.conv2,2030956
1,layer3.3.bn2,32096
1,layer3.3.relu2,13869
1,layer3.3.conv3,959215
1,layer3.3.bn3,94979
1,layer3.3.add,103182
1,layer3.3.relu3,34429
1,layer3.4.conv1,1009543
1,layer3.4.bn1,30971
1,layer3.4.relu1,9981
1,layer3.4.conv2,2025993
1,layer3.4.bn2,32395
1,layer3.4.relu2,11196
1,layer3.4.conv3,965263
1,layer3.4.bn3,90384
1,layer3.4.add,88542
1,layer3.4.relu3,33467
1,layer3.5.conv1,1004366
1,layer3.5.bn1,30719
1,layer3.5.relu1,9568
1,layer3.5.conv2,2028628
1,layer3.5.bn2,31478
1,layer3.5.relu2,10933
1,layer3.5.conv3,969437
1,layer3.5.bn3,90292
1,layer3.5.add,102815
1,layer3.5.relu3,35296
1,layer4.0.conv1,1968463
1,layer4.0.bn1,52089
1,layer4.0.relu1,16981
1,layer4.0.conv2,3419220
1,layer4.0.bn2,29208
1,layer4.0.relu2,7488
1,layer4.0.conv3,1245732
1,layer4.0.bn3,57643
1,layer4.0.downsample.0,2885171
1,layer4.0.downsample.1,54422
1,layer4.0.add,34216
1,layer4.0.relu3,16389
1,layer4.1.conv1,1211579
1,layer4.1.bn1,28415
1,layer4.1.relu1,7330
1,layer4.1.conv2,3156553
1,layer4.1.bn2,27925
1,layer4.1.relu2,7863
1,layer4.1.conv3,1241562
1,layer4.1.bn3,57297
1,layer4.1.add,37078
1,layer4.1.relu3,16566
1,layer4.2.conv1,1206869
1,layer4.2.bn1,28876
1,layer4.2.relu1,7365
1,layer4.2.conv2,3144344
1,layer4.2.bn2,30265
1,layer4.2.relu2,7268
1,layer4.2.conv3,1237398
1,layer4.2.bn3,58436
1,layer4.2.add,34821
1,layer4.2.relu3,16185
1,avgpool,79234
1,flatten,8326
1,fc,498190
2,conv1,2168938
2,bn1,326485
2,relu,174567
2,maxpool,10307301
2,layer1.0.conv1,243898
2,layer1.0.bn1,84984
2,layer1.0.relu1,31873
2,layer1.0.conv2,1983816
2,layer1.0.bn2,77990
2,layer1.0.relu2,30859
2,layer1.0.conv3,853659
2,layer1.0.bn3,316420
2,layer1.0.downsample.0,863044
2,layer1.0.downsample.1,324346
2,layer1.0.add,451510
2,layer1.0.relu3,174286
2,layer1.1.conv1,807743
2,layer1.1.bn1,92264
2,layer1.1.relu1,30608
2,layer1.1.conv2,1970925
2,layer1.1.bn2,75401
2,layer1.1.relu2,30902
2,layer1.1.conv3,848024
2,layer1.1.bn3,322915
2,layer1.1.add,444923
2,layer1.1.relu3,173311
2,layer1.2.conv1,807627
2,layer1.2.bn1,91297
2,layer1.2.relu1,30756
2,layer1.2.conv2,1964247
2,layer1.2.bn2,73557
2,layer1.2.relu2,30954
2,layer1.2.conv3,848890
2,layer1.2.bn3,319826
2,layer1.2.add,453039
2,layer1.2.relu3,173857
2,layer2.0.conv1,1594224
2,layer2.0.bn1,170399
2,layer2.0.relu1,75766
2,layer2.0.conv2,2121806
2,layer2.0.bn2,41266
2,layer2.0.relu2,16765
2,layer2.0.conv3,846140
2,layer2.0.bn3,167350
2,layer2.0.downsample.0,2295679
2,layer2.0.downsample.1,174404
2,layer2.0.add,224876
2,layer2.0.relu3,84321
2,layer2.1.conv1,817481
2,layer2.1.bn1,46461
2,layer2.1.relu1,16411
2,layer2.1.conv2,1913916
2,layer2.1.bn2,40265
2,layer2.1.relu2,16343
2,layer2.1.conv3,844467
2,layer2.1.bn3,168732
2,layer2.1.add,225213
2,layer2.1.relu3,82089
2,layer2.2.conv1,814876
2,layer2.2.bn1,44907
2,layer2.2.relu1,16674
2,layer2.2.conv2,1911765
2,layer2.2.bn2,39680
2,layer2.2.relu2,16235
2,layer2.2.conv3,843506
2,layer2.2.bn3,168207
2,layer2.2.add,226564
2,layer2.2.relu3,83083
2,layer2.3.conv1,814076
2,layer2.3.bn1,45615
2,layer2.3.relu1,16746
2,layer2.3.conv2,1917027
2,layer2.3.bn2,40839
2,layer2.3.relu2,16567
2,layer2.3.conv3,845464
2,layer2.3.bn3,169027
2,layer2.3.add,227864
2,layer2.3.relu3,82156
2,layer3.0.conv1,1746413
2,layer3.0.bn1,85715
2,layer3.0.relu1,30609
2,layer3.0.conv2,2182039
2,layer3.0.bn2,33878
2,layer3.0.relu2,11028
2,layer3.0.conv3,967407
2,layer3.0.bn3,89005
2,layer3.0.downsample.0,2209745
2,layer3.0.downsample.1,88120
2,layer3.0.add,103764
2,layer3.0.relu3,35138
2,layer3.1.conv1,1013763
2,layer3.1.bn1,30855
2,layer3.1.relu1,10284
2,layer3.1.conv2,2029146
2,layer3.1.bn2,46725
2,layer3.1.relu2,11740
2,layer3.1.conv3,966274
2,layer3.1.bn3,90936
2,layer3.1.add,102952
2,layer3.1.relu3,34632
2,layer3.2.conv1,1023649
2,layer3.2.bn1,30992
2,layer3.2.relu1,10240
2,layer3.2.conv2,2035006
2,layer3.2.bn2,32169
2,layer3.2.relu2,10973
2,layer3.2.conv3,967152
2,layer3.2.bn3,89818
2,layer3.2.add,89884
2,layer3.2.relu3,33783
2,layer3.3.conv1,1002158
2,layer3.3.bn1,30754
2,layer3.3.relu1,10085
2,layer3.3.conv2,2033669
2,layer3.3.bn2,31237
2,layer3.3.relu2,10717
2,layer3.3.conv3,965641
2,layer3.3.bn3,91085
2,layer3.3.add,106177
2,layer3.3.relu3,35000
2,layer3.4.conv1,1012037
2,layer3.4.bn1,32424
2,layer3.4.relu1,10026
2,layer3.4.conv2,2029361
2,layer3.4.bn2,31455
2,layer3.4.relu2,11443
2,layer3.4.conv3,964214
2,layer3.4.bn3,88395
2,layer3.4.add,89616
2,layer3.4.relu3,33435
2,layer3.5.conv1,1013400
2,layer3.5.bn1,30924
2,layer3.5.relu1,9890
2,layer3.5.conv2,2031705
2,layer3.5.bn2,30648
2,layer3.5.relu2,10986
2,layer3.5.conv3,965237
2,layer3.5.bn3,91284
2,layer3.5.add,103006
2,layer3.5.relu3,34721
2,layer4.0.conv1,1964978
2,layer4.0.bn1,48077
2,layer4.0.relu1,16494
2,layer4.0.conv2,3419681
2,layer4.0.bn2,28920
2,layer4.0.relu2,8124
2,layer4.0.conv3,1238516
2,layer4.0.bn3,57620
2,layer4.0.downsample.0,2886052
2,layer4.0.downsample.1,54992
2,layer4.0.add,34170
2,layer4.0.relu3,16337
2,layer4.1.conv1,1210674
2,layer4.1.bn1,29095
2,layer4.1.relu1,7849
2,layer4.1.conv2,3170386
2,layer4.1.bn2,28834
2,layer4.1.relu2,7984
2,layer4.1.conv3,1235408
2,layer4.1.bn3,57624
2,layer4.1.add,36486
2,layer4.1.relu3,15967
2,layer4.2.conv1,1209001
2,layer4.2.bn1,27860
2,layer4.2.relu1,6988
2,layer4.2.conv2,3160647
2,layer4.2.bn2,33261
2,layer4.2.relu2,7656
2,layer4.2.conv3,1232831
2,layer4.2.bn3,59191
2,layer4.2.add,33919
2,layer4.2.relu3,15916
2,avgpool,77272
2,flatten,7956
2,fc,495468
3,conv1,2168136
3,bn1,326530
3,relu,175037
3,maxpool,10221640
3,layer1.0.conv1,253445
3,layer1.0.bn1,86158
3,layer1.0.relu1,32251
3,layer1.0.conv2,1983914
3,layer1.0.bn2,76405
3,layer1.0.relu2,30751
3,layer1.0.conv3,852875
3,layer1.0.bn3,318210
3,layer1.0.downsample.0,862708
3,layer1.0.downsample.1,320943
3,layer1.0.add,456175
3,layer1.0.relu3,174722
3,layer1.1.conv1,808035
3,layer1.1.bn1,91549
3,layer1.1.relu1,31508
3,layer1.1.conv2,1973824
3,layer1.1.bn2,75624
3,layer1.1.relu2,31061
3,layer1.1.conv3,850953
3,layer1.1.bn3,320732
3,layer1.1.add,449499
3,layer1.1.relu3,173070
3,layer1.2.conv1,805949
3,layer1.2.bn1,91440
3,layer1.2.relu1,30793
3,layer1.2.conv2,1972825
3,layer1.2.bn2,75545
3,layer1.2.relu2,30875
3,layer1.2.conv3,849327
3,layer1.2.bn3,319663
3,layer1.2.add,453581
3,layer1.2.relu3,173605
3,layer2.0.conv1,1587015
3,layer2.0.bn1,175080
3,layer2.0.relu1,75478
3,layer2.0.conv2,2125422
3,layer2.0.bn2,41484
3,layer2.0.relu2,16870
3,layer2.0.conv3,845976
3,layer2.0.bn3,165854
3,layer2.0.downsample.0,2295192
3,layer2.0.downsample.1,170863
3,layer2.0.add,228278
3,layer2.0.relu3,84517
3,layer2.1.conv1,818631
3,layer2.1.bn1,46991
3,layer2.1.relu1,17119
3,layer2.1.conv2,1913600
3,layer2.1.bn2,41071
3,layer2.1.relu2,16767
3,layer2.1.conv3,847706
3,layer2.1.bn3,171568
3,layer2.1.add,225448
3,layer2.1.relu3,81673
3,layer2.2.conv1,812631
3,layer2.2.bn1,45244
3,layer2.2.relu1,16978
3,layer2.2.conv2,1909436
3,layer2.2.bn2,40937
3,layer2.2.relu2,16297
3,layer2.2.conv3,844867
3,layer2.2.bn3,168853
3,layer2.2.add,226940
3,layer2.2.relu3,83048
3,layer2.3.conv1,815311
3,layer2.3.bn1,46224
3,layer2.3.relu1,16658
3,layer2.3.conv2,1912418
3,layer2.3.bn2,40143
3,layer2.3.relu2,16317
3,layer2.3.conv3,845983
3,layer2.3.bn3,168496
3,layer2.3.add,224231
3,layer2.3.relu3,81716
3,layer3.0.conv1,1724884
3,layer3.0.bn1,81251
3,layer3.0.relu1,30991
3,layer3.0.conv2,2185044
3,layer3.0.bn2,34242
3,layer3.0.relu2,10285
3,layer3.0.conv3,967596
3,layer3.0.bn3,89865
3,layer3.0.downsample.0,2211778
3,layer3.0.downsample.1,88487
3,layer3.0.add,102966
3,layer3.0.relu3,35233
3,layer3.1.conv1,1019098
3,layer3.1.bn1,31938
3,layer3.1.relu1,10386
3,layer3.1.conv2,2031583
3,layer3.1.bn2,32048
3,layer3.1.relu2,11178
3,layer3.1.conv3,967229
3,layer3.1.bn3,91181
3,layer3.1.add,103285
3,layer3.1.relu3,38296
3,layer3.2.conv1,1017017
3,layer3.2.bn1,30851
3,layer3.2.relu1,10000
3,layer3.2.conv2,2032574
3,layer3.2.bn2,32559
3,layer3.2.relu2,10630
3,layer3.2.conv3,968056
3,layer3.2.bn3,89553
3,layer3.2.add,89359
3,layer3.2.relu3,33264
3,layer3.3.conv1,1016609
3,layer3.3.bn1,30623
3,layer3.3.relu1,9930
3,layer3.3.conv2,2026771
3,layer3.3.bn2,30816
3,layer3.3.relu2,10826
3,layer3.3.conv3,966920
3,layer3.3.bn3,99226
3,layer3.3.add,102774
3,layer3.3.relu3,35044
3,layer3.4.conv1,1021795
3,layer3.4.bn1,31212
3,layer3.4.relu1,10417
3,layer3.4.conv2,2032303
3,layer3.4.bn2,30792
3,layer3.4.relu2,10767
3,layer3.4.conv3,960155
3,layer3.4.bn3,93163
3,layer3.4.add,90641
3,layer3.4.relu3,32941
3,layer3.5.conv1,1013847
3,layer3.5.bn1,30231
3,layer3.5.relu1,9287
3,layer3.5.conv2,2025412
3,layer3.5.bn2,30976
3,layer3.5.relu2,10674
3,layer3.5.conv3,965254
3,layer3.5.bn3,90620
3,layer3.5.add,102961
3,layer3.5.relu3,34306
3,layer4.0.conv1,1963814
3,layer4.0.bn1,49047
3,layer4.0.relu1,16380
3,layer4.0.conv2,3415593
3,layer4.0.bn2,28835
3,layer4.0.relu2,7748
3,layer4.0.conv3,1233442
3,layer4.0.bn3,56754
3,layer4.0.downsample.0,2895003
3,layer4.0.downsample.1,55380
3,layer4.0.add,34359
3,layer4.0.relu3,16450
3,layer4.1.conv1,1207195
3,layer4.1.bn1,28089
3,layer4.1.relu1,7966
3,layer4.1.conv2,3156341
3,layer4.1.bn2,27456
3,layer4.1.relu2,7979
3,layer4.1.conv3,1239916
3,layer4.1.bn3,57770
3,layer4.1.add,36523
3,layer4.1.relu3,15861
3,layer4.2.conv1,1202233
3,layer4.2.bn1,27966
3,layer4.2.relu1,7022
3,layer4.2.conv2,3150057
3,layer4.2.bn2,29959
3,layer4.2.relu2,7696
3,layer4.2.conv3,1237798
3,layer4.2.bn3,59333
3,layer4.2.add,33323
3,layer4.2.relu3,15927
3,avgpool,77213
3,flatten,7790
3,fc,493588
4,conv1,2198094
4,bn1,331986
4,relu,174622
4,maxpool,10169129
4,layer1.0.conv1,262044
4,layer1.0.bn1,89758
4,layer1.0.relu1,32163
4,layer1.0.conv2,1983438
4,layer1.0.bn2,79408
4,layer1.0.relu2,31174
4,layer1.0.conv3,853577
4,layer1.0.bn3,318462
4,layer1.0.downsample.0,874949
4,layer1.0.downsample.1,323202
4,layer1.0.add,456211
4,layer1.0.relu3,174226
4,layer1.1.conv1,809918
4,layer1.1.bn1,92318
4,layer1.1.relu1,30960
4,layer1.1.conv2,1975840
4,layer1.1.bn2,76880
4,layer1.1.relu2,31063
4,layer1.1.conv3,848391
4,layer1.1.bn3,318851
4,layer1.1.add,446382
4,layer1.1.relu3,178419
4,layer1.2.conv1,803196
4,layer1.2.bn1,96629
4,layer1.2.relu1,30760
4,layer1.2.conv2,1968484
4,layer1.2.bn2,76196
4,layer1.2.relu2,30318
4,layer1.2.conv3,850210
4,layer1.2.bn3,318586
4,layer1.2.add,449698
4,layer1.2.relu3,177898
4,layer2.0.conv1,1589842
4,layer2.0.bn1,170550
4,layer2.0.relu1,75787
4,layer2.0.conv2,2127498
4,layer2.0.bn2,42559
4,layer2.0.relu2,17259
4,layer2.0.conv3,841776
4,layer2.0.bn3,171105
4,layer2.0.downsample.0,2294995
4,layer2.0.downsample.1,171682
4,layer2.0.add,225047
4,layer2.0.relu3,84999
4,layer2.1.conv1,816443
4,layer2.1.bn1,47443
4,layer2.1.relu1,17220
4,layer2.1.conv2,1911636
4,layer2.1.bn2,40703
4,layer2.1.relu2,16204
4,layer2.1.conv3,845455
4,layer2.1.bn3,169293
4,layer2.1.add,228748
4,layer2.1.relu3,82722
4,layer2.2.conv1,815436
4,layer2.2.bn1,46612
4,layer2.2.relu1,16495
4,layer2.2.conv2,1912463
4,layer2.2.bn2,40041
4,layer2.2.relu2,17050
4,layer2.2.conv3,840037
4,layer2.2.bn3,172298
4,layer2.2.add,227686
4,layer2.2.relu3,82679
4,layer2.3.conv1,812793
4,layer2.3.bn1,45878
4,layer2.3.relu1,16788
4,layer2.3.conv2,1915236
4,layer2.3.bn2,40460
4,layer2.3.relu2,16785
4,layer2.3.conv3,844703
4,layer2.3.bn3,168300
4,layer2.3.add,224565
4,layer2.3.relu3,82134
4,layer3.0.conv1,1744242
4,layer3.0.bn1,81359
4,layer3.0.relu1,30634
4,layer3.0.conv2,2181575
4,layer3.0.bn2,35142
4,layer3.0.relu2,10360
4,layer3.0.conv3,963335
4,layer3.0.bn3,91192
4,layer3.0.downsample.0,2218256
4,layer3.0.downsample.1,88142
4,layer3.0.add,104333
4,layer3.0.relu3,35596
4,layer3.1.conv1,1025799
4,layer3.1.bn1,32225
4,layer3.1.relu1,10411
4,layer3.1.conv2,2028904
4,layer3.1.bn2,31739
4,layer3.1.relu2,10542
4,layer3.1.conv3,965112
4,layer3.1.bn3,91465
4,layer3.1.add,103753
4,layer3.1.relu3,34724
4,layer3.2.conv1,1019366
4,layer3.2.bn1,31271
4,layer3.2.relu1,9971
4,layer3.2.conv2,2032132
4,layer3.2.bn2,31396
4,layer3.2.relu2,10645
4,layer3.2.conv3,964424
4,layer3.2.bn3,119490
4,layer3.2.add,90423
4,layer3.2.relu3,33788
4,layer3.3.conv1,1013281
4,layer3.3.bn1,31685
4,layer3.3.relu1,10033
4,layer3.3.conv2,2027335
4,layer3.3.bn2,32587
4,layer3.3.relu2,11217
4,layer3.3.conv3,964992
4,layer3.3.bn3,91579
4,layer3.3.add,102609
4,layer3.3.relu3,34172
4,layer3.4.conv1,1006788
4,layer3.4.bn1,31310
4,layer3.4.relu1,10648
4,layer3.4.conv2,2027608
4,layer3.4.bn2,31230
4,layer3.4.relu2,10897
4,layer3.4.conv3,964692
4,layer3.4.bn3,89736
4,layer3.4.add,89895
4,layer3.4.relu3,33324
4,layer3.5.conv1,1002791
4,layer3.5.bn1,34373
4,layer3.5.relu1,10282
4,layer3.5.conv2,2036559
4,layer3.5.bn2,32249
4,layer3.5.relu2,11022
4,layer3.5.conv3,968129
4,layer3.5.bn3,90634
4,layer3.5.add,103068
4,layer3.5.relu3,34712
4,layer4.0.conv1,1968826
4,layer4.0.bn1,49132
4,layer4.0.relu1,16299
4,layer4.0.conv2,3471975
4,layer4.0.bn2,31151
4,layer4.0.relu2,7557
4,layer4.0.conv3,1245251
4,layer4.0.bn3,58295
4,layer4.0.downsample.0,2885558
4,layer4.0.downsample.1,55040
4,layer4.0.add,34581
4,layer4.0.relu3,16583
4,layer4.1.conv1,1209037
4,layer4.1.bn1,29412
4,layer4.1.relu1,7960
4,layer4.1.conv2,3151024
4,layer4.1.bn2,28004
4,layer4.1.relu2,7595
4,layer4.1.conv3,1241785
4,layer4.1.bn3,57839
4,layer4.1.add,36550
4,layer4.1.relu3,16886
4,layer4.2.conv1,1201398
4,layer4.2.bn1,28000
4,layer4.2.relu1,7505
4,layer4.2.conv2,3150152
4,layer4.2.bn2,29678
4,layer4.2.relu2,7896
4,layer4.2.conv3,1228921
4,layer4.2.bn3,59366
4,layer4.2.add,34231
4,layer4.2.relu3,16008
4,avgpool,85513
4,flatten,8137
4,fc,495741
5,conv1,2164861
5,bn1,330247
5,relu,174991
5,maxpool,10220528
5,layer1.0.conv1,253811
5,layer1.0.bn1,84404
5,layer1.0.relu1,31634
5,layer1.0.conv2,1982142
5,layer1.0.bn2,81627
5,layer1.0.relu2,30614
5,layer1.0.conv3,847124
5,layer1.0.bn3,321936
5,layer1.0.downsample.0,863711
5,layer1.0.downsample.1,320683
5,layer1.0.add,451266
5,layer1.0.relu3,177792
5,layer1.1.conv1,801296
5,layer1.1.bn1,96074
5,layer1.1.relu1,30726
5,layer1.1.conv2,1972187
5,layer1.1.bn2,77272
5,layer1.1.relu2,31267
5,layer1.1.conv3,856854
5,layer1.1.bn3,320133
5,layer1.1.add,445667
5,layer1.1.relu3,177691
5,layer1.2.conv1,802111
5,layer1.2.bn1,89673
5,layer1.2.relu1,30412
5,layer1.2.conv2,1967700
5,layer1.2.bn2,79021
5,layer1.2.relu2,31201
5,layer1.2.conv3,845574
5,layer1.2.bn3,321310
5,layer1.2.add,449563
5,layer1.2.relu3,172985
5,layer2.0.conv1,1591596
5,layer2.0.bn1,171323
5,layer2.0.relu1,76010
5,layer2.0.conv2,2124108
5,layer2.0.bn2,41919
5,layer2.0.relu2,17305
5,layer2.0.conv3,846610
5,layer2.0.bn3,166251
5,layer2.0.downsample.0,2300977
5,layer2.0.downsample.1,171960
5,layer2.0.add,224842
5,layer2.0.relu3,84275
5,layer2.1.conv1,817795
5,layer2.1.bn1,46442
5,layer2.1.relu1,22289
5,layer2.1.conv2,1912717
5,layer2.1.bn2,40360
5,layer2.1.relu2,16992
5,layer2.1.conv3,848490
5,layer2.1.bn3,169341
5,layer2.1.add,225348
5,layer2.1.relu3,85838
5,layer2.2.conv1,809861
5,layer2.2.bn1,45852
5,layer2.2.relu1,16663
5,layer2.2.conv2,1912447
5,layer2.2.bn2,39811
5,layer2.2.relu2,16750
5,layer2.2.conv3,844116
5,layer2.2.bn3,168008
5,layer2.2.add,229772
5,layer2.2.relu3,82996
5,layer2.3.conv1,814512
5,layer2.3.bn1,46615
5,layer2.3.relu1,16495
5,layer2.3.conv2,1915805
5,layer2.3.bn2,40905
5,layer2.3.relu2,16401
5,layer2.3.conv3,844875
5,layer2.3.bn3,168403
5,layer2.3.add,223448
5,layer2.3.relu3,82154
5,layer3.0.conv1,1745268
5,layer3.0.bn1,81791
5,layer3.0.relu1,30916
5,layer3.0.conv2,2180473
5,layer3.0.bn2,33759
5,layer3.0.relu2,11360
5,layer3.0.conv3,968485
5,layer3.0.bn3,94032
5,layer3.0.downsample.0,2209570
5,layer3.0.downsample.1,92308
5,layer3.0.add,104244
5,layer3.0.relu3,35936
5,layer3.1.conv1,1012991
5,layer3.1.bn1,31251
5,layer3.1.relu1,10119
5,layer3.1.conv2,2031423
5,layer3.1.bn2,31412
5,layer3.1.relu2,10742
5,layer3.1.conv3,965205
5,layer3.1.bn3,91970
5,layer3.1.add,103680
5,layer3.1.relu3,34606
5,layer3.2.conv1,1005573
5,layer3.2.bn1,31507
5,layer3.2.relu1,9869
5,layer3.2.conv2,2033823
5,layer3.2.bn2,32008
5,layer3.2.relu2,11096
5,layer3.2.conv3,968765
5,layer3.2.bn3,89203
5,layer3.2.add,89395
5,layer3.2.relu3,33719
5,layer3.3.conv1,1002458
5,layer3.3.bn1,32316
5,layer3.3.relu1,9999
5,layer3.3.conv2,2026839
5,layer3.3.bn2,31429
5,layer3.3.relu2,10624
5,layer3.3.conv3,966334
5,layer3.3.bn3,91748
5,layer3.3.add,104003
5,layer3.3.relu3,34560
5,layer3.4.conv1,1008672
5,layer3.4.bn1,31361
5,layer3.4.relu1,9990
5,layer3.4.conv2,2030865
5,layer3.4.bn2,30770
5,layer3.4.relu2,10643
5,layer3.4.conv3,967921
5,layer3.4.bn3,89541
5,layer3.4.add,89019
5,layer3.4.relu3,33213
5,layer3.5.conv1,1013194
5,layer3.5.bn1,30926
5,layer3.5.relu1,9746
5,layer3.5.conv2,2025552
5,layer3.5.bn2,31677
5,layer3.5.relu2,11556
5,layer3.5.conv3,969650
5,layer3.5.bn3,91328
5,layer3.5.add,103823
5,layer3.5.relu3,34565
5,layer4.0.conv1,1964579
5,layer4.0.bn1,48794
5,layer4.0.relu1,16514
5,layer4.0.conv2,3408431
5,layer4.0.bn2,29470
5,layer4.0.relu2,12656
5,layer4.0.conv3,1234993
5,layer4.0.bn3,57681
5,layer4.0.downsample.0,2878560
5,layer4.0.downsample.1,55650
5,layer4.0.add,34428
5,layer4.0.relu3,20761
5,layer4.1.conv1,1207611
5,layer4.1.bn1,27947
5,layer4.1.relu1,7538
5,layer4.1.conv2,3180252
5,layer4.1.bn2,28357
5,layer4.1.relu2,7963
5,layer4.1.conv3,1239798
5,layer4.1.bn3,57742
5,layer4.1.add,37051
5,layer4.1.relu3,16523
5,layer4.2.conv1,1211438
5,layer4.2.bn1,27969
5,layer4.2.relu1,7261
5,layer4.2.conv2,3158529
5,layer4.2.bn2,28717
5,layer4.2.relu2,7319
5,layer4.2.conv3,1235423
5,layer4.2.bn3,58954
5,layer4.2.add,33875
5,layer4.2.relu3,16083
5,avgpool,81159
5,flatten,8724
5,fc,498947
6,conv1,2182154
6,bn1,327499
6,relu,178810
6,maxpool,10203592
6,layer1.0.conv1,248512
6,layer1.0.bn1,85129
6,layer1.0.relu1,32042
6,layer1.0.conv2,1986708
6,layer1.0.bn2,79434
6,layer1.0.relu2,31513
6,layer1.0.conv3,853910
6,layer1.0.bn3,321115
6,layer1.0.downsample.0,860776
6,layer1.0.downsample.1,324827
6,layer1.0.add,452793
6,layer1.0.relu3,174504
6,layer1.1.conv1,808210
6,layer1.1.bn1,91751
6,layer1.1.relu1,31894
6,layer1.1.conv2,1970505
6,layer1.1.bn2,77728
6,layer1.1.relu2,30586
6,layer1.1.conv3,849238
6,layer1.1.bn3,323206
6,layer1.1.add,446475
6,layer1.1.relu3,173548
6,layer1.2.conv1,805674
6,layer1.2.bn1,91018
6,layer1.2.relu1,30282
6,layer1.2.conv2,1968054
6,layer1.2.bn2,75257
6,layer1.2.relu2,30284
6,layer1.2.conv3,850626
6,layer1.2.bn3,321909
6,layer1.2.add,447620
6,layer1.2.relu3,173827
6,layer2.0.conv1,1591334
6,layer2.0.bn1,178738
6,layer2.0.relu1,76086
6,layer2.0.conv2,2132796
6,layer2.0.bn2,41434
6,layer2.0.relu2,16914
6,layer2.0.conv3,847558
6,layer2.0.bn3,167716
6,layer2.0.downsample.0,2306123
6,layer2.0.downsample.1,171075
6,layer2.0.add,224967
6,layer2.0.relu3,84689
6,layer2.1.conv1,818688
6,layer2.1.bn1,47973
6,layer2.1.relu1,17076
6,layer2.1.conv2,1915634
6,layer2.1.bn2,40399
6,layer2.1.relu2,16278
6,layer2.1.conv3,845683
6,layer2.1.bn3,168967
6,layer2.1.add,224613
6,layer2.1.relu3,82749
6,layer2.2.conv1,812313
6,layer2.2.bn1,45610
6,layer2.2.relu1,16672
6,layer2.2.conv2,1913140
6,layer2.2.bn2,39663
6,layer2.2.relu2,15837
6,layer2.2.conv3,845321
6,layer2.2.bn3,172044
6,layer2.2.add,229799
6,layer2.2.relu3,82506
6,layer2.3.conv1,809404
6,layer2.3.bn1,46299
6,layer2.3.relu1,20140
6,layer2.3.conv2,1913516
6,layer2.3.bn2,41130
6,layer2.3.relu2,19440
6,layer2.3.conv3,840568
6,layer2.3.bn3,172910
6,layer2.3.add,223922
6,layer2.3.relu3,81916
6,layer3.0.conv1,1724804
6,layer3.0.bn1,83014
6,layer3.0.relu1,31113
6,layer3.0.conv2,2187547
6,layer3.0.bn2,34025
6,layer3.0.relu2,10256
6,layer3.0.conv3,965336
6,layer3.0.bn3,89039
6,layer3.0.downsample.0,2216818
6,layer3.0.downsample.1,88732
6,layer3.0.add,103635
6,layer3.0.relu3,39194
6,layer3.1.conv1,1020207
6,layer3.1.bn1,32362
6,layer3.1.relu1,9881
6,layer3.1.conv2,2026762
6,layer3.1.bn2,31856
6,layer3.1.relu2,10790
6,layer3.1.conv3,964814
6,layer3.1.bn3,91719
6,layer3.1.add,102947
6,layer3.1.relu3,34651
6,layer3.2.conv1,1018430
6,layer3.2.bn1,34795
6,layer3.2.relu1,9955
6,layer3.2.conv2,2029289
6,layer3.2.bn2,32053
6,layer3.2.relu2,10535
6,layer3.2.conv3,966196
6,layer3.2.bn3,90007
6,layer3.2.add,89831
6,layer3.2.relu3,33102
6,layer3.3.conv1,1013609
6,layer3.3.bn1,30719
6,layer3.3.relu1,10049
6,layer3.3.conv2,2033320
6,layer3.3.bn2,31406
6,layer3.3.relu2,11261
6,layer3.3.conv3,964951
6,layer3.3.bn3,94795
6,layer3.3.add,103387
6,layer3.3.relu3,35195
6,layer3.4.conv1,1005214
6,layer3.4.bn1,31460
6,layer3.4.relu1,9699
6,layer3.4.conv2,2031958
6,layer3.4.bn2,32045
6,layer3.4.relu2,10820
6,layer3.4.conv3,966043
6,layer3.4.bn3,89693
6,layer3.4.add,90550
6,layer3.4.relu3,33207
6,layer3.5.conv1,1016844
6,layer3.5.bn1,30807
6,layer3.5.relu1,9789
6,layer3.5.conv2,2031847
6,layer3.5.bn2,31402
6,layer3.5.relu2,10668
6,layer3.5.conv3,967196
6,layer3.5.bn3,91416
6,layer3.5.add,103181
6,layer3.5.relu3,34408
6,layer4.0.conv1,1969587
6,layer4.0.bn1,51890
6,layer4.0.relu1,16647
6,layer4.0.conv2,3417857
6,layer4.0.bn2,29388
6,layer4.0.relu2,8446
6,layer4.0.conv3,1248494
6,layer4.0.bn3,57106
6,layer4.0.downsample.0,2884350
6,layer4.0.downsample.1,55923
6,layer4.0.add,34120
6,layer4.0.relu3,16508
6,layer4.1.conv1,1214742
6,layer4.1.bn1,28417
6,layer4.1.relu1,7984
6,layer4.1.conv2,3161112
6,layer4.1.bn2,29225
6,layer4.1.relu2,8214
6,layer4.1.conv3,1234394
6,layer4.1.bn3,57427
6,layer4.1.add,41731
6,layer4.1.relu3,16003
6,layer4.2.conv1,1202216
6,layer4.2.bn1,27372
6,layer4.2.relu1,6749
6,layer4.2.conv2,3161043
6,layer4.2.bn2,30214
6,layer4.2.relu2,7264
6,layer4.2.conv3,1235471
6,layer4.2.bn3,59444
6,layer4.2.add,33822
6,layer4.2.relu3,16326
6,avgpool,78943
6,flatten,8571
6,fc,497895
7,conv1,2169401
7,bn1,328295
7,relu,174780
7,maxpool,10378892
7,layer1.0.conv1,263008
7,layer1.0.bn1,89088
7,layer1.0.relu1,31785
7,layer1.0.conv2,1979035
7,layer1.0.bn2,79811
7,layer1.0.relu2,30796
7,layer1.0.conv3,851549
7,layer1.0.bn3,321845
7,layer1.0.downsample.0,860165
7,layer1.0.downsample.1,324595
7,layer1.0.add,452046
7,layer1.0.relu3,173592
7,layer1.1.conv1,807037
7,layer1.1.bn1,90887
7,layer1.1.relu1,31409
7,layer1.1.conv2,1975250
7,layer1.1.bn2,75710
7,layer1.1.relu2,30713
7,layer1.1.conv3,849509
7,layer1.1.bn3,323737
7,layer1.1.add,446919
7,layer1.1.relu3,172450
7,layer1.2.conv1,805979
7,layer1.2.bn1,91187
7,layer1.2.relu1,30320
7,layer1.2.conv2,1974106
7,layer1.2.bn2,76034
7,layer1.2.relu2,30315
7,layer1.2.conv3,849329
7,layer1.2.bn3,324047
7,layer1.2.add,448954
7,layer1.2.relu3,173520
7,layer2.0.conv1,1593979
7,layer2.0.bn1,170716
7,layer2.0.relu1,75645
7,layer2.0.conv2,2123425
7,layer2.0.bn2,42676
7,layer2.0.relu2,16422
7,layer2.0.conv3,845855
7,layer2.0.bn3,167989
7,layer2.0.downsample.0,2299620
7,layer2.0.downsample.1,170585
7,layer2.0.add,224432
7,layer2.0.relu3,84759
7,layer2.1.conv1,818556
7,layer2.1.bn1,47196
7,layer2.1.relu1,16989
7,layer2.1.conv2,1915765
7,layer2.1.bn2,43590
7,layer2.1.relu2,16559
7,layer2.1.conv3,845941
7,layer2.1.bn3,168590
7,layer2.1.add,225390
7,layer2.1.relu3,82776
7,layer2.2.conv1,812827
7,layer2.2.bn1,45258
7,layer2.2.relu1,16365
7,layer2.2.conv2,1912643
7,layer2.2.bn2,39394
7,layer2.2.relu2,16067
7,layer2.2.conv3,844509
7,layer2.2.bn3,167260
7,layer2.2.add,231867
7,layer2.2.relu3,82912
7,layer2.3.conv1,808233
7,layer2.3.bn1,46767
7,layer2.3.relu1,16841
7,layer2.3.conv2,1914977
7,layer2.3.bn2,40945
7,layer2.3.relu2,16811
7,layer2.3.conv3,843233
7,layer2.3.bn3,171257
7,layer2.3.add,223988
7,layer2.3.relu3,82087
7,layer3.0.conv1,1738709
7,layer3.0.bn1,82474
7,layer3.0.relu1,30618
7,layer3.0.conv2,2182509
7,layer3.0.bn2,34508
7,layer3.0.relu2,11003
7,layer3.0.conv3,967414
7,layer3.0.bn3,89513
7,layer3.0.downsample.0,2212520
7,layer3.0.downsample.1,88366
7,layer3.0.add,104041
7,layer3.0.relu3,39109
7,layer3.1.conv1,1024538
7,layer3.1.bn1,32468
7,layer3.1.relu1,10214
7,layer3.1.conv2,2030877
7,layer3.1.bn2,31929
7,layer3.1.relu2,11223
7,layer3.1.conv3,969695
7,layer3.1.bn3,91410
7,layer3.1.add,103504
7,layer3.1.relu3,34722
7,layer3.2.conv1,1015238
7,layer3.2.bn1,31026
7,layer3.2.relu1,10262
7,layer3.2.conv2,2030304
7,layer3.2.bn2,33132
7,layer3.2.relu2,10382
7,layer3.2.conv3,966308
7,layer3.2.bn3,88643
7,layer3.2.add,89402
7,layer3.2.relu3,33155
7,layer3.3.conv1,1014490
7,layer3.3.bn1,31005
7,layer3.3.relu1,10067
7,layer3.3.conv2,2027136
7,layer3.3.bn2,31059
7,layer3.3.relu2,10699
7,layer3.3.conv3,969039
7,layer3.3.bn3,95652
7,layer3.3.add,102531
7,layer3.3.relu3,34424
7,layer3.4.conv1,1014302
7,layer3.4.bn1,31340
7,layer3.4.relu1,9960
7,layer3.4.conv2,2029380
7,layer3.4.bn2,31954
7,layer3.4.relu2,11030
7,layer3.4.conv3,962914
7,layer3.4.bn3,88826
7,layer3.4.add,89582
7,layer3.4.relu3,33234
7,layer3.5.conv1,1020623
7,layer3.5.bn1,30883
7,layer3.5.relu1,10130
7,layer3.5.conv2,2029289
7,layer3.5.bn2,31564
7,layer3.5.relu2,11208
7,layer3.5.conv3,966744
7,layer3.5.bn3,90545
7,layer3.5.add,103307
7,layer3.5.relu3,34441
7,layer4.0.conv1,1971298
7,layer4.0.bn1,52062
7,layer4.0.relu1,16101
7,layer4.0.conv2,3406893
7,layer4.0.bn2,28728
7,layer4.0.relu2,7888
7,layer4.0.conv3,1236309
7,layer4.0.bn3,57552
7,layer4.0.downsample.0,2884102
7,layer4.0.downsample.1,53816
7,layer4.0.add,34653
7,layer4.0.relu3,16709
7,layer4.1.conv1,1210821
7,layer4.1.bn1,28239
7,layer4.1.relu1,7948
7,layer4.1.conv2,3153883
7,layer4.1.bn2,28906
7,layer4.1.relu2,8418
7,layer4.1.conv3,1233014
7,layer4.1.bn3,57745
7,layer4.1.add,36800
7,layer4.1.relu3,15884
7,layer4.2.conv1,1201918
7,layer4.2.bn1,27655
7,layer4.2.relu1,6708
7,layer4.2.conv2,3149233
7,layer4.2.bn2,29752
7,layer4.2.relu2,7883
7,layer4.2.conv3,1231823
7,layer4.2.bn3,60139
7,layer4.2.add,34480
7,layer4.2.relu3,16104
7,avgpool,77061
7,flatten,8285
7,fc,496924
8,conv1,2166700
8,bn1,328020
8,relu,174398
8,maxpool,10219086
8,layer1.0.conv1,256819
8,layer1.0.bn1,85754
8,layer1.0.relu1,31655
8,layer1.0.conv2,1990664
8,layer1.0.bn2,77914
8,layer1.0.relu2,31196
8,layer1.0.conv3,853914
8,layer1.0.bn3,318094
8,layer1.0.downsample.0,863194
8,layer1.0.downsample.1,325871
8,layer1.0.add,451770
8,layer1.0.relu3,173796
8,layer1.1.conv1,809018
8,layer1.1.bn1,91872
8,layer1.1.relu1,30118
8,layer1.1.conv2,1974907
8,layer1.1.bn2,74849
8,layer1.1.relu2,30897
8,layer1.1.conv3,850743
8,layer1.1.bn3,320359
8,layer1.1.add,449812
8,layer1.1.relu3,173982
8,layer1.2.conv1,806844
8,layer1.2.bn1,91336
8,layer1.2.relu1,30493
8,layer1.2.conv2,1969697
8,layer1.2.bn2,75930
8,layer1.2.relu2,30614
8,layer1.2.conv3,850171
8,layer1.2.bn3,318036
8,layer1.2.add,452996
8,layer1.2.relu3,174307
8,layer2.0.conv1,1590695
8,layer2.0.bn1,170325
8,layer2.0.relu1,75320
8,layer2.0.conv2,2136472
8,layer2.0.bn2,41575
8,layer2.0.relu2,17860
8,layer2.0.conv3,847786
8,layer2.0.bn3,167272
8,layer2.0.downsample.0,2298368
8,layer2.0.downsample.1,175455
8,layer2.0.add,225105
8,layer2.0.relu3,84031
8,layer2.1.conv1,817970
8,layer2.1.bn1,46814
8,layer2.1.relu1,16980
8,layer2.1.conv2,1916366
8,layer2.1.bn2,39403
8,layer2.1.relu2,16257
8,layer2.1.conv3,844409
8,layer2.1.bn3,168055
8,layer2.1.add,225321
8,layer2.1.relu3,82609
8,layer2.2.conv1,813324
8,layer2.2.bn1,45548
8,layer2.2.relu1,16653
8,layer2.2.conv2,1912571
8,layer2.2.bn2,40442
8,layer2.2.relu2,16512
8,layer2.2.conv3,844496
8,layer2.2.bn3,167035
8,layer2.2.add,226613
8,layer2.2.relu3,82950
8,layer2.3.conv1,814626
8,layer2.3.bn1,47083
8,layer2.3.relu1,16765
8,layer2.3.conv2,1919980
8,layer2.3.bn2,41638
8,layer2.3.relu2,16513
8,layer2.3.conv3,845696
8,layer2.3.bn3,168334
8,layer2.3.add,227322
8,layer2.3.relu3,82128
8,layer3.0.conv1,1742960
8,layer3.0.bn1,86444
8,layer3.0.relu1,30957
8,layer3.0.conv2,2182878
8,layer3.0.bn2,34328
8,layer3.0.relu2,11658
8,layer3.0.conv3,970663
8,layer3.0.bn3,89499
8,layer3.0.downsample.0,2209090
8,layer3.0.downsample.1,88350
8,layer3.0.add,103944
8,layer3.0.relu3,35857
8,layer3.1.conv1,1014001
8,layer3.1.bn1,32223
8,layer3.1.relu1,10209
8,layer3.1.conv2,2024431
8,layer3.1.bn2,30596
8,layer3.1.relu2,13552
8,layer3.1.conv3,960956
8,layer3.1.bn3,94371
8,layer3.1.add,102921
8,layer3.1.relu3,34737
8,layer3.2.conv1,1004105
8,layer3.2.bn1,32425
8,layer3.2.relu1,10662
8,layer3.2.conv2,2028516
8,layer3.2.bn2,31802
8,layer3.2.relu2,10973
8,layer3.2.conv3,965744
8,layer3.2.bn3,88873
8,layer3.2.add,90027
8,layer3.2.relu3,33113
8,layer3.3.conv1,1008821
8,layer3.3.bn1,30839
8,layer3.3.relu1,10373
8,layer3.3.conv2,2027687
8,layer3.3.bn2,30478
8,layer3.3.relu2,10898
8,layer3.3.conv3,965134
8,layer3.3.bn3,91001
8,layer3.3.add,102563
8,layer3.3.relu3,33633
8,layer3.4.conv1,1011670
8,layer3.4.bn1,30767
8,layer3.4.relu1,9630
8,layer3.4.conv2,2032929
8,layer3.4.bn2,30879
8,layer3.4.relu2,10490
8,layer3.4.conv3,967710
8,layer3.4.bn3,89598
8,layer3.4.add,89266
8,layer3.4.relu3,33754
8,layer3.5.conv1,1015080
8,layer3.5.bn1,30619
8,layer3.5.relu1,9782
8,layer3.5.conv2,2029972
8,layer3.5.bn2,30703
8,layer3.5.relu2,10683
8,layer3.5.conv3,966935
8,layer3.5.bn3,90585
8,layer3.5.add,102581
8,layer3.5.relu3,34197
8,layer4.0.conv1,1969220
8,layer4.0.bn1,49214
8,layer4.0.relu1,15973
8,layer4.0.conv2,3417064
8,layer4.0.bn2,28906
8,layer4.0.relu2,7727
8,layer4.0.conv3,1236101
8,layer4.0.bn3,56854
8,layer4.0.downsample.0,2886417
8,layer4.0.downsample.1,54571
8,layer4.0.add,34346
8,layer4.0.relu3,16499
8,layer4.1.conv1,1207965
8,layer4.1.bn1,28403
8,layer4.1.relu1,7581
8,layer4.1.conv2,3156463
8,layer4.1.bn2,28066
8,layer4.1.relu2,8100
8,layer4.1.conv3,1232071
8,layer4.1.bn3,57404
8,layer4.1.add,41481
8,layer4.1.relu3,16276
8,layer4.2.conv1,1205987
8,layer4.2.bn1,28325
8,layer4.2.relu1,6855
8,layer4.2.conv2,3145831
8,layer4.2.bn2,29790
8,layer4.2.relu2,8359
8,layer4.2.conv3,1238494
8,layer4.2.bn3,59458
8,layer4.2.add,34438
8,layer4.2.relu3,16465
8,avgpool,78956
8,flatten,7795
8,fc,493692
9,conv1,2183091
9,bn1,326713
9,relu,175468
9,maxpool,10247999
9,layer1.0.conv1,258476
9,layer1.0.bn1,85356
9,layer1.0.relu1,32361
9,layer1.0.conv2,1986642
9,layer1.0.bn2,77467
9,layer1.0.relu2,31385
9,layer1.0.conv3,854867
9,layer1.0.bn3,318500
9,layer1.0.downsample.0,863559
9,layer1.0.downsample.1,320513
9,layer1.0.add,457391
9,layer1.0.relu3,179608
9,layer1.1.conv1,808514
9,layer1.1.bn1,92601
9,layer1.1.relu1,31306
9,layer1.1.conv2,1978408
9,layer1.1.bn2,75787
9,layer1.1.relu2,30768
9,layer1.1.conv3,849563
9,layer1.1.bn3,323143
9,layer1.1.add,449937
9,layer1.1.relu3,173940
9,layer1.2.conv1,807379
9,layer1.2.bn1,90293
9,layer1.2.relu1,30233
9,layer1.2.conv2,1972017
9,layer1.2.bn2,75883
9,layer1.2.relu2,30357
9,layer1.2.conv3,849336
9,layer1.2.bn3,318177
9,layer1.2.add,453169
9,layer1.2.relu3,173735
9,layer2.0.conv1,1586967
9,layer2.0.bn1,174040
9,layer2.0.relu1,76190
9,layer2.0.conv2,2127042
9,layer2.0.bn2,41929
9,layer2.0.relu2,16848
9,layer2.0.conv3,847090
9,layer2.0.bn3,167279
9,layer2.0.downsample.0,2301855
9,layer2.0.downsample.1,171878
9,layer2.0.add,228209
9,layer2.0.relu3,84969
9,layer2.1.conv1,819298
9,layer2.1.bn1,47774
9,layer2.1.relu1,16819
9,layer2.1.conv2,1913252
9,layer2.1.bn2,40056
9,layer2.1.relu2,16572
9,layer2.1.conv3,839613
9,layer2.1.bn3,170640
9,layer2.1.add,225379
9,layer2.1.relu3,82522
9,layer2.2.conv1,815405
9,layer2.2.bn1,45291
9,layer2.2.relu1,16495
9,layer2.2.conv2,1915243
9,layer2.2.bn2,39996
9,layer2.2.relu2,16077
9,layer2.2.conv3,844012
9,layer2.2.bn3,167702
9,layer2.2.add,227281
9,layer2.2.relu3,82627
9,layer2.3.conv1,815943
9,layer2.3.bn1,44845
9,layer2.3.relu1,16396
9,layer2.3.conv2,1917631
9,layer2.3.bn2,40962
9,layer2.3.relu2,16405
9,layer2.3.conv3,846434
9,layer2.3.bn3,169020
9,layer2.3.add,224080
9,layer2.3.relu3,82103
9,layer3.0.conv1,1751121
9,layer3.0.bn1,82340
9,layer3.0.relu1,31724
9,layer3.0.conv2,2187992
9,layer3.0.bn2,34159
9,layer3.0.relu2,10835
9,layer3.0.conv3,965934
9,layer3.0.bn3,89304
9,layer3.0.downsample.0,2213641
9,layer3.0.downsample.1,88077
9,layer3.0.add,104951
9,layer3.0.relu3,34897
9,layer3.1.conv1,1016099
9,layer3.1.bn1,32645
9,layer3.1.relu1,10203
9,layer3.1.conv2,2030068
9,layer3.1.bn2,31715
9,layer3.1.relu2,10895
9,layer3.1.conv3,964742
9,layer3.1.bn3,92480
9,layer3.1.add,107161
9,layer3.1.relu3,35562
9,layer3.2.conv1,1008193
9,layer3.2.bn1,31368
9,layer3.2.relu1,9915
9,layer3.2.conv2,2027924
9,layer3.2.bn2,31757
9,layer3.2.relu2,10532
9,layer3.2.conv3,966461
9,layer3.2.bn3,89310
9,layer3.2.add,90044
9,layer3.2.relu3,33803
9,layer3.3.conv1,1004519
9,layer3.3.bn1,31841
9,layer3.3.relu1,10620
9,layer3.3.conv2,2030359
9,layer3.3.bn2,31797
9,layer3.3.relu2,10651
9,layer3.3.conv3,970038
9,layer3.3.bn3,90816
9,layer3.3.add,103725
9,layer3.3.relu3,34545
9,layer3.4.conv1,1009328
9,layer3.4.bn1,31427
9,layer3.4.relu1,9874
9,layer3.4.conv2,2032055
9,layer3.4.bn2,32431
9,layer3.4.relu2,28099
9,layer3.4.conv3,959913
9,layer3.4.bn3,90588
9,layer3.4.add,89608
9,layer3.4.relu3,34420
9,layer3.5.conv1,1007830
9,layer3.5.bn1,31513
9,layer3.5.relu1,10162
9,layer3.5.conv2,2024493
9,layer3.5.bn2,31797
9,layer3.5.relu2,10544
9,layer3.5.conv3,971750
9,layer3.5.bn3,91839
9,layer3.5.add,102986
9,layer3.5.relu3,34363
9,layer4.0.conv1,1964078
9,layer4.0.bn1,48757
9,layer4.0.relu1,16947
9,layer4.0.conv2,3418933
9,layer4.0.bn2,28682
9,layer4.0.relu2,7313
9,layer4.0.conv3,1240177
9,layer4.0.bn3,56677
9,layer4.0.downsample.0,2885015
9,layer4.0.downsample.1,55360
9,layer4.0.add,34936
9,layer4.0.relu3,16067
9,layer4.1.conv1,1217837
9,layer4.1.bn1,28439
9,layer4.1.relu1,7446
9,layer4.1.conv2,3155192
9,layer4.1.bn2,28007
9,layer4.1.relu2,8635
9,layer4.1.conv3,1242519
9,layer4.1.bn3,56975
9,layer4.1.add,37287
9,layer4.1.relu3,16129
9,layer4.2.conv1,1203509
9,layer4.2.bn1,28477
9,layer4.2.relu1,6822
9,layer4.2.conv2,3154018
9,layer4.2.bn2,28447
9,layer4.2.relu2,7834
9,layer4.2.conv3,1240136
9,layer4.2.bn3,58621
9,layer4.2.add,34604
9,layer4.2.relu3,15729
9,avgpool,78398
9,flatten,7998
9,fc,495605
10,conv1,2172952
10,bn1,326646
10,relu,175174
10,maxpool,10132842
10,layer1.0.conv1,263475
10,layer1.0.bn1,96884
10,layer1.0.relu1,31729
10,layer1.0.conv2,1977719
10,layer1.0.bn2,76898
10,layer1.0.relu2,30956
10,layer1.0.conv3,854504
10,layer1.0.bn3,317257
10,layer1.0.downsample.0,863070
10,layer1.0.downsample.1,321179
10,layer1.0.add,455429
10,layer1.0.relu3,174380
10,layer1.1.conv1,807434
10,layer1.1.bn1,91596
10,layer1.1.relu1,30334
10,layer1.1.conv2,1974376
10,layer1.1.bn2,76327
10,layer1.1.relu2,31181
10,layer1.1.conv3,849854
10,layer1.1.bn3,317509
10,layer1.1.add,446794
10,layer1.1.relu3,177404
10,layer1.2.conv1,801582
10,layer1.2.bn1,93852
10,layer1.2.relu1,30053
10,layer1.2.conv2,1970418
10,layer1.2.bn2,74408
10,layer1.2.relu2,30864
10,layer1.2.conv3,849653
10,layer1.2.bn3,319816
10,layer1.2.add,449719
10,layer1.2.relu3,176689
10,layer2.0.conv1,1587481
10,layer2.0.bn1,170438
10,layer2.0.relu1,76030
10,layer2.0.conv2,2136705
10,layer2.0.bn2,42483
10,layer2.0.relu2,17203
10,layer2.0.conv3,840850
10,layer2.0.bn3,170609
10,layer2.0.downsample.0,2297155
10,layer2.0.downsample.1,171017
10,layer2.0.add,224175
10,layer2.0.relu3,85122
10,layer2.1.conv1,817124
10,layer2.1.bn1,46825
10,layer2.1.relu1,16875
10,layer2.1.conv2,1910030
10,layer2.1.bn2,40650
10,layer2.1.relu2,16580
10,layer2.1.conv3,846050
10,layer2.1.bn3,167107
10,layer2.1.add,228289
10,layer2.1.relu3,82203
10,layer2.2.conv1,812439
10,layer2.2.bn1,45693
10,layer2.2.relu1,16792
10,layer2.2.conv2,1910465
10,layer2.2.bn2,40268
10,layer2.2.relu2,16155
10,layer2.2.conv3,839912
10,layer2.2.bn3,171640
10,layer2.2.add,227532
10,layer2.2.relu3,82639
10,layer2.3.conv1,813991
10,layer2.3.bn1,47133
10,layer2.3.relu1,16463
10,layer2.3.conv2,1930084
10,layer2.3.bn2,40628
10,layer2.3.relu2,16178
10,layer2.3.conv3,844727
10,layer2.3.bn3,168555
10,layer2.3.add,224354
10,layer2.3.relu3,82607
10,layer3.0.conv1,1718920
10,layer3.0.bn1,81694
10,layer3.0.relu1,30530
10,layer3.0.conv2,2183351
10,layer3.0.bn2,34668
10,layer3.0.relu2,10783
10,layer3.0.conv3,967882
10,layer3.0.bn3,88239
10,layer3.0.downsample.0,2217578
10,layer3.0.downsample.1,89047
10,layer3.0.add,104472
10,layer3.0.relu3,35564
10,layer3.1.conv1,1021673
10,layer3.1.bn1,31438
10,layer3.1.relu1,10084
10,layer3.1.conv2,2027867
10,layer3.1.bn2,32741
10,layer3.1.relu2,10664
10,layer3.1.conv3,964055
10,layer3.1.bn3,90657
10,layer3.1.add,103747
10,layer3.1.relu3,34998
10,layer3.2.conv1,1014413
10,layer3.2.bn1,31095
10,layer3.2.relu1,9967
10,layer3.2.conv2,2032233
10,layer3.2.bn2,31203
10,layer3.2.relu2,10474
10,layer3.2.conv3,963368
10,layer3.2.bn3,93251
10,layer3.2.add,90280
10,layer3.2.relu3,33150
10,layer3.3.conv1,1009170
10,layer3.3.bn1,30077
10,layer3.3.relu1,9725
10,layer3.3.conv2,2027667
10,layer3.3.bn2,30977
10,layer3.3.relu2,10890
10,layer3.3.conv3,968829
10,layer3.3.bn3,90979
10,layer3.3.add,102802
10,layer3.3.relu3,34224
10,layer3.4.conv1,1002910
10,layer3.4.bn1,31188
10,layer3.4.relu1,9618
10,layer3.4.conv2,2033827
10,layer3.4.bn2,31375
10,layer3.4.relu2,10829
10,layer3.4.conv3,964887
10,layer3.4.bn3,90636
10,layer3.4.add,88605
10,layer3.4.relu3,33560
10,layer3.5.conv1,1002153
10,layer3.5.bn1,31402
10,layer3.5.relu1,10334
10,layer3.5.conv2,2024100
10,layer3.5.bn2,31325
10,layer3.5.relu2,11256
10,layer3.5.conv3,971128
10,layer3.5.bn3,90980
10,layer3.5.add,102966
10,layer3.5.relu3,34176
10,layer4.0.conv1,1970887
10,layer4.0.bn1,48172
10,layer4.0.relu1,16629
10,layer4.0.conv2,3419835
10,layer4.0.bn2,29436
10,layer4.0.relu2,7806
10,layer4.0.conv3,1241061
10,layer4.0.bn3,56647
10,layer4.0.downsample.0,2886406
10,layer4.0.downsample.1,55442
10,layer4.0.add,34049
10,layer4.0.relu3,16926
10,layer4.1.conv1,1208810
10,layer4.1.bn1,28907
10,layer4.1.relu1,7146
10,layer4.1.conv2,3145085
10,layer4.1.bn2,29023
10,layer4.1.relu2,7601
10,layer4.1.conv3,1234469
10,layer4.1.bn3,56665
10,layer4.1.add,36669
10,layer4.1.relu3,16129
10,layer4.2.conv1,1202872
10,layer4.2.bn1,27611
10,layer4.2.relu1,7226
10,layer4.2.conv2,3138373
10,layer4.2.bn2,29188
10,layer4.2.relu2,7317
10,layer4.2.conv3,1237941
10,layer4.2.bn3,59324
10,layer4.2.add,34081
10,layer4.2.relu3,16125
10,avgpool,78500
10,flatten,8113
10,fc,497667
11,conv1,2167812
11,bn1,328015
11,relu,179740
11,maxpool,10233460
11,layer1.0.conv1,248925
11,layer1.0.bn1,84131
11,layer1.0.relu1,31869
11,layer1.0.conv2,1981480
11,layer1.0.bn2,77312
11,layer1.0.relu2,30906
11,layer1.0.conv3,853654
11,layer1.0.bn3,321299
11,layer1.0.downsample.0,860326
11,layer1.0.downsample.1,325278
11,layer1.0.add,450699
11,layer1.0.relu3,178187
11,layer1.1.conv1,806598
11,layer1.1.bn1,91190
11,layer1.1.relu1,30611
11,layer1.1.conv2,1975402
11,layer1.1.bn2,75616
11,layer1.1.relu2,34015
11,layer1.1.conv3,843747
11,layer1.1.bn3,324129
11,layer1.1.add,446582
11,layer1.1.relu3,174278
11,layer1.2.conv1,807782
11,layer1.2.bn1,91232
11,layer1.2.relu1,30658
11,layer1.2.conv2,1968075
11,layer1.2.bn2,76039
11,layer1.2.relu2,31031
11,layer1.2.conv3,850202
11,layer1.2.bn3,321006
11,layer1.2.add,450380
11,layer1.2.relu3,174289
11,layer2.0.conv1,1592363
11,layer2.0.bn1,170850
11,layer2.0.relu1,75309
11,layer2.0.conv2,2127317
11,layer2.0.bn2,41037
11,layer2.0.relu2,16746
11,layer2.0.conv3,846530
11,layer2.0.bn3,167841
11,layer2.0.downsample.0,2298917
11,layer2.0.downsample.1,171490
11,layer2.0.add,223955
11,layer2.0.relu3,84540
11,layer2.1.conv1,818880
11,layer2.1.bn1,47025
11,layer2.1.relu1,16526
11,layer2.1.conv2,1911829
11,layer2.1.bn2,40316
11,layer2.1.relu2,16102
11,layer2.1.conv3,845970
11,layer2.1.bn3,169779
11,layer2.1.add,224541
11,layer2.1.relu3,86760
11,layer2.2.conv1,815171
11,layer2.2.bn1,45686
11,layer2.2.relu1,16581
11,layer2.2.conv2,1910575
11,layer2.2.bn2,39779
11,layer2.2.relu2,16041
11,layer2.2.conv3,844533
11,layer2.2.bn3,167497
11,layer2.2.add,230399
11,layer2.2.relu3,82859
11,layer2.3.conv1,811723
11,layer2.3.bn1,50327
11,layer2.3.relu1,16326
11,layer2.3.conv2,1910802
11,layer2.3.bn2,44922
11,layer2.3.relu2,15978
11,layer2.3.conv3,840218
11,layer2.3.bn3,171993
11,layer2.3.add,224237
11,layer2.3.relu3,81945
11,layer3.0.conv1,1752275
11,layer3.0.bn1,82607
11,layer3.0.relu1,31349
11,layer3.0.conv2,2180325
11,layer3.0.bn2,34388
11,layer3.0.relu2,10448
11,layer3.0.conv3,965778
11,layer3.0.bn3,88976
11,layer3.0.downsample.0,2212983
11,layer3.0.downsample.1,89615
11,layer3.0.add,108114
11,layer3.0.relu3,35755
11,layer3.1.conv1,1016229
11,layer3.1.bn1,32718
11,layer3.1.relu1,10565
11,layer3.1.conv2,2026240
11,layer3.1.bn2,30783
11,layer3.1.relu2,11169
11,layer3.1.conv3,964220
11,layer3.1.bn3,91004
11,layer3.1.add,103260
11,layer3.1.relu3,34638
11,layer3.2.conv1,1007531
11,layer3.2.bn1,31343
11,layer3.2.relu1,9874
11,layer3.2.conv2,2020286
11,layer3.2.bn2,31178
11,layer3.2.relu2,10454
11,layer3.2.conv3,964448
11,layer3.2.bn3,89319
11,layer3.2.add,90052
11,layer3.2.relu3,33897
11,layer3.3.conv1,1026066
11,layer3.3.bn1,31054
11,layer3.3.relu1,9898
11,layer3.3.conv2,2027857
11,layer3.3.bn2,31486
11,layer3.3.relu2,14349
11,layer3.3.conv3,960254
11,layer3.3.bn3,93759
11,layer3.3.add,102564
11,layer3.3.relu3,34483
11,layer3.4.conv1,1012225
11,layer3.4.bn1,31008
11,layer3.4.relu1,10393
11,layer3.4.conv2,2030912
11,layer3.4.bn2,31868
11,layer3.4.relu2,11314
11,layer3.4.conv3,963874
11,layer3.4.bn3,89591
11,layer3.4.add,89031
11,layer3.4.relu3,33381
11,layer3.5.conv1,1012012
11,layer3.5.bn1,31012
11,layer3.5.relu1,10260
11,layer3.5.conv2,2029169
11,layer3.5.bn2,31795
11,layer3.5.relu2,10748
11,layer3.5.conv3,967868
11,layer3.5.bn3,91289
11,layer3.5.add,102766
11,layer3.5.relu3,33812
11,layer4.0.conv1,1961821
11,layer4.0.bn1,52473
11,layer4.0.relu1,16324
11,layer4.0.conv2,3422766
11,layer4.0.bn2,29009
11,layer4.0.relu2,7483
11,layer4.0.conv3,1243665
11,layer4.0.bn3,57389
11,layer4.0.downsample.0,2888424
11,layer4.0.downsample.1,55563
11,layer4.0.add,35183
11,layer4.0.relu3,16192
11,layer4.1.conv1,1212498
11,layer4.1.bn1,28282
11,layer4.1.relu1,7697
11,layer4.1.conv2,3143492
11,layer4.1.bn2,28896
11,layer4.1.relu2,8285
11,layer4.1.conv3,1238947
11,layer4.1.bn3,57265
11,layer4.1.add,37107
11,layer4.1.relu3,16626
11,layer4.2.conv1,1205420
11,layer4.2.bn1,27353
11,layer4.2.relu1,7060
11,layer4.2.conv2,3145081
11,layer4.2.bn2,40361
11,layer4.2.relu2,8688
11,layer4.2.conv3,1233927
11,layer4.2.bn3,59897
11,layer4.2.add,34813
11,layer4.2.relu3,16067
11,avgpool,77456
11,flatten,8308
11,fc,499094
12,conv1,2177348
12,bn1,329431
12,relu,174728
12,maxpool,10153190
12,layer1.0.conv1,255388
12,layer1.0.bn1,85813
12,layer1.0.relu1,32836
12,layer1.0.conv2,1981876
12,layer1.0.bn2,83069
12,layer1.0.relu2,31263
12,layer1.0.conv3,853440
12,layer1.0.bn3,318211
12,layer1.0.downsample.0,863183
12,layer1.0.downsample.1,325195
12,layer1.0.add,450803
12,layer1.0.relu3,174188
12,layer1.1.conv1,806876
12,layer1.1.bn1,90959
12,layer1.1.relu1,30367
12,layer1.1.conv2,1974422
12,layer1.1.bn2,75689
12,layer1.1.relu2,30768
12,layer1.1.conv3,849266
12,layer1.1.bn3,318167
12,layer1.1.add,449978
12,layer1.1.relu3,173370
12,layer1.2.conv1,808292
12,layer1.2.bn1,91243
12,layer1.2.relu1,29775
12,layer1.2.conv2,1970987
12,layer1.2.bn2,81025
12,layer1.2.relu2,31364
12,layer1.2.conv3,848424
12,layer1.2.bn3,316779
12,layer1.2.add,453949
12,layer1.2.relu3,173915
12,layer2.0.conv1,1594328
12,layer2.0.bn1,170626
12,layer2.0.relu1,76023
12,layer2.0.conv2,2127442
12,layer2.0.bn2,43081
12,layer2.0.relu2,17792
12,layer2.0.conv3,847061
12,layer2.0.bn3,167554
12,layer2.0.downsample.0,2299377
12,layer2.0.downsample.1,175718
12,layer2.0.add,224488
12,layer2.0.relu3,85051
12,layer2.1.conv1,819720
12,layer2.1.bn1,46826
12,layer2.1.relu1,16063
12,layer2.1.conv2,1912936
12,layer2.1.bn2,40306
12,layer2.1.relu2,16478
12,layer2.1.conv3,845540
12,layer2.1.bn3,168536
12,layer2.1.add,225834
12,layer2.1.relu3,82185
12,layer2.2.conv1,811960
12,layer2.2.bn1,45641
12,layer2.2.relu1,16725
12,layer2.2.conv2,1912422
12,layer2.2.bn2,40008
12,layer2.2.relu2,16787
12,layer2.2.conv3,845367
12,layer2.2.bn3,168401
12,layer2.2.add,227348
12,layer2.2.relu3,82806
12,layer2.3.conv1,824386
12,layer2.3.bn1,46754
12,layer2.3.relu1,17544
12,layer2.3.conv2,1918242
12,layer2.3.bn2,45216
12,layer2.3.relu2,16525
12,layer2.3.conv3,845835
12,layer2.3.bn3,169344
12,layer2.3.add,228414
12,layer2.3.relu3,82108
12,layer3.0.conv1,1719969
12,layer3.0.bn1,82662
12,layer3.0.relu1,30747
12,layer3.0.conv2,2192095
12,layer3.0.bn2,35299
12,layer3.0.relu2,10346
12,layer3.0.conv3,968700
12,layer3.0.bn3,90370
12,layer3.0.downsample.0,2216964
12,layer3.0.downsample.1,89887
12,layer3.0.add,105091
12,layer3.0.relu3,36467
12,layer3.1.conv1,1020254
12,layer3.1.bn1,32271
12,layer3.1.relu1,10106
12,layer3.1.conv2,2030752
12,layer3.1.bn2,31440
12,layer3.1.relu2,10955
12,layer3.1.conv3,962495
12,layer3.1.bn3,94439
12,layer3.1.add,103550
12,layer3.1.relu3,34692
12,layer3.2.conv1,1011570
12,layer3.2.bn1,30622
12,layer3.2.relu1,9879
12,layer3.2.conv2,2028519
12,layer3.2.bn2,31826
12,layer3.2.relu2,10745
12,layer3.2.conv3,966747
12,layer3.2.bn3,88926
12,layer3.2.add,89434
12,layer3.2.relu3,33713
12,layer3.3.conv1,1008583
12,layer3.3.bn1,31290
12,layer3.3.relu1,9659
12,layer3.3.conv2,2030207
12,layer3.3.bn2,31203
12,layer3.3.relu2,10891
12,layer3.3.conv3,963835
12,layer3.3.bn3,90730
12,layer3.3.add,103275
12,layer3.3.relu3,34740
12,layer3.4.conv1,1023955
12,layer3.4.bn1,30403
12,layer3.4.relu1,10265
12,layer3.4.conv2,2033866
12,layer3.4.bn2,30822
12,layer3.4.relu2,14362
12,layer3.4.conv3,964099
12,layer3.4.bn3,90105
12,layer3.4.add,89203
12,layer3.4.relu3,33129
12,layer3.5.conv1,1008856
12,layer3.5.bn1,31152
12,layer3.5.relu1,9933
12,layer3.5.conv2,2028875
12,layer3.5.bn2,32069
12,layer3.5.relu2,10958
12,layer3.5.conv3,984384
12,layer3.5.bn3,92335
12,layer3.5.add,103598
12,layer3.5.relu3,34392
12,layer4.0.conv1,1967325
12,layer4.0.bn1,48792
12,layer4.0.relu1,16542
12,layer4.0.conv2,3431546
12,layer4.0.bn2,29348
12,layer4.0.relu2,7762
12,layer4.0.conv3,1241223
12,layer4.0.bn3,56913
12,layer4.0.downsample.0,2888070
12,layer4.0.downsample.1,54253
12,layer4.0.add,34056
12,layer4.0.relu3,16618
12,layer4.1.conv1,1209239
12,layer4.1.bn1,28699
12,layer4.1.relu1,7768
12,layer4.1.conv2,3161310
12,layer4.1.bn2,27712
12,layer4.1.relu2,7855
12,layer4.1.conv3,1237160
12,layer4.1.bn3,57100
12,layer4.1.add,36942
12,layer4.1.relu3,16602
12,layer4.2.conv1,1204885
12,layer4.2.bn1,27519
12,layer4.2.relu1,6737
12,layer4.2.conv2,3147059
12,layer4.2.bn2,29712
12,layer4.2.relu2,7302
12,layer4.2.conv3,1239367
12,layer4.2.bn3,58729
12,layer4.2.add,34592
12,layer4.2.relu3,16025
12,avgpool,81892
12,flatten,9440
12,fc,496906
13,conv1,2168589
13,bn1,326684
13,relu,175216
13,maxpool,10230038
13,layer1.0.conv1,267879
13,layer1.0.bn1,85885
13,layer1.0.relu1,31721
13,layer1.0.conv2,1984010
13,layer1.0.bn2,77513
13,layer1.0.relu2,31517
13,layer1.0.conv3,852579
13,layer1.0.bn3,317727
13,layer1.0.downsample.0,865798
13,layer1.0.downsample.1,321597
13,layer1.0.add,455495
13,layer1.0.relu3,173157
13,layer1.1.conv1,807502
13,layer1.1.bn1,91620
13,layer1.1.relu1,30223
13,layer1.1.conv2,1974429
13,layer1.1.bn2,76771
13,layer1.1.relu2,30752
13,layer1.1.conv3,849175
13,layer1.1.bn3,318914
13,layer1.1.add,448398
13,layer1.1.relu3,177158
13,layer1.2.conv1,806444
13,layer1.2.bn1,91627
13,layer1.2.relu1,30249
13,layer1.2.conv2,1967973
13,layer1.2.bn2,75305
13,layer1.2.relu2,29922
13,layer1.2.conv3,849298
13,layer1.2.bn3,320094
13,layer1.2.add,453746
13,layer1.2.relu3,172907
13,layer2.0.conv1,1585978
13,layer2.0.bn1,174979
13,layer2.0.relu1,75528
13,layer2.0.conv2,2120945
13,layer2.0.bn2,43314
13,layer2.0.relu2,16868
13,layer2.0.conv3,846158
13,layer2.0.bn3,167155
13,layer2.0.downsample.0,2296760
13,layer2.0.downsample.1,171215
13,layer2.0.add,228201
13,layer2.0.relu3,84388
13,layer2.1.conv1,818306
13,layer2.1.bn1,47438
13,layer2.1.relu1,16373
13,layer2.1.conv2,1915850
13,layer2.1.bn2,40210
13,layer2.1.relu2,16527
13,layer2.1.conv3,839783
13,layer2.1.bn3,170631
13,layer2.1.add,224743
13,layer2.1.relu3,82071
13,layer2.2.conv1,815462
13,layer2.2.bn1,45872
13,layer2.2.relu1,16532
13,layer2.2.conv2,1909844
13,layer2.2.bn2,39426
13,layer2.2.relu2,16268
13,layer2.2.conv3,845003
13,layer2.2.bn3,167814
13,layer2.2.add,227636
13,layer2.2.relu3,82846
13,layer2.3.conv1,814417
13,layer2.3.bn1,45924
13,layer2.3.relu1,16594
13,layer2.3.conv2,1916854
13,layer2.3.bn2,40899
13,layer2.3.relu2,16551
13,layer2.3.conv3,845995
13,layer2.3.bn3,167703
13,layer2.3.add,223564
13,layer2.3.relu3,81985
13,layer3.0.conv1,1746090
13,layer3.0.bn1,82043
13,layer3.0.relu1,30371
13,layer3.0.conv2,2183065
13,layer3.0.bn2,33832
13,layer3.0.relu2,10312
13,layer3.0.conv3,966294
13,layer3.0.bn3,90950
13,layer3.0.downsample.0,2211588
13,layer3.0.downsample.1,89788
13,layer3.0.add,103581
13,layer3.0.relu3,35189
13,layer3.1.conv1,1010902
13,layer3.1.bn1,31469
13,layer3.1.relu1,9861
13,layer3.1.conv2,2027593
13,layer3.1.bn2,31893
13,layer3.1.relu2,11161
13,layer3.1.conv3,968145
13,layer3.1.bn3,91061
13,layer3.1.add,102924
13,layer3.1.relu3,38308
13,layer3.2.conv1,1003616
13,layer3.2.bn1,31661
13,layer3.2.relu1,9887
13,layer3.2.conv2,2029801
13,layer3.2.bn2,32699
13,layer3.2.relu2,11679
13,layer3.2.conv3,963391
13,layer3.2.bn3,89854
13,layer3.2.add,90026
13,layer3.2.relu3,33655
13,layer3.3.conv1,1009944
13,layer3.3.bn1,31329
13,layer3.3.relu1,9953
13,layer3.3.conv2,2046053
13,layer3.3.bn2,32835
13,layer3.3.relu2,11227
13,layer3.3.conv3,967497
13,layer3.3.bn3,92340
13,layer3.3.add,103784
13,layer3.3.relu3,34018
13,layer3.4.conv1,1014323
13,layer3.4.bn1,31097
13,layer3.4.relu1,10020
13,layer3.4.conv2,2028263
13,layer3.4.bn2,31333
13,layer3.4.relu2,10548
13,layer3.4.conv3,962732
13,layer3.4.bn3,104510
13,layer3.4.add,90433
13,layer3.4.relu3,32922
13,layer3.5.conv1,1002368
13,layer3.5.bn1,30486
13,layer3.5.relu1,9541
13,layer3.5.conv2,2031548
13,layer3.5.bn2,31830
13,layer3.5.relu2,10445
13,layer3.5.conv3,970451
13,layer3.5.bn3,90915
13,layer3.5.add,103398
13,layer3.5.relu3,34528
13,layer4.0.conv1,1973664
13,layer4.0.bn1,48589
13,layer4.0.relu1,17133
13,layer4.0.conv2,3422152
13,layer4.0.bn2,28303
13,layer4.0.relu2,7684
13,layer4.0.conv3,1239934
13,layer4.0.bn3,57513
13,layer4.0.downsample.0,2888410
13,layer4.0.downsample.1,54575
13,layer4.0.add,34193
13,layer4.0.relu3,15913
13,layer4.1.conv1,1209528
13,layer4.1.bn1,28656
13,layer4.1.relu1,7121
13,layer4.1.conv2,3150855
13,layer4.1.bn2,28306
13,layer4.1.relu2,7316
13,layer4.1.conv3,1241510
13,layer4.1.bn3,57681
13,layer4.1.add,37010
13,layer4.1.relu3,16514
13,layer4.2.conv1,1204084
13,layer4.2.bn1,27364
13,layer4.2.relu1,6908
13,layer4.2.conv2,3156234
13,layer4.2.bn2,28878
13,layer4.2.relu2,7715
13,layer4.2.conv3,1242639
13,layer4.2.bn3,58891
13,layer4.2.add,34058
13,layer4.2.relu3,16030
13,avgpool,78006
13,flatten,8161
13,fc,493124
14,conv1,2173370
14,bn1,333382
14,relu,176024
14,maxpool,10193103
14,layer1.0.conv1,257689
14,layer1.0.bn1,85754
14,layer1.0.relu1,31511
14,layer1.0.conv2,1983824
14,layer1.0.bn2,77305
14,layer1.0.relu2,30826
14,layer1.0.conv3,852994
14,layer1.0.bn3,318337
14,layer1.0.downsample.0,865146
14,layer1.0.downsample.1,321708
14,layer1.0.add,455977
14,layer1.0.relu3,173933
14,layer1.1.conv1,809411
14,layer1.1.bn1,90277
14,layer1.1.relu1,30244
14,layer1.1.conv2,1978481
14,layer1.1.bn2,75997
14,layer1.1.relu2,31110
14,layer1.1.conv3,849471
14,layer1.1.bn3,320238
14,layer1.1.add,449412
14,layer1.1.relu3,172666
14,layer1.2.conv1,801891
14,layer1.2.bn1,91338
14,layer1.2.relu1,30259
14,layer1.2.conv2,1982249
14,layer1.2.bn2,75575
14,layer1.2.relu2,30108
14,layer1.2.conv3,850396
14,layer1.2.bn3,319571
14,layer1.2.add,448505
14,layer1.2.relu3,176598
14,layer2.0.conv1,1588523
14,layer2.0.bn1,171311
14,layer2.0.relu1,76022
14,layer2.0.conv2,2129948
14,layer2.0.bn2,42136
14,layer2.0.relu2,17239
14,layer2.0.conv3,850208
14,layer2.0.bn3,166796
14,layer2.0.downsample.0,2296238
14,layer2.0.downsample.1,172211
14,layer2.0.add,225728
14,layer2.0.relu3,88485
14,layer2.1.conv1,813689
14,layer2.1.bn1,47589
14,layer2.1.relu1,16760
14,layer2.1.conv2,1913264
14,layer2.1.bn2,40010
14,layer2.1.relu2,16591
14,layer2.1.conv3,847590
14,layer2.1.bn3,167373
14,layer2.1.add,229151
14,layer2.1.relu3,82515
14,layer2.2.conv1,815311
14,layer2.2.bn1,46034
14,layer2.2.relu1,16452
14,layer2.2.conv2,1920536
14,layer2.2.bn2,40937
14,layer2.2.relu2,16883
14,layer2.2.conv3,844777
14,layer2.2.bn3,167925
14,layer2.2.add,228031
14,layer2.2.relu3,82374
14,layer2.3.conv1,814490
14,layer2.3.bn1,46165
14,layer2.3.relu1,16957
14,layer2.3.conv2,1917467
14,layer2.3.bn2,42164
14,layer2.3.relu2,16282
14,layer2.3.conv3,845792
14,layer2.3.bn3,169373
14,layer2.3.add,223737
14,layer2.3.relu3,82437
14,layer3.0.conv1,1746679
14,layer3.0.bn1,82721
14,layer3.0.relu1,30179
14,layer3.0.conv2,2186747
14,layer3.0.bn2,35790
14,layer3.0.relu2,10747
14,layer3.0.conv3,967366
14,layer3.0.bn3,88611
14,layer3.0.downsample.0,2218626
14,layer3.0.downsample.1,89718
14,layer3.0.add,104098
14,layer3.0.relu3,35791
14,layer3.1.conv1,1013127
14,layer3.1.bn1,31664
14,layer3.1.relu1,10210
14,layer3.1.conv2,2031160
14,layer3.1.bn2,31460
14,layer3.1.relu2,10511
14,layer3.1.conv3,971013
14,layer3.1.bn3,90772
14,layer3.1.add,103012
14,layer3.1.relu3,34734
14,layer3.2.conv1,1020663
14,layer3.2.bn1,31383
14,layer3.2.relu1,9879
14,layer3.2.conv2,2026266
14,layer3.2.bn2,39183
14,layer3.2.relu2,10609
14,layer3.2.conv3,965199
14,layer3.2.bn3,89051
14,layer3.2.add,89072
14,layer3.2.relu3,33337
14,layer3.3.conv1,1016672
14,layer3.3.bn1,31002
14,layer3.3.relu1,9891
14,layer3.3.conv2,2024335
14,layer3.3.bn2,31604
14,layer3.3.relu2,10734
14,layer3.3.conv3,965064
14,layer3.3.bn3,90656
14,layer3.3.add,102953
14,layer3.3.relu3,34570
14,layer3.4.conv1,1013352
14,layer3.4.bn1,31086
14,layer3.4.relu1,10170
14,layer3.4.conv2,2027959
14,layer3.4.bn2,31830
14,layer3.4.relu2,14855
14,layer3.4.conv3,1005886
14,layer3.4.bn3,91217
14,layer3.4.add,93949
14,layer3.4.relu3,34029
14,layer3.5.conv1,1016079
14,layer3.5.bn1,31943
14,layer3.5.relu1,9770
14,layer3.5.conv2,2030000
14,layer3.5.bn2,31557
14,layer3.5.relu2,11082
14,layer3.5.conv3,968624
14,layer3.5.bn3,91556
14,layer3.5.add,103875
14,layer3.5.relu3,34916
14,layer4.0.conv1,1969789
14,layer4.0.bn1,48336
14,layer4.0.relu1,16267
14,layer4.0.conv2,3416012
14,layer4.0.bn2,28932
14,layer4.0.relu2,11527
14,layer4.0.conv3,1245447
14,layer4.0.bn3,57985
14,layer4.0.downsample.0,2885891
14,layer4.0.downsample.1,54685
14,layer4.0.add,34099
14,layer4.0.relu3,16471
14,layer4.1.conv1,1207511
14,layer4.1.bn1,28240
14,layer4.1.relu1,7537
14,layer4.1.conv2,3157331
14,layer4.1.bn2,28066
14,layer4.1.relu2,8210
14,layer4.1.conv3,1243431
14,layer4.1.bn3,57078
14,layer4.1.add,36899
14,layer4.1.relu3,15760
14,layer4.2.conv1,1205559
14,layer4.2.bn1,27376
14,layer4.2.relu1,6917
14,layer4.2.conv2,3157571
14,layer4.2.bn2,28943
14,layer4.2.relu2,8184
14,layer4.2.conv3,1243209
14,layer4.2.bn3,62598
14,layer4.2.add,34253
14,layer4.2.relu3,15908
14,avgpool,81496
14,flatten,8431
14,fc,493061
15,conv1,2170942
15,bn1,331387
15,relu,175554
15,maxpool,10156080
15,layer1.0.conv1,254749
15,layer1.0.bn1,84297
15,layer1.0.relu1,31979
15,layer1.0.conv2,1981606
15,layer1.0.bn2,82178
15,layer1.0.relu2,31787
15,layer1.0.conv3,848180
15,layer1.0.bn3,322366
15,layer1.0.downsample.0,866167
15,layer1.0.downsample.1,321243
15,layer1.0.add,450540
15,layer1.0.relu3,178164
15,layer1.1.conv1,802944
15,layer1.1.bn1,95499
15,layer1.1.relu1,30966
15,layer1.1.conv2,1972610
15,layer1.1.bn2,76942
15,layer1.1.relu2,30825
15,layer1.1.conv3,850423
15,layer1.1.bn3,319290
15,layer1.1.add,446064
15,layer1.1.relu3,177272
15,layer1.2.conv1,801876
15,layer1.2.bn1,90078
15,layer1.2.relu1,30427
15,layer1.2.conv2,1967856
15,layer1.2.bn2,79848
15,layer1.2.relu2,30535
15,layer1.2.conv3,844104
15,layer1.2.bn3,324984
15,layer1.2.add,449119
15,layer1.2.relu3,173670
15,layer2.0.conv1,1591374
15,layer2.0.bn1,171328
15,layer2.0.relu1,75919
15,layer2.0.conv2,2128025
15,layer2.0.bn2,41355
15,layer2.0.relu2,16576
15,layer2.0.conv3,845249
15,layer2.0.bn3,171982
15,layer2.0.downsample.0,2291121
15,layer2.0.downsample.1,174857
15,layer2.0.add,225224
15,layer2.0.relu3,84494
15,layer2.1.conv1,819476
15,layer2.1.bn1,47167
15,layer2.1.relu1,16284
15,layer2.1.conv2,1914067
15,layer2.1.bn2,41507
15,layer2.1.relu2,17309
15,layer2.1.conv3,846140
15,layer2.1.bn3,167836
15,layer2.1.add,225616
15,layer2.1.relu3,82125
15,layer2.2.conv1,813778
15,layer2.2.bn1,45137
15,layer2.2.relu1,16766
15,layer2.2.conv2,1910465
15,layer2.2.bn2,39813
15,layer2.2.relu2,16219
15,layer2.2.conv3,843643
15,layer2.2.bn3,167183
15,layer2.2.add,227330
15,layer2.2.relu3,82842
15,layer2.3.conv1,816249
15,layer2.3.bn1,46040
15,layer2.3.relu1,16492
15,layer2.3.conv2,1917699
15,layer2.3.bn2,40848
15,layer2.3.relu2,16239
15,layer2.3.conv3,845494
15,layer2.3.bn3,167492
15,layer2.3.add,225070
15,layer2.3.relu3,82069
15,layer3.0.conv1,1727895
15,layer3.0.bn1,83429
15,layer3.0.relu1,31163
15,layer3.0.conv2,2184105
15,layer3.0.bn2,34468
15,layer3.0.relu2,10610
15,layer3.0.conv3,968491
15,layer3.0.bn3,89844
15,layer3.0.downsample.0,2210838
15,layer3.0.downsample.1,91787
15,layer3.0.add,103572
15,layer3.0.relu3,35318
15,layer3.1.conv1,1020208
15,layer3.1.bn1,31714
15,layer3.1.relu1,9908
15,layer3.1.conv2,2029986
15,layer3.1.bn2,31988
15,layer3.1.relu2,10794
15,layer3.1.conv3,969424
15,layer3.1.bn3,92237
15,layer3.1.add,103311
15,layer3.1.relu3,35071
15,layer3.2.conv1,1003810
15,layer3.2.bn1,31949
15,layer3.2.relu1,10313
15,layer3.2.conv2,2032681
15,layer3.2.bn2,31793
15,layer3.2.relu2,10890
15,layer3.2.conv3,966027
15,layer3.2.bn3,89546
15,layer3.2.add,91021
15,layer3.2.relu3,37587
15,layer3.3.conv1,1014824
15,layer3.3.bn1,31215
15,layer3.3.relu1,9975
15,layer3.3.conv2,2028244
15,layer3.3.bn2,31052
15,layer3.3.relu2,11224
15,layer3.3.conv3,966405
15,layer3.3.bn3,91307
15,layer3.3.add,103324
15,layer3.3.relu3,34500
15,layer3.4.conv1,1021982
15,layer3.4.bn1,36610
15,layer3.4.relu1,9820
15,layer3.4.conv2,2027766
15,layer3.4.bn2,31694
15,layer3.4.relu2,11297
15,layer3.4.conv3,962917
15,layer3.4.bn3,90987
15,layer3.4.add,90015
15,layer3.4.relu3,34297
15,layer3.5.conv1,1014371
15,layer3.5.bn1,31621
15,layer3.5.relu1,10384
15,layer3.5.conv2,2033729
15,layer3.5.bn2,31471
15,layer3.5.relu2,10801
15,layer3.5.conv3,965257
15,layer3.5.bn3,95722
15,layer3.5.add,102906
15,layer3.5.relu3,33835
15,layer4.0.conv1,1967710
15,layer4.0.bn1,48083
15,layer4.0.relu1,16928
15,layer4.0.conv2,3404984
15,layer4.0.bn2,28709
15,layer4.0.relu2,8136
15,layer4.0.conv3,1239142
15,layer4.0.bn3,61513
15,layer4.0.downsample.0,2883830
15,layer4.0.downsample.1,59729
15,layer4.0.add,34242
15,layer4.0.relu3,16213
15,layer4.1.conv1,1208645
15,layer4.1.bn1,28371
15,layer4.1.relu1,7430
15,layer4.1.conv2,3150610
15,layer4.1.bn2,28162
15,layer4.1.relu2,7187
15,layer4.1.conv3,1235197
15,layer4.1.bn3,57603
15,layer4.1.add,37535
15,layer4.1.relu3,16158
15,layer4.2.conv1,1208918
15,layer4.2.bn1,27686
15,layer4.2.relu1,6883
15,layer4.2.conv2,3174099
15,layer4.2.bn2,29754
15,layer4.2.relu2,7234
15,layer4.2.conv3,1234957
15,layer4.2.bn3,59122
15,layer4.2.add,34093
15,layer4.2.relu3,16652
15,avgpool,84352
15,flatten,8396
15,fc,496825
16,conv1,2169826
16,bn1,327273
16,relu,178739
16,maxpool,10192014
16,layer1.0.conv1,263077
16,layer1.0.bn1,89427
16,layer1.0.relu1,31852
16,layer1.0.conv2,1984380
16,layer1.0.bn2,79018
16,layer1.0.relu2,31332
16,layer1.0.conv3,859552
16,layer1.0.bn3,322641
16,layer1.0.downsample.0,859097
16,layer1.0.downsample.1,335795
16,layer1.0.add,452933
16,layer1.0.relu3,174215
16,layer1.1.conv1,807484
16,layer1.1.bn1,90802
16,layer1.1.relu1,30531
16,layer1.1.conv2,1976615
16,layer1.1.bn2,75167
16,layer1.1.relu2,33919
16,layer1.1.conv3,845127
16,layer1.1.bn3,323478
16,layer1.1.add,446041
16,layer1.1.relu3,173328
16,layer1.2.conv1,806949
16,layer1.2.bn1,91904
16,layer1.2.relu1,30650
16,layer1.2.conv2,1970733
16,layer1.2.bn2,75559
16,layer1.2.relu2,30514
16,layer1.2.conv3,850320
16,layer1.2.bn3,323226
16,layer1.2.add,448747
16,layer1.2.relu3,174178
16,layer2.0.conv1,1592539
16,layer2.0.bn1,171982
16,layer2.0.relu1,76071
16,layer2.0.conv2,2126149
16,layer2.0.bn2,42383
16,layer2.0.relu2,16635
16,layer2.0.conv3,846445
16,layer2.0.bn3,167934
16,layer2.0.downsample.0,2302117
16,layer2.0.downsample.1,171981
16,layer2.0.add,224627
16,layer2.0.relu3,84316
16,layer2.1.conv1,817386
16,layer2.1.bn1,46982
16,layer2.1.relu1,17232
16,layer2.1.conv2,1917989
16,layer2.1.bn2,40776
16,layer2.1.relu2,16289
16,layer2.1.conv3,845291
16,layer2.1.bn3,168514
16,layer2.1.add,225504
16,layer2.1.relu3,81750
16,layer2.2.conv1,816221
16,layer2.2.bn1,46084
16,layer2.2.relu1,21392
16,layer2.2.conv2,1914129
16,layer2.2.bn2,39883
16,layer2.2.relu2,16823
16,layer2.2.conv3,844703
16,layer2.2.bn3,167568
16,layer2.2.add,232113
16,layer2.2.relu3,82739
16,layer2.3.conv1,808161
16,layer2.3.bn1,50392
16,layer2.3.relu1,17011
16,layer2.3.conv2,1912973
16,layer2.3.bn2,44913
16,layer2.3.relu2,17115
16,layer2.3.conv3,845069
16,layer2.3.bn3,175365
16,layer2.3.add,224301
16,layer2.3.relu3,82501
16,layer3.0.conv1,1745584
16,layer3.0.bn1,82010
16,layer3.0.relu1,31056
16,layer3.0.conv2,2182526
16,layer3.0.bn2,33521
16,layer3.0.relu2,10310
16,layer3.0.conv3,964506
16,layer3.0.bn3,89877
16,layer3.0.downsample.0,2215001
16,layer3.0.downsample.1,88280
16,layer3.0.add,107837
16,layer3.0.relu3,35693
16,layer3.1.conv1,1008972
16,layer3.1.bn1,32036
16,layer3.1.relu1,10405
16,layer3.1.conv2,2036783
16,layer3.1.bn2,31163
16,layer3.1.relu2,10736
16,layer3.1.conv3,967372
16,layer3.1.bn3,91118
16,layer3.1.add,103004
16,layer3.1.relu3,34728
16,layer3.2.conv1,1005684
16,layer3.2.bn1,31043
16,layer3.2.relu1,10814
16,layer3.2.conv2,2032297
16,layer3.2.bn2,31949
16,layer3.2.relu2,10577
16,layer3.2.conv3,965239
16,layer3.2.bn3,89296
16,layer3.2.add,88803
16,layer3.2.relu3,33384
16,layer3.3.conv1,1009256
16,layer3.3.bn1,31069
16,layer3.3.relu1,9753
16,layer3.3.conv2,2028658
16,layer3.3.bn2,31493
16,layer3.3.relu2,10273
16,layer3.3.conv3,959279
16,layer3.3.bn3,93826
16,layer3.3.add,102766
16,layer3.3.relu3,34264
16,layer3.4.conv1,1008462
16,layer3.4.bn1,30934
16,layer3.4.relu1,10340
16,layer3.4.conv2,2029483
16,layer3.4.bn2,30449
16,layer3.4.relu2,10889
16,layer3.4.conv3,965127
16,layer3.4.bn3,89769
16,layer3.4.add,89620
16,layer3.4.relu3,33073
16,layer3.5.conv1,1007765
16,layer3.5.bn1,30795
16,layer3.5.relu1,9834
16,layer3.5.conv2,2028391
16,layer3.5.bn2,30912
16,layer3.5.relu2,10566
16,layer3.5.conv3,964484
16,layer3.5.bn3,94950
16,layer3.5.add,103092
16,layer3.5.relu3,35008
16,layer4.0.conv1,1962951
16,layer4.0.bn1,52857
16,layer4.0.relu1,16536
16,layer4.0.conv2,3416035
16,layer4.0.bn2,28849
16,layer4.0.relu2,7363
16,layer4.0.conv3,1241539
16,layer4.0.bn3,58410
16,layer4.0.downsample.0,2884566
16,layer4.0.downsample.1,55600
16,layer4.0.add,34224
16,layer4.0.relu3,16449
16,layer4.1.conv1,1213394
16,layer4.1.bn1,28846
16,layer4.1.relu1,7171
16,layer4.1.conv2,3147418
16,layer4.1.bn2,27629
16,layer4.1.relu2,7652
16,layer4.1.conv3,1239594
16,layer4.1.bn3,57981
16,layer4.1.add,36583
16,layer4.1.relu3,16266
16,layer4.2.conv1,1204256
16,layer4.2.bn1,27629
16,layer4.2.relu1,7362
16,layer4.2.conv2,3146371
16,layer4.2.bn2,28993
16,layer4.2.relu2,7442
16,layer4.2.conv3,1232367
16,layer4.2.bn3,58194
16,layer4.2.add,34564
16,layer4.2.relu3,16323
16,avgpool,79496
16,flatten,8731
16,fc,497297
17,conv1,2169430
17,bn1,327084
17,relu,176004
17,maxpool,10334463
17,layer1.0.conv1,262942
17,layer1.0.bn1,89657
17,layer1.0.relu1,31087
17,layer1.0.conv2,1981384
17,layer1.0.bn2,77922
17,layer1.0.relu2,30921
17,layer1.0.conv3,853529
17,layer1.0.bn3,317086
17,layer1.0.downsample.0,861853
17,layer1.0.downsample.1,325645
17,layer1.0.add,451165
17,layer1.0.relu3,174357
17,layer1.1.conv1,806830
17,layer1.1.bn1,91003
17,layer1.1.relu1,30625
17,layer1.1.conv2,1973486
17,layer1.1.bn2,76532
17,layer1.1.relu2,31085
17,layer1.1.conv3,848982
17,layer1.1.bn3,332737
17,layer1.1.add,445740
17,layer1.1.relu3,172658
17,layer1.2.conv1,814393
17,layer1.2.bn1,91990
17,layer1.2.relu1,30782
17,layer1.2.conv2,1972568
17,layer1.2.bn2,75156
17,layer1.2.relu2,30525
17,layer1.2.conv3,849621
17,layer1.2.bn3,317831
17,layer1.2.add,454419
17,layer1.2.relu3,173727
17,layer2.0.conv1,1591450
17,layer2.0.bn1,170469
17,layer2.0.relu1,75861
17,layer2.0.conv2,2124866
17,layer2.0.bn2,40152
17,layer2.0.relu2,16779
17,layer2.0.conv3,845354
17,layer2.0.bn3,167086
17,layer2.0.downsample.0,2295569
17,layer2.0.downsample.1,174161
17,layer2.0.add,224174
17,layer2.0.relu3,84648
17,layer2.1.conv1,817807
17,layer2.1.bn1,47845
17,layer2.1.relu1,16976
17,layer2.1.conv2,1912944
17,layer2.1.bn2,41372
17,layer2.1.relu2,16293
17,layer2.1.conv3,846743
17,layer2.1.bn3,168050
17,layer2.1.add,224837
17,layer2.1.relu3,82103
17,layer2.2.conv1,813529
17,layer2.2.bn1,45040
17,layer2.2.relu1,16661
17,layer2.2.conv2,1915852
17,layer2.2.bn2,39739
17,layer2.2.relu2,16113
17,layer2.2.conv3,845787
17,layer2.2.bn3,168243
17,layer2.2.add,226648
17,layer2.2.relu3,87135
17,layer2.3.conv1,808536
17,layer2.3.bn1,45422
17,layer2.3.relu1,17280
17,layer2.3.conv2,1918015
17,layer2.3.bn2,43029
17,layer2.3.relu2,16523
17,layer2.3.conv3,845087
17,layer2.3.bn3,168312
17,layer2.3.add,226952
17,layer2.3.relu3,82770
17,layer3.0.conv1,1752727
17,layer3.0.bn1,82624
17,layer3.0.relu1,31441
17,layer3.0.conv2,2179679
17,layer3.0.bn2,33362
17,layer3.0.relu2,10738
17,layer3.0.conv3,971675
17,layer3.0.bn3,89025
17,layer3.0.downsample.0,2213940
17,layer3.0.downsample.1,89391
17,layer3.0.add,103657
17,layer3.0.relu3,35410
17,layer3.1.conv1,1011882
17,layer3.1.bn1,34143
17,layer3.1.relu1,9804
17,layer3.1.conv2,2030556
17,layer3.1.bn2,31220
17,layer3.1.relu2,10939
17,layer3.1.conv3,967594
17,layer3.1.bn3,91629
17,layer3.1.add,102553
17,layer3.1.relu3,34851
17,layer3.2.conv1,1016387
17,layer3.2.bn1,31212
17,layer3.2.relu1,9989
17,layer3.2.conv2,2030376
17,layer3.2.bn2,31611
17,layer3.2.relu2,10746
17,layer3.2.conv3,966098
17,layer3.2.bn3,89544
17,layer3.2.add,89273
17,layer3.2.relu3,33266
17,layer3.3.conv1,1003315
17,layer3.3.bn1,30948
17,layer3.3.relu1,10021
17,layer3.3.conv2,2030251
17,layer3.3.bn2,31733
17,layer3.3.relu2,11362
17,layer3.3.conv3,966249
17,layer3.3.bn3,90977
17,layer3.3.add,105767
17,layer3.3.relu3,34598
17,layer3.4.conv1,1013140
17,layer3.4.bn1,31594
17,layer3.4.relu1,10445
17,layer3.4.conv2,2035118
17,layer3.4.bn2,31384
17,layer3.4.relu2,11032
17,layer3.4.conv3,964599
17,layer3.4.bn3,89734
17,layer3.4.add,88848
17,layer3.4.relu3,33775
17,layer3.5.conv1,1014704
17,layer3.5.bn1,31189
17,layer3.5.relu1,9687
17,layer3.5.conv2,2030462
17,layer3.5.bn2,31440
17,layer3.5.relu2,11205
17,layer3.5.conv3,967616
17,layer3.5.bn3,91374
17,layer3.5.add,102864
17,layer3.5.relu3,34501
17,layer4.0.conv1,1974887
17,layer4.0.bn1,48792
17,layer4.0.relu1,16762
17,layer4.0.conv2,3413728
17,layer4.0.bn2,29327
17,layer4.0.relu2,7571
17,layer4.0.conv3,1240962
17,layer4.0.bn3,57498
17,layer4.0.downsample.0,2888163
17,layer4.0.downsample.1,55176
17,layer4.0.add,34719
17,layer4.0.relu3,17247
17,layer4.1.conv1,1210368
17,layer4.1.bn1,31698
17,layer4.1.relu1,7533
17,layer4.1.conv2,3142865
17,layer4.1.bn2,28211
17,layer4.1.relu2,7494
17,layer4.1.conv3,1233325
17,layer4.1.bn3,57209
17,layer4.1.add,37418
17,layer4.1.relu3,16158
17,layer4.2.conv1,1203775
17,layer4.2.bn1,27110
17,layer4.2.relu1,7319
17,layer4.2.conv2,3174130
17,layer4.2.bn2,29576
17,layer4.2.relu2,8301
17,layer4.2.conv3,1228871
17,layer4.2.bn3,59090
17,layer4.2.add,34416
17,layer4.2.relu3,16168
17,avgpool,82712
17,flatten,7963
17,fc,497420
18,conv1,2170217
18,bn1,327596
18,relu,173729
18,maxpool,10266185
18,layer1.0.conv1,262958
18,layer1.0.bn1,85651
18,layer1.0.relu1,32037
18,layer1.0.conv2,1978758
18,layer1.0.bn2,77987
18,layer1.0.relu2,30903
18,layer1.0.conv3,851510
18,layer1.0.bn3,318551
18,layer1.0.downsample.0,865011
18,layer1.0.downsample.1,325130
18,layer1.0.add,451240
18,layer1.0.relu3,173898
18,layer1.1.conv1,817928
18,layer1.1.bn1,91999
18,layer1.1.relu1,30670
18,layer1.1.conv2,1972815
18,layer1.1.bn2,75732
18,layer1.1.relu2,30429
18,layer1.1.conv3,850554
18,layer1.1.bn3,318513
18,layer1.1.add,450214
18,layer1.1.relu3,173498
18,layer1.2.conv1,807238
18,layer1.2.bn1,91194
18,layer1.2.relu1,30327
18,layer1.2.conv2,1968343
18,layer1.2.bn2,77092
18,layer1.2.relu2,30393
18,layer1.2.conv3,848680
18,layer1.2.bn3,317963
18,layer1.2.add,453507
18,layer1.2.relu3,172988
18,layer2.0.conv1,1592563
18,layer2.0.bn1,171395
18,layer2.0.relu1,75824
18,layer2.0.conv2,2125799
18,layer2.0.bn2,40295
18,layer2.0.relu2,16804
18,layer2.0.conv3,852697
18,layer2.0.bn3,167424
18,layer2.0.downsample.0,2295921
18,layer2.0.downsample.1,175771
18,layer2.0.add,224753
18,layer2.0.relu3,84008
18,layer2.1.conv1,817877
18,layer2.1.bn1,47877
18,layer2.1.relu1,16878
18,layer2.1.conv2,1913770
18,layer2.1.bn2,40401
18,layer2.1.relu2,16503
18,layer2.1.conv3,846931
18,layer2.1.bn3,169860
18,layer2.1.add,225337
18,layer2.1.relu3,82161
18,layer2.2.conv1,813424
18,layer2.2.bn1,45064
18,layer2.2.relu1,16896
18,layer2.2.conv2,1910095
18,layer2.2.bn2,39964
18,layer2.2.relu2,16121
18,layer2.2.conv3,844332
18,layer2.2.bn3,168017
18,layer2.2.add,226392
18,layer2.2.relu3,83010
18,layer2.3.conv1,816478
18,layer2.3.bn1,47674
18,layer2.3.relu1,16322
18,layer2.3.conv2,1916137
18,layer2.3.bn2,41614
18,layer2.3.relu2,16554
18,layer2.3.conv3,845348
18,layer2.3.bn3,168459
18,layer2.3.add,227867
18,layer2.3.relu3,81780
18,layer3.0.conv1,1718957
18,layer3.0.bn1,82374
18,layer3.0.relu1,30786
18,layer3.0.conv2,2188344
18,layer3.0.bn2,33894
18,layer3.0.relu2,10216
18,layer3.0.conv3,967968
18,layer3.0.bn3,89360
18,layer3.0.downsample.0,2216432
18,layer3.0.downsample.1,88574
18,layer3.0.add,103626
18,layer3.0.relu3,35243
18,layer3.1.conv1,1021824
18,layer3.1.bn1,32055
18,layer3.1.relu1,10417
18,layer3.1.conv2,2032992
18,layer3.1.bn2,31785
18,layer3.1.relu2,10817
18,layer3.1.conv3,964520
18,layer3.1.bn3,95222
18,layer3.1.add,102915
18,layer3.1.relu3,34919
18,layer3.2.conv1,1039057
18,layer3.2.bn1,30583
18,layer3.2.relu1,10097
18,layer3.2.conv2,2029336
18,layer3.2.bn2,31765
18,layer3.2.relu2,10944
18,layer3.2.conv3,974110
18,layer3.2.bn3,89395
18,layer3.2.add,90494
18,layer3.2.relu3,33494
18,layer3.3.conv1,1007586
18,layer3.3.bn1,30743
18,layer3.3.relu1,9945
18,layer3.3.conv2,2030588
18,layer3.3.bn2,31556
18,layer3.3.relu2,10433
18,layer3.3.conv3,967372
18,layer3.3.bn3,90531
18,layer3.3.add,103232
18,layer3.3.relu3,34171
18,layer3.4.conv1,1003917
18,layer3.4.bn1,35355
18,layer3.4.relu1,9825
18,layer3.4.conv2,2035040
18,layer3.4.bn2,32015
18,layer3.4.relu2,10748
18,layer3.4.conv3,968266
18,layer3.4.bn3,89444
18,layer3.4.add,89888
18,layer3.4.relu3,33430
18,layer3.5.conv1,1005091
18,layer3.5.bn1,30475
18,layer3.5.relu1,9857
18,layer3.5.conv2,2026017
18,layer3.5.bn2,31319
18,layer3.5.relu2,10899
18,layer3.5.conv3,966788
18,layer3.5.bn3,91474
18,layer3.5.add,102994
18,layer3.5.relu3,34219
18,layer4.0.conv1,1964945
18,layer4.0.bn1,48471
18,layer4.0.relu1,16320
18,layer4.0.conv2,3428328
18,layer4.0.bn2,29223
18,layer4.0.relu2,7922
18,layer4.0.conv3,1239417
18,layer4.0.bn3,58353
18,layer4.0.downsample.0,2887106
18,layer4.0.downsample.1,54687
18,layer4.0.add,34865
18,layer4.0.relu3,17217
18,layer4.1.conv1,1208479
18,layer4.1.bn1,28119
18,layer4.1.relu1,7921
18,layer4.1.conv2,3149670
18,layer4.1.bn2,28687
18,layer4.1.relu2,8092
18,layer4.1.conv3,1235268
18,layer4.1.bn3,57751
18,layer4.1.add,37039
18,layer4.1.relu3,15925
18,layer4.2.conv1,1201816
18,layer4.2.bn1,27816
18,layer4.2.relu1,6988
18,layer4.2.conv2,3147718
18,layer4.2.bn2,29073
18,layer4.2.relu2,7992
18,layer4.2.conv3,1236823
18,layer4.2.bn3,62247
18,layer4.2.add,34161
18,layer4.2.relu3,16115
18,avgpool,78932
18,flatten,8048
18,fc,493475
19,conv1,2171889
19,bn1,326747
19,relu,175570
19,maxpool,10338025
19,layer1.0.conv1,257373
19,layer1.0.bn1,83887
19,layer1.0.relu1,31519
19,layer1.0.conv2,1982755
19,layer1.0.bn2,78343
19,layer1.0.relu2,31501
19,layer1.0.conv3,853056
19,layer1.0.bn3,319191
19,layer1.0.downsample.0,863089
19,layer1.0.downsample.1,321366
19,layer1.0.add,452990
19,layer1.0.relu3,174036
19,layer1.1.conv1,809744
19,layer1.1.bn1,90902
19,layer1.1.relu1,30358
19,layer1.1.conv2,1976740
19,layer1.1.bn2,76018
19,layer1.1.relu2,30863
19,layer1.1.conv3,849478
19,layer1.1.bn3,320272
19,layer1.1.add,449286
19,layer1.1.relu3,173335
19,layer1.2.conv1,807310
19,layer1.2.bn1,91052
19,layer1.2.relu1,30407
19,layer1.2.conv2,1986145
19,layer1.2.bn2,77065
19,layer1.2.relu2,30855
19,layer1.2.conv3,851140
19,layer1.2.bn3,318279
19,layer1.2.add,452479
19,layer1.2.relu3,174419
19,layer2.0.conv1,1585306
19,layer2.0.bn1,174727
19,layer2.0.relu1,76449
19,layer2.0.conv2,2122759
19,layer2.0.bn2,42286
19,layer2.0.relu2,16815
19,layer2.0.conv3,846351
19,layer2.0.bn3,167729
19,layer2.0.downsample.0,2294556
19,layer2.0.downsample.1,171875
19,layer2.0.add,228499
19,layer2.0.relu3,84259
19,layer2.1.conv1,819566
19,layer2.1.bn1,46591
19,layer2.1.relu1,16790
19,layer2.1.conv2,1914772
19,layer2.1.bn2,40187
19,layer2.1.relu2,16695
19,layer2.1.conv3,846246
19,layer2.1.bn3,168482
19,layer2.1.add,225176
19,layer2.1.relu3,81861
19,layer2.2.conv1,818826
19,layer2.2.bn1,45884
19,layer2.2.relu1,16791
19,layer2.2.conv2,1913482
19,layer2.2.bn2,39444
19,layer2.2.relu2,16254
19,layer2.2.conv3,847334
19,layer2.2.bn3,169172
19,layer2.2.add,227845
19,layer2.2.relu3,82482
19,layer2.3.conv1,814303
19,layer2.3.bn1,46379
19,layer2.3.relu1,17305
19,layer2.3.conv2,1920852
19,layer2.3.bn2,40701
19,layer2.3.relu2,16109
19,layer2.3.conv3,845908
19,layer2.3.bn3,168214
19,layer2.3.add,224038
19,layer2.3.relu3,86716
19,layer3.0.conv1,1747980
19,layer3.0.bn1,81971
19,layer3.0.relu1,30602
19,layer3.0.conv2,2196297
19,layer3.0.bn2,34022
19,layer3.0.relu2,10637
19,layer3.0.conv3,970418
19,layer3.0.bn3,88921
19,layer3.0.downsample.0,2215227
19,layer3.0.downsample.1,86915
19,layer3.0.add,103388
19,layer3.0.relu3,35354
19,layer3.1.conv1,1017388
19,layer3.1.bn1,31168
19,layer3.1.relu1,10247
19,layer3.1.conv2,2029570
19,layer3.1.bn2,31646
19,layer3.1.relu2,10978
19,layer3.1.conv3,964903
19,layer3.1.bn3,90938
19,layer3.1.add,106149
19,layer3.1.relu3,34741
19,layer3.2.conv1,1008758
19,layer3.2.bn1,30781
19,layer3.2.relu1,9587
19,layer3.2.conv2,2033973
19,layer3.2.bn2,31530
19,layer3.2.relu2,11472
19,layer3.2.conv3,964459
19,layer3.2.bn3,89652
19,layer3.2.add,90344
19,layer3.2.relu3,34748
19,layer3.3.conv1,1032242
19,layer3.3.bn1,31462
19,layer3.3.relu1,10470
19,layer3.3.conv2,2032696
19,layer3.3.bn2,31390
19,layer3.3.relu2,10704
19,layer3.3.conv3,966474
19,layer3.3.bn3,91583
19,layer3.3.add,103692
19,layer3.3.relu3,34396
19,layer3.4.conv1,1009963
19,layer3.4.bn1,31144
19,layer3.4.relu1,13500
19,layer3.4.conv2,2035778
19,layer3.4.bn2,32168
19,layer3.4.relu2,11454
19,layer3.4.conv3,964512
19,layer3.4.bn3,88070
19,layer3.4.add,89049
19,layer3.4.relu3,33487
19,layer3.5.conv1,1007429
19,layer3.5.bn1,31315
19,layer3.5.relu1,9699
19,layer3.5.conv2,2028315
19,layer3.5.bn2,31082
19,layer3.5.relu2,10349
19,layer3.5.conv3,970373
19,layer3.5.bn3,91576
19,layer3.5.add,103413
19,layer3.5.relu3,35024
19,layer4.0.conv1,1969858
19,layer4.0.bn1,47729
19,layer4.0.relu1,16241
19,layer4.0.conv2,3480577
19,layer4.0.bn2,29299
19,layer4.0.relu2,7350
19,layer4.0.conv3,1256831
19,layer4.0.bn3,57932
19,layer4.0.downsample.0,2897618
19,layer4.0.downsample.1,55371
19,layer4.0.add,34255
19,layer4.0.relu3,17491
19,layer4.1.conv1,1238458
19,layer4.1.bn1,28352
19,layer4.1.relu1,7651
19,layer4.1.conv2,3186608
19,layer4.1.bn2,28079
19,layer4.1.relu2,8480
19,layer4.1.conv3,1248309
19,layer4.1.bn3,57598
19,layer4.1.add,36477
19,layer4.1.relu3,15981
19,layer4.2.conv1,1211828
19,layer4.2.bn1,27623
19,layer4.2.relu1,7080
19,layer4.2.conv2,3179641
19,layer4.2.bn2,29426
19,layer4.2.relu2,7779
19,layer4.2.conv3,1251300
19,layer4.2.bn3,59455
19,layer4.2.add,33895
19,layer4.2.relu3,15931
19,avgpool,83014
19,flatten,9029
19,fc,500063
20,conv1,2167749
20,bn1,327096
20,relu,175053
20,maxpool,10176088
20,layer1.0.conv1,266417
20,layer1.0.bn1,92614
20,layer1.0.relu1,32497
20,layer1.0.conv2,1985620
20,layer1.0.bn2,78731
20,layer1.0.relu2,30989
20,layer1.0.conv3,854936
20,layer1.0.bn3,323961
20,layer1.0.downsample.0,864804
20,layer1.0.downsample.1,323589
20,layer1.0.add,456794
20,layer1.0.relu3,174169
20,layer1.1.conv1,807618
20,layer1.1.bn1,91733
20,layer1.1.relu1,30727
20,layer1.1.conv2,1972894
20,layer1.1.bn2,75636
20,layer1.1.relu2,30763
20,layer1.1.conv3,849770
20,layer1.1.bn3,320520
20,layer1.1.add,450096
20,layer1.1.relu3,173499
20,layer1.2.conv1,805542
20,layer1.2.bn1,90624
20,layer1.2.relu1,30222
20,layer1.2.conv2,1974343
20,layer1.2.bn2,75969
20,layer1.2.relu2,30896
20,layer1.2.conv3,850537
20,layer1.2.bn3,318835
20,layer1.2.add,452947
20,layer1.2.relu3,173639
20,layer2.0.conv1,1582717
20,layer2.0.bn1,169970
20,layer2.0.relu1,76122
20,layer2.0.conv2,2128247
20,layer2.0.bn2,41950
20,layer2.0.relu2,16625
20,layer2.0.conv3,847078
20,layer2.0.bn3,167689
20,layer2.0.downsample.0,2299648
20,layer2.0.downsample.1,170933
20,layer2.0.add,229055
20,layer2.0.relu3,84215
20,layer2.1.conv1,816236
20,layer2.1.bn1,47494
20,layer2.1.relu1,16430
20,layer2.1.conv2,1915869
20,layer2.1.bn2,39604
20,layer2.1.relu2,16704
20,layer2.1.conv3,846232
20,layer2.1.bn3,169220
20,layer2.1.add,226530
20,layer2.1.relu3,81764
20,layer2.2.conv1,827490
20,layer2.2.bn1,46239
20,layer2.2.relu1,25718
20,layer2.2.conv2,1913588
20,layer2.2.bn2,42311
20,layer2.2.relu2,16879
20,layer2.2.conv3,846056
20,layer2.2.bn3,168374
20,layer2.2.add,228137
20,layer2.2.relu3,82740
20,layer2.3.conv1,814190
20,layer2.3.bn1,47339
20,layer2.3.relu1,16569
20,layer2.3.conv2,1915908
20,layer2.3.bn2,42251
20,layer2.3.relu2,16446
20,layer2.3.conv3,851578
20,layer2.3.bn3,168920
20,layer2.3.add,227166
20,layer2.3.relu3,82413
20,layer3.0.conv1,1722716
20,layer3.0.bn1,81353
20,layer3.0.relu1,30967
20,layer3.0.conv2,2197749
20,layer3.0.bn2,34677
20,layer3.0.relu2,10441
20,layer3.0.conv3,965326
20,layer3.0.bn3,89295
20,layer3.0.downsample.0,2219891
20,layer3.0.downsample.1,88364
20,layer3.0.add,104747
20,layer3.0.relu3,35532
20,layer3.1.conv1,1016236
20,layer3.1.bn1,31536
20,layer3.1.relu1,9826
20,layer3.1.conv2,2035613
20,layer3.1.bn2,32175
20,layer3.1.relu2,11345
20,layer3.1.conv3,964358
20,layer3.1.bn3,95709
20,layer3.1.add,103447
20,layer3.1.relu3,34791
20,layer3.2.conv1,1011105
20,layer3.2.bn1,30757
20,layer3.2.relu1,9648
20,layer3.2.conv2,2040657
20,layer3.2.bn2,31585
20,layer3.2.relu2,10626
20,layer3.2.conv3,966286
20,layer3.2.bn3,89335
20,layer3.2.add,90009
20,layer3.2.relu3,33456
20,layer3.3.conv1,1003691
20,layer3.3.bn1,30883
20,layer3.3.relu1,10182
20,layer3.3.conv2,2032139
20,layer3.3.bn2,31552
20,layer3.3.relu2,11019
20,layer3.3.conv3,970068
20,layer3.3.bn3,92012
20,layer3.3.add,103029
20,layer3.3.relu3,33850
20,layer3.4.conv1,1009986
20,layer3.4.bn1,35218
20,layer3.4.relu1,10039
20,layer3.4.conv2,2035945
20,layer3.4.bn2,31830
20,layer3.4.relu2,11208
20,layer3.4.conv3,965231
20,layer3.4.bn3,89824
20,layer3.4.add,89722
20,layer3.4.relu3,33321
20,layer3.5.conv1,1007999
20,layer3.5.bn1,30890
20,layer3.5.relu1,9870
20,layer3.5.conv2,2033562
20,layer3.5.bn2,31489
20,layer3.5.relu2,10453
20,layer3.5.conv3,970708
20,layer3.5.bn3,91581
20,layer3.5.add,102680
20,layer3.5.relu3,38844
20,layer4.0.conv1,1970423
20,layer4.0.bn1,48237
20,layer4.0.relu1,16122
20,layer4.0.conv2,3415429
20,layer4.0.bn2,28960
20,layer4.0.relu2,7507
20,layer4.0.conv3,1240409
20,layer4.0.bn3,58215
20,layer4.0.downsample.0,2884552
20,layer4.0.downsample.1,55652
20,layer4.0.add,34055
20,layer4.0.relu3,16140
20,layer4.1.conv1,1210718
20,layer4.1.bn1,29020
20,layer4.1.relu1,6992
20,layer4.1.conv2,3153865
20,layer4.1.bn2,28104
20,layer4.1.relu2,7900
20,layer4.1.conv3,1240401
20,layer4.1.bn3,57109
20,layer4.1.add,36330
20,layer4.1.relu3,16129
20,layer4.2.conv1,1206272
20,layer4.2.bn1,28144
20,layer4.2.relu1,7077
20,layer4.2.conv2,3149985
20,layer4.2.bn2,29325
20,layer4.2.relu2,7429
20,layer4.2.conv3,1241680
20,layer4.2.bn3,60700
20,layer4.2.add,33723
20,layer4.2.relu3,15998
20,avgpool,80797
20,flatten,8224
20,fc,495204
21,conv1,2172282
21,bn1,328535
21,relu,175408
21,maxpool,10310657
21,layer1.0.conv1,262161
21,layer1.0.bn1,87977
21,layer1.0.relu1,31375
21,layer1.0.conv2,1985519
21,layer1.0.bn2,78161
21,layer1.0.relu2,31040
21,layer1.0.conv3,853158
21,layer1.0.bn3,318249
21,layer1.0.downsample.0,863693
21,layer1.0.downsample.1,322173
21,layer1.0.add,455796
21,layer1.0.relu3,174030
21,layer1.1.conv1,807773
21,layer1.1.bn1,89876
21,layer1.1.relu1,30755
21,layer1.1.conv2,1973841
21,layer1.1.bn2,74934
21,layer1.1.relu2,30767
21,layer1.1.conv3,848904
21,layer1.1.bn3,318751
21,layer1.1.add,448418
21,layer1.1.relu3,172776
21,layer1.2.conv1,805856
21,layer1.2.bn1,93915
21,layer1.2.relu1,30620
21,layer1.2.conv2,1972039
21,layer1.2.bn2,76085
21,layer1.2.relu2,30215
21,layer1.2.conv3,849010
21,layer1.2.bn3,319146
21,layer1.2.add,453167
21,layer1.2.relu3,174123
21,layer2.0.conv1,1585452
21,layer2.0.bn1,173781
21,layer2.0.relu1,76512
21,layer2.0.conv2,2128174
21,layer2.0.bn2,42185
21,layer2.0.relu2,17706
21,layer2.0.conv3,846668
21,layer2.0.bn3,166487
21,layer2.0.downsample.0,2299248
21,layer2.0.downsample.1,171468
21,layer2.0.add,228684
21,layer2.0.relu3,84748
21,layer2.1.conv1,818499
21,layer2.1.bn1,47080
21,layer2.1.relu1,16864
21,layer2.1.conv2,1914877
21,layer2.1.bn2,40767
21,layer2.1.relu2,16743
21,layer2.1.conv3,846398
21,layer2.1.bn3,167887
21,layer2.1.add,224815
21,layer2.1.relu3,81919
21,layer2.2.conv1,816451
21,layer2.2.bn1,47101
21,layer2.2.relu1,16603
21,layer2.2.conv2,1917565
21,layer2.2.bn2,39775
21,layer2.2.relu2,16651
21,layer2.2.conv3,845409
21,layer2.2.bn3,168277
21,layer2.2.add,226794
21,layer2.2.relu3,83208
21,layer2.3.conv1,813805
21,layer2.3.bn1,46716
21,layer2.3.relu1,16449
21,layer2.3.conv2,1916937
21,layer2.3.bn2,40796
21,layer2.3.relu2,16373
21,layer2.3.conv3,845326
21,layer2.3.bn3,172863
21,layer2.3.add,224167
21,layer2.3.relu3,87466
21,layer3.0.conv1,1720072
21,layer3.0.bn1,82595
21,layer3.0.relu1,30649
21,layer3.0.conv2,2196944
21,layer3.0.bn2,33512
21,layer3.0.relu2,11231
21,layer3.0.conv3,968413
21,layer3.0.bn3,89211
21,layer3.0.downsample.0,2218278
21,layer3.0.downsample.1,88895
21,layer3.0.add,103175
21,layer3.0.relu3,35086
21,layer3.1.conv1,1021846
21,layer3.1.bn1,30998
21,layer3.1.relu1,9998
21,layer3.1.conv2,2036275
21,layer3.1.bn2,30974
21,layer3.1.relu2,10933
21,layer3.1.conv3,964549
21,layer3.1.bn3,91449
21,layer3.1.add,107121
21,layer3.1.relu3,34482
21,layer3.2.conv1,1013496
21,layer3.2.bn1,31487
21,layer3.2.relu1,10013
21,layer3.2.conv2,2033599
21,layer3.2.bn2,31145
21,layer3.2.relu2,11260
21,layer3.2.conv3,967143
21,layer3.2.bn3,89293
21,layer3.2.add,90233
21,layer3.2.relu3,33940
21,layer3.3.conv1,1016323
21,layer3.3.bn1,30866
21,layer3.3.relu1,9837
21,layer3.3.conv2,2037025
21,layer3.3.bn2,32571
21,layer3.3.relu2,10544
21,layer3.3.conv3,968102
21,layer3.3.bn3,91466
21,layer3.3.add,102867
21,layer3.3.relu3,34315
21,layer3.4.conv1,1023839
21,layer3.4.bn1,31396
21,layer3.4.relu1,10248
21,layer3.4.conv2,2030971
21,layer3.4.bn2,31802
21,layer3.4.relu2,10903
21,layer3.4.conv3,963392
21,layer3.4.bn3,88695
21,layer3.4.add,89420
21,layer3.4.relu3,33870
21,layer3.5.conv1,1001747
21,layer3.5.bn1,30734
21,layer3.5.relu1,10224
21,layer3.5.conv2,2030060
21,layer3.5.bn2,30927
21,layer3.5.relu2,10609
21,layer3.5.conv3,966435
21,layer3.5.bn3,91954
21,layer3.5.add,102605
21,layer3.5.relu3,34378
21,layer4.0.conv1,1972253
21,layer4.0.bn1,48644
21,layer4.0.relu1,16470
21,layer4.0.conv2,3419586
21,layer4.0.bn2,29140
21,layer4.0.relu2,7457
21,layer4.0.conv3,1239329
21,layer4.0.bn3,56620
21,layer4.0.downsample.0,2892023
21,layer4.0.downsample.1,55850
21,layer4.0.add,34775
21,layer4.0.relu3,17510
21,layer4.1.conv1,1207698
21,layer4.1.bn1,29833
21,layer4.1.relu1,7645
21,layer4.1.conv2,3155603
21,layer4.1.bn2,32253
21,layer4.1.relu2,7166
21,layer4.1.conv3,1237845
21,layer4.1.bn3,57224
21,layer4.1.add,37237
21,layer4.1.relu3,15914
21,layer4.2.conv1,1205235
21,layer4.2.bn1,27562
21,layer4.2.relu1,6817
21,layer4.2.conv2,3157757
21,layer4.2.bn2,28988
21,layer4.2.relu2,7163
21,layer4.2.conv3,1239351
21,layer4.2.bn3,59253
21,layer4.2.add,34041
21,layer4.2.relu3,15871
21,avgpool,78085
21,flatten,8014
21,fc,493608
22,conv1,2175657
22,bn1,327166
22,relu,174875
22,maxpool,10245195
22,layer1.0.conv1,254709
22,layer1.0.bn1,85950
22,layer1.0.relu1,31912
22,layer1.0.conv2,1986667
22,layer1.0.bn2,78194
22,layer1.0.relu2,31271
22,layer1.0.conv3,852334
22,layer1.0.bn3,318103
22,layer1.0.downsample.0,865121
22,layer1.0.downsample.1,322255
22,layer1.0.add,455251
22,layer1.0.relu3,174309
22,layer1.1.conv1,807634
22,layer1.1.bn1,90898
22,layer1.1.relu1,30366
22,layer1.1.conv2,1976749
22,layer1.1.bn2,74759
22,layer1.1.relu2,30822
22,layer1.1.conv3,847160
22,layer1.1.bn3,319237
22,layer1.1.add,450036
22,layer1.1.relu3,173180
22,layer1.2.conv1,806231
22,layer1.2.bn1,91473
22,layer1.2.relu1,30814
22,layer1.2.conv2,1974403
22,layer1.2.bn2,75211
22,layer1.2.relu2,31016
22,layer1.2.conv3,849900
22,layer1.2.bn3,318909
22,layer1.2.add,454063
22,layer1.2.relu3,173326
22,layer2.0.conv1,1587710
22,layer2.0.bn1,170915
22,layer2.0.relu1,79898
22,layer2.0.conv2,2123107
22,layer2.0.bn2,41472
22,layer2.0.relu2,17137
22,layer2.0.conv3,845952
22,layer2.0.bn3,170277
22,layer2.0.downsample.0,2294659
22,layer2.0.downsample.1,170741
22,layer2.0.add,228673
22,layer2.0.relu3,83602
22,layer2.1.conv1,811466
22,layer2.1.bn1,47637
22,layer2.1.relu1,17191
22,layer2.1.conv2,1909836
22,layer2.1.bn2,40158
22,layer2.1.relu2,18912
22,layer2.1.conv3,840417
22,layer2.1.bn3,172120
22,layer2.1.add,224897
22,layer2.1.relu3,82908
22,layer2.2.conv1,814666
22,layer2.2.bn1,45025
22,layer2.2.relu1,16731
22,layer2.2.conv2,1910460
22,layer2.2.bn2,39165
22,layer2.2.relu2,16742
22,layer2.2.conv3,845709
22,layer2.2.bn3,166325
22,layer2.2.add,227783
22,layer2.2.relu3,82706
22,layer2.3.conv1,812078
22,layer2.3.bn1,45996
22,layer2.3.relu1,16644
22,layer2.3.conv2,1916535
22,layer2.3.bn2,41238
22,layer2.3.relu2,16597
22,layer2.3.conv3,845003
22,layer2.3.bn3,168100
22,layer2.3.add,224490
22,layer2.3.relu3,81866
22,layer3.0.conv1,1750109
22,layer3.0.bn1,82208
22,layer3.0.relu1,31362
22,layer3.0.conv2,2181288
22,layer3.0.bn2,33479
22,layer3.0.relu2,10807
22,layer3.0.conv3,964728
22,layer3.0.bn3,93936
22,layer3.0.downsample.0,2210320
22,layer3.0.downsample.1,88978
22,layer3.0.add,103787
22,layer3.0.relu3,35355
22,layer3.1.conv1,1027532
22,layer3.1.bn1,32367
22,layer3.1.relu1,10104
22,layer3.1.conv2,2029909
22,layer3.1.bn2,31745
22,layer3.1.relu2,11287
22,layer3.1.conv3,969844
22,layer3.1.bn3,91131
22,layer3.1.add,102676
22,layer3.1.relu3,34627
22,layer3.2.conv1,1008323
22,layer3.2.bn1,31442
22,layer3.2.relu1,10808
22,layer3.2.conv2,2041643
22,layer3.2.bn2,32359
22,layer3.2.relu2,10877
22,layer3.2.conv3,965528
22,layer3.2.bn3,91896
22,layer3.2.add,90113
22,layer3.2.relu3,33726
22,layer3.3.conv1,1010656
22,layer3.3.bn1,30665
22,layer3.3.relu1,9878
22,layer3.3.conv2,2031218
22,layer3.3.bn2,31239
22,layer3.3.relu2,10777
22,layer3.3.conv3,970974
22,layer3.3.bn3,91316
22,layer3.3.add,102864
22,layer3.3.relu3,34112
22,layer3.4.conv1,1014217
22,layer3.4.bn1,31903
22,layer3.4.relu1,9964
22,layer3.4.conv2,2031269
22,layer3.4.bn2,32199
22,layer3.4.relu2,10890
22,layer3.4.conv3,965591
22,layer3.4.bn3,89620
22,layer3.4.add,93210
22,layer3.4.relu3,34047
22,layer3.5.conv1,1003622
22,layer3.5.bn1,31851
22,layer3.5.relu1,10112
22,layer3.5.conv2,2023791
22,layer3.5.bn2,32032
22,layer3.5.relu2,10410
22,layer3.5.conv3,971806
22,layer3.5.bn3,91311
22,layer3.5.add,102887
22,layer3.5.relu3,34883
22,layer4.0.conv1,1971041
22,layer4.0.bn1,47564
22,layer4.0.relu1,16126
22,layer4.0.conv2,3430751
22,layer4.0.bn2,29466
22,layer4.0.relu2,7552
22,layer4.0.conv3,1237803
22,layer4.0.bn3,58088
22,layer4.0.downsample.0,2885866
22,layer4.0.downsample.1,55812
22,layer4.0.add,34295
22,layer4.0.relu3,16758
22,layer4.1.conv1,1206525
22,layer4.1.bn1,29413
22,layer4.1.relu1,8294
22,layer4.1.conv2,3163480
22,layer4.1.bn2,28763
22,layer4.1.relu2,8140
22,layer4.1.conv3,1241601
22,layer4.1.bn3,56885
22,layer4.1.add,37116
22,layer4.1.relu3,16413
22,layer4.2.conv1,1205793
22,layer4.2.bn1,28184
22,layer4.2.relu1,7324
22,layer4.2.conv2,3160403
22,layer4.2.bn2,29143
22,layer4.2.relu2,7827
22,layer4.2.conv3,1237169
22,layer4.2.bn3,63069
22,layer4.2.add,34037
22,layer4.2.relu3,15819
22,avgpool,78073
22,flatten,8105
22,fc,495933
23,conv1,2168403
23,bn1,330774
23,relu,174677
23,maxpool,10213500
23,layer1.0.conv1,264608
23,layer1.0.bn1,91237
23,layer1.0.relu1,31448
23,layer1.0.conv2,1986477
23,layer1.0.bn2,78612
23,layer1.0.relu2,30517
23,layer1.0.conv3,853828
23,layer1.0.bn3,316711
23,layer1.0.downsample.0,865241
23,layer1.0.downsample.1,320254
23,layer1.0.add,456062
23,layer1.0.relu3,174621
23,layer1.1.conv1,807726
23,layer1.1.bn1,92232
23,layer1.1.relu1,30728
23,layer1.1.conv2,1976471
23,layer1.1.bn2,76451
23,layer1.1.relu2,31368
23,layer1.1.conv3,848336
23,layer1.1.bn3,318718
23,layer1.1.add,445653
23,layer1.1.relu3,177199
23,layer1.2.conv1,800795
23,layer1.2.bn1,93470
23,layer1.2.relu1,30168
23,layer1.2.conv2,1967637
23,layer1.2.bn2,76497
23,layer1.2.relu2,30885
23,layer1.2.conv3,848916
23,layer1.2.bn3,318676
23,layer1.2.add,449394
23,layer1.2.relu3,177563
23,layer2.0.conv1,1586832
23,layer2.0.bn1,170342
23,layer2.0.relu1,74874
23,layer2.0.conv2,2130970
23,layer2.0.bn2,42460
23,layer2.0.relu2,17023
23,layer2.0.conv3,841323
23,layer2.0.bn3,170758
23,layer2.0.downsample.0,2295690
23,layer2.0.downsample.1,171657
23,layer2.0.add,224442
23,layer2.0.relu3,84340
23,layer2.1.conv1,816947
23,layer2.1.bn1,48143
23,layer2.1.relu1,16723
23,layer2.1.conv2,1914559
23,layer2.1.bn2,41912
23,layer2.1.relu2,16088
23,layer2.1.conv3,845042
23,layer2.1.bn3,168638
23,layer2.1.add,228507
23,layer2.1.relu3,81659
23,layer2.2.conv1,815437
23,layer2.2.bn1,49147
23,layer2.2.relu1,16912
23,layer2.2.conv2,1912062
23,layer2.2.bn2,40010
23,layer2.2.relu2,16409
23,layer2.2.conv3,840053
23,layer2.2.bn3,172348
23,layer2.2.add,227517
23,layer2.2.relu3,82603
23,layer2.3.conv1,815128
23,layer2.3.bn1,46656
23,layer2.3.relu1,17256
23,layer2.3.conv2,1915278
23,layer2.3.bn2,41170
23,layer2.3.relu2,16766
23,layer2.3.conv3,846223
23,layer2.3.bn3,176046
23,layer2.3.add,224263
23,layer2.3.relu3,81293
23,layer3.0.conv1,1750394
23,layer3.0.bn1,82421
23,layer3.0.relu1,30999
23,layer3.0.conv2,2182708
23,layer3.0.bn2,33954
23,layer3.0.relu2,10521
23,layer3.0.conv3,965207
23,layer3.0.bn3,89608
23,layer3.0.downsample.0,2220130
23,layer3.0.downsample.1,99305
23,layer3.0.add,105151
23,layer3.0.relu3,35961
23,layer3.1.conv1,1011712
23,layer3.1.bn1,31607
23,layer3.1.relu1,10308
23,layer3.1.conv2,2025401
23,layer3.1.bn2,32245
23,layer3.1.relu2,11070
23,layer3.1.conv3,966467
23,layer3.1.bn3,91082
23,layer3.1.add,104092
23,layer3.1.relu3,35054
23,layer3.2.conv1,1024795
23,layer3.2.bn1,31621
23,layer3.2.relu1,9706
23,layer3.2.conv2,2026377
23,layer3.2.bn2,32146
23,layer3.2.relu2,10891
23,layer3.2.conv3,963325
23,layer3.2.bn3,93046
23,layer3.2.add,90569
23,layer3.2.relu3,33282
23,layer3.3.conv1,1012186
23,layer3.3.bn1,30828
23,layer3.3.relu1,10138
23,layer3.3.conv2,2026037
23,layer3.3.bn2,30985
23,layer3.3.relu2,10638
23,layer3.3.conv3,965477
23,layer3.3.bn3,91775
23,layer3.3.add,102890
23,layer3.3.relu3,35023
23,layer3.4.conv1,1009865
23,layer3.4.bn1,31066
23,layer3.4.relu1,10036
23,layer3.4.conv2,2033804
23,layer3.4.bn2,32044
23,layer3.4.relu2,10800
23,layer3.4.conv3,964360
23,layer3.4.bn3,89598
23,layer3.4.add,89791
23,layer3.4.relu3,33826
23,layer3.5.conv1,1005424
23,layer3.5.bn1,31525
23,layer3.5.relu1,9911
23,layer3.5.conv2,2033934
23,layer3.5.bn2,30637
23,layer3.5.relu2,10684
23,layer3.5.conv3,967114
23,layer3.5.bn3,91764
23,layer3.5.add,102899
23,layer3.5.relu3,34807
23,layer4.0.conv1,1969082
23,layer4.0.bn1,48724
23,layer4.0.relu1,16837
23,layer4.0.conv2,3418792
23,layer4.0.bn2,29133
23,layer4.0.relu2,7196
23,layer4.0.conv3,1236030
23,layer4.0.bn3,57329
23,layer4.0.downsample.0,2879496
23,layer4.0.downsample.1,55366
23,layer4.0.add,33698
23,layer4.0.relu3,16627
23,layer4.1.conv1,1204179
23,layer4.1.bn1,29167
23,layer4.1.relu1,7205
23,layer4.1.conv2,3156382
23,layer4.1.bn2,28594
23,layer4.1.relu2,7792
23,layer4.1.conv3,1239764
23,layer4.1.bn3,57419
23,layer4.1.add,40122
23,layer4.1.relu3,16133
23,layer4.2.conv1,1201916
23,layer4.2.bn1,27850
23,layer4.2.relu1,7221
23,layer4.2.conv2,3138381
23,layer4.2.bn2,29059
23,layer4.2.relu2,7327
23,layer4.2.conv3,1235434
23,layer4.2.bn3,59531
23,layer4.2.add,38170
23,layer4.2.relu3,16021
23,avgpool,78532
23,flatten,7989
23,fc,497271
24,conv1,2170823
24,bn1,331892
24,relu,174075
24,maxpool,10358214
24,layer1.0.conv1,263237
24,layer1.0.bn1,87898
24,layer1.0.relu1,35361
24,layer1.0.conv2,1981660
24,layer1.0.bn2,78528
24,layer1.0.relu2,31146
24,layer1.0.conv3,847789
24,layer1.0.bn3,320629
24,layer1.0.downsample.0,865764
24,layer1.0.downsample.1,321214
24,layer1.0.add,451613
24,layer1.0.relu3,174351
24,layer1.1.conv1,802522
24,layer1.1.bn1,92068
24,layer1.1.relu1,30956
24,layer1.1.conv2,1976180
24,layer1.1.bn2,76326
24,layer1.1.relu2,31145
24,layer1.1.conv3,849734
24,layer1.1.bn3,318351
24,layer1.1.add,445564
24,layer1.1.relu3,178019
24,layer1.2.conv1,801049
24,layer1.2.bn1,91699
24,layer1.2.relu1,34903
24,layer1.2.conv2,1962949
24,layer1.2.bn2,76305
24,layer1.2.relu2,30592
24,layer1.2.conv3,843400
24,layer1.2.bn3,321177
24,layer1.2.add,450616
24,layer1.2.relu3,173103
24,layer2.0.conv1,1592175
24,layer2.0.bn1,170926
24,layer2.0.relu1,76668
24,layer2.0.conv2,2118799
24,layer2.0.bn2,41751
24,layer2.0.relu2,20939
24,layer2.0.conv3,840408
24,layer2.0.bn3,180319
24,layer2.0.downsample.0,2299023
24,layer2.0.downsample.1,170752
24,layer2.0.add,225071
24,layer2.0.relu3,84505
24,layer2.1.conv1,819887
24,layer2.1.bn1,48662
24,layer2.1.relu1,16478
24,layer2.1.conv2,1914002
24,layer2.1.bn2,40334
24,layer2.1.relu2,16310
24,layer2.1.conv3,846759
24,layer2.1.bn3,168191
24,layer2.1.add,228567
24,layer2.1.relu3,81592
24,layer2.2.conv1,809570
24,layer2.2.bn1,49614
24,layer2.2.relu1,16994
24,layer2.2.conv2,1908090
24,layer2.2.bn2,39948
24,layer2.2.relu2,18750
24,layer2.2.conv3,840442
24,layer2.2.bn3,172011
24,layer2.2.add,226544
24,layer2.2.relu3,82602
24,layer2.3.conv1,814188
24,layer2.3.bn1,47653
24,layer2.3.relu1,16426
24,layer2.3.conv2,1914868
24,layer2.3.bn2,42915
24,layer2.3.relu2,16807
24,layer2.3.conv3,847260
24,layer2.3.bn3,168739
24,layer2.3.add,224204
24,layer2.3.relu3,105387
24,layer3.0.conv1,1747516
24,layer3.0.bn1,81904
24,layer3.0.relu1,30853
24,layer3.0.conv2,2184343
24,layer3.0.bn2,34531
24,layer3.0.relu2,10810
24,layer3.0.conv3,969700
24,layer3.0.bn3,88723
24,layer3.0.downsample.0,2219667
24,layer3.0.downsample.1,87862
24,layer3.0.add,104305
24,layer3.0.relu3,35339
24,layer3.1.conv1,1017421
24,layer3.1.bn1,31585
24,layer3.1.relu1,10023
24,layer3.1.conv2,2029571
24,layer3.1.bn2,31191
24,layer3.1.relu2,10415
24,layer3.1.conv3,966741
24,layer3.1.bn3,91056
24,layer3.1.add,103107
24,layer3.1.relu3,34372
24,layer3.2.conv1,1021068
24,layer3.2.bn1,31043
24,layer3.2.relu1,10218
24,layer3.2.conv2,2029206
24,layer3.2.bn2,31679
24,layer3.2.relu2,10866
24,layer3.2.conv3,1004958
24,layer3.2.bn3,94728
24,layer3.2.add,90131
24,layer3.2.relu3,33485
24,layer3.3.conv1,1015149
24,layer3.3.bn1,31482
24,layer3.3.relu1,10053
24,layer3.3.conv2,2027859
24,layer3.3.bn2,32005
24,layer3.3.relu2,10981
24,layer3.3.conv3,966323
24,layer3.3.bn3,90715
24,layer3.3.add,102518
24,layer3.3.relu3,34564
24,layer3.4.conv1,1002237
24,layer3.4.bn1,30627
24,layer3.4.relu1,10537
24,layer3.4.conv2,2022507
24,layer3.4.bn2,31278
24,layer3.4.relu2,11227
24,layer3.4.conv3,967357
24,layer3.4.bn3,89298
24,layer3.4.add,89610
24,layer3.4.relu3,33730
24,layer3.5.conv1,1015694
24,layer3.5.bn1,31124
24,layer3.5.relu1,9741
24,layer3.5.conv2,2035643
24,layer3.5.bn2,31701
24,layer3.5.relu2,10874
24,layer3.5.conv3,966512
24,layer3.5.bn3,91768
24,layer3.5.add,102936
24,layer3.5.relu3,34387
24,layer4.0.conv1,1973990
24,layer4.0.bn1,49101
24,layer4.0.relu1,16914
24,layer4.0.conv2,3404285
24,layer4.0.bn2,29490
24,layer4.0.relu2,7713
24,layer4.0.conv3,1244827
24,layer4.0.bn3,56775
24,layer4.0.downsample.0,2884587
24,layer4.0.downsample.1,55051
24,layer4.0.add,33743
24,layer4.0.relu3,16389
24,layer4.1.conv1,1209910
24,layer4.1.bn1,28122
24,layer4.1.relu1,7747
24,layer4.1.conv2,3143946
24,layer4.1.bn2,27334
24,layer4.1.relu2,7326
24,layer4.1.conv3,1233698
24,layer4.1.bn3,57590
24,layer4.1.add,36785
24,layer4.1.relu3,20557
24,layer4.2.conv1,1204788
24,layer4.2.bn1,28108
24,layer4.2.relu1,7243
24,layer4.2.conv2,3139543
24,layer4.2.bn2,29224
24,layer4.2.relu2,7784
24,layer4.2.conv3,1233501
24,layer4.2.bn3,59445
24,layer4.2.add,33960
24,layer4.2.relu3,15846
24,avgpool,80176
24,flatten,8464
24,fc,498694
25,conv1,2178117
25,bn1,334166
25,relu,175447
25,maxpool,10410403
25,layer1.0.conv1,261507
25,layer1.0.bn1,88950
25,layer1.0.relu1,32122
25,layer1.0.conv2,1982572
25,layer1.0.bn2,78269
25,layer1.0.relu2,30956
25,layer1.0.conv3,859209
25,layer1.0.bn3,317886
25,layer1.0.downsample.0,862643
25,layer1.0.downsample.1,320958
25,layer1.0.add,456542
25,layer1.0.relu3,174292
25,layer1.1.conv1,807745
25,layer1.1.bn1,90594
25,layer1.1.relu1,30377
25,layer1.1.conv2,1977128
25,layer1.1.bn2,74573
25,layer1.1.relu2,30594
25,layer1.1.conv3,850842
25,layer1.1.bn3,319346
25,layer1.1.add,446183
25,layer1.1.relu3,177736
25,layer1.2.conv1,802147
25,layer1.2.bn1,95924
25,layer1.2.relu1,30394
25,layer1.2.conv2,1975058
25,layer1.2.bn2,76549
25,layer1.2.relu2,30428
25,layer1.2.conv3,849492
25,layer1.2.bn3,318811
25,layer1.2.add,449993
25,layer1.2.relu3,174059
25,layer2.0.conv1,1586980
25,layer2.0.bn1,170683
25,layer2.0.relu1,75119
25,layer2.0.conv2,2126943
25,layer2.0.bn2,45050
25,layer2.0.relu2,17010
25,layer2.0.conv3,840938
25,layer2.0.bn3,170880
25,layer2.0.downsample.0,2301419
25,layer2.0.downsample.1,172582
25,layer2.0.add,224527
25,layer2.0.relu3,84589
25,layer2.1.conv1,818140
25,layer2.1.bn1,47084
25,layer2.1.relu1,17409
25,layer2.1.conv2,1914599
25,layer2.1.bn2,40427
25,layer2.1.relu2,17313
25,layer2.1.conv3,846428
25,layer2.1.bn3,167618
25,layer2.1.add,228781
25,layer2.1.relu3,82050
25,layer2.2.conv1,809587
25,layer2.2.bn1,49293
25,layer2.2.relu1,16462
25,layer2.2.conv2,1907684
25,layer2.2.bn2,42466
25,layer2.2.relu2,16244
25,layer2.2.conv3,840364
25,layer2.2.bn3,172034
25,layer2.2.add,227972
25,layer2.2.relu3,83069
25,layer2.3.conv1,814316
25,layer2.3.bn1,46582
25,layer2.3.relu1,16556
25,layer2.3.conv2,1918349
25,layer2.3.bn2,41466
25,layer2.3.relu2,16195
25,layer2.3.conv3,845214
25,layer2.3.bn3,168002
25,layer2.3.add,224501
25,layer2.3.relu3,82073
25,layer3.0.conv1,1751353
25,layer3.0.bn1,82011
25,layer3.0.relu1,30904
25,layer3.0.conv2,2183891
25,layer3.0.bn2,33893
25,layer3.0.relu2,10370
25,layer3.0.conv3,970449
25,layer3.0.bn3,88560
25,layer3.0.downsample.0,2219798
25,layer3.0.downsample.1,89000
25,layer3.0.add,103824
25,layer3.0.relu3,35104
25,layer3.1.conv1,1011195
25,layer3.1.bn1,31147
25,layer3.1.relu1,9995
25,layer3.1.conv2,2061784
25,layer3.1.bn2,32515
25,layer3.1.relu2,11305
25,layer3.1.conv3,966546
25,layer3.1.bn3,90721
25,layer3.1.add,103290
25,layer3.1.relu3,34831
25,layer3.2.conv1,1007533
25,layer3.2.bn1,31530
25,layer3.2.relu1,10096
25,layer3.2.conv2,2030439
25,layer3.2.bn2,31434
25,layer3.2.relu2,10740
25,layer3.2.conv3,965728
25,layer3.2.bn3,94126
25,layer3.2.add,90159
25,layer3.2.relu3,33409
25,layer3.3.conv1,1005008
25,layer3.3.bn1,30631
25,layer3.3.relu1,10297
25,layer3.3.conv2,2028519
25,layer3.3.bn2,31056
25,layer3.3.relu2,10613
25,layer3.3.conv3,967533
25,layer3.3.bn3,90602
25,layer3.3.add,103270
25,layer3.3.relu3,34080
25,layer3.4.conv1,1010697
25,layer3.4.bn1,31644
25,layer3.4.relu1,9577
25,layer3.4.conv2,2031560
25,layer3.4.bn2,31782
25,layer3.4.relu2,10870
25,layer3.4.conv3,966831
25,layer3.4.bn3,89306
25,layer3.4.add,89553
25,layer3.4.relu3,33188
25,layer3.5.conv1,1013295
25,layer3.5.bn1,30832
25,layer3.5.relu1,9716
25,layer3.5.conv2,2033407
25,layer3.5.bn2,31650
25,layer3.5.relu2,11067
25,layer3.5.conv3,967031
25,layer3.5.bn3,91475
25,layer3.5.add,103291
25,layer3.5.relu3,34180
25,layer4.0.conv1,1970365
25,layer4.0.bn1,49733
25,layer4.0.relu1,16886
25,layer4.0.conv2,3426602
25,layer4.0.bn2,29195
25,layer4.0.relu2,7872
25,layer4.0.conv3,1248029
25,layer4.0.bn3,57480
25,layer4.0.downsample.0,2882070
25,layer4.0.downsample.1,56026
25,layer4.0.add,34242
25,layer4.0.relu3,16527
25,layer4.1.conv1,1206328
25,layer4.1.bn1,28777
25,layer4.1.relu1,7036
25,layer4.1.conv2,3144748
25,layer4.1.bn2,32742
25,layer4.1.relu2,8143
25,layer4.1.conv3,1233050
25,layer4.1.bn3,57593
25,layer4.1.add,39922
25,layer4.1.relu3,16107
25,layer4.2.conv1,1204374
25,layer4.2.bn1,27951
25,layer4.2.relu1,7046
25,layer4.2.conv2,3148841
25,layer4.2.bn2,28923
25,layer4.2.relu2,7564
25,layer4.2.conv3,1232096
25,layer4.2.bn3,59393
25,layer4.2.add,34421
25,layer4.2.relu3,16200
25,avgpool,80044
25,flatten,8197
25,fc,498471
26,conv1,2168755
26,bn1,331526
26,relu,173616
26,maxpool,10135504
26,layer1.0.conv1,252234
26,layer1.0.bn1,84777
26,layer1.0.relu1,31749
26,layer1.0.conv2,1981932
26,layer1.0.bn2,77716
26,layer1.0.relu2,31254
26,layer1.0.conv3,853611
26,layer1.0.bn3,322024
26,layer1.0.downsample.0,860490
26,layer1.0.downsample.1,324216
26,layer1.0.add,451719
26,layer1.0.relu3,173267
26,layer1.1.conv1,806572
26,layer1.1.bn1,91260
26,layer1.1.relu1,30702
26,layer1.1.conv2,1975983
26,layer1.1.bn2,76432
26,layer1.1.relu2,31110
26,layer1.1.conv3,847439
26,layer1.1.bn3,320996
26,layer1.1.add,445395
26,layer1.1.relu3,173296
26,layer1.2.conv1,806336
26,layer1.2.bn1,90962
26,layer1.2.relu1,30218
26,layer1.2.conv2,1973250
26,layer1.2.bn2,75996
26,layer1.2.relu2,30643
26,layer1.2.conv3,850436
26,layer1.2.bn3,322617
26,layer1.2.add,449570
26,layer1.2.relu3,173720
26,layer2.0.conv1,1593208
26,layer2.0.bn1,170145
26,layer2.0.relu1,75277
26,layer2.0.conv2,2124706
26,layer2.0.bn2,41406
26,layer2.0.relu2,17152
26,layer2.0.conv3,846393
26,layer2.0.bn3,169054
26,layer2.0.downsample.0,2310586
26,layer2.0.downsample.1,171866
26,layer2.0.add,225709
26,layer2.0.relu3,84717
26,layer2.1.conv1,818591
26,layer2.1.bn1,47110
26,layer2.1.relu1,17174
26,layer2.1.conv2,1912949
26,layer2.1.bn2,39784
26,layer2.1.relu2,16443
26,layer2.1.conv3,845699
26,layer2.1.bn3,169874
26,layer2.1.add,225433
26,layer2.1.relu3,82147
26,layer2.2.conv1,813157
26,layer2.2.bn1,46481
26,layer2.2.relu1,16904
26,layer2.2.conv2,1914417
26,layer2.2.bn2,39825
26,layer2.2.relu2,17295
26,layer2.2.conv3,844774
26,layer2.2.bn3,167846
26,layer2.2.add,230841
26,layer2.2.relu3,82650
26,layer2.3.conv1,808598
26,layer2.3.bn1,49803
26,layer2.3.relu1,16866
26,layer2.3.conv2,1911805
26,layer2.3.bn2,41756
26,layer2.3.relu2,16818
26,layer2.3.conv3,839062
26,layer2.3.bn3,171138
26,layer2.3.add,224055
26,layer2.3.relu3,81961
26,layer3.0.conv1,1728316
26,layer3.0.bn1,81423
26,layer3.0.relu1,30926
26,layer3.0.conv2,2189030
26,layer3.0.bn2,33678
26,layer3.0.relu2,10924
26,layer3.0.conv3,965263
26,layer3.0.bn3,89864
26,layer3.0.downsample.0,2216247
26,layer3.0.downsample.1,89883
26,layer3.0.add,103517
26,layer3.0.relu3,36319
26,layer3.1.conv1,1021125
26,layer3.1.bn1,32115
26,layer3.1.relu1,10300
26,layer3.1.conv2,2036278
26,layer3.1.bn2,31354
26,layer3.1.relu2,11657
26,layer3.1.conv3,968016
26,layer3.1.bn3,90585
26,layer3.1.add,103538
26,layer3.1.relu3,34908
26,layer3.2.conv1,1009619
26,layer3.2.bn1,31013
26,layer3.2.relu1,10053
26,layer3.2.conv2,2025855
26,layer3.2.bn2,31296
26,layer3.2.relu2,10625
26,layer3.2.conv3,967554
26,layer3.2.bn3,88730
26,layer3.2.add,90133
26,layer3.2.relu3,37830
26,layer3.3.conv1,1016118
26,layer3.3.bn1,31429
26,layer3.3.relu1,9624
26,layer3.3.conv2,2030318
26,layer3.3.bn2,31764
26,layer3.3.relu2,13767
26,layer3.3.conv3,961379
26,layer3.3.bn3,93044
26,layer3.3.add,103229
26,layer3.3.relu3,34772
26,layer3.4.conv1,1020706
26,layer3.4.bn1,31215
26,layer3.4.relu1,10984
26,layer3.4.conv2,2029931
26,layer3.4.bn2,31874
26,layer3.4.relu2,11204
26,layer3.4.conv3,964903
26,layer3.4.bn3,89740
26,layer3.4.add,89939
26,layer3.4.relu3,33239
26,layer3.5.conv1,1014084
26,layer3.5.bn1,31327
26,layer3.5.relu1,10246
26,layer3.5.conv2,2031434
26,layer3.5.bn2,31855
26,layer3.5.relu2,11469
26,layer3.5.conv3,973639
26,layer3.5.bn3,91384
26,layer3.5.add,104046
26,layer3.5.relu3,38232
26,layer4.0.conv1,1962906
26,layer4.0.bn1,48505
26,layer4.0.relu1,16579
26,layer4.0.conv2,3405941
26,layer4.0.bn2,28788
26,layer4.0.relu2,7376
26,layer4.0.conv3,1231581
26,layer4.0.bn3,57339
26,layer4.0.downsample.0,2881611
26,layer4.0.downsample.1,54144
26,layer4.0.add,34122
26,layer4.0.relu3,16462
26,layer4.1.conv1,1210874
26,layer4.1.bn1,27683
26,layer4.1.relu1,7589
26,layer4.1.conv2,3147565
26,layer4.1.bn2,27411
26,layer4.1.relu2,7289
26,layer4.1.conv3,1228785
26,layer4.1.bn3,57777
26,layer4.1.add,37144
26,layer4.1.relu3,15811
26,layer4.2.conv1,1204079
26,layer4.2.bn1,26621
26,layer4.2.relu1,6727
26,layer4.2.conv2,3144038
26,layer4.2.bn2,29708
26,layer4.2.relu2,7591
26,layer4.2.conv3,1230973
26,layer4.2.bn3,59171
26,layer4.2.add,34143
26,layer4.2.relu3,16041
26,avgpool,78857
26,flatten,8624
26,fc,497186
27,conv1,2168412
27,bn1,328650
27,relu,174779
27,maxpool,10100669
27,layer1.0.conv1,264100
27,layer1.0.bn1,90376
27,layer1.0.relu1,32446
27,layer1.0.conv2,1984684
27,layer1.0.bn2,78051
27,layer1.0.relu2,31639
27,layer1.0.conv3,860079
27,layer1.0.bn3,319200
27,layer1.0.downsample.0,862627
27,layer1.0.downsample.1,321456
27,layer1.0.add,456055
27,layer1.0.relu3,174139
27,layer1.1.conv1,808455
27,layer1.1.bn1,91675
27,layer1.1.relu1,31143
27,layer1.1.conv2,1976291
27,layer1.1.bn2,76074
27,layer1.1.relu2,31033
27,layer1.1.conv3,848991
27,layer1.1.bn3,319610
27,layer1.1.add,449369
27,layer1.1.relu3,173270
27,layer1.2.conv1,806775
27,layer1.2.bn1,91115
27,layer1.2.relu1,30488
27,layer1.2.conv2,1970627
27,layer1.2.bn2,75303
27,layer1.2.relu2,30488
27,layer1.2.conv3,849178
27,layer1.2.bn3,317961
27,layer1.2.add,453342
27,layer1.2.relu3,173861
27,layer2.0.conv1,1587034
27,layer2.0.bn1,174293
27,layer2.0.relu1,75812
27,layer2.0.conv2,2127377
27,layer2.0.bn2,43516
27,layer2.0.relu2,17542
27,layer2.0.conv3,847660
27,layer2.0.bn3,168397
27,layer2.0.downsample.0,2295369
27,layer2.0.downsample.1,171872
27,layer2.0.add,227725
27,layer2.0.relu3,84419
27,layer2.1.conv1,818216
27,layer2.1.bn1,46884
27,layer2.1.relu1,16692
27,layer2.1.conv2,1917351
27,layer2.1.bn2,40696
27,layer2.1.relu2,17091
27,layer2.1.conv3,844534
27,layer2.1.bn3,168487
27,layer2.1.add,224864
27,layer2.1.relu3,81810
27,layer2.2.conv1,811305
27,layer2.2.bn1,45157
27,layer2.2.relu1,16637
27,layer2.2.conv2,1918034
27,layer2.2.bn2,41044
27,layer2.2.relu2,16872
27,layer2.2.conv3,845529
27,layer2.2.bn3,168098
27,layer2.2.add,226304
27,layer2.2.relu3,83535
27,layer2.3.conv1,814153
27,layer2.3.bn1,46544
27,layer2.3.relu1,16601
27,layer2.3.conv2,1926747
27,layer2.3.bn2,42545
27,layer2.3.relu2,17288
27,layer2.3.conv3,846265
27,layer2.3.bn3,168254
27,layer2.3.add,224531
27,layer2.3.relu3,85765
27,layer3.0.conv1,1747604
27,layer3.0.bn1,82399
27,layer3.0.relu1,30865
27,layer3.0.conv2,2195499
27,layer3.0.bn2,34266
27,layer3.0.relu2,10496
27,layer3.0.conv3,969838
27,layer3.0.bn3,89299
27,layer3.0.downsample.0,2212843
27,layer3.0.downsample.1,88307
27,layer3.0.add,104197
27,layer3.0.relu3,35678
27,layer3.1.conv1,1015086
27,layer3.1.bn1,31959
27,layer3.1.relu1,10191
27,layer3.1.conv2,2032748
27,layer3.1.bn2,31292
27,layer3.1.relu2,11306
27,layer3.1.conv3,969158
27,layer3.1.bn3,90976
27,layer3.1.add,107280
27,layer3.1.relu3,35471
27,layer3.2.conv1,1019458
27,layer3.2.bn1,31657
27,layer3.2.relu1,9892
27,layer3.2.conv2,2027958
27,layer3.2.bn2,31827
27,layer3.2.relu2,14952
27,layer3.2.conv3,966183
27,layer3.2.bn3,89746
27,layer3.2.add,89523
27,layer3.2.relu3,33317
27,layer3.3.conv1,1002567
27,layer3.3.bn1,31136
27,layer3.3.relu1,9981
27,layer3.3.conv2,2026661
27,layer3.3.bn2,31468
27,layer3.3.relu2,10449
27,layer3.3.conv3,966900
27,layer3.3.bn3,91172
27,layer3.3.add,102648
27,layer3.3.relu3,34013
27,layer3.4.conv1,1012031
27,layer3.4.bn1,31387
27,layer3.4.relu1,10316
27,layer3.4.conv2,2029815
27,layer3.4.bn2,34728
27,layer3.4.relu2,10872
27,layer3.4.conv3,968037
27,layer3.4.bn3,89149
27,layer3.4.add,89471
27,layer3.4.relu3,33490
27,layer3.5.conv1,1012788
27,layer3.5.bn1,31099
27,layer3.5.relu1,9680
27,layer3.5.conv2,2027156
27,layer3.5.bn2,30951
27,layer3.5.relu2,10468
27,layer3.5.conv3,966585
27,layer3.5.bn3,90931
27,layer3.5.add,103406
27,layer3.5.relu3,33959
27,layer4.0.conv1,1970595
27,layer4.0.bn1,48062
27,layer4.0.relu1,16649
27,layer4.0.conv2,3408805
27,layer4.0.bn2,28742
27,layer4.0.relu2,8332
27,layer4.0.conv3,1241629
27,layer4.0.bn3,57110
27,layer4.0.downsample.0,2877408
27,layer4.0.downsample.1,55168
27,layer4.0.add,34577
27,layer4.0.relu3,15978
27,layer4.1.conv1,1210907
27,layer4.1.bn1,29111
27,layer4.1.relu1,7274
27,layer4.1.conv2,3150525
27,layer4.1.bn2,28101
27,layer4.1.relu2,7742
27,layer4.1.conv3,1230128
27,layer4.1.bn3,57651
27,layer4.1.add,37110
27,layer4.1.relu3,15681
27,layer4.2.conv1,1204807
27,layer4.2.bn1,27920
27,layer4.2.relu1,6819
27,layer4.2.conv2,3149589
27,layer4.2.bn2,29026
27,layer4.2.relu2,7509
27,layer4.2.conv3,1239433
27,layer4.2.bn3,59073
27,layer4.2.add,33701
27,layer4.2.relu3,15834
27,avgpool,78791
27,flatten,8877
27,fc,492311
28,conv1,2170852
28,bn1,328692
28,relu,175489
28,maxpool,10297520
28,layer1.0.conv1,287232
28,layer1.0.bn1,86551
28,layer1.0.relu1,31762
28,layer1.0.conv2,1991076
28,layer1.0.bn2,77110
28,layer1.0.relu2,31082
28,layer1.0.conv3,853962
28,layer1.0.bn3,316754
28,layer1.0.downsample.0,862533
28,layer1.0.downsample.1,322337
28,layer1.0.add,455025
28,layer1.0.relu3,175158
28,layer1.1.conv1,807106
28,layer1.1.bn1,91809
28,layer1.1.relu1,31235
28,layer1.1.conv2,1975210
28,layer1.1.bn2,76697
28,layer1.1.relu2,30661
28,layer1.1.conv3,849133
28,layer1.1.bn3,318965
28,layer1.1.add,450045
28,layer1.1.relu3,176395
28,layer1.2.conv1,806035
28,layer1.2.bn1,91053
28,layer1.2.relu1,30267
28,layer1.2.conv2,1968601
28,layer1.2.bn2,76734
28,layer1.2.relu2,30215
28,layer1.2.conv3,849747
28,layer1.2.bn3,319397
28,layer1.2.add,454111
28,layer1.2.relu3,173437
28,layer2.0.conv1,1586861
28,layer2.0.bn1,176802
28,layer2.0.relu1,75286
28,layer2.0.conv2,2129896
28,layer2.0.bn2,41958
28,layer2.0.relu2,17132
28,layer2.0.conv3,844499
28,layer2.0.bn3,167445
28,layer2.0.downsample.0,2299938
28,layer2.0.downsample.1,171205
28,layer2.0.add,228296
28,layer2.0.relu3,84500
28,layer2.1.conv1,817762
28,layer2.1.bn1,47479
28,layer2.1.relu1,17076
28,layer2.1.conv2,1913300
28,layer2.1.bn2,40249
28,layer2.1.relu2,16627
28,layer2.1.conv3,840963
28,layer2.1.bn3,173315
28,layer2.1.add,225196
28,layer2.1.relu3,81682
28,layer2.2.conv1,814814
28,layer2.2.bn1,44658
28,layer2.2.relu1,16392
28,layer2.2.conv2,1914814
28,layer2.2.bn2,40561
28,layer2.2.relu2,16120
28,layer2.2.conv3,845256
28,layer2.2.bn3,168526
28,layer2.2.add,226722
28,layer2.2.relu3,82575
28,layer2.3.conv1,813075
28,layer2.3.bn1,47179
28,layer2.3.relu1,16262
28,layer2.3.conv2,1918613
28,layer2.3.bn2,40945
28,layer2.3.relu2,16283
28,layer2.3.conv3,844813
28,layer2.3.bn3,167356
28,layer2.3.add,224355
28,layer2.3.relu3,82072
28,layer3.0.conv1,1762049
28,layer3.0.bn1,82294
28,layer3.0.relu1,30851
28,layer3.0.conv2,2182113
28,layer3.0.bn2,33577
28,layer3.0.relu2,11151
28,layer3.0.conv3,971767
28,layer3.0.bn3,90497
28,layer3.0.downsample.0,2213083
28,layer3.0.downsample.1,87523
28,layer3.0.add,104246
28,layer3.0.relu3,35228
28,layer3.1.conv1,1016371
28,layer3.1.bn1,32614
28,layer3.1.relu1,10695
28,layer3.1.conv2,2033922
28,layer3.1.bn2,31819
28,layer3.1.relu2,10631
28,layer3.1.conv3,965657
28,layer3.1.bn3,90627
28,layer3.1.add,103467
28,layer3.1.relu3,35136
28,layer3.2.conv1,1009431
28,layer3.2.bn1,31303
28,layer3.2.relu1,9958
28,layer3.2.conv2,2033098
28,layer3.2.bn2,31975
28,layer3.2.relu2,10886
28,layer3.2.conv3,966887
28,layer3.2.bn3,90032
28,layer3.2.add,90588
28,layer3.2.relu3,33127
28,layer3.3.conv1,1003343
28,layer3.3.bn1,30661
28,layer3.3.relu1,9632
28,layer3.3.conv2,2032828
28,layer3.3.bn2,31322
28,layer3.3.relu2,10653
28,layer3.3.conv3,965188
28,layer3.3.bn3,90422
28,layer3.3.add,103318
28,layer3.3.relu3,34466
28,layer3.4.conv1,1006517
28,layer3.4.bn1,32013
28,layer3.4.relu1,10214
28,layer3.4.conv2,2028186
28,layer3.4.bn2,30986
28,layer3.4.relu2,10864
28,layer3.4.conv3,966784
28,layer3.4.bn3,92925
28,layer3.4.add,89668
28,layer3.4.relu3,33566
28,layer3.5.conv1,1013057
28,layer3.5.bn1,30735
28,layer3.5.relu1,10292
28,layer3.5.conv2,2053563
28,layer3.5.bn2,32596
28,layer3.5.relu2,10958
28,layer3.5.conv3,965111
28,layer3.5.bn3,92425
28,layer3.5.add,103493
28,layer3.5.relu3,34665
28,layer4.0.conv1,1965773
28,layer4.0.bn1,52629
28,layer4.0.relu1,16671
28,layer4.0.conv2,3414976
28,layer4.0.bn2,29322
28,layer4.0.relu2,7865
28,layer4.0.conv3,1237914
28,layer4.0.bn3,57896
28,layer4.0.downsample.0,2883687
28,layer4.0.downsample.1,54478
28,layer4.0.add,34585
28,layer4.0.relu3,16939
28,layer4.1.conv1,1207501
28,layer4.1.bn1,28698
28,layer4.1.relu1,7014
28,layer4.1.conv2,3155984
28,layer4.1.bn2,28329
28,layer4.1.relu2,8049
28,layer4.1.conv3,1235938
28,layer4.1.bn3,57137
28,layer4.1.add,37128
28,layer4.1.relu3,15958
28,layer4.2.conv1,1199656
28,layer4.2.bn1,27465
28,layer4.2.relu1,6969
28,layer4.2.conv2,3145065
28,layer4.2.bn2,30665
28,layer4.2.relu2,7966
28,layer4.2.conv3,1231654
28,layer4.2.bn3,58769
28,layer4.2.add,34080
28,layer4.2.relu3,16520
28,avgpool,78625
28,flatten,8468
28,fc,494084
29,conv1,2164355
29,bn1,330003
29,relu,174361
29,maxpool,10231873
29,layer1.0.conv1,244160
29,layer1.0.bn1,87906
29,layer1.0.relu1,31401
29,layer1.0.conv2,1981600
29,layer1.0.bn2,78604
29,layer1.0.relu2,31079
29,layer1.0.conv3,854467
29,layer1.0.bn3,316268
29,layer1.0.downsample.0,863494
29,layer1.0.downsample.1,319980
29,layer1.0.add,454472
29,layer1.0.relu3,174364
29,layer1.1.conv1,806837
29,layer1.1.bn1,91632
29,layer1.1.relu1,30516
29,layer1.1.conv2,1975107
29,layer1.1.bn2,77034
29,layer1.1.relu2,31262
29,layer1.1.conv3,849180
29,layer1.1.bn3,318369
29,layer1.1.add,445392
29,layer1.1.relu3,177035
29,layer1.2.conv1,801114
29,layer1.2.bn1,94447
29,layer1.2.relu1,29637
29,layer1.2.conv2,1973410
29,layer1.2.bn2,75397
29,layer1.2.relu2,30174
29,layer1.2.conv3,850808
29,layer1.2.bn3,319217
29,layer1.2.add,449442
29,layer1.2.relu3,176578
29,layer2.0.conv1,1586821
29,layer2.0.bn1,170271
29,layer2.0.relu1,76163
29,layer2.0.conv2,2121360
29,layer2.0.bn2,41896
29,layer2.0.relu2,17320
29,layer2.0.conv3,841417
29,layer2.0.bn3,170887
29,layer2.0.downsample.0,2297215
29,layer2.0.downsample.1,172008
29,layer2.0.add,224804
29,layer2.0.relu3,84296
29,layer2.1.conv1,818449
29,layer2.1.bn1,47713
29,layer2.1.relu1,17415
29,layer2.1.conv2,1913735
29,layer2.1.bn2,39828
29,layer2.1.relu2,16787
29,layer2.1.conv3,846608
29,layer2.1.bn3,168871
29,layer2.1.add,241362
29,layer2.1.relu3,82636
29,layer2.2.conv1,816704
29,layer2.2.bn1,47418
29,layer2.2.relu1,16558
29,layer2.2.conv2,1915180
29,layer2.2.bn2,40795
29,layer2.2.relu2,16099
29,layer2.2.conv3,839900
29,layer2.2.bn3,171862
29,layer2.2.add,227545
29,layer2.2.relu3,82501
29,layer2.3.conv1,814055
29,layer2.3.bn1,45323
29,layer2.3.relu1,16382
29,layer2.3.conv2,1917684
29,layer2.3.bn2,41581
29,layer2.3.relu2,17463
29,layer2.3.conv3,845532
29,layer2.3.bn3,169540
29,layer2.3.add,224221
29,layer2.3.relu3,82071
29,layer3.0.conv1,1749468
29,layer3.0.bn1,82210
29,layer3.0.relu1,30591
29,layer3.0.conv2,2180620
29,layer3.0.bn2,34364
29,layer3.0.relu2,10607
29,layer3.0.conv3,965145
29,layer3.0.bn3,89937
29,layer3.0.downsample.0,2221572
29,layer3.0.downsample.1,93745
29,layer3.0.add,104152
29,layer3.0.relu3,35713
29,layer3.1.conv1,1013288
29,layer3.1.bn1,32355
29,layer3.1.relu1,10488
29,layer3.1.conv2,2027157
29,layer3.1.bn2,32041
29,layer3.1.relu2,10912
29,layer3.1.conv3,966456
29,layer3.1.bn3,90190
29,layer3.1.add,103687
29,layer3.1.relu3,34343
29,layer3.2.conv1,1020708
29,layer3.2.bn1,31538
29,layer3.2.relu1,10886
29,layer3.2.conv2,2030804
29,layer3.2.bn2,31863
29,layer3.2.relu2,11485
29,layer3.2.conv3,960113
29,layer3.2.bn3,92798
29,layer3.2.add,89640
29,layer3.2.relu3,33458
29,layer3.3.conv1,1012678
29,layer3.3.bn1,30921
29,layer3.3.relu1,9763
29,layer3.3.conv2,2030991
29,layer3.3.bn2,31322
29,layer3.3.relu2,11078
29,layer3.3.conv3,966514
29,layer3.3.bn3,91517
29,layer3.3.add,102906
29,layer3.3.relu3,34446
29,layer3.4.conv1,1012561
29,layer3.4.bn1,30604
29,layer3.4.relu1,9727
29,layer3.4.conv2,2035687
29,layer3.4.bn2,31506
29,layer3.4.relu2,10956
29,layer3.4.conv3,962870
29,layer3.4.bn3,89282
29,layer3.4.add,89210
29,layer3.4.relu3,33714
29,layer3.5.conv1,1005310
29,layer3.5.bn1,33963
29,layer3.5.relu1,10024
29,layer3.5.conv2,2027753
29,layer3.5.bn2,31689
29,layer3.5.relu2,10993
29,layer3.5.conv3,967027
29,layer3.5.bn3,90324
29,layer3.5.add,102828
29,layer3.5.relu3,34444
29,layer4.0.conv1,1968657
29,layer4.0.bn1,48202
29,layer4.0.relu1,15915
29,layer4.0.conv2,3401295
29,layer4.0.bn2,29723
29,layer4.0.relu2,7907
29,layer4.0.conv3,1241287
29,layer4.0.bn3,56948
29,layer4.0.downsample.0,2881462
29,layer4.0.downsample.1,55227
29,layer4.0.add,33949
29,layer4.0.relu3,17019
29,layer4.1.conv1,1206730
29,layer4.1.bn1,28588
29,layer4.1.relu1,7918
29,layer4.1.conv2,3148089
29,layer4.1.bn2,27739
29,layer4.1.relu2,7192
29,layer4.1.conv3,1236333
29,layer4.1.bn3,57134
29,layer4.1.add,40850
29,layer4.1.relu3,15948
29,layer4.2.conv1,1203990
29,layer4.2.bn1,28851
29,layer4.2.relu1,7227
29,layer4.2.conv2,3147957
29,layer4.2.bn2,28655
29,layer4.2.relu2,7610
29,layer4.2.conv3,1229518
29,layer4.2.bn3,59145
29,layer4.2.add,34153
29,layer4.2.relu3,15913
29,avgpool,78020
29,flatten,8386
29,fc,499058
