iter,layer,ns,multiplexed,cycles,instructions,ref_cycles,branches,branch_misses,cache_references,cache_misses
0,conv1,2176681,False,4575832,8687320,4584468,97281,1369,179156,14780
0,bn1,331561,False,708095,1292111,707868,117617,386,104602,1532
0,relu,181643,False,392948,442672,392196,57757,113,53354,881
0,maxpool,10219782,False,21424392,42887565,21475020,7868430,377212,92107,6575
0,layer1.0.conv1,249742,False,491509,1512611,534744,19971,348,27443,3127
0,layer1.0.bn1,88703,False,196651,385557,195720,41600,374,21227,632
0,layer1.0.relu1,33977,False,81051,134981,79464,19080,91,3255,22
0,layer1.0.conv2,1991869,False,4186700,8262538,4194456,90834,1699,66296,3163
0,layer1.0.bn2,81242,False,181080,388669,179928,42292,259,17758,100
0,layer1.0.relu2,32865,False,78932,134981,77364,19080,44,3227,14
0,layer1.0.conv3,852476,False,1799147,5273587,1801464,63911,319,65212,1178
0,layer1.0.bn3,319550,False,690362,1303706,690312,119194,377,102404,130
0,layer1.0.downsample.0,866585,False,1828545,5279560,1830696,64820,215,67114,3457
0,layer1.0.downsample.1,322447,False,688000,1297782,687792,118279,318,101574,306
0,layer1.0.add,455626,False,967797,592315,968352,57681,164,154719,191
0,layer1.0.relu3,175003,False,378897,436182,378168,56738,61,52297,9
0,layer1.1.conv1,807803,False,1705166,5645371,1707468,33543,158,62377,815
0,layer1.1.bn1,93108,False,205771,385802,204792,41650,148,26240,304
0,layer1.1.relu1,31109,False,75113,134981,73752,19080,28,3020,14
0,layer1.1.conv2,1984439,False,4171066,8264259,4178496,91283,1349,66229,2381
0,layer1.1.bn2,79715,False,177745,388586,176736,42269,196,17725,110
0,layer1.1.relu2,32058,False,76960,135018,75768,19090,39,2948,17
0,layer1.1.conv3,852757,False,1799185,5279642,1801632,64841,221,65367,902
0,layer1.1.bn3,321870,False,686920,1297760,686784,118272,318,101490,231
0,layer1.1.add,450495,False,957186,594016,957852,57957,87,154732,25
0,layer1.1.relu3,173754,False,375555,436157,374808,56731,31,52294,13
0,layer1.2.conv1,806987,False,1703453,5645990,1705620,33647,162,62690,1022
0,layer1.2.bn1,92909,False,205310,385784,204372,41646,121,26191,120
0,layer1.2.relu1,32028,False,76700,134981,75432,19080,24,3042,18
0,layer1.2.conv2,1982658,False,4168204,8270754,4175976,92448,1035,67638,2489
0,layer1.2.bn2,79676,False,177726,389043,176484,42371,198,17601,66
0,layer1.2.relu2,32057,False,77291,134993,75852,19083,29,3026,16
0,layer1.2.conv3,851666,False,1797399,5279805,1799700,64900,208,65410,960
0,layer1.2.bn3,323557,False,690846,1303757,690732,119204,324,102500,124
0,layer1.2.add,450149,False,956215,587407,956844,56927,61,153611,21
0,layer1.2.relu3,174042,False,376436,436219,375648,56748,42,52185,8
0,layer2.0.conv1,1593534,False,3351998,11226042,3357648,54425,256,126949,1879
0,layer2.0.bn1,172305,False,373082,689956,372120,67223,194,53799,94
0,layer2.0.relu1,77578,False,172750,235333,171612,31624,25,19347,47
0,layer2.0.conv2,2136439,False,4490350,8572024,4498872,101518,1204,173597,10791
0,layer2.0.bn2,42948,False,99980,241212,98700,30215,95,2578,99
0,layer2.0.relu2,17425,False,46546,84805,45108,12808,31,623,10
0,layer2.0.conv3,849215,False,1791860,5301850,1794072,59005,188,46624,4653
0,layer2.0.bn3,168243,False,364583,709556,363720,70376,77,52432,158
0,layer2.0.downsample.0,2299166,False,4831135,11208282,4840080,153567,1089,262768,8135
0,layer2.0.downsample.1,172486,False,373966,713275,373296,71191,126,52206,173
0,layer2.0.add,229391,False,492833,317301,492408,32723,81,78385,52
0,layer2.0.relu3,86468,False,191547,235333,190512,31624,46,23682,28
0,layer2.1.conv1,821155,False,1732466,5703339,1734684,34310,265,38716,2521
0,layer2.1.bn1,49483,False,114130,238421,112896,29599,74,10801,427
0,layer2.1.relu1,17609,False,46837,84925,45444,12827,27,801,17
0,layer2.1.conv2,1920825,False,4037515,8146892,4044852,91395,1108,43880,8805
0,layer2.1.bn2,41767,False,97369,241225,96012,30237,88,3287,76
0,layer2.1.relu2,17331,False,46027,84805,44520,12808,31,573,7
0,layer2.1.conv3,848149,False,1789180,5300725,1791552,58815,171,47703,3998
0,layer2.1.bn3,169628,False,367337,709776,366660,70421,67,52441,160
0,layer2.1.add,226215,False,485946,311621,485268,31879,66,77725,19
0,layer2.1.relu3,83481,False,185291,235333,184128,31624,24,22684,44
0,layer2.2.conv1,813982,False,1717287,5703124,1719480,34281,169,36819,2873
0,layer2.2.bn1,47315,False,109124,238421,107772,29599,53,10259,361
0,layer2.2.relu1,16834,False,44980,84925,43428,12827,22,863,14
0,layer2.2.conv2,1917755,False,4031616,8144522,4039056,90869,1034,43699,8265
0,layer2.2.bn2,42178,False,98476,241162,97104,30217,86,3271,103
0,layer2.2.relu2,17607,False,46453,84817,45024,12811,33,567,19
0,layer2.2.conv3,842523,False,1777692,5294521,1780128,57861,156,46703,3986
0,layer2.2.bn3,172530,False,373630,715529,372792,71291,75,53544,150
0,layer2.2.add,227975,False,489970,311649,489552,31880,55,77417,8
0,layer2.2.relu3,84180,False,186886,235345,185724,31627,32,23131,19
0,layer2.3.conv1,817395,False,1724319,5703108,1726452,34257,161,37464,2925
0,layer2.3.bn1,48520,False,111783,238471,110544,29613,48,10376,256
0,layer2.3.relu1,16622,False,44433,84925,43008,12827,26,824,13
0,layer2.3.conv2,1918709,False,4032883,8152842,4040232,92618,1078,42904,8060
0,layer2.3.bn2,42667,False,99138,241032,97860,30182,76,3698,112
0,layer2.3.relu2,17171,False,45958,84817,44436,12811,26,611,10
0,layer2.3.conv3,847630,False,1788390,5300937,1790712,58857,160,47458,3662
0,layer2.3.bn3,170662,False,369637,709709,368844,70397,71,52439,151
0,layer2.3.add,225722,False,486031,311519,485436,31847,50,77439,13
0,layer2.3.relu3,83377,False,185095,235352,184044,31629,31,22879,32
0,layer3.0.conv1,1731002,False,3639672,10444278,3645936,97223,327,67801,5920
0,layer3.0.bn1,88474,False,196133,401654,194880,44150,79,23112,112
0,layer3.0.relu1,32215,False,77389,135133,76020,19108,37,3400,17
0,layer3.0.conv2,2190786,False,4604562,9199690,4613196,113910,1228,160514,37069
0,layer3.0.bn2,37773,False,89247,177577,87696,25816,160,5120,126
0,layer3.0.relu2,11644,False,34491,59811,32928,9698,40,586,15
0,layer3.0.conv3,971770,False,2048351,5932358,2051196,68032,197,46150,15113
0,layer3.0.bn3,92968,False,205618,445021,204456,51053,93,23809,241
0,layer3.0.downsample.0,2230792,False,4687928,10969268,4696860,135223,1150,222059,30900
0,layer3.0.downsample.1,95060,False,210025,454304,208824,52717,121,22215,294
0,layer3.0.add,107389,False,236755,173454,235872,19295,83,34864,42
0,layer3.0.relu3,37926,False,89410,135013,88200,19089,41,6314,13
0,layer3.1.conv1,1016680,False,2142476,5945391,2145696,67799,259,54924,9103
0,layer3.1.bn1,32580,False,78007,172170,76524,24748,72,5344,115
0,layer3.1.relu1,11709,False,34278,59724,32592,9674,21,494,12
0,layer3.1.conv2,2036228,False,4280007,8736558,4287948,109889,1190,133411,33635
0,layer3.1.bn2,33040,False,78903,176124,77364,25552,93,1548,105
0,layer3.1.relu2,11735,False,34502,59881,32844,9703,35,567,35
0,layer3.1.conv3,969090,False,2042493,5931634,2045232,67889,115,46140,14854
0,layer3.1.bn3,93393,False,206142,444786,205044,51029,69,23581,308
0,layer3.1.add,107072,False,236091,173667,235032,19334,69,34236,20
0,layer3.1.relu3,39799,False,93050,140980,91896,20011,34,6982,22
0,layer3.2.conv1,1012823,False,2134015,5945433,2137044,67795,142,53978,9177
0,layer3.2.bn1,32670,False,78409,172220,77028,24761,55,5351,96
0,layer3.2.relu1,11087,False,32799,59736,31416,9677,22,515,9
0,layer3.2.conv2,2034190,False,4275453,8735184,4283328,109617,1100,134162,33691
0,layer3.2.bn2,32454,False,77549,174828,76104,25344,76,1514,108
0,layer3.2.relu2,11711,False,34292,59844,32676,9693,27,551,35
0,layer3.2.conv3,966670,False,2037601,5931928,2040444,67931,91,46635,15052
0,layer3.2.bn3,92142,False,203618,444695,202524,51012,71,23944,268
0,layer3.2.add,93569,False,207320,173721,206220,19348,57,28522,25
0,layer3.2.relu3,35281,False,83708,135000,82320,19085,28,5644,13
0,layer3.3.conv1,1005913,False,2119885,5944990,2122848,67712,107,54351,9538
0,layer3.3.bn1,32414,False,77755,172220,76356,24761,51,5238,96
0,layer3.3.relu1,10356,False,31453,59724,29820,9674,15,514,7
0,layer3.3.conv2,2029837,False,4267132,8735326,4275180,109647,1020,133522,34584
0,layer3.3.bn2,32889,False,79054,175095,77784,25416,92,1539,113
0,layer3.3.relu2,11408,False,33480,59844,32004,9693,28,508,8
0,layer3.3.conv3,970022,False,2044765,5931978,2047668,67966,103,46075,15342
0,layer3.3.bn3,93666,False,206492,444901,205380,51053,62,23927,258
0,layer3.3.add,105702,False,232924,173672,231840,19336,45,34308,32
0,layer3.3.relu3,35908,False,85226,135325,83664,19137,25,6043,33
0,layer3.4.conv1,1004560,False,2116665,5945606,2119908,67830,84,54333,9037
0,layer3.4.bn1,32260,False,77165,172328,75936,24789,52,5277,89
0,layer3.4.relu1,10751,False,32383,59724,30912,9674,24,524,12
0,layer3.4.conv2,2034767,False,4276508,8734613,4284336,109526,1017,134601,34860
0,layer3.4.bn2,32433,False,77616,174977,76272,25374,67,1509,101
0,layer3.4.relu2,11362,False,33694,59869,32172,9700,30,541,10
0,layer3.4.conv3,965217,False,2034171,5932146,2037084,67978,96,46636,15144
0,layer3.4.bn3,94944,False,209528,450816,208320,51972,57,24488,259
0,layer3.4.add,93768,False,207685,173666,206556,19334,40,28691,23
0,layer3.4.relu3,35094,False,83245,134988,81900,19082,21,5571,7
0,layer3.5.conv1,1023091,False,2155495,5945122,2158800,67745,79,52923,9001
0,layer3.5.bn1,32147,False,77234,172220,75432,24761,41,5285,105
0,layer3.5.relu1,11448,False,33540,59724,32256,9674,21,498,10
0,layer3.5.conv2,2038213,False,4283972,8749605,4291812,112071,847,133951,34843
0,layer3.5.bn2,32377,False,78031,174720,76524,25320,67,1470,109
0,layer3.5.relu2,11539,False,33927,59881,32424,9703,38,582,16
0,layer3.5.conv3,966255,False,2036975,5931735,2039772,67908,83,45899,15118
0,layer3.5.bn3,93710,False,206661,444854,205548,51045,49,23785,269
0,layer3.5.add,105601,False,232467,173697,231504,19343,41,34119,21
0,layer3.5.relu3,36517,False,86298,135000,84924,19085,22,5910,10
0,layer4.0.conv1,1961331,False,4122077,11784253,4129608,120367,162,117303,21677
0,layer4.0.bn1,49365,False,113568,264119,112140,33732,66,10182,171
0,layer4.0.relu1,18004,False,47328,84812,45948,12810,25,626,9
0,layer4.0.conv2,3411804,False,7162059,11911798,7176288,159404,954,469979,147564
0,layer4.0.bn2,29640,False,71915,155973,70392,25064,118,3203,216
0,layer4.0.relu2,8159,False,26794,47278,25368,8116,19,560,32
0,layer4.0.conv3,1247152,False,2626280,8178430,2630376,53641,358,115314,33550
0,layer4.0.bn3,58136,False,131539,364688,130116,48928,64,11975,562
0,layer4.0.downsample.0,2889893,False,6068499,11978532,6080340,166947,1133,492849,124533
0,layer4.0.downsample.1,56337,False,127884,367934,126504,49646,111,2800,520
0,layer4.0.add,35963,False,85764,104683,84336,13050,54,7281,18
0,layer4.0.relu3,17437,False,46294,84812,44688,12810,34,656,19
0,layer4.1.conv1,1211015,False,2549973,8145458,2554104,51077,356,129774,28676
0,layer4.1.bn1,30208,False,73039,153530,71484,24520,91,3963,175
0,layer4.1.relu1,8494,False,27497,47183,26124,8104,23,489,5
0,layer4.1.conv2,3146123,False,6605944,11165184,6619032,156916,916,464259,145141
0,layer4.1.bn2,30016,False,72767,155814,71316,25027,104,1571,146
0,layer4.1.relu2,8426,False,27712,47146,26292,8094,19,519,22
0,layer4.1.conv3,1238847,False,2608763,8176930,2612988,53405,209,114473,32804
0,layer4.1.bn3,58493,False,132584,364654,131292,48922,63,11981,537
0,layer4.1.add,38775,False,91449,104683,90048,13050,47,8568,21
0,layer4.1.relu3,16513,False,44375,84824,43008,12813,22,574,7
0,layer4.2.conv1,1207034,False,2542028,8145142,2545872,51013,232,127699,27993
0,layer4.2.bn1,29177,False,70961,153236,69216,24457,58,3845,158
0,layer4.2.relu1,7069,False,24343,47146,22848,8094,12,462,7
0,layer4.2.conv2,3170443,False,6656095,11183032,6669264,159836,964,465384,144942
0,layer4.2.bn2,30876,False,74422,156535,73080,25183,109,1524,118
0,layer4.2.relu2,8347,False,27429,47158,25788,8097,24,527,15
0,layer4.2.conv3,1235953,False,2602505,8170936,2606772,52492,156,114061,34482
0,layer4.2.bn3,60422,False,136659,364701,135324,48932,58,11958,493
0,layer4.2.add,35411,False,84272,104786,82824,13074,42,7284,25
0,layer4.2.relu3,17505,False,46386,84812,45108,12810,29,592,13
0,avgpool,79879,False,178051,274189,176820,38775,987,2963,1195
0,flatten,9142,False,29112,34878,27552,6552,120,447,188
0,fc,505397,False,1072162,347321,1072764,43747,334,133350,122627
1,conv1,2171253,False,4564306,8690553,4572624,97907,1076,178898,16671
1,bn1,333109,False,711306,1298209,711144,118567,302,105466,1868
1,relu,175083,False,378970,436407,378084,56789,61,52322,39
1,maxpool,10438443,False,21883851,42887015,21935844,7868324,394337,92394,7713
1,layer1.0.conv1,258780,False,495028,1518594,553896,20896,303,27700,3120
1,layer1.0.bn1,88211,False,195534,385409,194376,41567,321,21154,971
1,layer1.0.relu1,33353,False,79414,134981,78120,19080,76,3156,26
1,layer1.0.conv2,1992370,False,4188227,8266611,4195968,91792,1768,66221,3838
1,layer1.0.bn2,80986,False,180036,388620,178752,42283,246,18060,162
1,layer1.0.relu2,33792,False,80814,134981,79296,19080,51,3220,22
1,layer1.0.conv3,857375,False,1808835,5279720,1811292,64856,267,65821,1223
1,layer1.0.bn3,318817,False,681108,1297820,680988,118285,333,101501,105
1,layer1.0.downsample.0,864728,False,1824456,5279500,1826748,64811,130,67057,3724
1,layer1.0.downsample.1,326897,False,697735,1303220,697788,119124,338,102609,485
1,layer1.0.add,451860,False,960375,587282,960792,56896,137,153715,272
1,layer1.0.relu3,174478,False,377569,436182,376908,56738,57,52282,15
1,layer1.1.conv1,813349,False,1716847,5654197,1719144,35214,267,63233,964
1,layer1.1.bn1,92985,False,205469,385802,204204,41650,149,26225,487
1,layer1.1.relu1,31470,False,75752,134981,74340,19080,28,3034,12
1,layer1.1.conv2,1982622,False,4167592,8268973,4175052,92316,1332,66645,2773
1,layer1.1.bn2,83294,False,185528,394428,184464,43161,195,18777,152
1,layer1.1.relu2,32424,False,78020,135018,76692,19090,41,3218,21
1,layer1.1.conv3,846869,False,1787561,5273390,1789956,63862,170,64465,940
1,layer1.1.bn3,322530,False,688902,1299078,688884,118485,336,101739,292
1,layer1.1.add,446166,False,948041,587427,948612,56923,93,153581,32
1,layer1.1.relu3,177905,False,384705,442438,383964,57702,54,53297,13
1,layer1.2.conv1,804156,False,1697527,5639531,1699824,32645,208,61812,994
1,layer1.2.bn1,95856,False,211116,391847,210000,42591,140,27136,302
1,layer1.2.relu1,32292,False,77436,134981,75936,19080,22,3014,17
1,layer1.2.conv2,2028568,False,4183057,8272816,4190508,92806,1367,68125,2532
1,layer1.2.bn2,81541,False,181534,388690,180432,42295,223,18181,87
1,layer1.2.relu2,32708,False,78306,134993,76860,19083,44,3074,17
1,layer1.2.conv3,856260,False,1806546,5279794,1809024,64872,242,65696,992
1,layer1.2.bn3,320788,False,685241,1297868,685188,118300,329,101693,121
1,layer1.2.add,455087,False,966430,593936,967092,57952,89,154648,26
1,layer1.2.relu3,174291,False,376963,436219,375900,56748,38,52276,10
1,layer2.0.conv1,1597840,False,3360590,11226345,3366384,54482,316,126980,2128
1,layer2.0.bn1,172119,False,372731,690036,371952,67243,208,53807,293
1,layer2.0.relu1,77664,False,172989,235333,171780,31624,25,19518,42
1,layer2.0.conv2,2132454,False,4481170,8559792,4489632,99367,1305,172974,11489
1,layer2.0.bn2,43894,False,101976,241314,100716,30241,127,2616,89
1,layer2.0.relu2,18001,False,47725,84805,46200,12808,31,627,16
1,layer2.0.conv3,849244,False,1792114,5300569,1794408,58796,189,46561,5075
1,layer2.0.bn3,169099,False,366196,709606,365232,70397,86,52330,186
1,layer2.0.downsample.0,2305644,False,4845604,11213867,4854612,154442,1190,263674,8167
1,layer2.0.downsample.1,172211,False,372683,713011,372204,71146,118,52211,174
1,layer2.0.add,227009,False,488067,311334,487368,31801,83,77494,28
1,layer2.0.relu3,85760,False,189920,235333,188748,31624,38,23728,36
1,layer2.1.conv1,822247,False,1734824,5702653,1736952,34181,259,39089,2555
1,layer2.1.bn1,49498,False,113854,238501,112476,29619,72,10705,566
1,layer2.1.relu1,17381,False,46031,84925,44436,12827,33,763,14
1,layer2.1.conv2,1916463,False,4028637,8144642,4035948,90909,1002,43380,8838
1,layer2.1.bn2,42136,False,98494,241163,97020,30215,81,3363,79
1,layer2.1.relu2,17436,False,46408,84812,45108,12810,33,518,6
1,layer2.1.conv3,846756,False,1786585,5300372,1789032,58756,137,47228,4187
1,layer2.1.bn3,172484,False,373516,716287,372624,71438,73,53208,166
1,layer2.1.add,225206,False,484308,311590,483672,31865,66,77679,20
1,layer2.1.relu3,84059,False,186462,235340,185304,31626,25,22709,28
1,layer2.2.conv1,817334,False,1724140,5702670,1726200,34180,205,36960,2839
1,layer2.2.bn1,48019,False,110689,238508,109200,29621,49,10281,433
1,layer2.2.relu1,17228,False,46067,84932,44604,12829,23,804,12
1,layer2.2.conv2,1918315,False,4031560,8147360,4038972,91521,971,43354,8346
1,layer2.2.bn2,41740,False,97666,241156,96432,30217,86,3206,94
1,layer2.2.relu2,17518,False,46662,84824,45192,12813,32,576,11
1,layer2.2.conv3,847093,False,1787186,5300433,1789452,58770,126,47255,4185
1,layer2.2.bn3,168947,False,366041,709647,365232,70389,57,52573,153
1,layer2.2.add,227974,False,490186,311656,489552,31882,51,77374,13
1,layer2.2.relu3,88001,False,194447,241661,193284,32622,33,24221,18
1,layer2.3.conv1,810930,False,1710493,5696772,1712844,33273,188,36862,2955
1,layer2.3.bn1,47999,False,110602,238558,109116,29635,53,10315,351
1,layer2.3.relu1,17494,False,46525,84932,45024,12829,24,874,28
1,layer2.3.conv2,1908909,False,4012242,8139849,4019400,90281,871,42638,8014
1,layer2.3.bn2,41776,False,97864,241234,96516,30237,74,3662,100
1,layer2.3.relu2,17441,False,46324,84824,45024,12813,28,595,10
1,layer2.3.conv3,846500,False,1785982,5300899,1788444,58847,130,47324,3645
1,layer2.3.bn3,171210,False,370493,710973,369684,70607,66,52590,151
1,layer2.3.add,225441,False,484760,311603,484260,31867,51,77421,18
1,layer2.3.relu3,83000,False,184418,235352,183288,31629,25,22674,36
1,layer3.0.conv1,1752291,False,3684050,10451962,3690456,98425,263,68070,5801
1,layer3.0.bn1,86259,False,191343,397929,190260,43610,83,22207,123
1,layer3.0.relu1,32485,False,78042,135133,76608,19108,27,3274,22
1,layer3.0.conv2,2187863,False,4597602,9199532,4606308,113950,1036,160732,37069
1,layer3.0.bn2,36637,False,86470,175428,85092,25431,137,5096,128
1,layer3.0.relu2,14786,False,40780,65796,39228,10625,39,1107,14
1,layer3.0.conv3,967467,False,2038986,5932224,2042040,68000,129,45598,15130
1,layer3.0.bn3,92963,False,205312,445096,204120,51073,87,23795,230
1,layer3.0.downsample.0,2217876,False,4660940,10959085,4669728,133820,925,221156,30850
1,layer3.0.downsample.1,91351,False,202011,448222,200928,51786,112,21157,294
1,layer3.0.add,107897,False,237557,173464,236544,19297,56,34763,44
1,layer3.0.relu3,36904,False,87447,135013,86100,19089,38,6317,13
1,layer3.1.conv1,1011313,False,2130953,5945196,2134020,67739,219,54691,9122
1,layer3.1.bn1,33221,False,79567,172220,78036,24761,63,5389,106
1,layer3.1.relu1,10794,False,32440,59724,30828,9674,22,431,6
1,layer3.1.conv2,2032781,False,4280291,8740585,4288116,110429,1105,133668,33623
1,layer3.1.bn2,33496,False,79804,174908,78540,25363,78,1527,107
1,layer3.1.relu2,11491,False,33946,59881,32508,9703,33,476,4
1,layer3.1.conv3,971450,False,2047694,5931823,2050524,67927,110,46382,14878
1,layer3.1.bn3,92926,False,205026,444920,203952,51047,55,23745,336
1,layer3.1.add,105837,False,233300,173667,232260,19334,47,34155,20
1,layer3.1.relu3,35394,False,84087,135013,82908,19089,25,5894,17
1,layer3.2.conv1,1006761,False,2121522,5945151,2124696,67752,140,54351,9300
1,layer3.2.bn1,32591,False,78019,172220,76608,24761,47,5315,91
1,layer3.2.relu1,10427,False,31470,59736,29988,9677,23,477,8
1,layer3.2.conv2,2032846,False,4273031,8732569,4280724,109057,1026,134687,33790
1,layer3.2.bn2,34033,False,81211,174543,79968,25277,91,1539,113
1,layer3.2.relu2,11471,False,33917,59844,32256,9693,39,536,16
1,layer3.2.conv3,967433,False,2038958,5931650,2041956,67892,87,46645,15113
1,layer3.2.bn3,94482,False,208604,451203,207312,52024,65,24743,247
1,layer3.2.add,93538,False,207236,173721,206052,19348,50,28459,32
1,layer3.2.relu3,35405,False,84093,135000,82488,19085,25,5655,21
1,layer3.3.conv1,1004622,False,2116887,5945064,2120076,67730,92,54077,9652
1,layer3.3.bn1,31623,False,75906,172086,74592,24740,42,5251,98
1,layer3.3.relu1,10359,False,31243,59724,29820,9674,19,475,7
1,layer3.3.conv2,2031556,False,4270003,8735857,4277784,109824,976,133594,34612
1,layer3.3.bn2,32731,False,78140,174981,76692,25376,81,1495,103
1,layer3.3.relu2,11166,False,32901,59844,31584,9693,20,549,23
1,layer3.3.conv3,970117,False,2044813,5931660,2047584,67893,96,46128,15358
1,layer3.3.bn3,93606,False,206723,444924,205464,51055,51,23723,265
1,layer3.3.add,105485,False,232094,173677,231000,19336,45,34191,29
1,layer3.3.relu3,39322,False,92329,140973,91056,20009,24,7046,24
1,layer3.4.conv1,1004816,False,2117299,5945422,2120412,67789,86,54030,9050
1,layer3.4.bn1,32250,False,77023,172220,75516,24761,41,5357,88
1,layer3.4.relu1,10257,False,30969,59724,29484,9674,19,473,9
1,layer3.4.conv2,2034357,False,4276222,8733733,4283916,109287,982,134007,34767
1,layer3.4.bn2,33566,False,80124,175210,78708,25428,85,1530,104
1,layer3.4.relu2,11283,False,33338,59869,32004,9700,27,504,14
1,layer3.4.conv3,967993,False,2040207,5932122,2043048,67974,96,46727,15146
1,layer3.4.bn3,92522,False,204579,446083,203280,51239,73,24143,284
1,layer3.4.add,93758,False,207367,173671,206304,19334,40,28608,18
1,layer3.4.relu3,35701,False,84648,135325,83160,19137,27,5647,12
1,layer3.5.conv1,1006023,False,2120167,5945102,2123268,67735,89,53382,9358
1,layer3.5.bn1,32883,False,78700,172220,77364,24761,48,5417,120
1,layer3.5.relu1,11264,False,33515,59724,32256,9674,26,473,7
1,layer3.5.conv2,2037400,False,4282466,8741579,4290468,110544,1019,134228,34699
1,layer3.5.bn2,33963,False,81100,174975,79800,25381,100,1533,114
1,layer3.5.relu2,12114,False,35325,59881,33852,9703,41,481,11
1,layer3.5.conv3,969208,False,2042759,5931707,2045652,67898,105,46030,15202
1,layer3.5.bn3,94219,False,208186,444713,206976,51016,58,23986,261
1,layer3.5.add,105277,False,231876,173702,230664,19343,49,34175,9
1,layer3.5.relu3,36304,False,85881,135000,84420,19085,28,5909,16
1,layer4.0.conv1,1971637,False,4143774,11790592,4151196,121344,170,118262,21509
1,layer4.0.bn1,50145,False,115132,263783,113484,33655,77,10134,186
1,layer4.0.relu1,17413,False,46224,84812,44772,12810,18,596,10
1,layer4.0.conv2,3406219,False,7150689,11917327,7165032,160201,972,470759,146437
1,layer4.0.bn2,30253,False,73276,156054,71820,25084,123,3243,263
1,layer4.0.relu2,8764,False,28112,47278,26712,8116,30,551,31
1,layer4.0.conv3,1242559,False,2616181,8171091,2620380,52509,406,114726,36355
1,layer4.0.bn3,59252,False,134470,364986,133056,49003,91,11911,466
1,layer4.0.downsample.0,2893274,False,6075607,11991694,6087480,169205,1247,492950,125176
1,layer4.0.downsample.1,57326,False,130088,368433,128772,49754,110,2792,453
1,layer4.0.add,35847,False,85292,104605,83916,13031,62,7311,21
1,layer4.0.relu3,17499,False,46482,84812,44856,12810,33,650,15
1,layer4.1.conv1,1217106,False,2563663,8151110,2567544,51926,347,130175,31156
1,layer4.1.bn1,29844,False,72270,153491,70644,24505,88,3868,176
1,layer4.1.relu1,7787,False,26117,47183,24612,8104,23,448,6
1,layer4.1.conv2,3148277,False,6610009,11163711,6623064,156713,804,464016,145833
1,layer4.1.bn2,29485,False,71434,156329,69972,25150,83,1505,156
1,layer4.1.relu2,8664,False,27999,47146,26292,8094,17,523,19
1,layer4.1.conv3,1237894,False,2606750,8171027,2610888,52482,214,114035,35138
1,layer4.1.bn3,58476,False,132530,364991,131208,49000,68,11954,513
1,layer4.1.add,38187,False,90021,104605,88620,13031,47,8493,21
1,layer4.1.relu3,19679,False,51093,90868,49644,13748,25,1311,5
1,layer4.2.conv1,1207162,False,2542268,8145137,2546292,51004,223,128622,26691
1,layer4.2.bn1,29576,False,71644,153381,70308,24490,68,3858,155
1,layer4.2.relu1,7906,False,26381,47146,24864,8094,14,465,8
1,layer4.2.conv2,3147914,False,6609460,11162006,6622560,156265,777,464195,145212
1,layer4.2.bn2,31114,False,74892,156477,73332,25172,113,1567,118
1,layer4.2.relu2,7712,False,26203,47158,24276,8097,19,560,37
1,layer4.2.conv3,1238147,False,2607408,8170951,2611560,52462,169,114297,32861
1,layer4.2.bn3,60674,False,143980,370961,142548,49921,97,12624,429
1,layer4.2.add,35241,False,83867,104708,82488,13055,51,7292,27
1,layer4.2.relu3,16767,False,44914,84812,43260,12810,25,491,10
1,avgpool,81593,False,181683,274698,180432,38877,1019,3327,1331
1,flatten,8840,False,28210,34878,26544,6552,116,421,160
1,fc,496131,False,1052777,341446,1053528,42849,330,132290,122488
2,conv1,2177869,False,4577694,8692648,4586232,97966,1278,179402,15982
2,bn1,330168,False,704901,1292358,704844,117674,286,104618,631
2,relu,175358,False,379279,436414,378588,56791,61,52302,38
2,maxpool,10243881,False,21475891,42902066,21526932,7870960,381116,93098,7076
2,layer1.0.conv1,264443,False,490314,1513886,565908,20173,318,27260,2838
2,layer1.0.bn1,87622,False,194345,385612,193284,41614,336,21018,775
2,layer1.0.relu1,33181,False,79229,134988,77616,19082,74,3199,21
2,layer1.0.conv2,1988945,False,4180829,8264041,4188408,91250,1770,65999,3362
2,layer1.0.bn2,80903,False,180160,388799,179172,42324,237,17683,153
2,layer1.0.relu2,33096,False,79294,134988,77700,19082,48,3046,14
2,layer1.0.conv3,856889,False,1808261,5279684,1810872,64852,335,66042,1198
2,layer1.0.bn3,324164,False,691962,1302777,691824,119060,363,102435,109
2,layer1.0.downsample.0,867131,False,1829680,5279228,1831956,64773,207,67145,3644
2,layer1.0.downsample.1,321053,False,685898,1297789,685860,118281,313,101602,319
2,layer1.0.add,453437,False,963075,587289,963564,56898,136,153733,174
2,layer1.0.relu3,177833,False,384456,442353,383712,57695,66,53287,25
2,layer1.1.conv1,802627,False,1693978,5639411,1695960,32623,196,61622,830
2,layer1.1.bn1,92188,False,203479,385809,202524,41652,140,26329,380
2,layer1.1.relu1,31221,False,75228,134988,73752,19082,25,2994,19
2,layer1.1.conv2,1979914,False,4162099,8266943,4169592,91947,1254,65778,2506
2,layer1.1.bn2,80385,False,178943,388826,177828,42325,188,17971,84
2,layer1.1.relu2,32111,False,77834,135025,76356,19092,37,3086,26
2,layer1.1.conv3,851554,False,1796446,5279323,1798860,64783,205,65331,904
2,layer1.1.bn3,322016,False,687289,1297737,687036,118267,315,101457,96
2,layer1.1.add,449631,False,954817,593358,955332,57842,77,154587,32
2,layer1.1.relu3,173382,False,375079,436164,374388,56733,31,52290,12
2,layer1.2.conv1,809572,False,1709037,5645782,1711332,33622,172,62457,967
2,layer1.2.bn1,91743,False,202697,385791,201432,41648,111,26084,179
2,layer1.2.relu1,31446,False,75656,134988,74256,19082,22,2969,20
2,layer1.2.conv2,1978080,False,4158330,8267286,4165980,91974,1074,66660,2309
2,layer1.2.bn2,79315,False,177384,388827,175980,42324,199,17748,65
2,layer1.2.relu2,32686,False,78614,135007,77364,19087,37,2965,16
2,layer1.2.conv3,852961,False,1799415,5279534,1801716,64825,210,65470,948
2,layer1.2.bn3,319690,False,682709,1297832,682584,118291,313,101541,109
2,layer1.2.add,453485,False,963229,593347,963816,57850,63,154375,15
2,layer1.2.relu3,173833,False,376241,436233,375312,56752,36,52192,14
2,layer2.0.conv1,1593911,False,3352581,11225882,3358236,54404,364,126779,1954
2,layer2.0.bn1,173241,False,374721,689970,374052,67227,200,53891,163
2,layer2.0.relu1,78007,False,173879,235347,172620,31628,25,19372,27
2,layer2.0.conv2,2133414,False,4484142,8562679,4492404,100026,1258,172230,11219
2,layer2.0.bn2,43844,False,101608,241619,100128,30311,110,2501,90
2,layer2.0.relu2,17902,False,47190,84819,45696,12812,33,629,12
2,layer2.0.conv3,844539,False,1789045,5300889,1791384,58860,295,45980,4942
2,layer2.0.bn3,172099,False,372536,715467,371784,71293,90,53191,171
2,layer2.0.downsample.0,2307907,False,4849330,11209025,4858392,153695,1174,262363,8396
2,layer2.0.downsample.1,173196,False,374905,713167,374220,71174,146,52175,174
2,layer2.0.add,227231,False,488616,311348,488208,31805,92,77413,24
2,layer2.0.relu3,89894,False,198755,241612,197652,32616,56,24975,59
2,layer2.1.conv1,815824,False,1721041,5696762,1723512,33278,296,38092,2481
2,layer2.1.bn1,53063,False,121657,243751,120288,30451,92,11549,514
2,layer2.1.relu1,17174,False,45888,84939,44352,12831,25,836,11
2,layer2.1.conv2,1921742,False,4039678,8143740,4047036,90692,1163,43173,8766
2,layer2.1.bn2,41977,False,98135,241089,96684,30197,90,3210,76
2,layer2.1.relu2,17154,False,45682,84819,44352,12812,28,564,13
2,layer2.1.conv3,846741,False,1786212,5300400,1788696,58770,177,47446,4143
2,layer2.1.bn3,169927,False,368020,709785,367248,70427,64,52456,167
2,layer2.1.add,227922,False,490228,312945,489720,32087,93,77723,12
2,layer2.1.relu3,83927,False,186119,235347,184968,31628,30,22723,23
2,layer2.2.conv1,817375,False,1724477,5702927,1726704,34228,207,37005,2891
2,layer2.2.bn1,48023,False,110639,238301,109368,29582,56,10167,397
2,layer2.2.relu1,17255,False,46040,84939,44604,12831,26,862,20
2,layer2.2.conv2,1916591,False,4028003,8146160,4035444,91341,1046,43827,8347
2,layer2.2.bn2,40798,False,95283,241112,93912,30202,68,3082,95
2,layer2.2.relu2,17840,False,47178,84831,45612,12815,31,587,15
2,layer2.2.conv3,846666,False,1786140,5300617,1788612,58798,149,47163,4082
2,layer2.2.bn3,169554,False,367091,709702,366408,70407,66,52530,167
2,layer2.2.add,231592,False,497728,317662,497532,32817,70,78456,15
2,layer2.2.relu3,84300,False,186782,235359,185556,31631,29,23175,19
2,layer2.3.conv1,853144,False,1741390,5711357,1743672,35702,397,38398,3010
2,layer2.3.bn1,48539,False,111757,238485,110460,29617,37,10842,347
2,layer2.3.relu1,17638,False,46675,84939,45192,12831,23,772,16
2,layer2.3.conv2,1916259,False,4027616,8144657,4035024,90935,986,43264,8099
2,layer2.3.bn2,42587,False,99273,241299,97944,30244,92,3613,90
2,layer2.3.relu2,17577,False,46581,84831,45024,12815,30,608,10
2,layer2.3.conv3,847417,False,1788134,5302348,1790712,59100,187,47409,3642
2,layer2.3.bn3,172590,False,373350,712173,372708,70801,105,52655,179
2,layer2.3.add,226557,False,487439,311677,486864,31887,56,77475,16
2,layer2.3.relu3,84128,False,186648,235359,185556,31631,25,22734,32
2,layer3.0.conv1,1749973,False,3678919,10450391,3685584,98168,243,68229,5798
2,layer3.0.bn1,85704,False,190804,395276,189504,43168,59,22196,108
2,layer3.0.relu1,32392,False,77545,135140,76272,19110,32,3223,24
2,layer3.0.conv2,2197772,False,4618756,9206009,4627140,114908,1143,161426,37233
2,layer3.0.bn2,35678,False,84669,175109,83244,25408,116,5161,134
2,layer3.0.relu2,12076,False,35105,59818,33516,9700,43,512,8
2,layer3.0.conv3,969980,False,2044457,5932138,2047500,67992,160,45976,15141
2,layer3.0.bn3,92018,False,203346,444904,202104,51054,74,23845,245
2,layer3.0.downsample.0,2218296,False,4661261,10956291,4670064,133252,995,221060,30809
2,layer3.0.downsample.1,90688,False,200720,448149,199668,51785,96,21105,300
2,layer3.0.add,111337,False,244837,178710,243936,20128,79,35523,37
2,layer3.0.relu3,36972,False,87349,135020,85848,19091,32,6519,13
2,layer3.1.conv1,1009980,False,2128397,5945086,2131500,67725,212,54594,9096
2,layer3.1.bn1,33623,False,80196,172147,78708,24743,68,5264,106
2,layer3.1.relu1,11415,False,33659,59731,32172,9676,23,496,8
2,layer3.1.conv2,2033382,False,4274061,8734672,4282068,109670,1118,133462,33815
2,layer3.1.bn2,33720,False,80404,174783,79128,25335,69,1527,104
2,layer3.1.relu2,11986,False,34959,59888,33348,9705,31,468,4
2,layer3.1.conv3,971670,False,2048109,5931017,2051028,67818,103,46400,14880
2,layer3.1.bn3,93985,False,207570,444832,206388,51051,59,23602,307
2,layer3.1.add,105998,False,233711,173682,232680,19340,53,34268,28
2,layer3.1.relu3,35626,False,84220,135020,82740,19091,30,5937,28
2,layer3.2.conv1,1006867,False,2122359,5945101,2125620,67748,131,54113,9205
2,layer3.2.bn1,32534,False,77897,172255,76608,24771,66,5374,97
2,layer3.2.relu1,10916,False,32686,59743,31164,9679,16,494,7
2,layer3.2.conv2,2037647,False,4283353,8736393,4291056,109982,1047,134342,33809
2,layer3.2.bn2,33261,False,79638,174727,78288,25322,76,1481,110
2,layer3.2.relu2,11289,False,33398,59851,31836,9695,24,520,15
2,layer3.2.conv3,968502,False,2041594,5931803,2044476,67915,92,46561,15115
2,layer3.2.bn3,91218,False,201428,444831,200256,51046,56,24017,258
2,layer3.2.add,94792,False,209807,175151,208656,19590,60,28662,47
2,layer3.2.relu3,35813,False,85037,135007,83748,19087,24,5626,12
2,layer3.3.conv1,1020911,False,2151590,5945263,2154684,67761,103,54176,9706
2,layer3.3.bn1,31333,False,75369,172147,74004,24743,46,5253,111
2,layer3.3.relu1,10896,False,32622,59731,31080,9676,20,493,8
2,layer3.3.conv2,2030732,False,4268224,8731754,4276020,109006,989,134040,34723
2,layer3.3.bn2,32213,False,77405,175290,75936,25451,97,1587,119
2,layer3.3.relu2,11118,False,33003,59851,31416,9695,22,486,8
2,layer3.3.conv3,962713,False,2029097,5926000,2032212,67040,93,45144,15348
2,layer3.3.bn3,93021,False,205302,444797,204036,51040,47,23717,265
2,layer3.3.add,105219,False,232087,173682,231084,19340,43,34201,17
2,layer3.3.relu3,36265,False,86016,134995,84756,19084,29,5938,19
2,layer3.4.conv1,1009595,False,2127247,5945106,2130240,67748,86,54081,9186
2,layer3.4.bn1,32429,False,77812,172255,76356,24771,56,5318,83
2,layer3.4.relu1,11352,False,33550,59731,32088,9676,20,483,10
2,layer3.4.conv2,2032894,False,4272130,8733614,4280136,109352,949,133899,34866
2,layer3.4.bn2,32530,False,77927,175170,76692,25418,77,1504,100
2,layer3.4.relu2,11548,False,34057,59876,32592,9702,33,551,18
2,layer3.4.conv3,965714,False,2035318,5932098,2038260,67990,91,46584,15137
2,layer3.4.bn3,91910,False,203079,444819,201936,51044,50,23858,294
2,layer3.4.add,98108,False,217161,180045,215964,20322,47,29642,21
2,layer3.4.relu3,35348,False,84121,134995,82656,19084,24,5931,14
2,layer3.5.conv1,1014965,False,2138794,5945025,2141748,67725,77,53010,9418
2,layer3.5.bn1,33150,False,79044,172147,77700,24743,48,5366,110
2,layer3.5.relu1,10862,False,32499,59731,30996,9676,16,497,7
2,layer3.5.conv2,2031596,False,4270165,8731492,4277868,109020,733,133564,34624
2,layer3.5.bn2,32334,False,77626,174773,76188,25326,62,1465,105
2,layer3.5.relu2,11649,False,34634,59888,33096,9705,22,460,8
2,layer3.5.conv3,970274,False,2045167,5931762,2048172,67921,83,46072,15106
2,layer3.5.bn3,94890,False,209300,444843,208236,51053,59,23831,257
2,layer3.5.add,105723,False,233940,173788,232848,19357,60,34229,26
2,layer3.5.relu3,36852,False,87242,135344,85680,19142,32,6030,20
2,layer4.0.conv1,1970489,False,4141807,11790381,4149432,121319,185,117997,21306
2,layer4.0.bn1,50078,False,115159,264217,113904,33776,69,10144,193
2,layer4.0.relu1,17351,False,53568,90670,52332,13714,41,1199,31
2,layer4.0.conv2,3409298,False,7156847,11913267,7170912,159852,915,470117,147264
2,layer4.0.bn2,30176,False,73129,156015,71568,25079,124,3142,279
2,layer4.0.relu2,8761,False,28160,47285,26628,8118,18,509,18
2,layer4.0.conv3,1236872,False,2604361,8171077,2608620,52517,333,114104,32976
2,layer4.0.bn3,58983,False,133599,364964,132384,48988,76,11934,455
2,layer4.0.downsample.0,2880727,False,6057375,11973336,6061272,164921,1073,491735,124388
2,layer4.0.downsample.1,61474,False,138965,374008,137760,50583,146,3628,465
2,layer4.0.add,35783,False,85136,104774,83916,13073,63,7388,22
2,layer4.0.relu3,17811,False,46950,84819,45528,12812,42,645,10
2,layer4.1.conv1,1208906,False,2546040,8145060,2549988,51000,356,129312,27097
2,layer4.1.bn1,30987,False,74897,153386,73500,24480,114,3946,178
2,layer4.1.relu1,8534,False,27579,47190,26040,8106,34,509,14
2,layer4.1.conv2,3148410,False,6610344,11161214,6623568,156225,1062,464413,144778
2,layer4.1.bn2,29787,False,72210,155986,70896,25061,90,1566,150
2,layer4.1.relu2,8660,False,27697,47153,26208,8096,21,574,25
2,layer4.1.conv3,1233692,False,2597869,8176642,2601984,53351,168,114572,31268
2,layer4.1.bn3,57930,False,131224,364691,130032,48936,68,12060,476
2,layer4.1.add,38641,False,91071,106122,89628,13293,57,8629,22
2,layer4.1.relu3,16579,False,44572,84831,43092,12815,32,531,6
2,layer4.2.conv1,1205397,False,2538593,8145068,2542512,50999,207,128044,24787
2,layer4.2.bn1,29199,False,70851,153619,69468,24549,76,3796,142
2,layer4.2.relu1,8211,False,26902,47153,25284,8096,15,455,8
2,layer4.2.conv2,3149588,False,6613589,11163959,6626592,156667,998,464439,145011
2,layer4.2.bn2,31271,False,75586,155654,74088,25000,100,1591,108
2,layer4.2.relu2,8289,False,34913,53018,33432,9003,39,503,5
2,layer4.2.conv3,1229917,False,2589975,8170795,2594004,52450,169,114193,31289
2,layer4.2.bn3,59828,False,135575,364749,134484,48948,58,12003,422
2,layer4.2.add,36303,False,86057,104877,84840,13097,47,7423,25
2,layer4.2.relu3,17628,False,46777,84819,45192,12812,32,567,24
2,avgpool,79487,False,177010,274910,175644,38918,982,3122,1157
2,flatten,8401,False,27313,34885,25872,6554,118,406,142
2,fc,502028,False,1065272,347315,1065960,43749,325,133286,122205
3,conv1,2174831,False,4570964,8689727,4579344,97725,1152,178886,14015
3,bn1,328673,False,702472,1292283,702324,117653,262,104542,1408
3,relu,179318,False,387603,442543,387072,57737,78,53288,39
3,maxpool,10224103,False,21434045,42908368,21485268,7872093,376539,93849,8011
3,layer1.0.conv1,256391,False,491717,1512538,548940,19953,338,27336,3207
3,layer1.0.bn1,88953,False,196789,385612,195552,41614,362,21245,1072
3,layer1.0.relu1,33711,False,80563,134988,79296,19082,83,3163,24
3,layer1.0.conv2,1991817,False,4186933,8263438,4194708,91125,1732,66153,3958
3,layer1.0.bn2,87007,False,193059,394547,191940,43204,256,18799,244
3,layer1.0.relu2,32434,False,77703,134988,76356,19082,41,2998,19
3,layer1.0.conv3,856463,False,1807292,5278801,1809696,64721,258,65669,1222
3,layer1.0.bn3,319857,False,683340,1297817,683172,118287,335,101571,121
3,layer1.0.downsample.0,865125,False,1825054,5279150,1827588,64755,123,67063,3738
3,layer1.0.downsample.1,323630,False,690824,1297789,690816,118281,322,101537,439
3,layer1.0.add,456638,False,970537,593293,971208,57835,153,154640,191
3,layer1.0.relu3,174478,False,377719,436189,376908,56740,49,52215,19
3,layer1.1.conv1,807936,False,1705291,5645495,1707216,33558,208,62602,860
3,layer1.1.bn1,92418,False,204090,385809,202860,41652,143,26187,502
3,layer1.1.relu1,31755,False,76394,134988,75012,19082,21,2989,13
3,layer1.1.conv2,1982904,False,4168007,8263644,4175640,91315,1309,66485,2831
3,layer1.1.bn2,81076,False,180443,388841,179256,42322,189,17735,194
3,layer1.1.relu2,32113,False,77524,135025,76188,19092,36,2968,35
3,layer1.1.conv3,850821,False,1795584,5279479,1798104,64797,146,65250,916
3,layer1.1.bn3,321736,False,686877,1297737,686616,118267,317,101671,130
3,layer1.1.add,445881,False,954609,593367,948108,56945,73,153513,18
3,layer1.1.relu3,174500,False,377460,436164,376572,56733,38,52359,15
3,layer1.2.conv1,807605,False,1704809,5645462,1707048,33564,135,62590,993
3,layer1.2.bn1,90811,False,200992,385791,199920,41648,125,26080,283
3,layer1.2.relu1,31085,False,74898,134988,73332,19082,21,3015,26
3,layer1.2.conv2,1977648,False,4157010,8265810,4164804,91552,1085,66750,2527
3,layer1.2.bn2,78665,False,175539,388706,174300,42289,176,17566,102
3,layer1.2.relu2,32845,False,78820,135000,77448,19085,37,2999,18
3,layer1.2.conv3,846549,False,1793109,5279241,1795584,64775,147,65232,952
3,layer1.2.bn3,322686,False,689014,1303957,688884,119235,319,102459,128
3,layer1.2.add,450743,False,956933,587494,957348,56949,49,153598,21
3,layer1.2.relu3,173868,False,376190,436226,375396,56750,32,52224,17
3,layer2.0.conv1,1590272,False,3345259,11225597,3351096,54353,201,127092,2060
3,layer2.0.bn1,173046,False,375344,691311,374472,67445,202,53844,252
3,layer2.0.relu1,78152,False,174115,235340,172956,31626,27,19452,27
3,layer2.0.conv2,2137966,False,4493209,8562221,4501644,99512,1120,173254,11711
3,layer2.0.bn2,44776,False,103993,241437,102648,30269,118,2687,122
3,layer2.0.relu2,18163,False,47661,84812,46116,12810,37,655,20
3,layer2.0.conv3,846690,False,1786081,5300519,1788276,58775,199,46510,5119
3,layer2.0.bn3,169096,False,365926,709618,364980,70392,77,52488,194
3,layer2.0.downsample.0,2305490,False,4844682,11212258,4853856,154349,1181,262445,8151
3,layer2.0.downsample.1,173399,False,374819,713070,374220,71156,134,52174,192
3,layer2.0.add,229942,False,494003,316822,493752,32667,89,78491,29
3,layer2.0.relu3,85929,False,190224,235340,189084,31626,36,23749,33
3,layer2.1.conv1,820341,False,1730388,5702804,1732668,34202,232,38659,2509
3,layer2.1.bn1,48625,False,112308,238515,111048,29623,70,10674,589
3,layer2.1.relu1,17078,False,45681,84939,44184,12831,30,826,24
3,layer2.1.conv2,1919443,False,4034157,8143761,4041660,90755,1033,43534,8840
3,layer2.1.bn2,41525,False,96813,241196,95424,30226,110,3335,79
3,layer2.1.relu2,17704,False,46798,84819,45276,12812,26,581,8
3,layer2.1.conv3,848175,False,1789511,5300322,1791888,58752,148,47458,4212
3,layer2.1.bn3,169387,False,366857,709874,365988,70448,67,52322,152
3,layer2.1.add,226533,False,486723,311597,486024,31867,65,77820,24
3,layer2.1.relu3,83635,False,185328,235347,184296,31628,23,22841,31
3,layer2.2.conv1,811886,False,1720492,5702614,1722756,34175,156,36450,2849
3,layer2.2.bn1,47758,False,110132,238515,108696,29623,59,10160,464
3,layer2.2.relu1,17832,False,47258,85307,45864,12880,51,937,71
3,layer2.2.conv2,1914039,False,4030090,8143109,4037460,90589,1017,43652,8362
3,layer2.2.bn2,43917,False,101818,247119,100464,31140,75,3577,99
3,layer2.2.relu2,17260,False,46130,84831,44604,12815,29,601,13
3,layer2.2.conv3,841495,False,1775828,5294455,1778028,57845,122,46433,3737
3,layer2.2.bn3,174149,False,376832,716188,375984,71425,68,53305,167
3,layer2.2.add,229100,False,491909,311650,491400,31878,53,77394,19
3,layer2.2.relu3,83853,False,186170,235359,184968,31631,25,23068,22
3,layer2.3.conv1,816625,False,1722962,5703167,1725108,34277,154,37380,2915
3,layer2.3.bn1,47542,False,109739,238565,108360,29637,43,10390,304
3,layer2.3.relu1,16954,False,45283,84939,43848,12831,20,821,17
3,layer2.3.conv2,1915152,False,4025389,8146069,4032672,91183,994,43000,8051
3,layer2.3.bn2,42440,False,99124,243716,97608,30644,108,3539,94
3,layer2.3.relu2,17700,False,46733,84831,45192,12815,36,657,14
3,layer2.3.conv3,846185,False,1784898,5300326,1787184,58748,145,47356,3692
3,layer2.3.bn3,170239,False,368497,709652,368004,70401,70,52420,164
3,layer2.3.add,229061,False,491819,317530,491316,32787,48,78284,13
3,layer2.3.relu3,84213,False,186536,235359,185388,31631,25,22719,30
3,layer3.0.conv1,1754391,False,3688441,10444499,3695076,97255,264,67731,5882
3,layer3.0.bn1,84841,False,188213,395478,187068,43206,63,22167,108
3,layer3.0.relu1,31628,False,76228,135140,74760,19110,29,3174,16
3,layer3.0.conv2,2190473,False,4603119,9198510,4611852,113738,1156,160561,37302
3,layer3.0.bn2,35638,False,84616,175020,83160,25385,95,5046,106
3,layer3.0.relu2,12034,False,35000,59818,33600,9700,34,546,13
3,layer3.0.conv3,969632,False,2043798,5931824,2046744,67936,134,45783,15166
3,layer3.0.bn3,91420,False,202064,445035,201096,51064,93,23740,248
3,layer3.0.downsample.0,2220526,False,4666143,10959098,4674768,133723,1130,221662,30840
3,layer3.0.downsample.1,90805,False,208211,452924,207060,52502,125,21648,295
3,layer3.0.add,108075,False,237855,173461,236880,19297,77,34830,30
3,layer3.0.relu3,37805,False,89383,136368,88032,19311,52,6230,9
3,layer3.1.conv1,1012495,False,2134149,5944846,2137380,67687,245,55128,9199
3,layer3.1.bn1,32809,False,78612,172147,77028,24743,67,5354,123
3,layer3.1.relu1,11137,False,33037,59811,31500,9696,25,465,10
3,layer3.1.conv2,2032490,False,4271827,8733122,4279632,109269,988,133317,33893
3,layer3.1.bn2,32472,False,77693,174723,76356,25317,85,1483,111
3,layer3.1.relu2,12052,False,34950,59968,33516,9725,38,486,5
3,layer3.1.conv3,969592,False,2043685,5931640,2046660,67893,126,46330,14912
3,layer3.1.bn3,93096,False,205215,444751,204036,51010,58,23590,347
3,layer3.1.add,110091,False,242151,180162,241248,20357,76,35276,27
3,layer3.1.relu3,36254,False,85743,135100,84504,19111,30,6225,22
3,layer3.2.conv1,1006327,False,2120986,5945131,2123940,67755,137,54008,9220
3,layer3.2.bn1,32260,False,77482,172255,76104,24771,57,5348,93
3,layer3.2.relu1,10766,False,32414,59823,30912,9699,18,501,11
3,layer3.2.conv2,2033095,False,4272976,8732789,4280892,109219,1089,134146,33884
3,layer3.2.bn2,32829,False,78668,174946,77280,25376,79,1546,110
3,layer3.2.relu2,10991,False,32830,59931,31248,9715,24,510,19
3,layer3.2.conv3,1005530,False,2063598,5939280,2066400,69228,299,48451,15057
3,layer3.2.bn3,91314,False,201729,444725,200508,51014,52,24114,264
3,layer3.2.add,94723,False,209682,173718,208404,19348,49,28666,39
3,layer3.2.relu3,35365,False,84073,135087,82656,19107,23,5776,15
3,layer3.3.conv1,1004295,False,2116304,5945042,2119404,67731,106,54334,9307
3,layer3.3.bn1,32943,False,78818,172147,77280,24743,59,5177,97
3,layer3.3.relu1,10479,False,31571,59811,29988,9696,19,500,10
3,layer3.3.conv2,2036765,False,4280740,8730487,4288620,108754,1078,133667,34848
3,layer3.3.bn2,32575,False,78089,175024,76692,25386,90,1529,114
3,layer3.3.relu2,10826,False,32466,59931,30912,9715,23,534,14
3,layer3.3.conv3,968452,False,2041648,5931864,2044476,67929,102,46391,15282
3,layer3.3.bn3,94933,False,209381,444622,208236,50994,64,23966,296
3,layer3.3.add,105460,False,232307,173684,231336,19338,54,34225,26
3,layer3.3.relu3,35512,False,84238,135075,82824,19104,22,5802,12
3,layer3.4.conv1,1005215,False,2117959,5945114,2121168,67746,91,54267,9101
3,layer3.4.bn1,32406,False,77591,172121,76272,24750,47,5272,85
3,layer3.4.relu1,10915,False,32442,59811,30912,9696,23,489,11
3,layer3.4.conv2,2034696,False,4277234,8733769,4285176,109321,1116,134469,34833
3,layer3.4.bn2,32763,False,78445,174756,77196,25323,86,1596,108
3,layer3.4.relu2,11479,False,33849,59956,32424,9722,25,497,9
3,layer3.4.conv3,962686,False,2028701,5925684,2031624,66970,97,45495,15062
3,layer3.4.bn3,91093,False,202299,444774,201180,51021,74,24058,293
3,layer3.4.add,94037,False,208540,173699,207480,19345,46,28694,27
3,layer3.4.relu3,34934,False,83864,135298,82656,19158,39,5801,10
3,layer3.5.conv1,1011251,False,2131363,5945541,2134356,67831,103,53311,9367
3,layer3.5.bn1,34317,False,82103,172147,80556,24743,80,5405,106
3,layer3.5.relu1,11600,False,33997,59811,32424,9696,24,467,6
3,layer3.5.conv2,2032886,False,4272570,8728399,4280556,108375,1055,133571,34811
3,layer3.5.bn2,32656,False,78266,174800,76860,25337,88,1506,107
3,layer3.5.relu2,11710,False,34376,59968,32928,9725,35,518,13
3,layer3.5.conv3,975252,False,2055786,5932014,2058840,67959,110,46123,15101
3,layer3.5.bn3,92817,False,204933,444736,203868,51009,51,23782,313
3,layer3.5.add,109217,False,240358,179625,239232,20262,46,35283,25
3,layer3.5.relu3,35948,False,85167,135087,83748,19107,27,6048,18
3,layer4.0.conv1,1970163,False,4140542,11790381,4148172,121319,171,117700,21116
3,layer4.0.bn1,51169,False,117366,265421,116088,33936,97,10167,173
3,layer4.0.relu1,16805,False,44998,84819,43428,12812,25,630,12
3,layer4.0.conv2,3404938,False,7147850,11907112,7162008,158492,962,470230,148046
3,layer4.0.bn2,31046,False,75119,156322,73500,25140,133,3222,236
3,layer4.0.relu2,9056,False,28930,47285,27384,8118,32,580,49
3,layer4.0.conv3,1243626,False,2618849,8177600,2623068,53510,375,115596,33612
3,layer4.0.bn3,57925,False,131240,364926,129948,48982,83,11962,505
3,layer4.0.downsample.0,2887559,False,6063659,11974821,6075552,166220,1184,492599,125719
3,layer4.0.downsample.1,58109,False,131551,368678,130284,49818,170,2885,472
3,layer4.0.add,36131,False,85992,104612,84504,13033,56,7351,27
3,layer4.0.relu3,17839,False,47360,85156,45864,12867,52,659,11
3,layer4.1.conv1,1208862,False,2545901,8145429,2549988,51047,378,129303,28460
3,layer4.1.bn1,31317,False,75651,153262,74172,24459,108,3956,206
3,layer4.1.relu1,8035,False,26473,47190,24948,8106,28,469,9
3,layer4.1.conv2,3155505,False,6624983,11163585,6638184,156560,1135,464286,146004
3,layer4.1.bn2,31366,False,75463,156151,74088,25113,129,1729,165
3,layer4.1.relu2,8608,False,27769,47153,26376,8096,27,499,16
3,layer4.1.conv3,1234555,False,2599208,8170680,2603412,52436,242,113973,33195
3,layer4.1.bn3,58373,False,132328,364860,130788,48969,82,12016,496
3,layer4.1.add,38434,False,90924,104689,89292,13051,58,8580,31
3,layer4.1.relu3,17170,False,45730,84831,44268,12815,27,557,8
3,layer4.2.conv1,1206886,False,2541830,8145567,2545788,51075,229,128702,28982
3,layer4.2.bn1,29514,False,71900,153283,70476,24466,56,3826,148
3,layer4.2.relu1,7331,False,25144,47153,23604,8096,15,462,7
3,layer4.2.conv2,3159690,False,6633742,11175238,6646584,158859,1113,465021,145243
3,layer4.2.bn2,31058,False,74862,155913,73416,25061,107,1625,109
3,layer4.2.relu2,7892,False,26350,47165,24696,8099,19,523,14
3,layer4.2.conv3,1236608,False,2603699,8170675,2607948,52430,200,114544,32967
3,layer4.2.bn3,61457,False,138666,365260,137424,49053,72,11974,418
3,layer4.2.add,35521,False,84403,104715,82992,13057,50,7363,24
3,layer4.2.relu3,17175,False,45580,84819,44016,12812,25,547,13
3,avgpool,80634,False,179350,274715,178332,38876,979,3247,1276
3,flatten,12785,False,36552,41283,35028,7541,118,1002,137
3,fc,497049,False,1054100,341503,1054788,42862,318,132449,122396
4,conv1,2178464,False,4579003,8682094,4587660,96238,1162,178837,14627
4,bn1,334563,False,714148,1298678,714168,118640,284,105663,1643
4,relu,175064,False,378668,436414,377748,56791,61,52200,40
4,maxpool,10261058,False,21510940,42887874,21562464,7868459,379317,92550,6566
4,layer1.0.conv1,256163,False,500989,1518582,547512,20888,330,27855,2707
4,layer1.0.bn1,88804,False,196598,385644,195216,41622,371,21137,883
4,layer1.0.relu1,33081,False,79112,134988,77784,19082,82,3171,11
4,layer1.0.conv2,1994659,False,4192095,8262040,4199832,90847,1755,65883,3573
4,layer1.0.bn2,83061,False,184570,389052,183456,42383,295,18062,157
4,layer1.0.relu2,32808,False,78539,134988,77112,19082,43,3175,22
4,layer1.0.conv3,854949,False,1803700,5278695,1806168,64713,263,65709,1185
4,layer1.0.bn3,319270,False,681530,1297867,681492,118300,344,101581,115
4,layer1.0.downsample.0,864821,False,1824477,5279388,1827000,64791,165,67018,3390
4,layer1.0.downsample.1,327771,False,699192,1303793,699216,119218,335,102372,379
4,layer1.0.add,452207,False,960142,587289,960624,56898,123,153626,210
4,layer1.0.relu3,173578,False,375652,436189,374892,56740,52,52230,11
4,layer1.1.conv1,806175,False,1701933,5645257,1704276,33522,219,62427,786
4,layer1.1.bn1,92352,False,204071,385889,203028,41672,144,26237,444
4,layer1.1.relu1,32881,False,78701,136336,77196,19302,31,2957,14
4,layer1.1.conv2,1984218,False,4170771,8264443,4178328,91235,1350,66419,2499
4,layer1.1.bn2,79103,False,176372,388749,175140,42301,183,17740,142
4,layer1.1.relu2,31972,False,84455,140956,83160,20014,46,3256,22
4,layer1.1.conv3,846476,False,1786592,5273317,1788864,63844,163,64401,893
4,layer1.1.bn3,323430,False,690736,1303941,690564,119229,324,102454,266
4,layer1.1.add,446603,False,948502,587434,948864,56925,75,153580,173
4,layer1.1.relu3,178204,False,385020,442168,384468,57670,44,53150,12
4,layer1.2.conv1,803858,False,1697502,5639568,1699656,32654,216,62032,967
4,layer1.2.bn1,96977,False,213767,391583,212772,42546,116,26929,143
4,layer1.2.relu1,31955,False,76858,135068,75516,19102,29,3258,21
4,layer1.2.conv2,1975223,False,4151435,8262981,4159008,90967,1124,65880,2398
4,layer1.2.bn2,79282,False,176861,388673,175728,42283,171,17655,101
4,layer1.2.relu2,32976,False,79087,135080,77700,19105,36,3073,15
4,layer1.2.conv3,851837,False,1797065,5279770,1799532,64873,182,65273,971
4,layer1.2.bn3,318908,False,680907,1297795,680568,118282,307,101587,144
4,layer1.2.add,453443,False,963305,593798,963816,57916,65,154670,25
4,layer1.2.relu3,173696,False,376545,436306,375816,56770,32,52150,16
4,layer2.0.conv1,1589090,False,3342746,11219910,3348576,53467,281,126332,1904
4,layer2.0.bn1,174169,False,376708,695963,375984,68155,196,54685,129
4,layer2.0.relu1,78141,False,174095,235420,172872,31646,23,19445,37
4,layer2.0.conv2,2132824,False,4481833,8557604,4490472,98819,1157,173242,11443
4,layer2.0.bn2,44580,False,103234,241242,102060,30225,94,2495,115
4,layer2.0.relu2,17538,False,46686,84892,45276,12830,33,619,13
4,layer2.0.conv3,847509,False,1787930,5300798,1790292,58825,205,46568,5376
4,layer2.0.bn3,168680,False,365296,709534,364476,70375,83,52409,176
4,layer2.0.downsample.0,2311278,False,4857396,11216441,4866708,154985,1255,264418,8254
4,layer2.0.downsample.1,174549,False,377717,713272,376908,71199,169,52354,196
4,layer2.0.add,226141,False,486741,311354,485940,31809,77,77418,24
4,layer2.0.relu3,86098,False,190919,235420,189840,31646,53,23681,35
4,layer2.1.conv1,822059,False,1734420,5702954,1736532,34225,336,39296,2667
4,layer2.1.bn1,48978,False,112623,238428,111300,29601,86,10565,536
4,layer2.1.relu1,17936,False,47329,85012,45948,12849,35,842,19
4,layer2.1.conv2,1919156,False,4034014,8145499,4041240,91186,1216,43781,9014
4,layer2.1.bn2,41872,False,97492,241205,96096,30226,111,3305,77
4,layer2.1.relu2,17924,False,47307,84899,45864,12832,45,595,11
4,layer2.1.conv3,846483,False,1786132,5300945,1788612,58856,211,47446,4576
4,layer2.1.bn3,171841,False,371946,709850,371280,70440,97,52315,168
4,layer2.1.add,229758,False,493915,317583,493500,32792,71,78588,32
4,layer2.1.relu3,83952,False,186118,235427,184968,31648,28,22765,20
4,layer2.2.conv1,818833,False,1727692,5702764,1729896,34204,213,36946,3138
4,layer2.2.bn1,47117,False,108605,238435,107352,29603,54,10253,429
4,layer2.2.relu1,17268,False,46092,85019,44688,12851,25,818,10
4,layer2.2.conv2,1921456,False,4038296,8147376,4045692,91374,1094,43516,8598
4,layer2.2.bn2,42293,False,98723,241311,97272,30241,104,3162,106
4,layer2.2.relu2,17776,False,46946,84911,45192,12835,35,596,11
4,layer2.2.conv3,846491,False,1786021,5300837,1788444,58841,163,47397,4371
4,layer2.2.bn3,169592,False,366846,709890,366072,70438,83,52562,155
4,layer2.2.add,228037,False,490435,311653,490056,31878,53,77474,15
4,layer2.2.relu3,83914,False,186194,235439,185052,31651,25,23082,29
4,layer2.3.conv1,817616,False,1724598,5704739,1726956,34522,203,37263,3122
4,layer2.3.bn1,50136,False,115252,240943,113904,30023,94,10422,341
4,layer2.3.relu1,17447,False,46110,86367,44688,13071,33,833,17
4,layer2.3.conv2,1919162,False,4033974,8147424,4041240,91471,1078,43398,8367
4,layer2.3.bn2,42490,False,99141,241259,97692,30234,91,3464,81
4,layer2.3.relu2,18472,False,54644,91117,53088,13789,33,674,22
4,layer2.3.conv3,840776,False,1773920,5294402,1776096,57831,138,46528,3700
4,layer2.3.bn3,174200,False,377317,715475,376572,71280,71,53475,168
4,layer2.3.add,225156,False,483916,311597,483252,31867,46,77343,13
4,layer2.3.relu3,83888,False,186100,235439,184800,31651,28,22704,31
4,layer3.0.conv1,1714026,False,3603468,10450567,3609900,98192,250,68103,6394
4,layer3.0.bn1,84173,False,187152,395410,186060,43189,69,22312,129
4,layer3.0.relu1,32476,False,77724,135220,76188,19130,37,3252,21
4,layer3.0.conv2,2196100,False,4614808,9201503,4623528,114377,1188,160564,38353
4,layer3.0.bn2,35581,False,84179,175072,82824,25402,96,5043,107
4,layer3.0.relu2,11955,False,34826,59898,33348,9720,29,507,26
4,layer3.0.conv3,971036,False,2046756,5932537,2049768,68050,145,46016,15646
4,layer3.0.bn3,94210,False,207783,450898,206892,51975,98,24391,253
4,layer3.0.downsample.0,2217480,False,4659626,10955866,4668384,133053,999,221216,31121
4,layer3.0.downsample.1,90616,False,200212,448053,198912,51760,127,21294,294
4,layer3.0.add,107028,False,235169,173466,234108,19299,60,34768,34
4,layer3.0.relu3,38025,False,89454,135100,88032,19111,47,6300,10
4,layer3.1.conv1,1013384,False,2135592,5944905,2138808,67695,245,54389,10387
4,layer3.1.bn1,31877,False,76770,172147,75180,24743,62,5322,112
4,layer3.1.relu1,11057,False,32920,59811,31500,9696,26,499,16
4,layer3.1.conv2,2034780,False,4277674,8732968,4285428,109204,1099,133847,34224
4,layer3.1.bn2,33389,False,79950,175069,78540,25402,82,1541,114
4,layer3.1.relu2,12333,False,41874,59968,34272,9725,38,489,11
4,layer3.1.conv3,971347,False,2047375,5931655,2050356,67892,103,46262,15280
4,layer3.1.bn3,93778,False,206854,444761,205800,51025,70,23895,329
4,layer3.1.add,105406,False,232776,173602,231756,19320,50,34293,18
4,layer3.1.relu3,36436,False,86243,135100,84840,19111,25,5889,21
4,layer3.2.conv1,1007720,False,2123402,5945456,2126712,67800,125,53895,10825
4,layer3.2.bn1,32482,False,77757,172147,76356,24743,45,5307,96
4,layer3.2.relu1,10809,False,32460,59823,30912,9699,26,492,10
4,layer3.2.conv2,2032636,False,4272742,8731572,4280724,108951,1017,133777,34179
4,layer3.2.bn2,32917,False,78913,174673,77532,25312,75,1584,115
4,layer3.2.relu2,11860,False,34742,59931,33012,9715,29,530,22
4,layer3.2.conv3,970386,False,2045241,5931951,2048088,67936,91,46539,15412
4,layer3.2.bn3,92240,False,203890,444781,202776,51034,69,23872,277
4,layer3.2.add,97222,False,214973,179708,213864,20277,48,29584,28
4,layer3.2.relu3,35237,False,83732,135087,82236,19107,27,5609,13
4,layer3.3.conv1,1023413,False,2156437,5945099,2159556,67737,103,53855,10396
4,layer3.3.bn1,31774,False,76426,172147,75180,24743,53,5340,100
4,layer3.3.relu1,10723,False,32146,59811,30660,9696,21,495,9
4,layer3.3.conv2,2031339,False,4269748,8734399,4277616,109510,968,133598,35031
4,layer3.3.bn2,31812,False,76870,175049,75348,25394,94,1592,130
4,layer3.3.relu2,11381,False,33505,59931,31920,9715,30,484,14
4,layer3.3.conv3,966479,False,2037177,5932290,2039856,68028,103,46189,15462
4,layer3.3.bn3,93460,False,206104,444792,204876,51038,70,23782,271
4,layer3.3.add,105664,False,232562,173602,231504,19320,39,34309,37
4,layer3.3.relu3,36059,False,85426,135075,84084,19104,23,5894,14
4,layer3.4.conv1,1012294,False,2133233,5945634,2136456,67820,99,53783,10485
4,layer3.4.bn1,35852,False,84848,178665,83412,25759,73,5851,87
4,layer3.4.relu1,11387,False,33507,61159,32004,9916,29,509,8
4,layer3.4.conv2,2028799,False,4264692,8730701,4272408,108689,1012,134001,35109
4,layer3.4.bn2,32912,False,78855,174977,77364,25379,73,1445,100
4,layer3.4.relu2,11735,False,34170,59956,32844,9722,36,498,11
4,layer3.4.conv3,968476,False,2041344,5932483,2044224,68038,108,46886,15300
4,layer3.4.bn3,91827,False,203169,444832,201936,51045,62,23902,276
4,layer3.4.add,93852,False,207836,173596,206556,19318,43,28703,35
4,layer3.4.relu3,36164,False,85533,135075,84336,19104,28,5732,12
4,layer3.5.conv1,1005883,False,2119865,5945086,2122932,67735,101,52627,10724
4,layer3.5.bn1,32419,False,77610,172013,76188,24722,51,5286,96
4,layer3.5.relu1,11846,False,34402,59811,33012,9696,28,490,10
4,layer3.5.conv2,2036491,False,4281139,8732299,4289208,109065,1023,133970,34876
4,layer3.5.bn2,33202,False,79441,175093,77868,25410,87,1538,112
4,layer3.5.relu2,12000,False,41231,65881,39816,10636,53,1072,11
4,layer3.5.conv3,971131,False,2047151,5932239,2050020,68001,103,45674,15274
4,layer3.5.bn3,94165,False,207910,444812,206892,51034,72,24039,273
4,layer3.5.add,104735,False,231165,173627,230076,19327,41,34154,25
4,layer3.5.relu3,35555,False,84228,135087,82824,19107,26,5878,17
4,layer4.0.conv1,1960896,False,4121865,11790261,4129020,121299,175,117147,24288
4,layer4.0.bn1,49229,False,113324,263762,111804,33648,79,10170,207
4,layer4.0.relu1,17671,False,46934,84899,45444,12832,31,587,14
4,layer4.0.conv2,3429096,False,7198554,11915348,7212996,159887,968,470858,153713
4,layer4.0.bn2,30663,False,74564,156215,73164,25121,118,3229,284
4,layer4.0.relu2,8987,False,28681,47365,27048,8138,31,541,31
4,layer4.0.conv3,1247912,False,2627628,8170111,2631888,52393,402,114395,38567
4,layer4.0.bn3,58837,False,133262,364702,131964,48939,94,11999,465
4,layer4.0.downsample.0,2890259,False,6069823,11976285,6081684,166675,1219,492227,129526
4,layer4.0.downsample.1,57800,False,130879,368314,129528,49736,128,2722,482
4,layer4.0.add,35164,False,83852,104694,82488,13053,52,7351,25
4,layer4.0.relu3,17644,False,46782,84899,45360,12832,37,718,14
4,layer4.1.conv1,1211800,False,2552014,8145117,2555784,51006,302,128887,33799
4,layer4.1.bn1,30411,False,82231,160017,80808,25526,115,3895,172
4,layer4.1.relu1,8051,False,26604,47270,25116,8126,28,464,6
4,layer4.1.conv2,3165043,False,6645849,11175735,6658932,159024,997,465083,149839
4,layer4.1.bn2,29659,False,72012,156376,70476,25148,115,1628,145
4,layer4.1.relu2,8405,False,27402,47233,26040,8116,27,475,14
4,layer4.1.conv3,1235077,False,2600513,8170610,2604588,52424,253,113277,34760
4,layer4.1.bn3,58266,False,132035,364699,130704,48938,77,12042,503
4,layer4.1.add,38855,False,91389,104690,90132,13052,51,8644,27
4,layer4.1.relu3,17534,False,46429,85248,45024,12890,47,615,10
4,layer4.2.conv1,1222018,False,2573566,8164351,2577708,54112,260,129733,29646
4,layer4.2.bn1,29384,False,71435,153463,69720,24499,70,3803,153
4,layer4.2.relu1,7624,False,25592,47233,24024,8116,20,502,8
4,layer4.2.conv2,3159411,False,6634431,11162104,6647508,156370,861,464363,148435
4,layer4.2.bn2,31507,False,76122,155933,74676,25061,120,1686,123
4,layer4.2.relu2,8257,False,27158,47245,25536,8119,24,547,26
4,layer4.2.conv3,1237907,False,2606516,8170611,2610720,52418,230,114506,33526
4,layer4.2.bn3,64611,False,145327,370948,144060,49917,83,12801,471
4,layer4.2.add,35356,False,84144,104711,82824,13056,44,7402,23
4,layer4.2.relu3,17804,False,47137,84899,45612,12832,34,538,12
4,avgpool,81453,False,181202,275157,179928,38974,1003,3202,1173
4,flatten,8983,False,28664,34885,27300,6554,118,459,190
4,fc,497953,False,1056404,342774,1057056,43062,331,132224,122646
5,conv1,2173337,False,4567353,8691143,4575732,97661,1091,179045,12426
5,bn1,329644,False,703777,1292187,703584,117627,314,104577,865
5,relu,176109,False,380977,436421,380352,56793,68,52198,29
5,maxpool,10252709,False,21494071,42894852,21545412,7869519,378500,92444,6426
5,layer1.0.conv1,261778,False,488151,1512552,560448,19954,314,27117,2902
5,layer1.0.bn1,87328,False,193790,385749,192612,41644,332,21211,583
5,layer1.0.relu1,33373,False,79758,134995,78288,19084,70,3163,11
5,layer1.0.conv2,1989133,False,4181452,8261339,4188996,90716,1686,65847,3446
5,layer1.0.bn2,81413,False,181554,388408,180516,42232,256,17828,171
5,layer1.0.relu2,32163,False,77371,134995,75936,19084,48,3025,21
5,layer1.0.conv3,856839,False,1808261,5279473,1810620,64811,300,65795,1176
5,layer1.0.bn3,324698,False,693037,1303816,693000,119210,351,102545,119
5,layer1.0.downsample.0,860983,False,1816904,5273238,1819524,63837,200,66389,3551
5,layer1.0.downsample.1,322471,False,695899,1297792,688296,118281,313,101614,532
5,layer1.0.add,452179,False,960312,587296,960624,56900,129,153644,237
5,layer1.0.relu3,178622,False,386056,442548,385308,57740,66,53374,30
5,layer1.1.conv1,803234,False,1695827,5639334,1698060,32603,196,61784,823
5,layer1.1.bn1,96378,False,212545,392455,211512,42671,167,27153,316
5,layer1.1.relu1,32351,False,77581,134995,76020,19084,28,3074,14
5,layer1.1.conv2,1988314,False,4179053,8267355,4186644,91967,1427,65894,2508
5,layer1.1.bn2,79796,False,177780,388865,176568,42334,198,17975,121
5,layer1.1.relu2,31735,False,76834,135032,75348,19094,32,3023,28
5,layer1.1.conv3,853174,False,1800151,5279697,1802472,64824,193,65322,912
5,layer1.1.bn3,321061,False,685353,1297780,685356,118274,324,101408,297
5,layer1.1.add,449679,False,954826,593736,955332,57901,81,154570,182
5,layer1.1.relu3,173811,False,376238,436171,375480,56735,37,52393,23
5,layer1.2.conv1,809472,False,1708335,5645508,1710492,33569,135,62543,968
5,layer1.2.bn1,91910,False,203196,385794,202188,41648,128,26199,121
5,layer1.2.relu1,31883,False,76565,134995,75096,19084,23,3067,15
5,layer1.2.conv2,1976755,False,4155081,8263226,4162620,91023,991,66494,2363
5,layer1.2.bn2,80071,False,178310,388554,177240,42256,178,17471,76
5,layer1.2.relu2,31943,False,76851,135007,75432,19087,30,2995,16
5,layer1.2.conv3,853852,False,1801450,5279451,1803816,64815,179,65646,947
5,layer1.2.bn3,319854,False,682855,1297798,682668,118282,307,101609,138
5,layer1.2.add,452900,False,961663,593329,962304,57845,74,154517,21
5,layer1.2.relu3,174246,False,377346,436233,376656,56752,39,52335,16
5,layer2.0.conv1,1591040,False,3346149,11225672,3351768,54362,213,126765,1883
5,layer2.0.bn1,171916,False,372114,689905,371196,67211,205,53888,117
5,layer2.0.relu1,77973,False,173645,235347,172452,31628,23,19505,41
5,layer2.0.conv2,2132917,False,4481948,8561671,4490220,99738,1071,172336,10782
5,layer2.0.bn2,43700,False,101826,241563,100548,30292,107,2455,92
5,layer2.0.relu2,17199,False,45766,84819,44268,12812,27,639,10
5,layer2.0.conv3,847966,False,1789213,5300586,1791636,58808,178,46524,4760
5,layer2.0.bn3,169792,False,374824,715420,374052,71281,89,52980,166
5,layer2.0.downsample.0,2303012,False,4839542,11213334,4848816,154561,1180,262683,8109
5,layer2.0.downsample.1,173272,False,375075,713583,374388,71268,145,52451,174
5,layer2.0.add,225992,False,485358,311351,484848,31805,70,77406,43
5,layer2.0.relu3,85556,False,189558,235347,188664,31628,46,23746,40
5,layer2.1.conv1,814929,False,1719159,5696781,1721412,33277,262,38058,2559
5,layer2.1.bn1,49551,False,113947,238471,112644,29608,79,10712,465
5,layer2.1.relu1,17906,False,47256,84939,45864,12831,27,816,15
5,layer2.1.conv2,1915322,False,4025549,8141505,4032672,90483,1072,42974,8742
5,layer2.1.bn2,45071,False,104601,247068,103152,31127,98,3726,84
5,layer2.1.relu2,17850,False,47364,84819,45612,12812,26,556,9
5,layer2.1.conv3,842015,False,1776451,5294472,1778532,57851,150,46666,4050
5,layer2.1.bn3,170959,False,369907,709995,369180,70469,82,52625,162
5,layer2.1.add,226241,False,486290,311600,485772,31867,68,77666,18
5,layer2.1.relu3,83484,False,185264,235347,184044,31628,25,22720,33
5,layer2.2.conv1,815861,False,1720829,5702802,1723176,34216,225,37289,2927
5,layer2.2.bn1,47721,False,109838,238431,108612,29601,58,10137,348
5,layer2.2.relu1,16694,False,44860,84939,43344,12831,22,818,7
5,layer2.2.conv2,1916016,False,4027384,8144690,4034520,90886,933,43516,8433
5,layer2.2.bn2,42154,False,98472,240983,97188,30166,111,3313,92
5,layer2.2.relu2,17705,False,46850,84831,45444,12815,31,554,11
5,layer2.2.conv3,847752,False,1788454,5302471,1790796,59127,146,47372,4043
5,layer2.2.bn3,172078,False,372915,712164,372036,70811,113,52804,181
5,layer2.2.add,232016,False,498196,317981,497700,32852,75,78480,20
5,layer2.2.relu3,84318,False,187208,235359,185892,31631,30,23273,24
5,layer2.3.conv1,817329,False,1724105,5703110,1726284,34260,199,36898,2904
5,layer2.3.bn1,48598,False,111911,238481,110628,29615,68,10596,322
5,layer2.3.relu1,17556,False,46712,84939,45276,12831,27,818,10
5,layer2.3.conv2,1916202,False,4027487,8145116,4034772,90984,971,43197,8261
5,layer2.3.bn2,41722,False,97654,241380,96264,30265,84,3667,81
5,layer2.3.relu2,17816,False,47225,84831,45780,12815,34,630,11
5,layer2.3.conv3,846519,False,1785721,5301097,1787940,58893,151,47617,3636
5,layer2.3.bn3,170346,False,368860,709583,368088,70374,77,52532,154
5,layer2.3.add,224842,False,483113,311597,482664,31867,51,77376,15
5,layer2.3.relu3,84051,False,186765,235359,185724,31631,30,22772,36
5,layer3.0.conv1,1743987,False,3666546,10461489,3673236,99845,351,69411,5902
5,layer3.0.bn1,85086,False,188725,395272,187572,43166,68,22335,119
5,layer3.0.relu1,32406,False,77730,135140,76440,19110,33,3164,18
5,layer3.0.conv2,2201502,False,4626516,9207261,4635288,115053,1382,161766,37179
5,layer3.0.bn2,36276,False,86037,175030,84588,25391,130,5059,108
5,layer3.0.relu2,11523,False,34006,59818,32676,9700,38,530,13
5,layer3.0.conv3,969511,False,2043705,5932091,2046744,67975,171,46032,15099
5,layer3.0.bn3,92488,False,204343,445008,203280,51051,90,24133,252
5,layer3.0.downsample.0,2219163,False,4663407,10957824,4672500,133507,1224,221221,30804
5,layer3.0.downsample.1,91321,False,202132,447869,201012,51716,132,21359,296
5,layer3.0.add,107239,False,235889,173471,234612,19299,69,34725,36
5,layer3.0.relu3,36571,False,86527,135020,85176,19091,37,6302,9
5,layer3.1.conv1,1016505,False,2149924,5951795,2153172,68765,255,54486,8787
5,layer3.1.bn1,32834,False,78594,172183,77196,24748,76,5307,104
5,layer3.1.relu1,11326,False,33449,59731,32004,9676,30,508,10
5,layer3.1.conv2,2037084,False,4281571,8739231,4289460,110482,1236,133624,33734
5,layer3.1.bn2,33844,False,80934,174984,79380,25374,111,1545,103
5,layer3.1.relu2,11189,False,33289,59888,31752,9705,34,501,7
5,layer3.1.conv3,968262,False,2040934,5932453,2043888,68035,146,46585,14928
5,layer3.1.bn3,93332,False,206017,444892,204960,51044,71,23722,316
5,layer3.1.add,106565,False,234718,173674,233520,19336,61,34247,21
5,layer3.1.relu3,36498,False,86269,135020,85008,19091,27,6056,22
5,layer3.2.conv1,1020507,False,2150589,5945644,2153676,67857,155,54367,9547
5,layer3.2.bn1,33123,False,79462,172251,78120,24769,78,5340,96
5,layer3.2.relu1,10717,False,32217,59743,30660,9679,17,497,7
5,layer3.2.conv2,2038146,False,4283370,8742341,4290972,110779,1092,134679,33854
5,layer3.2.bn2,33360,False,79926,174861,78624,25349,81,1577,128
5,layer3.2.relu2,11169,False,33220,59851,31752,9695,23,578,22
5,layer3.2.conv3,966479,False,2037290,5932026,2040108,67954,104,46664,15170
5,layer3.2.bn3,91906,False,203214,444938,202104,51045,77,24129,261
5,layer3.2.add,94027,False,208101,173718,206892,19348,56,28665,39
5,layer3.2.relu3,35553,False,84468,135007,82908,19087,20,5675,19
5,layer3.3.conv1,1010707,False,2129819,5945406,2132928,67790,103,54449,9644
5,layer3.3.bn1,32032,False,76892,172143,75180,24741,61,5345,98
5,layer3.3.relu1,10577,False,31784,59731,30408,9676,16,524,8
5,layer3.3.conv2,2033099,False,4273339,8733090,4281228,109145,995,134067,34724
5,layer3.3.bn2,33146,False,79397,174938,77784,25367,104,1649,120
5,layer3.3.relu2,11743,False,34657,59851,33096,9695,26,509,11
5,layer3.3.conv3,974174,False,2053440,5931961,2056404,67959,108,46145,15438
5,layer3.3.bn3,96749,False,213293,450865,212100,51966,65,24613,266
5,layer3.3.add,104755,False,231400,173674,230496,19336,44,34189,27
5,layer3.3.relu3,36297,False,85976,134995,84672,19084,24,5895,24
5,layer3.4.conv1,1007548,False,2123041,5945489,2126124,67806,95,54090,9389
5,layer3.4.bn1,32642,False,78254,172143,76860,24741,51,5335,96
5,layer3.4.relu1,11193,False,33138,59731,31752,9676,19,513,8
5,layer3.4.conv2,2034765,False,4277335,8730357,4285344,108619,988,134195,34880
5,layer3.4.bn2,32251,False,77340,174634,75768,25301,65,1479,97
5,layer3.4.relu2,12313,False,35635,59876,34104,9702,31,609,16
5,layer3.4.conv3,967768,False,2039953,5932025,2043048,67956,98,46538,15237
5,layer3.4.bn3,91610,False,202644,444859,201264,51031,60,23888,272
5,layer3.4.add,94252,False,208943,173668,207816,19334,38,28750,30
5,layer3.4.relu3,35618,False,84640,134995,83328,19084,25,5653,12
5,layer3.5.conv1,1021149,False,2151537,5944675,2154852,67681,103,52805,9765
5,layer3.5.bn1,32121,False,77372,172143,75684,24741,39,5354,95
5,layer3.5.relu1,10598,False,31851,59731,30408,9676,17,498,10
5,layer3.5.conv2,2029978,False,4267066,8731761,4274928,108885,941,133632,34704
5,layer3.5.bn2,32299,False,77376,174766,75852,25333,88,1609,116
5,layer3.5.relu2,11251,False,33629,59888,31752,9705,28,553,18
5,layer3.5.conv3,967621,False,2039737,5931730,2042796,67910,97,46024,15224
5,layer3.5.bn3,93324,False,206275,444835,205044,51032,53,23950,272
5,layer3.5.add,105255,False,232310,173709,231336,19345,51,34204,13
5,layer3.5.relu3,36233,False,85775,135007,84420,19087,21,5901,15
5,layer4.0.conv1,1970854,False,4142449,11790631,4149936,121362,166,117596,21886
5,layer4.0.bn1,50994,False,116914,263910,115584,33688,90,10258,201
5,layer4.0.relu1,17309,False,46135,84819,44520,12812,24,629,8
5,layer4.0.conv2,3435720,False,7212773,11918524,7227024,160237,999,471171,157067
5,layer4.0.bn2,31432,False,75664,156619,74004,25214,125,3207,332
5,layer4.0.relu2,8680,False,28373,47285,26880,8118,33,610,42
5,layer4.0.conv3,1262148,False,2657798,8180984,2662044,54361,392,114883,41764
5,layer4.0.bn3,58859,False,133547,364869,132300,48972,79,11894,523
5,layer4.0.downsample.0,2894655,False,6078952,11978928,6090588,166950,1219,491854,133230
5,layer4.0.downsample.1,57239,False,129858,368561,128520,49796,124,2857,549
5,layer4.0.add,39951,False,94104,111248,92652,14051,71,8020,56
5,layer4.0.relu3,17639,False,46791,84819,45276,12812,42,632,9
5,layer4.1.conv1,1229646,False,2589432,8158610,2593668,53228,393,130020,46050
5,layer4.1.bn1,29857,False,72369,153218,71064,24444,81,3823,228
5,layer4.1.relu1,8461,False,27425,47190,25956,8106,22,478,14
5,layer4.1.conv2,3167620,False,6650464,11165941,6663720,157016,1041,464788,153015
5,layer4.1.bn2,29390,False,71380,155900,70056,25047,98,1537,178
5,layer4.1.relu2,8318,False,27295,47153,25704,8096,24,551,27
5,layer4.1.conv3,1279695,False,2694269,8178075,2698668,53591,193,115146,55839
5,layer4.1.bn3,58030,False,131417,364920,130284,48980,71,11964,592
5,layer4.1.add,37963,False,89534,104608,88116,13032,45,8605,103
5,layer4.1.relu3,17563,False,46887,84831,45528,12815,27,619,12
5,layer4.2.conv1,1223852,False,2577168,8144883,2581320,50969,257,129190,59780
5,layer4.2.bn1,29978,False,72804,153298,71484,24469,75,3744,197
5,layer4.2.relu1,8052,False,26768,47153,25284,8096,14,503,14
5,layer4.2.conv2,3154489,False,6623486,11164759,6636588,156745,902,464487,149237
5,layer4.2.bn2,34942,False,83091,163306,81648,26195,103,2270,177
5,layer4.2.relu2,8370,False,27586,47165,25956,8099,21,545,26
5,layer4.2.conv3,1292640,False,2721174,8171366,2725464,52535,153,114386,66908
5,layer4.2.bn3,60452,False,136662,365063,135324,49003,57,11945,633
5,layer4.2.add,34911,False,83129,104788,81816,13074,45,7274,51
5,layer4.2.relu3,16850,False,44866,85156,43512,12867,35,559,21
5,avgpool,91145,False,201319,274774,200088,38882,985,3272,2199
5,flatten,9314,False,29480,34885,27972,6554,118,441,269
5,fc,507984,False,1076957,347992,1077888,43861,324,133476,127413
6,conv1,2186140,False,4594757,8684348,4603368,96544,1131,178303,62731
6,bn1,336201,False,717503,1297800,717528,118494,306,105742,7657
6,relu,175843,False,380348,436414,379680,56791,63,52178,349
6,maxpool,10400253,False,21803557,42892881,21855456,7869202,391776,92816,30632
6,layer1.0.conv1,258993,False,505171,1518681,553644,20908,338,27714,8760
6,layer1.0.bn1,92450,False,204705,385600,203448,41607,355,21358,7514
6,layer1.0.relu1,33068,False,79313,134988,78120,19082,74,3264,22
6,layer1.0.conv2,1999648,False,4202845,8263858,4210500,91189,1748,65964,14043
6,layer1.0.bn2,84237,False,187146,388805,186144,42325,245,17931,1010
6,layer1.0.relu2,32389,False,78202,134988,76524,19082,44,3103,38
6,layer1.0.conv3,862091,False,1819163,5279696,1821708,64859,282,65894,2840
6,layer1.0.bn3,322367,False,688792,1297790,688716,118280,371,101647,294
6,layer1.0.downsample.0,871379,False,1838750,5279344,1841280,64787,169,67230,7101
6,layer1.0.downsample.1,329116,False,702234,1304174,702240,119265,333,102560,1346
6,layer1.0.add,452702,False,962130,587296,962724,56900,129,153773,614
6,layer1.0.relu3,174039,False,376608,436196,375732,56742,56,52369,46
6,layer1.1.conv1,808229,False,1706130,5645440,1708308,33553,254,62517,1618
6,layer1.1.bn1,95197,False,209927,385812,208656,41652,143,26254,3912
6,layer1.1.relu1,32140,False,77173,134995,75600,19084,32,3182,19
6,layer1.1.conv2,1996590,False,4196880,8274765,4204536,92830,1326,67143,8465
6,layer1.1.bn2,89541,False,198567,394735,197652,43229,200,19050,760
6,layer1.1.relu2,32544,False,78311,135032,76944,19094,40,3105,28
6,layer1.1.conv3,852725,False,1799113,5279426,1801464,64794,163,65024,1179
6,layer1.1.bn3,322645,False,689192,1297740,689220,118267,320,101632,619
6,layer1.1.add,447302,False,950351,587441,950880,56927,67,153631,440
6,layer1.1.relu3,177733,False,384110,442553,383208,57719,41,53247,47
6,layer1.2.conv1,803977,False,1696937,5639621,1699236,32667,200,61902,1139
6,layer1.2.bn1,97117,False,214752,391686,213696,42557,147,26882,1781
6,layer1.2.relu1,31843,False,76845,134995,75516,19084,25,2993,98
6,layer1.2.conv2,1981936,False,4165584,8266289,4173204,91627,1112,65580,5150
6,layer1.2.bn2,80260,False,178816,388704,177660,42298,183,17721,245
6,layer1.2.relu2,32061,False,77259,135007,75768,19087,29,3030,23
6,layer1.2.conv3,853870,False,1801424,5281566,1803900,65153,183,65338,1097
6,layer1.2.bn3,321462,False,686142,1297798,686112,118282,318,101615,170
6,layer1.2.add,455154,False,966262,593504,966840,57872,77,154634,37
6,layer1.2.relu3,174268,False,376811,436233,376068,56752,43,52277,43
6,layer2.0.conv1,1594382,False,3353414,11227099,3359076,54588,293,126973,3977
6,layer2.0.bn1,174597,False,377742,689966,376908,67225,203,53869,1330
6,layer2.0.relu1,77942,False,173628,235347,172368,31628,24,19408,69
6,layer2.0.conv2,2150047,False,4518221,8562829,4526508,99873,1202,172623,21286
6,layer2.0.bn2,44402,False,102748,241350,101388,30242,103,2513,263
6,layer2.0.relu2,17556,False,46570,84819,45024,12812,27,644,21
6,layer2.0.conv3,853085,False,1799164,5299665,1801380,58673,202,46592,11661
6,layer2.0.bn3,167872,False,363332,709721,362796,70409,74,52414,355
6,layer2.0.downsample.0,2312252,False,4858159,11217554,4867380,155067,1199,263443,9761
6,layer2.0.downsample.1,173945,False,376352,713410,375480,71233,126,52126,221
6,layer2.0.add,227351,False,488726,311348,488208,31805,81,77490,63
6,layer2.0.relu3,85617,False,189834,235347,188580,31628,36,23661,51
6,layer2.1.conv1,824207,False,1738653,5702786,1740816,34208,265,39332,4687
6,layer2.1.bn1,50110,False,115258,238528,113988,29623,91,10544,1775
6,layer2.1.relu1,17883,False,47202,84939,45780,12831,29,797,19
6,layer2.1.conv2,1931404,False,4059264,8161294,4066608,93688,1155,44010,12707
6,layer2.1.bn2,42970,False,100075,241333,98700,30259,103,3264,127
6,layer2.1.relu2,17375,False,45975,84819,44604,12812,27,565,20
6,layer2.1.conv3,847980,False,1788872,5301113,1791384,58868,164,47398,9017
6,layer2.1.bn3,174861,False,377918,716155,377244,71400,71,53326,230
6,layer2.1.add,226908,False,487540,311635,487200,31883,85,77736,25
6,layer2.1.relu3,83045,False,183999,235347,182868,31628,23,22645,61
6,layer2.2.conv1,819322,False,1728353,5702911,1730652,34231,204,37137,4448
6,layer2.2.bn1,47681,False,110266,238431,108864,29601,47,10166,1345
6,layer2.2.relu1,18041,False,47485,84939,46116,12831,22,796,42
6,layer2.2.conv2,1922626,False,4041318,8146964,4048716,91267,991,43625,10115
6,layer2.2.bn2,43468,False,100951,243765,99540,30651,118,3312,122
6,layer2.2.relu2,17476,False,46538,84831,45024,12815,35,553,14
6,layer2.2.conv3,850168,False,1793381,5300559,1795836,58795,133,47386,8190
6,layer2.2.bn3,169950,False,367621,709595,366744,70376,63,52623,207
6,layer2.2.add,228874,False,491880,311650,491484,31878,60,77402,29
6,layer2.2.relu3,87488,False,193406,241385,192108,32561,35,24177,65
6,layer2.3.conv1,813451,False,1715828,5696815,1718136,33286,146,36079,4432
6,layer2.3.bn1,52536,False,120222,244863,119028,30599,65,11124,1082
6,layer2.3.relu1,17817,False,47052,84939,45780,12831,22,821,40
6,layer2.3.conv2,1915343,False,4026316,8143942,4033428,90716,878,42806,10114
6,layer2.3.bn2,41949,False,97986,241282,96516,30237,94,3495,99
6,layer2.3.relu2,17604,False,46957,84831,45360,12815,31,689,15
6,layer2.3.conv3,847460,False,1788374,5301132,1790880,58890,151,47307,4199
6,layer2.3.bn3,170483,False,369013,709543,368256,70365,56,52523,220
6,layer2.3.add,226051,False,485736,311610,485268,31869,47,77382,16
6,layer2.3.relu3,84137,False,186615,235359,185388,31631,27,22737,49
6,layer3.0.conv1,1756346,False,3692550,10450433,3699108,98176,250,67986,10549
6,layer3.0.bn1,84682,False,187840,395406,186480,43187,66,22121,155
6,layer3.0.relu1,32182,False,77349,135140,75684,19110,29,3336,29
6,layer3.0.conv2,2211159,False,4646560,9201796,4655028,114329,1117,161085,45562
6,layer3.0.bn2,40278,False,94192,181036,92988,26318,121,5651,145
6,layer3.0.relu2,12171,False,35332,59818,33684,9700,45,564,42
6,layer3.0.conv3,975679,False,2055960,5932595,2059008,68065,177,46008,18846
6,layer3.0.bn3,91732,False,202769,445040,201768,51061,90,23770,332
6,layer3.0.downsample.0,2226162,False,4678053,10955708,4686780,133001,967,221361,33820
6,layer3.0.downsample.1,91389,False,202189,448062,201012,51742,121,21186,392
6,layer3.0.add,107695,False,237118,173461,236040,19297,71,34765,47
6,layer3.0.relu3,37012,False,87373,135020,86016,19091,36,6284,32
6,layer3.1.conv1,1014626,False,2138160,5945995,2141328,67859,239,52250,19658
6,layer3.1.bn1,36500,False,86396,178226,84924,25682,84,5998,127
6,layer3.1.relu1,11418,False,33566,59731,32088,9676,16,476,11
6,layer3.1.conv2,2042442,False,4293052,8737312,4301136,110081,1103,133185,37171
6,layer3.1.bn2,32992,False,78845,174758,77280,25324,81,1507,142
6,layer3.1.relu2,11975,False,34780,59888,33180,9705,26,563,29
6,layer3.1.conv3,974000,False,2052934,5931776,2055900,67917,99,46434,17796
6,layer3.1.bn3,93340,False,205809,444835,204624,51032,64,23626,339
6,layer3.1.add,105440,False,232215,173684,231084,19338,48,34181,43
6,layer3.1.relu3,36370,False,86061,135020,84840,19091,28,5897,35
6,layer3.2.conv1,1009686,False,2128280,5945277,2131416,67777,128,51706,18913
6,layer3.2.bn1,32114,False,77033,172143,75516,24741,52,5348,119
6,layer3.2.relu1,10816,False,32385,59743,30744,9679,18,485,11
6,layer3.2.conv2,2038010,False,4283556,8737094,4291476,109978,935,134620,37291
6,layer3.2.bn2,34895,False,83016,174984,81396,25379,106,1506,142
6,layer3.2.relu2,11903,False,34816,59851,33180,9695,29,483,11
6,layer3.2.conv3,972768,False,2050405,5932128,2053296,67967,90,46402,17584
6,layer3.2.bn3,91749,False,202917,444531,201768,50975,65,24092,411
6,layer3.2.add,94464,False,209532,173728,208236,19350,50,28695,55
6,layer3.2.relu3,35401,False,84428,135007,82992,19087,25,5728,21
6,layer3.3.conv1,1010394,False,2129518,5945290,2132760,67777,98,51773,18972
6,layer3.3.bn1,31567,False,75837,172143,74340,24741,41,5132,112
6,layer3.3.relu1,10757,False,32103,59731,30660,9676,21,480,5
6,layer3.3.conv2,2038055,False,4283283,8734186,4291140,109424,1069,133527,37293
6,layer3.3.bn2,32677,False,78133,174825,76440,25337,73,1567,126
6,layer3.3.relu2,12003,False,35059,59851,33516,9695,28,574,21
6,layer3.3.conv3,973674,False,2052047,5932961,2054808,68122,101,46104,17295
6,layer3.3.bn3,92908,False,205052,444622,204036,50993,68,23767,361
6,layer3.3.add,109117,False,239790,179769,238812,20281,55,35312,40
6,layer3.3.relu3,36145,False,85509,134995,84084,19084,29,5977,28
6,layer3.4.conv1,1025244,False,2159963,5945597,2163252,67821,98,51512,18186
6,layer3.4.bn1,32760,False,78506,172143,77028,24741,43,5288,123
6,layer3.4.relu1,11163,False,33146,59731,31668,9676,22,469,14
6,layer3.4.conv2,2034735,False,4276610,8730096,4284336,108646,1014,134214,37123
6,layer3.4.bn2,32886,False,78636,175022,77364,25394,66,1516,141
6,layer3.4.relu2,11319,False,33888,59876,32172,9702,26,531,16
6,layer3.4.conv3,965776,False,2035199,5931206,2038008,67833,95,46605,17148
6,layer3.4.bn3,91816,False,203265,444969,201936,51073,44,23983,324
6,layer3.4.add,93994,False,208321,173677,207228,19337,43,28596,42
6,layer3.4.relu3,35792,False,84967,134995,83580,19084,21,5681,10
6,layer3.5.conv1,1013220,False,2135491,5945188,2138808,67753,88,50685,18163
6,layer3.5.bn1,31759,False,83745,178713,82488,25745,41,5357,137
6,layer3.5.relu1,11095,False,32889,59731,31332,9676,23,504,9
6,layer3.5.conv2,2041980,False,4291448,8742161,4299204,111048,951,134517,37182
6,layer3.5.bn2,33481,False,79943,174863,78456,25345,85,1493,136
6,layer3.5.relu2,11866,False,34944,59888,33432,9705,32,499,21
6,layer3.5.conv3,970803,False,2046303,5933122,2049180,68135,104,46043,16939
6,layer3.5.bn3,93615,False,206901,444962,205800,51063,61,23921,338
6,layer3.5.add,105722,False,232721,173704,231756,19345,45,34187,45
6,layer3.5.relu3,35962,False,85485,135007,83916,19087,24,5948,19
6,layer4.0.conv1,1969814,False,4140266,11790777,4147584,121379,160,111315,39705
6,layer4.0.bn1,50489,False,115919,263946,114576,33696,83,10135,318
6,layer4.0.relu1,17267,False,46044,84819,44604,12812,25,591,13
6,layer4.0.conv2,3437082,False,7214943,11917503,7229376,160273,840,470696,161291
6,layer4.0.bn2,31653,False,76524,156115,75180,25095,134,3268,597
6,layer4.0.relu2,8688,False,28154,47285,26628,8118,24,523,24
6,layer4.0.conv3,1291477,False,2718352,8184701,2722692,54778,451,114577,64193
6,layer4.0.bn3,58278,False,132123,364915,130956,48977,71,11999,561
6,layer4.0.downsample.0,2898269,False,6086924,11979696,6098820,167146,1238,492436,133040
6,layer4.0.downsample.1,56570,False,128587,368446,127260,49757,132,2772,575
6,layer4.0.add,38020,False,89590,110636,88116,13964,55,8053,18
6,layer4.0.relu3,18185,False,48206,84819,46704,12812,33,711,21
6,layer4.1.conv1,1228440,False,2586664,8145236,2590728,51029,369,129557,59184
6,layer4.1.bn1,30620,False,74237,153201,72660,24452,89,3900,205
6,layer4.1.relu1,8371,False,27369,47190,25788,8106,21,468,7
6,layer4.1.conv2,3161949,False,6639042,11160967,6652296,155958,884,464386,152986
6,layer4.1.bn2,30191,False,73099,155980,71736,25066,109,1662,184
6,layer4.1.relu2,8440,False,27526,47153,26040,8096,15,471,15
6,layer4.1.conv3,1276442,False,2687248,8176186,2691612,53296,209,114862,56916
6,layer4.1.bn3,58848,False,133267,364896,131964,48977,76,12008,560
6,layer4.1.add,37874,False,89559,104612,88116,13033,49,8523,30
6,layer4.1.relu3,17702,False,47112,84909,45612,12825,30,654,30
6,layer4.2.conv1,1221711,False,2573327,8145289,2577288,51039,245,128447,53593
6,layer4.2.bn1,30134,False,72875,153307,71316,24472,93,3949,192
6,layer4.2.relu1,8516,False,27716,47153,26124,8096,17,476,8
6,layer4.2.conv2,3161923,False,6638501,11164919,6651708,156808,822,464307,151226
6,layer4.2.bn2,34750,False,82644,162614,81228,26101,105,2215,157
6,layer4.2.relu2,8874,False,28471,47165,27048,8099,24,465,8
6,layer4.2.conv3,1269705,False,2673745,8171420,2678172,52538,187,113795,56394
6,layer4.2.bn3,60735,False,137316,364888,136164,48965,64,12014,524
6,layer4.2.add,35486,False,84275,104792,82992,13075,48,7324,28
6,layer4.2.relu3,17280,False,45985,84819,44772,12812,26,533,19
6,avgpool,88584,False,196219,274886,195132,38890,984,3188,1865
6,flatten,9591,False,29708,34885,28056,6554,124,404,214
6,fc,506456,False,1074470,347638,1075284,43808,345,133363,127147
7,conv1,2184195,False,4590778,8684767,4599252,96615,1550,179061,13523
7,bn1,332689,False,710035,1292190,709884,117627,415,104784,729
7,relu,176875,False,382667,436414,381948,56791,98,52339,498
7,maxpool,10251779,False,21492020,42888687,21543732,7868574,380803,92526,8610
7,layer1.0.conv1,254086,False,492647,1512625,543564,19972,357,27327,4291
7,layer1.0.bn1,87937,False,194889,385512,193872,41588,361,21113,537
7,layer1.0.relu1,34417,False,89678,140005,88032,19858,111,4047,57
7,layer1.0.conv2,1992034,False,4187581,8263934,4195464,91330,1791,66076,3458
7,layer1.0.bn2,82907,False,184459,388526,183204,42267,291,17931,191
7,layer1.0.relu2,32546,False,78418,135325,77112,19137,57,3144,33
7,layer1.0.conv3,857042,False,1808155,5280161,1810452,64916,304,65817,1546
7,layer1.0.bn3,321069,False,685627,1297783,685608,118278,366,101528,295
7,layer1.0.downsample.0,868576,False,1832232,5280250,1834728,64930,147,67113,4656
7,layer1.0.downsample.1,324358,False,692334,1299133,692160,118499,339,101678,230
7,layer1.0.add,456571,False,969725,594048,970284,57960,167,154853,112
7,layer1.0.relu3,174983,False,378233,436189,377496,56740,57,52289,20
7,layer1.1.conv1,808875,False,1707486,5645959,1709652,33617,243,62745,1004
7,layer1.1.bn1,94251,False,208012,385885,206724,41670,163,26332,286
7,layer1.1.relu1,31978,False,76782,134988,75516,19082,27,2994,17
7,layer1.1.conv2,1981519,False,4164938,8261721,4172700,90749,1319,66311,2735
7,layer1.1.bn2,80127,False,178783,388761,177576,42305,209,17567,150
7,layer1.1.relu2,32348,False,77688,135025,76356,19092,37,3006,25
7,layer1.1.conv3,853552,False,1801088,5280118,1803564,64894,162,65398,1035
7,layer1.1.bn3,326400,False,696600,1303892,696612,119227,330,102538,118
7,layer1.1.add,446312,False,947855,587434,948360,56925,91,153586,16
7,layer1.1.relu3,173911,False,376042,436164,375228,56733,36,52246,30
7,layer1.2.conv1,810028,False,1710312,5645905,1712508,33626,199,62849,1076
7,layer1.2.bn1,93061,False,205577,385867,204624,41666,133,26230,158
7,layer1.2.relu1,31411,False,75661,134988,74424,19082,20,3046,24
7,layer1.2.conv2,1975258,False,4152765,8264283,4160436,91379,1088,66767,2607
7,layer1.2.bn2,92252,False,204156,408775,203112,45552,255,19487,207
7,layer1.2.relu2,32419,False,77862,135000,76608,19085,31,3104,19
7,layer1.2.conv3,852361,False,1798388,5279572,1800708,64834,178,65492,1024
7,layer1.2.bn3,320439,False,684094,1297911,683928,118307,325,101686,124
7,layer1.2.add,450240,False,956468,587414,957012,56929,60,153620,24
7,layer1.2.relu3,177924,False,384893,442580,384300,57750,45,53332,33
7,layer2.0.conv1,1590654,False,3345407,11220698,3351264,53577,279,126621,2099
7,layer2.0.bn1,171740,False,371578,690039,370860,67243,200,53755,130
7,layer2.0.relu1,78852,False,175549,235340,174216,31626,22,19698,43
7,layer2.0.conv2,2141490,False,4499991,8556602,4508448,98729,1409,173299,12752
7,layer2.0.bn2,44045,False,102221,241270,100800,30225,98,2436,132
7,layer2.0.relu2,17417,False,46270,84812,44688,12810,22,676,13
7,layer2.0.conv3,847932,False,1788896,5299443,1791132,58611,185,46550,5387
7,layer2.0.bn3,169548,False,367213,709689,366492,70415,84,52418,198
7,layer2.0.downsample.0,2305528,False,4844137,11209438,4853436,153863,1230,262829,8963
7,layer2.0.downsample.1,176931,False,382304,719138,381612,72089,153,53288,194
7,layer2.0.add,226118,False,486302,311354,485604,31809,64,77465,21
7,layer2.0.relu3,86548,False,191688,235340,190512,31626,36,23822,40
7,layer2.1.conv1,822221,False,1734603,5703023,1736868,34252,235,39140,3500
7,layer2.1.bn1,49573,False,113745,238504,112644,29619,67,10622,869
7,layer2.1.relu1,17439,False,46410,84932,44856,12829,28,829,22
7,layer2.1.conv2,1923908,False,4043798,8144227,4051152,90941,998,43450,9902
7,layer2.1.bn2,42539,False,99249,241245,97692,30236,89,3325,106
7,layer2.1.relu2,17751,False,46838,84812,45360,12810,19,543,11
7,layer2.1.conv3,845751,False,1784678,5300413,1786932,58761,151,47491,4458
7,layer2.1.bn3,169623,False,367181,709828,366408,70435,65,52332,196
7,layer2.1.add,230108,False,494148,317970,493584,32847,57,78549,18
7,layer2.1.relu3,83455,False,185247,235340,183876,31626,24,22867,31
7,layer2.2.conv1,816377,False,1722584,5704454,1724772,34474,166,36018,3813
7,layer2.2.bn1,48017,False,110528,240962,109200,30025,83,10267,723
7,layer2.2.relu1,16990,False,45139,84932,43680,12829,27,835,32
7,layer2.2.conv2,1918592,False,4031894,8144115,4039224,90773,936,43442,9496
7,layer2.2.bn2,41647,False,97151,241071,95592,30194,80,3188,103
7,layer2.2.relu2,17957,False,47226,84824,45780,12813,30,594,16
7,layer2.2.conv3,846715,False,1786710,5300477,1788948,58773,150,47365,4444
7,layer2.2.bn3,169802,False,367918,711039,367164,70620,76,52684,207
7,layer2.2.add,228049,False,490423,311650,489888,31878,58,77399,34
7,layer2.2.relu3,83502,False,185041,235359,183792,31631,23,23046,37
7,layer2.3.conv1,817438,False,1724259,5702763,1726452,34198,151,37240,3809
7,layer2.3.bn1,48173,False,111251,238561,109788,29635,55,10314,629
7,layer2.3.relu1,17185,False,45814,84939,44436,12831,23,852,30
7,layer2.3.conv2,1915668,False,4026047,8145298,4033596,90944,873,42734,9208
7,layer2.3.bn2,41621,False,97146,241229,95760,30229,76,3554,101
7,layer2.3.relu2,17764,False,47218,84831,45528,12815,23,598,19
7,layer2.3.conv3,844701,False,1781880,5300692,1784244,58819,177,47308,4020
7,layer2.3.bn3,170834,False,369582,709854,368760,70434,73,52519,204
7,layer2.3.add,224654,False,490866,317912,490224,32836,79,78090,18
7,layer2.3.relu3,83540,False,185569,235359,184212,31631,22,22762,36
7,layer3.0.conv1,1745316,False,3669086,10450347,3675504,98155,263,67984,8063
7,layer3.0.bn1,84143,False,187114,395474,185976,43204,56,22214,126
7,layer3.0.relu1,31922,False,76504,135140,75180,19110,28,3288,20
7,layer3.0.conv2,2193734,False,4609889,9197611,4618404,113449,1132,160427,40741
7,layer3.0.bn2,37053,False,87402,174926,86016,25372,112,5114,120
7,layer3.0.relu2,11104,False,32976,59818,31416,9700,25,569,27
7,layer3.0.conv3,973406,False,2051436,5930813,2054472,67773,145,45863,16695
7,layer3.0.bn3,91513,False,202209,445063,201096,51063,74,23779,300
7,layer3.0.downsample.0,2226708,False,4679235,10966016,4687788,134806,1030,222247,32792
7,layer3.0.downsample.1,91892,False,202852,448316,201600,51804,96,21179,355
7,layer3.0.add,107215,False,236199,173461,234864,19297,53,34748,41
7,layer3.0.relu3,37190,False,87779,135020,86520,19091,33,6362,14
7,layer3.1.conv1,1022083,False,2153918,5945298,2156868,67750,227,53475,14359
7,layer3.1.bn1,33202,False,79456,172223,78120,24761,59,5373,113
7,layer3.1.relu1,10858,False,32636,59731,31164,9676,23,496,15
7,layer3.1.conv2,2087230,False,4318710,8739767,4326672,110384,1350,135988,36975
7,layer3.1.bn2,35079,False,83554,174791,82152,25334,123,1500,141
7,layer3.1.relu2,12243,False,35256,59888,33768,9705,45,508,20
7,layer3.1.conv3,966052,False,2045057,5931493,2048172,67863,185,46112,16575
7,layer3.1.bn3,94397,False,208582,444932,207312,51050,91,23769,333
7,layer3.1.add,106159,False,233981,173674,232848,19336,50,34344,50
7,layer3.1.relu3,36406,False,86159,135020,84924,19091,28,5961,20
7,layer3.2.conv1,1009938,False,2128603,5945215,2131668,67761,155,53052,13713
7,layer3.2.bn1,31689,False,76304,172223,74928,24761,48,5273,110
7,layer3.2.relu1,11144,False,33080,59743,31416,9679,24,488,10
7,layer3.2.conv2,2039866,False,4287656,8734859,4295676,109564,1081,134396,36428
7,layer3.2.bn2,34517,False,83076,174785,81564,25342,128,1558,141
7,layer3.2.relu2,11761,False,35022,60074,33600,9749,44,553,28
7,layer3.2.conv3,968503,False,2042418,5931952,2045484,67961,111,46739,16357
7,layer3.2.bn3,93179,False,206029,444783,204792,51018,119,24136,310
7,layer3.2.add,98122,False,217264,180527,216216,20394,69,29602,39
7,layer3.2.relu3,35391,False,84120,135007,82824,19087,30,5666,15
7,layer3.3.conv1,1023417,False,2156547,5945145,2159640,67741,130,53244,14221
7,layer3.3.bn1,32917,False,78768,172223,77280,24761,56,5286,112
7,layer3.3.relu1,10927,False,32677,59731,31164,9676,22,464,4
7,layer3.3.conv2,2042763,False,4293609,8739922,4301472,110557,1152,133811,36640
7,layer3.3.bn2,32944,False,79159,175125,77700,25411,93,1523,124
7,layer3.3.relu2,11695,False,34353,59851,32676,9695,35,503,12
7,layer3.3.conv3,970933,False,2046516,5932902,2049516,68111,115,46306,16407
7,layer3.3.bn3,94606,False,208823,446405,207732,51298,88,23879,308
7,layer3.3.add,106130,False,234005,173674,233016,19336,46,34227,33
7,layer3.3.relu3,35631,False,84798,134995,83580,19084,29,5914,30
7,layer3.4.conv1,1012412,False,2133652,5954034,2136708,69429,139,53848,13833
7,layer3.4.bn1,33315,False,86134,178579,84756,25739,71,5899,127
7,layer3.4.relu1,11262,False,33450,59731,31920,9676,23,465,13
7,layer3.4.conv2,2041452,False,4291399,8733287,4299120,109355,1061,134069,36769
7,layer3.4.bn2,34483,False,82110,174892,80724,25357,108,1534,130
7,layer3.4.relu2,12427,False,35958,59876,34524,9702,34,499,13
7,layer3.4.conv3,970104,False,2044433,5932067,2047332,67952,107,46758,16295
7,layer3.4.bn3,91887,False,203312,444923,202188,51054,68,23850,296
7,layer3.4.add,94119,False,208430,173678,207228,19336,41,28606,36
7,layer3.4.relu3,34982,False,83125,134995,81732,19084,26,5603,7
7,layer3.5.conv1,1006948,False,2121887,5945117,2124864,67737,98,51996,13961
7,layer3.5.bn1,32181,False,77227,172223,75852,24761,55,5355,111
7,layer3.5.relu1,10518,False,31773,59731,29988,9676,20,482,9
7,layer3.5.conv2,2034761,False,4277146,8732225,4285176,108985,843,134334,36387
7,layer3.5.bn2,33008,False,79186,174943,77700,25374,79,1505,129
7,layer3.5.relu2,12353,False,35691,59888,34020,9705,33,500,13
7,layer3.5.conv3,974322,False,2053755,5931674,2056572,67897,107,45975,15998
7,layer3.5.bn3,93687,False,206812,444686,205800,51009,66,23975,317
7,layer3.5.add,106207,False,234573,173709,233352,19345,45,34206,31
7,layer3.5.relu3,36155,False,85622,135007,84168,19087,27,5818,17
7,layer4.0.conv1,1960747,False,4121300,11790401,4128684,121318,206,114330,31513
7,layer4.0.bn1,50785,False,116331,263894,115080,33683,100,10267,247
7,layer4.0.relu1,16883,False,44868,84819,43428,12812,22,574,10
7,layer4.0.conv2,3417291,False,7174235,11918712,7188468,160488,978,470766,152289
7,layer4.0.bn2,31640,False,76300,155954,74844,25062,158,3257,326
7,layer4.0.relu2,9604,False,30052,47285,28476,8118,38,590,29
7,layer4.0.conv3,1256973,False,2646223,8171093,2650536,52506,420,114491,44947
7,layer4.0.bn3,59011,False,133608,364977,132300,48991,109,12073,526
7,layer4.0.downsample.0,2893873,False,6077418,11979329,6089160,167167,1447,492493,129901
7,layer4.0.downsample.1,57678,False,131069,368368,129612,49751,138,2761,524
7,layer4.0.add,36321,False,86545,104608,85344,13032,80,7309,25
7,layer4.0.relu3,17747,False,47088,84819,45528,12812,47,718,33
7,layer4.1.conv1,1222273,False,2574198,8150977,2578212,51908,349,130511,40125
7,layer4.1.bn1,28499,False,69726,153249,68292,24454,80,3859,188
7,layer4.1.relu1,8290,False,27161,47190,25536,8106,20,452,10
7,layer4.1.conv2,3151935,False,6617934,11161390,6631128,156155,1098,464689,149591
7,layer4.1.bn2,29891,False,72666,156308,71064,25145,100,1567,169
7,layer4.1.relu2,8514,False,27633,47153,26208,8096,31,459,13
7,layer4.1.conv3,1249376,False,2630824,8170858,2634996,52468,263,113930,42874
7,layer4.1.bn3,58272,False,132204,365189,130872,49036,66,11977,530
7,layer4.1.add,38981,False,92105,104608,90720,13032,73,8599,26
7,layer4.1.relu3,17566,False,46636,84831,45192,12815,32,584,8
7,layer4.2.conv1,1213300,False,2563255,8151138,2567544,51931,239,129523,38419
7,layer4.2.bn1,29514,False,71633,153631,70140,24543,88,3898,167
7,layer4.2.relu1,8298,False,27401,47153,25956,8096,23,481,11
7,layer4.2.conv2,3159907,False,6634994,11163796,6648012,156633,923,464716,149330
7,layer4.2.bn2,30360,False,73400,156326,71988,25138,108,1569,144
7,layer4.2.relu2,8379,False,27195,47165,25788,8099,31,576,21
7,layer4.2.conv3,1247358,False,2626524,8171623,2630796,52562,216,114183,42337
7,layer4.2.bn3,64266,False,144930,372535,143640,50188,94,12541,494
7,layer4.2.add,35423,False,84260,104711,82992,13056,58,7312,29
7,layer4.2.relu3,16955,False,45471,84819,43848,12812,36,568,23
7,avgpool,83054,False,184405,275062,183204,38958,1017,3336,1473
7,flatten,9066,False,28900,34885,27216,6554,125,473,207
7,fc,498864,False,1058393,341328,1059072,42816,346,132275,125992
8,conv1,2175774,False,4573332,8695358,4581696,98550,1244,179427,13222
8,bn1,329898,False,704472,1292241,704508,117635,276,104747,536
8,relu,176193,False,381460,436414,380688,56791,66,52306,35
8,maxpool,10106999,False,21188532,42888215,21239232,7868524,370443,92765,6379
8,layer1.0.conv1,263546,False,497346,1517996,563808,20797,360,27618,2524
8,layer1.0.bn1,87498,False,194315,385733,193032,41639,374,21081,624
8,layer1.0.relu1,32632,False,77948,134988,76440,19082,81,3060,16
8,layer1.0.conv2,1989406,False,4182088,8269934,4189920,92373,1777,66511,3589
8,layer1.0.bn2,81908,False,182576,388674,181356,42292,283,17792,194
8,layer1.0.relu2,33309,False,79644,134988,77952,19082,56,3196,27
8,layer1.0.conv3,857295,False,1809161,5279608,1811544,64834,310,65864,1198
8,layer1.0.bn3,320176,False,683861,1297863,683760,118298,372,101695,125
8,layer1.0.downsample.0,861218,False,1817172,5273231,1819524,63835,139,66503,3249
8,layer1.0.downsample.1,326897,False,697550,1303782,697368,119217,348,102489,325
8,layer1.0.add,451926,False,959599,587289,960120,56898,133,153714,158
8,layer1.0.relu3,174753,False,378345,436189,377244,56740,60,52380,20
8,layer1.1.conv1,802934,False,1694862,5639327,1697052,32601,164,62027,939
8,layer1.1.bn1,92985,False,205576,385751,204540,41649,147,26171,337
8,layer1.1.relu1,32671,False,78443,134988,77112,19082,28,3240,19
8,layer1.1.conv2,1983202,False,4168700,8261382,4176396,90702,1295,66024,2730
8,layer1.1.bn2,81579,False,181475,388902,180348,42341,213,18011,140
8,layer1.1.relu2,33502,False,80399,135362,78792,19147,51,3077,38
8,layer1.1.conv3,851546,False,1796954,5279331,1799448,64779,163,65137,967
8,layer1.1.bn3,320650,False,684536,1297813,684432,118285,322,101628,204
8,layer1.1.add,451235,False,958239,593351,958860,57843,87,154616,21
8,layer1.1.relu3,173793,False,375934,436164,375060,56733,43,52251,17
8,layer1.2.conv1,808932,False,1707048,5645687,1709316,33597,153,62737,1044
8,layer1.2.bn1,92237,False,203713,385867,202608,41666,136,26226,192
8,layer1.2.relu1,31177,False,75091,134988,73668,19082,28,3053,26
8,layer1.2.conv2,1975377,False,4151769,8265818,4159680,91587,1145,66475,2434
8,layer1.2.bn2,79485,False,177326,388866,176148,42333,152,17576,75
8,layer1.2.relu2,32361,False,77835,135000,76104,19085,35,3016,13
8,layer1.2.conv3,851697,False,1797240,5279436,1799700,64802,134,65404,985
8,layer1.2.bn3,322102,False,687898,1297871,687876,118300,315,101719,116
8,layer1.2.add,454512,False,965296,593329,966000,57845,65,154643,24
8,layer1.2.relu3,173982,False,376511,436226,375732,56750,43,52281,15
8,layer2.0.conv1,1591187,False,3346341,11226231,3352104,54455,206,126869,2011
8,layer2.0.bn1,171919,False,372101,690039,371364,67243,193,53898,151
8,layer2.0.relu1,78092,False,173905,235340,172620,31626,25,19478,38
8,layer2.0.conv2,2132892,False,4482612,8558863,4490724,99133,1122,172947,11826
8,layer2.0.bn2,43529,False,101519,241665,100044,30324,119,2641,108
8,layer2.0.relu2,17795,False,47154,84812,45612,12810,24,626,10
8,layer2.0.conv3,847592,False,1788023,5299884,1790628,58704,197,46683,5226
8,layer2.0.bn3,168888,False,366162,709770,365232,70419,79,52397,190
8,layer2.0.downsample.0,2306942,False,4847940,11216064,4857132,154853,1171,263224,8764
8,layer2.0.downsample.1,173719,False,376195,713449,375396,71241,142,52201,182
8,layer2.0.add,226939,False,488505,312725,488124,32035,93,77529,29
8,layer2.0.relu3,85723,False,190330,235347,189084,31628,40,23659,31
8,layer2.1.conv1,821904,False,1733697,5702610,1735860,34177,303,38821,2852
8,layer2.1.bn1,49525,False,113932,238431,112644,29601,76,10716,581
8,layer2.1.relu1,17152,False,45843,84939,44520,12831,28,778,13
8,layer2.1.conv2,1923290,False,4042258,8147856,4049472,91576,1109,43757,9480
8,layer2.1.bn2,41899,False,97784,241102,96516,30202,103,3201,82
8,layer2.1.relu2,17089,False,45841,84819,44436,12812,26,573,10
8,layer2.1.conv3,843301,False,1780122,5296096,1782480,58111,169,46718,4391
8,layer2.1.bn3,174479,False,377407,718345,376740,71783,121,53425,184
8,layer2.1.add,226468,False,486925,311680,486444,31887,69,77637,22
8,layer2.1.relu3,83473,False,185405,235347,184212,31628,24,22762,36
8,layer2.2.conv1,818124,False,1726008,5702151,1728132,34132,227,36704,3534
8,layer2.2.bn1,46982,False,108721,238431,107268,29601,57,10171,446
8,layer2.2.relu1,17003,False,45529,84939,44016,12831,27,831,18
8,layer2.2.conv2,1920515,False,4036508,8148927,4043844,91839,1045,43807,9325
8,layer2.2.bn2,41502,False,97027,241387,95676,30260,77,3127,90
8,layer2.2.relu2,17773,False,46985,84831,45360,12815,31,579,9
8,layer2.2.conv3,847174,False,1787238,5300621,1789704,58800,146,47353,4288
8,layer2.2.bn3,170182,False,368467,709860,367752,70433,68,52596,195
8,layer2.2.add,232277,False,498929,317645,498540,32814,62,78400,11
8,layer2.2.relu3,83758,False,185739,235359,184716,31631,29,23076,37
8,layer2.3.conv1,817433,False,1724792,5702652,1726956,34184,169,36910,3544
8,layer2.3.bn1,48379,False,111638,238481,110376,29615,66,10575,390
8,layer2.3.relu1,16870,False,45393,84939,43848,12831,22,788,7
8,layer2.3.conv2,1913905,False,4022201,8146139,4029564,91206,967,42727,8774
8,layer2.3.bn2,43091,False,100719,241216,99288,30228,94,3563,92
8,layer2.3.relu2,17714,False,47171,84831,45696,12815,30,579,11
8,layer2.3.conv3,847894,False,1788858,5300581,1791216,58805,155,47408,4189
8,layer2.3.bn3,170320,False,369009,709731,368424,70398,67,52560,191
8,layer2.3.add,225654,False,485187,311677,484848,31887,51,77330,16
8,layer2.3.relu3,83076,False,184460,235359,183288,31631,24,22699,24
8,layer3.0.conv1,1746472,False,3671777,10450363,3678276,98163,261,68385,7134
8,layer3.0.bn1,85156,False,189000,395394,187908,43184,66,22206,125
8,layer3.0.relu1,32501,False,77972,135140,76524,19110,33,3202,18
8,layer3.0.conv2,2200607,False,4624071,9202213,4632768,114144,1227,161530,39484
8,layer3.0.bn2,35843,False,85101,175276,83496,25444,102,5087,119
8,layer3.0.relu2,11969,False,34916,59818,33348,9700,37,486,6
8,layer3.0.conv3,968840,False,2041770,5931638,2044560,67898,149,45947,16178
8,layer3.0.bn3,91936,False,203094,445024,202104,51058,76,23917,280
8,layer3.0.downsample.0,2221613,False,4668679,10957798,4677372,133324,1037,221155,32386
8,layer3.0.downsample.1,91386,False,202417,448280,201432,51798,134,21373,331
8,layer3.0.add,108852,False,239562,173541,238644,19317,92,34821,34
8,layer3.0.relu3,37429,False,88297,135020,86772,19091,43,6319,13
8,layer3.1.conv1,1019600,False,2148711,5944835,2151828,67686,256,53704,11965
8,layer3.1.bn1,32761,False,78824,172143,77532,24741,65,5318,107
8,layer3.1.relu1,10959,False,32902,59731,31332,9676,21,472,9
8,layer3.1.conv2,2036583,False,4280576,8734068,4288452,109341,1155,133322,36081
8,layer3.1.bn2,32606,False,78109,174850,76692,25345,86,1560,126
8,layer3.1.relu2,12385,False,35744,59888,34272,9705,41,494,15
8,layer3.1.conv3,969116,False,2043159,5931823,2046072,67919,115,46371,16119
8,layer3.1.bn3,93692,False,207040,444843,205716,51027,64,23641,323
8,layer3.1.add,106672,False,235057,175102,234024,19576,87,34268,30
8,layer3.1.relu3,36421,False,86193,135020,84756,19091,33,5952,23
8,layer3.2.conv1,1008379,False,2125158,5945198,2128224,67769,137,53721,11724
8,layer3.2.bn1,32162,False,77296,172251,75936,24769,63,5370,109
8,layer3.2.relu1,10904,False,32814,59743,31164,9679,27,499,12
8,layer3.2.conv2,2040877,False,4289717,8739285,4297608,110251,1022,135109,36118
8,layer3.2.bn2,35095,False,89806,180432,88536,26189,102,1656,136
8,layer3.2.relu2,11605,False,34186,59851,32508,9695,28,519,12
8,layer3.2.conv3,970613,False,2045847,5931788,2048844,67910,96,46732,16085
8,layer3.2.bn3,92285,False,204109,444843,202944,51034,70,24128,309
8,layer3.2.add,94192,False,208495,173808,207396,19370,58,28646,40
8,layer3.2.relu3,35970,False,85252,135007,84084,19087,28,5736,12
8,layer3.3.conv1,1009365,False,2126614,5945252,2129820,67760,114,53899,12128
8,layer3.3.bn1,33051,False,79609,172090,78288,24730,70,5349,105
8,layer3.3.relu1,10844,False,32464,59731,30996,9676,18,451,3
8,layer3.3.conv2,2040084,False,4288194,8732240,4296012,109032,1015,133965,36253
8,layer3.3.bn2,33005,False,78913,174835,77532,25346,83,1581,124
8,layer3.3.relu2,11484,False,33897,59851,32256,9695,34,466,11
8,layer3.3.conv3,967161,False,2038652,5932149,2041788,67990,104,46284,15951
8,layer3.3.bn3,94322,False,208172,444948,207060,51054,76,23905,282
8,layer3.3.add,105336,False,232305,173759,231252,19358,48,34450,38
8,layer3.3.relu3,35240,False,83893,134995,82572,19084,26,5952,24
8,layer3.4.conv1,1015007,False,2138950,5957924,2141832,69862,142,53671,11532
8,layer3.4.bn1,33530,False,80320,172251,79044,24769,80,5424,106
8,layer3.4.relu1,11682,False,34379,59731,32844,9676,25,502,11
8,layer3.4.conv2,2036380,False,4280318,8733833,4288284,109443,1047,134298,36205
8,layer3.4.bn2,33844,False,80848,174895,79296,25359,88,1637,120
8,layer3.4.relu2,11388,False,33633,59876,32172,9702,33,480,12
8,layer3.4.conv3,971244,False,2047197,5936324,2050188,68744,125,47034,16033
8,layer3.4.bn3,92051,False,203910,444941,202776,51060,54,24008,269
8,layer3.4.add,94348,False,208940,173753,207900,19356,42,28742,26
8,layer3.4.relu3,35440,False,84308,134995,82824,19084,26,5736,5
8,layer3.5.conv1,1003667,False,2114678,5945007,2117808,67722,93,51972,12201
8,layer3.5.bn1,32189,False,77341,172143,75768,24741,47,5385,111
8,layer3.5.relu1,11398,False,33712,59731,32172,9676,19,495,10
8,layer3.5.conv2,2038346,False,4283804,8737830,4291980,110215,950,133620,36039
8,layer3.5.bn2,33659,False,80557,174713,79044,25320,88,1558,121
8,layer3.5.relu2,11253,False,33292,59888,31836,9705,24,504,13
8,layer3.5.conv3,971552,False,2048195,5931576,2050860,67879,94,45968,15844
8,layer3.5.bn3,94326,False,208497,444913,207480,51053,55,23962,303
8,layer3.5.add,106107,False,233602,173784,232512,19365,42,34243,22
8,layer3.5.relu3,36763,False,86991,135007,85764,19087,29,5943,15
8,layer4.0.conv1,1961276,False,4122336,11790345,4129944,121311,178,115469,27964
8,layer4.0.bn1,49853,False,114779,263817,113316,33666,71,10179,207
8,layer4.0.relu1,16702,False,44970,84819,43428,12812,23,576,12
8,layer4.0.conv2,3412456,False,7163907,11916496,7178136,160050,967,470751,152101
8,layer4.0.bn2,32201,False,77265,156321,75852,25149,137,3262,326
8,layer4.0.relu2,8888,False,28419,47285,26712,8118,28,532,28
8,layer4.0.conv3,1247464,False,2626590,8171458,2630880,52597,345,114297,39160
8,layer4.0.bn3,58770,False,133162,364959,131880,48982,78,11943,489
8,layer4.0.downsample.0,2889122,False,6067512,11976107,6079500,166500,1177,492190,128506
8,layer4.0.downsample.1,57081,False,129545,368350,128436,49739,137,2759,484
8,layer4.0.add,35659,False,84920,106036,83496,13272,66,7333,26
8,layer4.0.relu3,17651,False,46902,84819,45528,12812,41,678,7
8,layer4.1.conv1,1217901,False,2565218,8145243,2569476,51022,341,130151,34169
8,layer4.1.bn1,30392,False,73559,153199,72240,24441,87,3921,195
8,layer4.1.relu1,8502,False,27590,47190,26124,8106,19,461,8
8,layer4.1.conv2,3144166,False,6601200,11159233,6614160,155772,903,464375,147593
8,layer4.1.bn2,29490,False,71873,155932,70392,25064,84,1600,160
8,layer4.1.relu2,8178,False,26899,47153,25284,8096,24,551,21
8,layer4.1.conv3,1245520,False,2622577,8176706,2626848,53371,194,114274,37452
8,layer4.1.bn3,59271,False,134329,364870,132972,48969,68,12061,499
8,layer4.1.add,38079,False,89999,104688,88452,13052,47,8512,25
8,layer4.1.relu3,17336,False,46266,84831,44688,12815,28,564,8
8,layer4.2.conv1,1209195,False,2546743,8145241,2550828,51021,249,128573,32339
8,layer4.2.bn1,29515,False,71809,153307,70392,24472,73,3869,160
8,layer4.2.relu1,8823,False,28127,47153,26628,8096,14,467,8
8,layer4.2.conv2,3139431,False,6591606,11160494,6604500,156047,873,464377,145064
8,layer4.2.bn2,30833,False,74621,156297,73164,25130,103,1610,135
8,layer4.2.relu2,8540,False,27673,47165,26208,8099,21,544,11
8,layer4.2.conv3,1246308,False,2624481,8176688,2628864,53359,224,114933,37529
8,layer4.2.bn3,59691,False,135071,365042,133812,48987,59,11967,458
8,layer4.2.add,35441,False,84588,104791,82908,13076,54,7364,30
8,layer4.2.relu3,16794,False,45079,84819,43512,12812,24,506,15
8,avgpool,81078,False,180229,274542,179088,38836,932,3184,1281
8,flatten,8994,False,28629,34885,27132,6554,118,419,146
8,fc,501154,False,1062819,347627,1063692,43816,308,133432,125218
9,conv1,2173551,False,4567950,8690928,4576320,98005,1121,178994,13931
9,bn1,328074,False,700095,1292329,700224,117669,271,104696,1115
9,relu,179807,False,388510,442324,387660,57707,74,53386,34
9,maxpool,10279709,False,21552459,42885405,21601776,7868107,385918,92199,5445
9,layer1.0.conv1,250453,False,488414,1512549,535836,19954,277,27398,2197
9,layer1.0.bn1,86687,False,192302,385564,191016,41602,356,21322,627
9,layer1.0.relu1,34214,False,81408,134988,80052,19082,83,3265,34
9,layer1.0.conv2,1990144,False,4183845,8265719,4191516,91612,1778,66601,3304
9,layer1.0.bn2,85933,False,191051,394387,189924,43160,260,18950,138
9,layer1.0.relu2,33358,False,79892,134988,78456,19082,55,3084,18
9,layer1.0.conv3,857901,False,1810332,5279677,1812636,64849,300,65954,1160
9,layer1.0.bn3,318619,False,680586,1297787,680484,118280,358,101661,120
9,layer1.0.downsample.0,865612,False,1826066,5279143,1828260,64751,140,67151,2824
9,layer1.0.downsample.1,322470,False,688303,1297789,688128,118281,323,101541,225
9,layer1.0.add,463549,False,984355,606060,984984,59942,204,155051,148
9,layer1.0.relu3,175421,False,379636,436189,378672,56740,64,52302,26
9,layer1.1.conv1,809972,False,1709601,5645477,1711920,33553,270,62771,897
9,layer1.1.bn1,92578,False,204545,385809,203280,41652,156,26282,331
9,layer1.1.relu1,31898,False,76955,134988,75516,19082,35,3029,20
9,layer1.1.conv2,1990934,False,4184306,8267682,4192020,92034,1519,66817,2604
9,layer1.1.bn2,79196,False,176838,388772,175392,42305,184,17715,130
9,layer1.1.relu2,32439,False,77820,135032,76356,19094,39,3079,22
9,layer1.1.conv3,852500,False,1798584,5279575,1801044,64819,264,65503,922
9,layer1.1.bn3,322156,False,687662,1297784,687456,118276,313,101545,169
9,layer1.1.add,445397,False,946189,587521,946764,56947,90,153523,18
9,layer1.1.relu3,174567,False,377879,436171,377160,56735,38,52193,15
9,layer1.2.conv1,810692,False,1711080,5645525,1713180,33579,219,62905,1013
9,layer1.2.bn1,92960,False,205025,387146,204120,41870,138,26141,111
9,layer1.2.relu1,31753,False,76318,134995,74844,19084,21,3028,28
9,layer1.2.conv2,1982100,False,4166081,8267863,4173624,92079,1178,66534,2419
9,layer1.2.bn2,78643,False,175664,388595,174300,42270,189,17584,70
9,layer1.2.relu2,32424,False,77954,135344,76356,19142,43,3067,12
9,layer1.2.conv3,846591,False,1787001,5273292,1789368,63852,198,64702,957
9,layer1.2.bn3,324611,False,692939,1304030,692832,119256,331,102547,117
9,layer1.2.add,449984,False,955833,587421,956424,56931,73,153586,26
9,layer1.2.relu3,175141,False,378929,436233,378084,56752,39,52263,12
9,layer2.0.conv1,1589686,False,3343987,11219624,3349752,53428,331,126735,1898
9,layer2.0.bn1,171337,False,370927,690050,370272,67247,200,53869,114
9,layer2.0.relu1,77622,False,173102,235347,171864,31628,23,19413,22
9,layer2.0.conv2,2132166,False,4480735,8567674,4489044,100723,1104,173158,11021
9,layer2.0.bn2,45456,False,105204,241699,103908,30328,112,2750,110
9,layer2.0.relu2,17731,False,46925,84819,45276,12812,24,593,11
9,layer2.0.conv3,849288,False,1791492,5300767,1793820,58832,216,46524,4909
9,layer2.0.bn3,168172,False,364266,709821,363300,70434,66,52389,175
9,layer2.0.downsample.0,2300793,False,4834309,11207181,4843356,153258,1014,262701,8392
9,layer2.0.downsample.1,171754,False,372089,713309,371280,71205,112,52128,175
9,layer2.0.add,229981,False,494320,317509,493920,32758,89,78133,18
9,layer2.0.relu3,85575,False,189892,235347,188832,31628,29,23774,34
9,layer2.1.conv1,819800,False,1729892,5702695,1732332,34195,262,38753,2447
9,layer2.1.bn1,49065,False,112801,238515,111552,29623,67,10610,406
9,layer2.1.relu1,16770,False,44758,84939,43176,12831,25,768,6
9,layer2.1.conv2,1917337,False,4029443,8149086,4036788,91781,1023,43313,9245
9,layer2.1.bn2,43290,False,100731,243514,99456,30602,112,3352,79
9,layer2.1.relu2,18043,False,47800,84819,46284,12812,25,575,10
9,layer2.1.conv3,847628,False,1788052,5300304,1790544,58747,152,47539,4142
9,layer2.1.bn3,169381,False,366816,710080,366072,70487,65,52315,180
9,layer2.1.add,225388,False,484240,311600,483672,31867,63,77718,13
9,layer2.1.relu3,83535,False,185725,235347,184464,31628,25,22816,36
9,layer2.2.conv1,813440,False,1716201,5696803,1718388,33280,215,36054,3199
9,layer2.2.bn1,46755,False,108507,238515,107100,29623,39,10327,310
9,layer2.2.relu1,16848,False,45216,84939,43848,12831,25,818,10
9,layer2.2.conv2,1915984,False,4027002,8140956,4034184,90489,938,43141,8999
9,layer2.2.bn2,44506,False,103384,247120,102060,31149,98,3462,87
9,layer2.2.relu2,17490,False,46549,84831,45024,12815,29,577,11
9,layer2.2.conv3,841363,False,1775355,5294455,1777860,57845,124,46489,4262
9,layer2.2.bn3,168294,False,364343,709684,363468,70398,73,52582,176
9,layer2.2.add,228060,False,490056,311663,489720,31884,48,77432,10
9,layer2.2.relu3,84472,False,187434,235359,186312,31631,25,23124,24
9,layer2.3.conv1,817261,False,1723942,5701965,1726032,34110,172,37441,3260
9,layer2.3.bn1,47613,False,109947,238565,108612,29637,46,10317,269
9,layer2.3.relu1,17252,False,45754,84939,44436,12831,22,817,8
9,layer2.3.conv2,1916277,False,4027378,8146157,4034520,91277,883,42932,8554
9,layer2.3.bn2,41305,False,96690,241276,95172,30242,75,3522,79
9,layer2.3.relu2,17876,False,47404,84831,45780,12815,35,634,13
9,layer2.3.conv3,846747,False,1785956,5300604,1788360,58811,125,47365,3794
9,layer2.3.bn3,169437,False,366725,709616,365820,70389,56,52400,175
9,layer2.3.add,228030,False,489646,317505,489216,32781,47,78430,18
9,layer2.3.relu3,82604,False,183328,235359,182112,31631,24,22555,28
9,layer3.0.conv1,1742253,False,3663017,10450954,3669624,98272,266,68213,6296
9,layer3.0.bn1,84728,False,188074,396826,186816,43426,77,22261,111
9,layer3.0.relu1,32346,False,77427,135140,75768,19110,27,3197,16
9,layer3.0.conv2,2192911,False,4608070,9196516,4616892,113408,1026,160513,38658
9,layer3.0.bn2,35047,False,83294,174945,81900,25366,109,5185,110
9,layer3.0.relu2,10857,False,32782,59818,31248,9700,30,463,7
9,layer3.0.conv3,966702,False,2037303,5931637,2040276,67900,136,45918,15660
9,layer3.0.bn3,91001,False,201284,444793,200340,51031,92,23660,289
9,layer3.0.downsample.0,2222098,False,4669237,10960044,4678044,133985,979,221953,31949
9,layer3.0.downsample.1,93236,False,205923,448143,204792,51769,141,21572,339
9,layer3.0.add,107673,False,237279,173461,236208,19297,56,34622,19
9,layer3.0.relu3,37414,False,88518,135020,87108,19091,40,6523,22
9,layer3.1.conv1,1019109,False,2147720,5944832,2150736,67686,235,54794,10501
9,layer3.1.bn1,33070,False,79186,172227,77868,24763,66,5309,118
9,layer3.1.relu1,11115,False,32958,59731,31668,9676,29,479,11
9,layer3.1.conv2,2033632,False,4273960,8737635,4281816,110115,1083,133210,35525
9,layer3.1.bn2,32844,False,78601,174966,77196,25371,88,1578,131
9,layer3.1.relu2,10884,False,32451,59888,31080,9705,21,471,9
9,layer3.1.conv3,966467,False,2037257,5930779,2040192,67782,113,46288,15639
9,layer3.1.bn3,92623,False,204592,444833,203280,51047,69,23710,307
9,layer3.1.add,109563,False,241338,179827,240408,20290,57,35244,15
9,layer3.1.relu3,36231,False,85769,135020,84504,19091,28,6091,18
9,layer3.2.conv1,1006620,False,2121158,5945083,2124360,67743,130,53647,10055
9,layer3.2.bn1,32228,False,77586,172227,76188,24763,46,5366,106
9,layer3.2.relu1,10724,False,32179,59743,30660,9679,23,459,10
9,layer3.2.conv2,2042996,False,4293896,8746309,4301724,111331,814,134859,35324
9,layer3.2.bn2,33467,False,79880,174801,78372,25342,91,1538,118
9,layer3.2.relu2,11129,False,32825,59851,31416,9695,24,476,11
9,layer3.2.conv3,968581,False,2041973,5931582,2044896,67883,105,46801,15615
9,layer3.2.bn3,91420,False,202326,444925,201180,51063,76,23869,285
9,layer3.2.add,94179,False,208365,173723,207396,19350,52,28546,28
9,layer3.2.relu3,35602,False,84327,135007,82992,19087,28,5656,13
9,layer3.3.conv1,1006682,False,2121368,5944994,2124528,67719,99,53951,11058
9,layer3.3.bn1,31665,False,76165,172227,74760,24763,63,5267,114
9,layer3.3.relu1,10602,False,32009,59731,30492,9676,23,491,14
9,layer3.3.conv2,2030627,False,4268388,8734126,4276188,109465,790,133639,35888
9,layer3.3.bn2,33145,False,79317,174925,77952,25366,97,1572,115
9,layer3.3.relu2,10949,False,32867,59851,31248,9695,21,501,13
9,layer3.3.conv3,969532,False,2043377,5932064,2046408,67969,104,46301,15653
9,layer3.3.bn3,92961,False,204989,444872,203868,51056,63,24073,268
9,layer3.3.add,105754,False,232663,173689,231588,19340,47,34258,37
9,layer3.3.relu3,36471,False,86451,134995,85260,19084,23,6035,21
9,layer3.4.conv1,1019494,False,2148231,5945060,2151408,67738,92,54026,10632
9,layer3.4.bn1,32578,False,78110,172201,76692,24770,57,5350,100
9,layer3.4.relu1,11033,False,32930,59731,30996,9676,20,467,9
9,layer3.4.conv2,2032115,False,4271003,8732492,4278876,109107,829,134555,35930
9,layer3.4.bn2,33739,False,80406,174817,78960,25345,87,1616,123
9,layer3.4.relu2,11791,False,41361,65711,39984,10601,48,1031,15
9,layer3.4.conv3,966041,False,2036648,5931594,2039688,67886,104,46399,15624
9,layer3.4.bn3,91905,False,203355,444856,202188,51052,61,24113,266
9,layer3.4.add,94342,False,208767,173673,207396,19336,39,28882,50
9,layer3.4.relu3,35245,False,83692,134995,82152,19084,25,5750,9
9,layer3.5.conv1,1005681,False,2119208,5945232,2122344,67755,98,52833,11246
9,layer3.5.bn1,32621,False,78235,173575,76608,24983,56,5364,96
9,layer3.5.relu1,11098,False,32912,59731,31416,9676,19,512,12
9,layer3.5.conv2,2031428,False,4269699,8735984,4277448,109820,833,133695,35746
9,layer3.5.bn2,33007,False,78911,174866,77532,25350,66,1518,118
9,layer3.5.relu2,11565,False,34215,59888,32676,9705,33,566,31
9,layer3.5.conv3,973679,False,2052282,5931820,2055144,67919,86,46036,15668
9,layer3.5.bn3,94134,False,207505,444841,206304,51045,61,23956,271
9,layer3.5.add,109193,False,240264,179535,239316,20241,48,35231,20
9,layer3.5.relu3,36289,False,85971,135007,84588,19087,24,6008,12
9,layer4.0.conv1,1957336,False,4113528,11790554,4121040,121342,164,115849,25790
9,layer4.0.bn1,50221,False,115278,263989,113988,33708,69,10120,214
9,layer4.0.relu1,17051,False,45676,84819,44100,12812,22,578,11
9,layer4.0.conv2,3412626,False,7164020,11913069,7178220,159649,958,470175,151278
9,layer4.0.bn2,31550,False,75865,156140,74088,25107,112,3306,328
9,layer4.0.relu2,8884,False,28303,47285,26628,8118,30,567,32
9,layer4.0.conv3,1250513,False,2633149,8177056,2637264,53430,368,115251,36610
9,layer4.0.bn3,58173,False,131797,364793,130704,48958,74,11870,470
9,layer4.0.downsample.0,2890580,False,6070431,11973749,6082188,166057,1199,492529,127605
9,layer4.0.downsample.1,55584,False,126128,368114,124908,49684,83,2789,453
9,layer4.0.add,36065,False,85816,104700,84336,13054,58,7361,28
9,layer4.0.relu3,17234,False,45644,84819,44436,12812,34,671,15
9,layer4.1.conv1,1210021,False,2548100,8145322,2552088,51040,334,129553,31009
9,layer4.1.bn1,28970,False,70533,153505,69048,24504,86,3922,178
9,layer4.1.relu1,8002,False,26608,47190,24948,8106,20,442,7
9,layer4.1.conv2,3155376,False,6624683,11164224,6637596,156781,989,464336,147718
9,layer4.1.bn2,30764,False,74079,156156,72576,25114,110,1718,171
9,layer4.1.relu2,8088,False,26392,47153,24864,8096,20,549,22
9,layer4.1.conv3,1240878,False,2612362,8170536,2616432,52411,204,114204,35761
9,layer4.1.bn3,58454,False,132565,364919,131208,48974,74,12041,502
9,layer4.1.add,38048,False,89883,104700,88536,13054,44,8674,25
9,layer4.1.relu3,17539,False,46417,84831,45024,12815,27,547,10
9,layer4.2.conv1,1207716,False,2543310,8145365,2547216,51051,229,128473,31326
9,layer4.2.bn1,29505,False,71562,153338,70056,24481,71,3872,149
9,layer4.2.relu1,7889,False,33125,52988,31584,8995,31,1091,11
9,layer4.2.conv2,3156932,False,6627905,11162795,6640956,156486,904,464067,147453
9,layer4.2.bn2,31694,False,76277,156285,74760,25137,127,1679,130
9,layer4.2.relu2,7986,False,26631,47165,25032,8099,19,500,10
9,layer4.2.conv3,1236715,False,2604473,8170534,2608536,52405,159,114583,36150
9,layer4.2.bn3,59952,False,135712,364936,134316,48978,62,11994,439
9,layer4.2.add,36298,False,86405,104803,84924,13078,50,7382,26
9,layer4.2.relu3,16813,False,44979,84819,43512,12812,30,571,10
9,avgpool,79567,False,177104,274611,175980,38856,981,3309,1315
9,flatten,8467,False,35666,40960,34272,6554,113,441,191
9,fc,498107,False,1056173,341445,1056972,42841,313,132139,124768
10,conv1,2178294,False,4577205,8687164,4585728,97291,1142,179131,14181
10,bn1,332584,False,709499,1298258,709632,118565,274,105634,540
10,relu,175207,False,378646,436421,378000,56793,66,52295,234
10,maxpool,10212250,False,21411386,42885419,21460152,7868111,375399,92646,5858
10,layer1.0.conv1,270101,False,496602,1518466,576912,20872,335,27829,2453
10,layer1.0.bn1,87841,False,194517,385651,193368,41624,334,21469,748
10,layer1.0.relu1,33933,False,81094,134995,79716,19084,80,3191,13
10,layer1.0.conv2,1991025,False,4185119,8265007,4192608,91441,1768,66264,3563
10,layer1.0.bn2,81459,False,181210,389890,180096,42486,239,17967,150
10,layer1.0.relu2,32706,False,78498,134995,76944,19084,48,3067,14
10,layer1.0.conv3,860807,False,1816072,5280240,1818516,64934,272,66146,1241
10,layer1.0.bn3,320305,False,684081,1297874,683928,118302,341,101800,142
10,layer1.0.downsample.0,865454,False,1826100,5279675,1828512,64833,144,67255,3142
10,layer1.0.downsample.1,326254,False,696145,1303902,696108,119233,326,102555,511
10,layer1.0.add,451893,False,959786,587296,960204,56900,129,153725,311
10,layer1.0.relu3,175116,False,379165,436196,378252,56742,56,52327,26
10,layer1.1.conv1,807453,False,1704382,5645366,1706712,33537,176,62407,895
10,layer1.1.bn1,92155,False,203891,385762,202692,41653,142,26302,317
10,layer1.1.relu1,32085,False,76898,134995,75432,19084,32,3042,45
10,layer1.1.conv2,1984579,False,4171456,8265680,4179084,91759,1277,66051,2571
10,layer1.1.bn2,81181,False,181115,388946,179928,42352,207,17850,126
10,layer1.1.relu2,33442,False,79986,135032,78708,19094,47,3357,22
10,layer1.1.conv3,847764,False,1789386,5273324,1791804,63846,165,64414,916
10,layer1.1.bn3,321913,False,694635,1304220,694512,119281,330,101806,98
10,layer1.1.add,446283,False,947685,587441,948360,56927,84,153520,9
10,layer1.1.relu3,177347,False,383094,442197,382200,57665,44,53258,13
10,layer1.2.conv1,803180,False,1695648,5639545,1697808,32649,124,61939,1021
10,layer1.2.bn1,95014,False,209760,391906,208488,42602,130,27061,130
10,layer1.2.relu1,32189,False,77362,134995,75852,19084,33,3115,15
10,layer1.2.conv2,1993313,False,4190211,8280766,4197732,94145,1216,66811,2385
10,layer1.2.bn2,79020,False,176584,388787,175140,42312,202,17787,81
10,layer1.2.relu2,32270,False,77805,135007,76356,19087,42,3269,23
10,layer1.2.conv3,851836,False,1797757,5279324,1800120,64783,162,65474,927
10,layer1.2.bn3,321127,False,685577,1297894,685608,118306,319,101652,107
10,layer1.2.add,454306,False,965135,593825,965580,57919,74,154622,18
10,layer1.2.relu3,174804,False,378173,436233,377496,56752,43,52272,12
10,layer2.0.conv1,1587875,False,3340147,11220371,3345972,53532,210,126252,1858
10,layer2.0.bn1,171573,False,371971,690050,371196,67247,207,53942,124
10,layer2.0.relu1,77795,False,173533,235347,172200,31628,29,19464,34
10,layer2.0.conv2,2139675,False,4496786,8559743,4505172,99399,1137,172959,11058
10,layer2.0.bn2,44022,False,102204,241411,100548,30261,121,2536,106
10,layer2.0.relu2,19096,False,49882,85156,48468,12867,41,654,10
10,layer2.0.conv3,849274,False,1791844,5301059,1794072,58889,220,47015,4964
10,layer2.0.bn3,169129,False,366974,709667,366156,70411,92,52440,165
10,layer2.0.downsample.0,2306548,False,4846764,11214856,4855704,154634,1075,264262,8534
10,layer2.0.downsample.1,173625,False,376058,713509,375312,71259,128,52238,181
10,layer2.0.add,225791,False,485840,311361,485604,31811,78,77416,22
10,layer2.0.relu3,85557,False,189465,235347,188244,31628,38,23805,53
10,layer2.1.conv1,821768,False,1734145,5705012,1736448,34576,312,39095,2317
10,layer2.1.bn1,51252,False,117800,240973,116592,30029,101,10658,469
10,layer2.1.relu1,17312,False,46021,84939,44604,12831,28,763,9
10,layer2.1.conv2,1922180,False,4040068,8148145,4047372,91629,1114,43584,9382
10,layer2.1.bn2,42153,False,98176,241092,96684,30193,95,3234,87
10,layer2.1.relu2,17952,False,47456,84819,45780,12812,34,603,11
10,layer2.1.conv3,848218,False,1789873,5300781,1792308,58821,153,47465,4196
10,layer2.1.bn3,170338,False,368871,710067,368088,70485,81,52300,174
10,layer2.1.add,225232,False,483954,311526,483420,31849,67,77713,21
10,layer2.1.relu3,83629,False,185427,235347,184128,31628,32,22687,40
10,layer2.2.conv1,817051,False,1723574,5702759,1725948,34207,213,37215,3178
10,layer2.2.bn1,47026,False,108537,238515,107352,29623,53,10252,339
10,layer2.2.relu1,17800,False,46931,86287,45360,13051,31,808,14
10,layer2.2.conv2,1919347,False,4034395,8146514,4041576,91291,964,43650,8871
10,layer2.2.bn2,42703,False,99461,241241,98028,30237,97,3287,84
10,layer2.2.relu2,17508,False,46678,84911,45108,12835,35,600,15
10,layer2.2.conv3,846904,False,1787140,5300379,1789284,58762,127,47364,4244
10,layer2.2.bn3,169944,False,368237,709829,367500,70430,73,52616,168
10,layer2.2.add,227767,False,489374,311650,488880,31878,43,77318,13
10,layer2.2.relu3,83933,False,194270,241732,193200,32619,54,23902,27
10,layer2.3.conv1,811117,False,1711015,5696739,1713180,33268,146,36680,3263
10,layer2.3.bn1,48245,False,111249,238485,109788,29617,55,10307,301
10,layer2.3.relu1,20524,False,53138,90964,51660,13772,31,1534,21
10,layer2.3.conv2,1913657,False,4022193,8140090,4029396,90170,927,42575,8425
10,layer2.3.bn2,43099,False,106841,248096,105504,31293,130,3595,74
10,layer2.3.relu2,17945,False,47497,84911,45864,12835,43,585,7
10,layer2.3.conv3,841116,False,1775180,5294519,1777524,57853,137,46655,3808
10,layer2.3.bn3,170240,False,368860,709525,368088,70365,76,52511,165
10,layer2.3.add,225722,False,485221,311597,484680,31867,47,77427,21
10,layer2.3.relu3,83539,False,185492,235439,184212,31651,32,22630,25
10,layer3.0.conv1,1747241,False,3673458,10459547,3679956,99883,288,68893,6455
10,layer3.0.bn1,84228,False,187083,395398,185976,43186,66,22207,112
10,layer3.0.relu1,32228,False,77326,135220,76104,19130,26,3236,16
10,layer3.0.conv2,2193658,False,4609841,9195868,4618404,113187,1078,161287,38663
10,layer3.0.bn2,36728,False,86849,175027,85428,25387,116,5065,105
10,layer3.0.relu2,11892,False,34709,59898,33012,9720,32,514,20
10,layer3.0.conv3,962322,False,2028886,5925952,2031708,67033,145,44892,15670
10,layer3.0.bn3,93313,False,205858,444900,204624,51044,96,24016,299
10,layer3.0.downsample.0,2219664,False,4664652,10959993,4673424,133862,1048,221231,31746
10,layer3.0.downsample.1,91246,False,201659,447870,200424,51711,118,21273,334
10,layer3.0.add,107855,False,237240,173476,236124,19301,57,34602,34
10,layer3.0.relu3,37811,False,89121,135100,87864,19111,45,6397,15
10,layer3.1.conv1,1028308,False,2166778,5957862,2169804,69837,277,54799,11025
10,layer3.1.bn1,33431,False,79993,172147,78540,24743,72,5365,104
10,layer3.1.relu1,10979,False,32703,59811,31080,9696,21,488,9
10,layer3.1.conv2,2033141,False,4279877,8740190,4287948,110387,977,133818,35298
10,layer3.1.bn2,33535,False,80015,174919,78540,25362,97,1592,144
10,layer3.1.relu2,12796,False,36712,59968,35112,9725,37,493,9
10,layer3.1.conv3,969698,False,2044069,5931971,2047080,67958,123,46520,15634
10,layer3.1.bn3,93419,False,206244,444766,205212,51021,66,23733,310
10,layer3.1.add,105626,False,233266,173674,232344,19336,45,34253,34
10,layer3.1.relu3,35920,False,85349,135100,83748,19111,28,5945,16
10,layer3.2.conv1,1007066,False,2121854,5945571,2125116,67814,116,53715,10539
10,layer3.2.bn1,32858,False,78785,172255,77364,24771,64,5390,102
10,layer3.2.relu1,10897,False,32648,59823,31248,9699,19,481,12
10,layer3.2.conv2,2037100,False,4281642,8733656,4289292,109300,1010,134642,35142
10,layer3.2.bn2,34394,False,82016,174981,80472,25384,95,1709,116
10,layer3.2.relu2,11348,False,33744,59931,32256,9715,26,508,8
10,layer3.2.conv3,966368,False,2036829,5932070,2039856,67954,102,46532,15501
10,layer3.2.bn3,94235,False,208077,450951,206976,51988,75,24591,297
10,layer3.2.add,94523,False,209236,173723,207984,19350,54,28683,35
10,layer3.2.relu3,35270,False,83809,135087,82404,19107,23,5680,10
10,layer3.3.conv1,1005969,False,2119767,5945130,2122932,67740,104,53569,10905
10,layer3.3.bn1,32029,False,77011,172147,75432,24743,51,5353,109
10,layer3.3.relu1,11004,False,32807,61159,31164,9916,31,497,5
10,layer3.3.conv2,2033399,False,4273770,8731772,4281480,108859,970,133666,35723
10,layer3.3.bn2,33589,False,80187,175014,78456,25378,93,1567,111
10,layer3.3.relu2,11478,False,33805,59931,32256,9715,28,576,21
10,layer3.3.conv3,968137,False,2040688,5932143,2043720,67986,99,46272,15621
10,layer3.3.bn3,93081,False,205573,445065,204624,51083,63,23741,279
10,layer3.3.add,106130,False,233733,173689,232932,19340,39,34361,30
10,layer3.3.relu3,36467,False,94303,142015,92904,20163,39,6976,35
10,layer3.4.conv1,1014668,False,2137935,5944193,2141076,67610,109,53715,10402
10,layer3.4.bn1,32280,False,77415,172013,75852,24722,51,5335,92
10,layer3.4.relu1,10746,False,32359,59811,31080,9696,19,548,14
10,layer3.4.conv2,2033633,False,4274338,8738899,4282236,110420,1004,134286,35790
10,layer3.4.bn2,32987,False,78807,174532,77532,25275,82,1630,114
10,layer3.4.relu2,11192,False,33244,59956,31752,9722,27,546,15
10,layer3.4.conv3,965182,False,2034786,5931610,2037756,67889,103,46812,15570
10,layer3.4.bn3,91606,False,202781,445103,201516,51098,59,24100,278
10,layer3.4.add,93855,False,207680,173606,206640,19320,36,28613,24
10,layer3.4.relu3,34913,False,83274,135075,81900,19104,22,5579,13
10,layer3.5.conv1,1005777,False,2119590,5945215,2122848,67751,92,52525,10915
10,layer3.5.bn1,32186,False,77237,172147,75852,24743,41,5425,111
10,layer3.5.relu1,10480,False,31635,59811,30072,9696,16,481,16
10,layer3.5.conv2,2032221,False,4278061,8742011,4285932,110800,950,134163,35576
10,layer3.5.bn2,33604,False,80400,174783,78876,25332,81,1545,131
10,layer3.5.relu2,12179,False,35174,59968,33432,9725,28,508,12
10,layer3.5.conv3,972553,False,2049816,5931834,2052876,67920,88,46211,15597
10,layer3.5.bn3,93680,False,206743,444545,205464,50987,58,23944,274
10,layer3.5.add,105550,False,233266,173699,232176,19343,47,34274,22
10,layer3.5.relu3,35988,False,85362,135087,83916,19107,25,5953,13
10,layer4.0.conv1,1966741,False,4134250,11790143,4141956,121283,174,116539,25398
10,layer4.0.bn1,50136,False,115190,263985,113652,33712,88,10236,204
10,layer4.0.relu1,17647,False,46584,84899,45108,12832,21,573,13
10,layer4.0.conv2,3425631,False,7191707,11915111,7206024,159766,928,470724,154091
10,layer4.0.bn2,31905,False,76699,156165,75264,25110,168,3304,268
10,layer4.0.relu2,9030,False,28766,47365,27048,8138,42,545,30
10,layer4.0.conv3,1249212,False,2630062,8170901,2634408,52493,368,114128,38607
10,layer4.0.bn3,59790,False,135110,364918,133980,48969,112,11975,463
10,layer4.0.downsample.0,2889670,False,6068489,11977630,6080172,166787,1236,491997,126474
10,layer4.0.downsample.1,57183,False,129678,367892,128352,49634,115,2784,455
10,layer4.0.add,35992,False,85603,104700,84252,13054,86,7430,20
10,layer4.0.relu3,17786,False,47160,84899,45528,12832,44,748,8
10,layer4.1.conv1,1217890,False,2564573,8151222,2568636,51953,387,130531,32875
10,layer4.1.bn1,30352,False,73658,153258,72156,24459,95,3858,174
10,layer4.1.relu1,7549,False,25552,47270,24024,8126,22,466,7
10,layer4.1.conv2,3159620,False,6633909,11164748,6646920,157053,995,464555,146852
10,layer4.1.bn2,30679,False,74281,156016,72828,25080,119,1646,163
10,layer4.1.relu2,7993,False,26790,47233,25284,8116,21,479,6
10,layer4.1.conv3,1242982,False,2617397,8170569,2621640,52418,295,113839,36710
10,layer4.1.bn3,58421,False,132408,364924,130956,48975,85,11948,578
10,layer4.1.add,39281,False,98946,110543,97524,13052,71,8902,26
10,layer4.1.relu3,17106,False,45437,84911,43932,12835,29,571,9
10,layer4.2.conv1,1208805,False,2545729,8145499,2549652,51062,274,129038,31671
10,layer4.2.bn1,29786,False,72132,153376,70728,24477,76,3796,144
10,layer4.2.relu1,8677,False,27827,48581,26376,8336,30,518,11
10,layer4.2.conv2,3154939,False,6624202,11166578,6637176,157273,905,464726,146782
10,layer4.2.bn2,31143,False,75045,155986,73584,25068,105,1658,128
10,layer4.2.relu2,8229,False,26817,47245,25284,8119,25,556,26
10,layer4.2.conv3,1248487,False,2628563,8177032,2632644,53427,224,115365,37505
10,layer4.2.bn3,60228,False,136335,364859,134988,48958,80,12022,451
10,layer4.2.add,35815,False,85177,104793,83832,13076,58,7401,30
10,layer4.2.relu3,17231,False,45714,84899,44184,12832,28,601,13
10,avgpool,80077,False,177841,275080,176652,38951,985,3245,1356
10,flatten,9240,False,29212,34885,27552,6554,122,479,205
10,fc,503750,False,1068127,348754,1068900,43981,357,133548,124705
11,conv1,2173258,False,4567731,8684471,4576152,96744,1097,178619,14501
11,bn1,329386,False,703762,1292171,703500,117628,267,104527,1327
11,relu,176088,False,380255,436494,379428,56811,58,52239,769
11,maxpool,10133588,False,21244521,42906423,21295260,7871474,372044,93410,7729
11,layer1.0.conv1,257382,False,491542,1512549,550536,19954,316,27350,2775
11,layer1.0.bn1,86641,False,192346,385516,191352,41590,304,21160,960
11,layer1.0.relu1,33726,False,80422,135068,79044,19102,80,3476,48
11,layer1.0.conv2,2004643,False,4213700,8275409,4221588,92954,1844,67374,4504
11,layer1.0.bn2,83600,False,185858,388718,184632,42302,253,17897,242
11,layer1.0.relu2,32932,False,79191,135068,77868,19102,49,3164,17
11,layer1.0.conv3,857894,False,1810023,5279484,1812384,64812,334,66105,1342
11,layer1.0.bn3,325606,False,695203,1304234,695184,119300,360,102504,184
11,layer1.0.downsample.0,867171,False,1829380,5280246,1832124,64909,207,67100,3051
11,layer1.0.downsample.1,323070,False,689477,1297789,689640,118281,330,101648,420
11,layer1.0.add,452756,False,961548,587289,962052,56898,132,153634,213
11,layer1.0.relu3,177133,False,383090,442284,382452,57693,62,52986,26
11,layer1.1.conv1,807866,False,1705223,5645314,1707384,33528,181,62777,944
11,layer1.1.bn1,94251,False,207948,385675,206724,41631,169,26405,492
11,layer1.1.relu1,32287,False,77795,135068,76356,19102,32,3133,20
11,layer1.1.conv2,1983563,False,4169048,8262169,4176564,90892,1288,65838,3031
11,layer1.1.bn2,81198,False,181027,388716,179592,42304,208,17723,150
11,layer1.1.relu2,32070,False,77499,135105,76104,19112,41,3121,33
11,layer1.1.conv3,850627,False,1794718,5279302,1797180,64771,227,65379,949
11,layer1.1.bn3,319792,False,682943,1297737,683004,118267,316,101470,242
11,layer1.1.add,449563,False,954953,593713,955332,57894,74,154517,22
11,layer1.1.relu3,174100,False,377064,436244,376068,56753,34,52278,13
11,layer1.2.conv1,809040,False,1707717,5645523,1709904,33574,135,62664,1043
11,layer1.2.bn1,92403,False,203903,385657,202776,41627,134,26107,277
11,layer1.2.relu1,31541,False,76077,135068,74676,19102,32,3076,17
11,layer1.2.conv2,1979197,False,4160281,8263389,4167744,91114,1076,66302,2564
11,layer1.2.bn2,78671,False,175637,388757,174468,42305,168,17681,109
11,layer1.2.relu2,33280,False,79646,135080,78120,19105,48,3022,16
11,layer1.2.conv3,852745,False,1799183,5279306,1801548,64785,207,65459,952
11,layer1.2.bn3,320549,False,684499,1297795,684600,118282,305,101559,111
11,layer1.2.add,449157,False,954095,587414,954492,56929,49,153488,15
11,layer1.2.relu3,173669,False,375565,436306,374808,56770,38,52219,12
11,layer2.0.conv1,1593262,False,3350747,11226411,3356556,54470,302,127138,2074
11,layer2.0.bn1,171837,False,371946,689963,371112,67225,196,53824,221
11,layer2.0.relu1,77868,False,173719,235420,172452,31646,30,19446,43
11,layer2.0.conv2,2131811,False,4479512,8560992,4487700,99559,1169,172652,12007
11,layer2.0.bn2,43186,False,100565,241402,99204,30258,113,2538,111
11,layer2.0.relu2,21694,False,55164,92223,53928,13975,49,1195,10
11,layer2.0.conv3,843173,False,1778906,5294551,1781472,57864,174,45714,5667
11,layer2.0.bn3,171804,False,371947,715661,371028,71319,84,53265,184
11,layer2.0.downsample.0,2304991,False,4844424,11209033,4853520,153632,1135,262706,8552
11,layer2.0.downsample.1,173833,False,376023,715642,374976,71583,146,52191,214
11,layer2.0.add,225958,False,485626,311341,485268,31803,75,77526,29
11,layer2.0.relu3,86310,False,191180,235420,190176,31646,57,23879,42
11,layer2.1.conv1,815278,False,1719938,5696675,1722168,33256,249,37950,2677
11,layer2.1.bn1,49760,False,114370,238468,113064,29608,70,10719,632
11,layer2.1.relu1,17518,False,46394,85012,45108,12849,32,774,8
11,layer2.1.conv2,1963279,False,4069820,8152924,4077192,92244,1293,45514,9966
11,layer2.1.bn2,42238,False,98503,241179,97104,30220,107,3620,85
11,layer2.1.relu2,18480,False,48568,85229,47040,12885,43,638,20
11,layer2.1.conv3,850522,False,1794475,5300558,1796844,58786,174,47540,4657
11,layer2.1.bn3,169758,False,368311,709759,367332,70417,88,52445,178
11,layer2.1.add,226423,False,486658,311610,486276,31873,76,77750,14
11,layer2.1.relu3,82981,False,184289,235427,183036,31648,33,22718,30
11,layer2.2.conv1,817754,False,1724840,5702894,1727040,34221,209,37304,3195
11,layer2.2.bn1,47440,False,109878,238435,108444,29603,57,10261,478
11,layer2.2.relu1,17637,False,46839,85019,45276,12851,31,852,17
11,layer2.2.conv2,1927957,False,4051938,8151773,4059384,92263,1071,44194,9093
11,layer2.2.bn2,42072,False,98227,241167,96936,30222,82,3255,86
11,layer2.2.relu2,17672,False,46909,84911,45696,12835,38,575,18
11,layer2.2.conv3,847028,False,1786274,5300379,1788612,58762,128,47067,4627
11,layer2.2.bn3,173972,False,376512,715540,375816,71297,75,53134,176
11,layer2.2.add,228516,False,490846,311663,490476,31884,55,77609,18
11,layer2.2.relu3,83951,False,186298,235439,185304,31651,33,23221,43
11,layer2.3.conv1,816021,False,1721488,5702941,1723596,34228,168,37414,3270
11,layer2.3.bn1,48843,False,112639,238485,111300,29617,63,10560,373
11,layer2.3.relu1,17253,False,45620,85019,44184,12851,26,807,18
11,layer2.3.conv2,1916675,False,4028631,8143673,4035864,90652,899,42835,8488
11,layer2.3.bn2,41806,False,97861,241342,96432,30261,103,3589,91
11,layer2.3.relu2,17944,False,47399,84911,45948,12835,34,691,13
11,layer2.3.conv3,847533,False,1787709,5300709,1790124,58814,146,47476,3819
11,layer2.3.bn3,169239,False,366855,709510,366072,70357,62,52390,158
11,layer2.3.add,225730,False,485103,311604,484512,31871,53,77539,15
11,layer2.3.relu3,88041,False,195111,241689,193956,32636,41,24072,39
11,layer3.0.conv1,1748705,False,3676527,10456599,3682896,99280,1287,68477,6559
11,layer3.0.bn1,85192,False,189272,395398,188160,43186,72,22349,125
11,layer3.0.relu1,33145,False,87469,141324,86100,20071,69,4185,18
11,layer3.0.conv2,2192886,False,4608369,9197887,4617060,113512,1204,160945,38990
11,layer3.0.bn2,36636,False,86450,175038,85008,25394,111,5109,115
11,layer3.0.relu2,11912,False,34917,59898,33432,9720,35,607,27
11,layer3.0.conv3,970926,False,2046334,5932055,2049264,67974,181,46141,15851
11,layer3.0.bn3,92055,False,204756,445182,203532,51111,104,23950,280
11,layer3.0.downsample.0,2223871,False,4673599,10957615,4682412,133475,1167,222237,31774
11,layer3.0.downsample.1,90431,False,200100,447939,199080,51734,124,21222,329
11,layer3.0.add,108650,False,239034,173389,237888,19281,91,34988,60
11,layer3.0.relu3,37686,False,88925,135100,87612,19111,56,6396,17
11,layer3.1.conv1,1016287,False,2141434,5944951,2144604,67710,264,54049,11121
11,layer3.1.bn1,33270,False,79652,172147,78120,24743,73,5310,126
11,layer3.1.relu1,11412,False,33653,59811,32172,9696,36,511,12
11,layer3.1.conv2,2033802,False,4275217,8732709,4283076,109157,999,133337,35389
11,layer3.1.bn2,33851,False,80859,175056,79632,25394,99,1610,122
11,layer3.1.relu2,11612,False,33895,59888,32508,9705,36,479,8
11,layer3.1.conv3,970221,False,2044963,5932105,2047836,67993,132,46394,15728
11,layer3.1.bn3,94049,False,207784,444783,206640,51024,85,23603,315
11,layer3.1.add,106626,False,234853,173674,233856,19336,76,34241,27
11,layer3.1.relu3,36241,False,85908,135020,84588,19091,29,5949,26
11,layer3.2.conv1,1022619,False,2154945,5945478,2158044,67813,158,53360,10958
11,layer3.2.bn1,32672,False,78180,172255,76860,24771,71,5407,108
11,layer3.2.relu1,11284,False,33572,59743,32004,9679,24,490,11
11,layer3.2.conv2,2034250,False,4276009,8733829,4284000,109352,1068,134248,35205
11,layer3.2.bn2,33095,False,79236,174739,77868,25323,85,1546,119
11,layer3.2.relu2,11620,False,34108,59851,32676,9695,24,503,15
11,layer3.2.conv3,967541,False,2039641,5931931,2042460,67945,113,46989,15732
11,layer3.2.bn3,91903,False,203356,444785,202188,51023,61,23920,277
11,layer3.2.add,93936,False,208203,173718,207312,19348,53,28501,54
11,layer3.2.relu3,35410,False,83998,135007,82572,19087,29,5754,17
11,layer3.3.conv1,1013017,False,2134747,5945416,2137968,67810,100,53753,11310
11,layer3.3.bn1,32139,False,76976,172147,75768,24743,55,5293,107
11,layer3.3.relu1,10901,False,32850,59731,31500,9676,18,495,8
11,layer3.3.conv2,2039692,False,4286972,8737928,4294752,109882,1000,134245,35742
11,layer3.3.bn2,34303,False,81652,175030,80136,25392,109,1554,117
11,layer3.3.relu2,11752,False,34543,59851,33096,9695,32,550,19
11,layer3.3.conv3,970061,False,2045207,5932026,2048004,67964,115,46272,15735
11,layer3.3.bn3,94439,False,208790,445023,207564,51080,72,23947,283
11,layer3.3.add,105726,False,233057,173612,231924,19322,52,34146,35
11,layer3.3.relu3,35913,False,85144,134995,83748,19084,22,5994,27
11,layer3.4.conv1,1011385,False,2130971,5944503,2134272,67668,105,54500,10771
11,layer3.4.bn1,32375,False,77701,172147,76104,24743,53,5340,95
11,layer3.4.relu1,11530,False,33896,59731,32424,9676,12,502,12
11,layer3.4.conv2,2036319,False,4279883,8732973,4288032,109215,1022,134685,35752
11,layer3.4.bn2,33670,False,80455,174817,78960,25344,84,1481,118
11,layer3.4.relu2,11887,False,34706,59876,33180,9702,27,564,23
11,layer3.4.conv3,965497,False,2035184,5931926,2038260,67943,99,46650,15652
11,layer3.4.bn3,95388,False,210734,450454,209580,51899,82,24939,258
11,layer3.4.add,94536,False,209352,173678,208152,19336,44,28796,40
11,layer3.4.relu3,34750,False,82726,134995,81144,19084,22,5657,10
11,layer3.5.conv1,1020789,False,2151082,5945090,2154264,67742,84,52216,11428
11,layer3.5.bn1,32482,False,77856,172147,76524,24743,55,5447,112
11,layer3.5.relu1,11134,False,32912,59731,31416,9676,27,488,13
11,layer3.5.conv2,2033764,False,4275178,8734570,4282992,109561,1017,133713,35579
11,layer3.5.bn2,33049,False,79399,174801,77952,25336,92,1516,129
11,layer3.5.relu2,12092,False,35274,59888,33768,9705,33,542,15
11,layer3.5.conv3,966017,False,2036540,5931694,2039268,67910,103,46093,15606
11,layer3.5.bn3,93508,False,206643,444594,205548,50994,74,23982,295
11,layer3.5.add,105927,False,233656,173699,232512,19343,47,34274,20
11,layer3.5.relu3,37428,False,96107,141096,94836,20025,47,6823,15
11,layer4.0.conv1,1962788,False,4125180,11790236,4132800,121307,185,115623,26123
11,layer4.0.bn1,50798,False,116578,263944,115416,33682,97,10092,243
11,layer4.0.relu1,17740,False,46904,84819,45360,12812,22,593,14
11,layer4.0.conv2,3417266,False,7174488,11910334,7188636,159150,993,470113,154554
11,layer4.0.bn2,31074,False,74861,156199,73248,25121,147,3220,347
11,layer4.0.relu2,8649,False,27755,48633,26376,8338,40,580,40
11,layer4.0.conv3,1254386,False,2640993,8176920,2645244,53413,370,115425,39727
11,layer4.0.bn3,60053,False,136264,364917,134988,48971,84,11971,476
11,layer4.0.downsample.0,2888865,False,6066213,11971432,6078240,165543,1140,492407,129244
11,layer4.0.downsample.1,57170,False,129670,368126,128436,49679,124,2760,476
11,layer4.0.add,36063,False,85846,104680,84336,13048,58,7392,26
11,layer4.0.relu3,17303,False,46143,84899,44604,12832,36,645,9
11,layer4.1.conv1,1208960,False,2546223,8144957,2550156,50979,333,129224,33713
11,layer4.1.bn1,29460,False,71405,153472,70140,24499,87,3880,183
11,layer4.1.relu1,7794,False,26129,47270,24612,8126,21,447,6
11,layer4.1.conv2,3156767,False,6628399,11158176,6641460,155569,883,464536,149411
11,layer4.1.bn2,32646,False,78927,162164,77532,26028,109,2275,189
11,layer4.1.relu2,8696,False,28130,47233,26712,8116,25,492,6
11,layer4.1.conv3,1248406,False,2628716,8170767,2632812,52449,198,113860,39051
11,layer4.1.bn3,59013,False,133591,364837,132300,48952,76,12043,501
11,layer4.1.add,37956,False,89691,104685,88368,13050,53,8551,25
11,layer4.1.relu3,17835,False,46766,84911,45192,12835,33,583,15
11,layer4.2.conv1,1209069,False,2546263,8145043,2550324,50995,218,128472,32367
11,layer4.2.bn1,29835,False,72456,153311,71148,24474,77,3747,147
11,layer4.2.relu1,8389,False,27508,47233,26124,8116,20,483,8
11,layer4.2.conv2,3172965,False,6632938,11175809,6646080,158700,1036,466017,146648
11,layer4.2.bn2,31249,False,75484,155772,74004,25025,126,1609,129
11,layer4.2.relu2,8845,False,28295,47245,26964,8119,30,551,23
11,layer4.2.conv3,1245072,False,2621525,8170752,2625756,52437,174,114459,38968
11,layer4.2.bn3,60547,False,136903,364957,135744,48979,75,12056,457
11,layer4.2.add,35589,False,84599,104803,83244,13078,63,7373,24
11,layer4.2.relu3,16878,False,45072,84899,43596,12832,32,523,13
11,avgpool,82266,False,182751,274341,181692,38801,1017,3322,1421
11,flatten,8653,False,28184,34885,26544,6554,121,451,187
11,fc,497812,False,1056155,341332,1057056,42820,344,132571,124820
12,conv1,2176562,False,4574796,8687037,4583292,97216,1246,179022,14028
12,bn1,334337,False,713803,1298081,714000,118540,355,105906,1246
12,relu,177579,False,384105,436494,383460,56811,97,52407,1006
12,maxpool,10237166,False,21461561,42886129,21512736,7868241,376670,92718,6406
12,layer1.0.conv1,249184,False,498113,1518475,533064,20873,392,28067,2357
12,layer1.0.bn1,89026,False,197216,385443,196056,41574,343,21287,714
12,layer1.0.relu1,33994,False,81122,135068,79632,19102,96,3319,13
12,layer1.0.conv2,1989400,False,4181228,8258736,4188912,90195,1788,66199,3377
12,layer1.0.bn2,81057,False,180733,388481,179508,42256,247,17935,143
12,layer1.0.relu2,32541,False,78006,135068,76608,19102,55,3149,17
12,layer1.0.conv3,858397,False,1811220,5279381,1813476,64799,319,66119,1897
12,layer1.0.bn3,320319,False,684192,1297787,684096,118280,344,101603,441
12,layer1.0.downsample.0,864036,False,1823741,5279161,1826328,64756,137,67116,3274
12,layer1.0.downsample.1,327155,False,698092,1303951,698124,119234,330,102461,439
12,layer1.0.add,452598,False,961619,587289,961968,56898,140,153766,350
12,layer1.0.relu3,174337,False,377240,436269,376236,56760,52,52261,78
12,layer1.1.conv1,808108,False,1705734,5645257,1707972,33522,172,62604,877
12,layer1.1.bn1,93174,False,205743,385809,204288,41652,142,26119,366
12,layer1.1.relu1,32350,False,77838,135068,76440,19102,27,2935,14
12,layer1.1.conv2,1982679,False,4167754,8261850,4175472,90887,1132,66482,2638
12,layer1.1.bn2,78940,False,176319,388566,175140,42261,183,17712,196
12,layer1.1.relu2,33513,False,80552,135105,79212,19112,49,3444,21
12,layer1.1.conv3,846869,False,1787859,5274665,1790292,64064,218,64429,898
12,layer1.1.bn3,324583,False,693173,1303693,693252,119193,330,102286,115
12,layer1.1.add,446954,False,949501,587434,950124,56925,78,153626,35
12,layer1.1.relu3,178222,False,385462,442531,384636,57715,45,53268,19
12,layer1.2.conv1,804447,False,1698327,5639618,1700496,32667,149,62097,994
12,layer1.2.bn1,97065,False,213903,392537,212856,42703,159,27206,162
12,layer1.2.relu1,32553,False,78158,134988,76776,19082,30,3289,23
12,layer1.2.conv2,1975233,False,4151738,8264300,4159344,91364,1000,66514,2399
12,layer1.2.bn2,79854,False,178165,388619,176820,42275,176,17775,86
12,layer1.2.relu2,32724,False,78643,135000,77028,19085,35,3205,16
12,layer1.2.conv3,853899,False,1802046,5279414,1804404,64805,216,65484,926
12,layer1.2.bn3,320019,False,683625,1297802,683508,118284,312,101630,131
12,layer1.2.add,453977,False,964113,593465,964656,57866,69,154528,22
12,layer1.2.relu3,173132,False,374962,436233,374136,56752,39,52204,10
12,layer2.0.conv1,1585726,False,3336269,11220190,3342024,53517,267,126413,1856
12,layer2.0.bn1,175486,False,379471,695404,378504,68091,224,54530,143
12,layer2.0.relu1,78507,False,174734,235347,173796,31628,26,19466,25
12,layer2.0.conv2,2136552,False,4490157,8560291,4498284,99444,1124,173464,11031
12,layer2.0.bn2,44617,False,104041,241229,102732,30219,121,2527,94
12,layer2.0.relu2,17845,False,47169,84819,45696,12812,36,665,10
12,layer2.0.conv3,849606,False,1792607,5302205,1794912,59069,257,46759,5099
12,layer2.0.bn3,171328,False,371210,712152,370440,70811,134,52652,197
12,layer2.0.downsample.0,2320180,False,4875221,11236092,4884264,158293,1245,264914,8497
12,layer2.0.downsample.1,172947,False,374107,712963,373380,71124,136,52181,181
12,layer2.0.add,226751,False,487851,311348,487368,31805,80,77486,23
12,layer2.0.relu3,85840,False,189952,235347,188664,31628,54,23739,38
12,layer2.1.conv1,822424,False,1735510,5702686,1737792,34195,344,39109,2380
12,layer2.1.bn1,49663,False,114326,238435,113064,29603,78,10556,540
12,layer2.1.relu1,17831,False,47096,84939,45696,12831,36,918,10
12,layer2.1.conv2,1920265,False,4035899,8143601,4043172,90634,1054,43512,9201
12,layer2.1.bn2,42630,False,99685,241269,98364,30240,107,3439,84
12,layer2.1.relu2,18036,False,47675,84819,46368,12812,33,570,13
12,layer2.1.conv3,847783,False,1788505,5300402,1790796,58772,166,47533,4209
12,layer2.1.bn3,170864,False,370095,709942,369432,70448,73,52453,179
12,layer2.1.add,226122,False,493551,317696,492996,32807,90,78337,20
12,layer2.1.relu3,83815,False,186248,235347,185052,31628,28,22838,19
12,layer2.2.conv1,816550,False,1722229,5702739,1724268,34205,230,37107,3016
12,layer2.2.bn1,48184,False,111185,238435,109704,29603,52,10307,350
12,layer2.2.relu1,17214,False,45844,84939,44436,12831,26,831,8
12,layer2.2.conv2,1914272,False,4023395,8144755,4030824,90982,859,43658,8768
12,layer2.2.bn2,42040,False,98054,241040,96684,30194,90,3339,96
12,layer2.2.relu2,17750,False,47200,85168,45612,12870,44,628,17
12,layer2.2.conv3,847765,False,1788351,5300459,1790796,58782,153,47442,4340
12,layer2.2.bn3,169485,False,367753,709738,366996,70399,66,52720,180
12,layer2.2.add,228254,False,490061,311673,489636,31886,55,77299,15
12,layer2.2.relu3,84496,False,187660,235359,186564,31631,29,23093,19
12,layer2.3.conv1,812815,False,1715061,5696819,1717128,33288,198,36747,3309
12,layer2.3.bn1,47998,False,110774,238485,109452,29617,48,10365,325
12,layer2.3.relu1,17789,False,47247,84939,45864,12831,27,946,29
12,layer2.3.conv2,1910361,False,4015292,8136474,4022508,89466,830,42634,8337
12,layer2.3.bn2,44822,False,104319,247017,102900,31116,92,4054,80
12,layer2.3.relu2,18406,False,48355,84831,46704,12815,40,661,15
12,layer2.3.conv3,841160,False,1774789,5296033,1777104,58114,172,46647,3767
12,layer2.3.bn3,171622,False,378279,715816,377580,71334,69,52643,155
12,layer2.3.add,225399,False,484126,311600,483504,31867,53,77386,17
12,layer2.3.relu3,83264,False,185019,235359,183708,31631,29,22682,29
12,layer3.0.conv1,1734536,False,3646434,10449297,3653076,98013,285,68185,6293
12,layer3.0.bn1,84351,False,187624,395276,186312,43168,57,22271,103
12,layer3.0.relu1,32243,False,77580,135140,76188,19110,28,3266,17
12,layer3.0.conv2,2189728,False,4601697,9195828,4610088,113129,1122,160707,38823
12,layer3.0.bn2,36646,False,86758,175123,85428,25414,113,5096,108
12,layer3.0.relu2,11331,False,33415,59818,31920,9700,25,575,19
12,layer3.0.conv3,972048,False,2048965,5932261,2051868,68021,146,45815,15577
12,layer3.0.bn3,95650,False,211252,450837,210336,51962,91,24610,270
12,layer3.0.downsample.0,2220223,False,4666308,10958984,4675104,133810,1052,221338,31561
12,layer3.0.downsample.1,92425,False,204122,448079,202944,51761,158,21230,324
12,layer3.0.add,107318,False,236266,173389,235200,19281,56,34687,28
12,layer3.0.relu3,37455,False,88668,135020,87108,19091,45,6604,21
12,layer3.1.conv1,1017793,False,2145090,5945267,2148384,67764,291,55094,10388
12,layer3.1.bn1,32878,False,78713,172147,77280,24743,77,5362,106
12,layer3.1.relu1,11101,False,33065,59731,31668,9676,36,541,11
12,layer3.1.conv2,2074644,False,4309451,8744400,4317516,111124,1491,134918,35184
12,layer3.1.bn2,34066,False,81236,174783,79716,25330,115,1598,121
12,layer3.1.relu2,12102,False,35255,59888,34020,9705,49,517,14
12,layer3.1.conv3,973518,False,2051599,5932032,2054640,67973,176,46729,15519
12,layer3.1.bn3,93458,False,206294,444807,205044,51041,90,23865,297
12,layer3.1.add,106269,False,234235,173612,233100,19322,63,34264,26
12,layer3.1.relu3,35492,False,84275,135020,82824,19091,31,5928,20
12,layer3.2.conv1,1008829,False,2126495,5946049,2129652,67904,171,54238,10105
12,layer3.2.bn1,32298,False,77427,172147,76188,24743,61,5423,111
12,layer3.2.relu1,11274,False,33447,59743,32088,9679,26,528,9
12,layer3.2.conv2,2041160,False,4290440,8735084,4298112,109659,1189,134739,34905
12,layer3.2.bn2,33630,False,80330,174675,78876,25307,89,1562,116
12,layer3.2.relu2,11390,False,33860,59851,32424,9695,18,498,16
12,layer3.2.conv3,968583,False,2042008,5931794,2044812,67920,111,46385,15551
12,layer3.2.bn3,95393,False,210689,451201,209664,52027,73,24674,285
12,layer3.2.add,93285,False,206761,173656,205548,19334,55,28501,36
12,layer3.2.relu3,35857,False,85336,135007,83916,19087,32,6141,18
12,layer3.3.conv1,1005640,False,2118816,5945234,2121840,67764,124,53879,10635
12,layer3.3.bn1,31890,False,77253,172147,75852,24743,59,5283,113
12,layer3.3.relu1,10910,False,32662,59731,31080,9676,19,480,8
12,layer3.3.conv2,2035836,False,4278685,8733788,4286520,109400,1078,133563,35583
12,layer3.3.bn2,33258,False,79606,174826,78120,25346,88,1581,110
12,layer3.3.relu2,11745,False,34317,59851,32844,9695,24,473,8
12,layer3.3.conv3,971325,False,2047845,5931808,2050608,67925,102,46239,15643
12,layer3.3.bn3,93296,False,206189,444803,205044,51040,52,23742,269
12,layer3.3.add,106120,False,233889,173612,232596,19322,41,34275,26
12,layer3.3.relu3,35796,False,84734,134995,83412,19084,36,6053,15
12,layer3.4.conv1,1004335,False,2116001,5945658,2119236,67836,102,53726,9972
12,layer3.4.bn1,32485,False,77851,172147,76272,24743,52,5379,106
12,layer3.4.relu1,11038,False,32814,59731,31332,9676,16,483,4
12,layer3.4.conv2,2039626,False,4287006,8733632,4294836,109416,970,134673,35656
12,layer3.4.bn2,33245,False,79389,174726,77868,25318,77,1526,114
12,layer3.4.relu2,11421,False,33863,59876,32340,9702,36,494,14
12,layer3.4.conv3,969262,False,2043189,5933784,2045820,68256,110,46877,15499
12,layer3.4.bn3,93074,False,205819,445044,204624,51086,64,23945,258
12,layer3.4.add,94207,False,208345,173596,207228,19318,41,28865,42
12,layer3.4.relu3,35955,False,85357,134995,84084,19084,23,5957,9
12,layer3.5.conv1,1017570,False,2144141,5945217,2147208,67762,97,52980,11088
12,layer3.5.bn1,32783,False,78530,172147,77112,24743,46,5386,116
12,layer3.5.relu1,14543,False,40358,66233,38640,10692,45,1128,10
12,layer3.5.conv2,2032023,False,4270379,8735332,4278372,109723,849,133673,35457
12,layer3.5.bn2,34156,False,81560,174776,79884,25330,77,1559,126
12,layer3.5.relu2,11706,False,34294,59888,32844,9705,36,520,9
12,layer3.5.conv3,968258,False,2040914,5931899,2043636,67943,86,45940,15533
12,layer3.5.bn3,93545,False,206552,444513,205464,50979,60,23853,273
12,layer3.5.add,105565,False,232959,173699,231840,19343,48,34155,31
12,layer3.5.relu3,36726,False,86831,135007,85512,19087,28,5987,23
12,layer4.0.conv1,1971211,False,4143321,11791073,4150860,121437,170,116583,24680
12,layer4.0.bn1,50579,False,116344,264077,115080,33716,79,10232,219
12,layer4.0.relu1,17314,False,46097,84819,44688,12812,28,620,11
12,layer4.0.conv2,3422433,False,7184860,11918529,7199052,160485,968,470920,151573
12,layer4.0.bn2,30710,False,74181,156173,72660,25120,130,3215,310
12,layer4.0.relu2,8256,False,27334,47285,25872,8118,30,573,29
12,layer4.0.conv3,1242086,False,2614884,8170833,2618952,52463,377,114097,37777
12,layer4.0.bn3,58472,False,132509,364867,131040,48956,78,11970,465
12,layer4.0.downsample.0,2888648,False,6066595,11975398,6078324,166505,1216,492436,128142
12,layer4.0.downsample.1,56824,False,128923,368131,127596,49678,106,2794,586
12,layer4.0.add,35211,False,83799,104690,82404,13052,57,7342,24
12,layer4.0.relu3,17448,False,46407,84819,45108,12812,38,686,9
12,layer4.1.conv1,1215645,False,2560175,8150025,2564100,51777,353,130100,31608
12,layer4.1.bn1,30119,False,73082,153355,71652,24470,87,3875,180
12,layer4.1.relu1,8342,False,27222,47190,25536,8106,23,468,8
12,layer4.1.conv2,3165316,False,6645843,11176544,6658764,158776,1025,465003,147233
12,layer4.1.bn2,30590,False,73973,155974,72492,25050,123,1604,154
12,layer4.1.relu2,8139,False,26708,47153,25200,8096,22,500,9
12,layer4.1.conv3,1247091,False,2625641,8170884,2630040,52475,240,113658,37343
12,layer4.1.bn3,58856,False,133330,364836,131964,48954,59,11970,543
12,layer4.1.add,38500,False,90771,104685,89292,13050,47,8684,36
12,layer4.1.relu3,17318,False,46430,84831,44940,12815,28,598,10
12,layer4.2.conv1,1208231,False,2544589,8145138,2548728,51019,221,128906,31721
12,layer4.2.bn1,30964,False,74697,154153,73248,24615,116,3954,175
12,layer4.2.relu1,8298,False,27184,47153,25536,8096,16,466,7
12,layer4.2.conv2,3153593,False,6621148,11161981,6634236,156289,794,464481,146801
12,layer4.2.bn2,31254,False,75337,155819,74004,25029,117,1725,127
12,layer4.2.relu2,9017,False,28682,47165,27300,8099,28,509,11
12,layer4.2.conv3,1242938,False,2617066,8177011,2621220,53435,229,115161,35651
12,layer4.2.bn3,60887,False,137593,364843,136332,48954,69,12090,437
12,layer4.2.add,35623,False,84639,104788,83412,13074,48,7364,21
12,layer4.2.relu3,17167,False,45990,84819,44436,12812,29,580,12
12,avgpool,81575,False,180878,274675,179844,38868,1008,3273,1306
12,flatten,8313,False,27329,34885,25872,6554,103,462,185
12,fc,500133,False,1060575,347349,1061256,43769,355,133307,124350
13,conv1,2171026,False,4563475,8686333,4572036,97053,1058,178656,13040
13,bn1,329834,False,704400,1292074,704256,117607,231,104635,444
13,relu,175967,False,380538,436414,379596,56791,67,52312,25
13,maxpool,10156477,False,21292469,42892741,21343476,7869241,375723,92438,5493
13,layer1.0.conv1,267362,False,491731,1512549,572292,19954,346,27357,2335
13,layer1.0.bn1,86166,False,191117,385333,190008,41549,339,21286,660
13,layer1.0.relu1,34191,False,81626,134988,80136,19082,82,3553,35
13,layer1.0.conv2,1993602,False,4190098,8262931,4197816,90963,1635,66658,3251
13,layer1.0.bn2,81508,False,181693,388556,180348,42273,270,17675,137
13,layer1.0.relu2,32551,False,78394,134988,77028,19082,57,3144,24
13,layer1.0.conv3,857182,False,1808768,5280227,1811124,64948,299,66035,1114
13,layer1.0.bn3,324557,False,693309,1304777,693336,119370,363,102686,114
13,layer1.0.downsample.0,869280,False,1834552,5281008,1836912,65062,200,67758,2750
13,layer1.0.downsample.1,321822,False,687197,1297796,686952,118283,336,101689,392
13,layer1.0.add,452832,False,961704,587296,962220,56900,142,153804,211
13,layer1.0.relu3,175275,False,379316,436196,378420,56742,62,52363,39
13,layer1.1.conv1,807488,False,1704333,5645264,1706292,33524,218,62790,842
13,layer1.1.bn1,92066,False,203469,385816,202272,41654,146,26333,260
13,layer1.1.relu1,33023,False,79080,134995,77364,19084,37,3275,27
13,layer1.1.conv2,1986285,False,4174932,8260756,4182696,90607,1374,66598,2442
13,layer1.1.bn2,80227,False,178861,388369,177576,42217,175,17910,145
13,layer1.1.relu2,32354,False,77952,135032,76608,19094,33,3103,19
13,layer1.1.conv3,851961,False,1797676,5279248,1800204,64763,220,65290,901
13,layer1.1.bn3,320508,False,684358,1297744,684264,118269,303,101489,223
13,layer1.1.add,449903,False,955503,593367,956088,57846,90,154669,19
13,layer1.1.relu3,173730,False,376070,436171,375144,56735,34,52339,18
13,layer1.2.conv1,810722,False,1711150,5645912,1713264,33631,217,63035,1002
13,layer1.2.bn1,93374,False,206102,385798,204876,41650,151,26222,89
13,layer1.2.relu1,31600,False,75964,134995,74508,19084,24,3072,19
13,layer1.2.conv2,1978630,False,4159335,8260933,4167072,90667,1207,66599,2284
13,layer1.2.bn2,80403,False,179345,388493,178332,42245,179,17869,104
13,layer1.2.relu2,31773,False,76574,135007,75180,19087,41,3059,14
13,layer1.2.conv3,853724,False,1802125,5279456,1804488,64807,230,65571,922
13,layer1.2.bn3,341899,False,728909,1317439,728868,121434,367,103033,239
13,layer1.2.add,450582,False,957211,587421,957768,56931,70,153602,21
13,layer1.2.relu3,173411,False,375026,436233,374304,56752,33,52227,15
13,layer2.0.conv1,1597049,False,3359238,11234073,3364956,55970,312,127963,1903
13,layer2.0.bn1,170950,False,370210,689970,369432,67227,196,53823,91
13,layer2.0.relu1,77815,False,173434,235347,172200,31628,28,19442,34
13,layer2.0.conv2,2133426,False,4483484,8561074,4491900,99553,1253,172781,10681
13,layer2.0.bn2,48637,False,111837,250516,110460,31708,131,3232,85
13,layer2.0.relu2,18181,False,47898,84819,46536,12812,27,637,14
13,layer2.0.conv3,843763,False,1780185,5294690,1782564,57894,213,45865,4842
13,layer2.0.bn3,168071,False,373107,716335,372288,70413,96,52386,154
13,layer2.0.downsample.0,2305818,False,4845135,11213562,4854276,154664,1209,262574,8119
13,layer2.0.downsample.1,172346,False,373300,713292,372624,71216,132,52102,172
13,layer2.0.add,229623,False,493588,317600,492996,32792,77,78667,20
13,layer2.0.relu3,85353,False,189336,235347,188244,31628,34,23709,30
13,layer2.1.conv1,827753,False,1745902,5715579,1748040,36308,262,40012,2323
13,layer2.1.bn1,49867,False,114596,238475,113232,29610,81,10724,425
13,layer2.1.relu1,17485,False,46116,84939,44688,12831,33,757,6
13,layer2.1.conv2,1921027,False,4037553,8145533,4045104,91048,1028,43386,8946
13,layer2.1.bn2,41962,False,97877,241100,96432,30200,92,3296,86
13,layer2.1.relu2,17096,False,45882,84819,44352,12812,29,568,11
13,layer2.1.conv3,847408,False,1787716,5300231,1790208,58731,170,47711,4071
13,layer2.1.bn3,170564,False,370040,711402,369180,70711,87,52358,156
13,layer2.1.add,226431,False,486386,311658,485940,31881,69,77736,27
13,layer2.1.relu3,83721,False,185799,235347,184632,31628,26,22761,29
13,layer2.2.conv1,817030,False,1723516,5702792,1725780,34198,211,36880,2796
13,layer2.2.bn1,47693,False,110015,238515,108948,29623,56,10272,344
13,layer2.2.relu1,17447,False,46388,84939,44772,12831,27,882,7
13,layer2.2.conv2,1918624,False,4031976,8146917,4039392,91429,973,44029,8608
13,layer2.2.bn2,41589,False,97299,241180,96012,30218,91,3253,78
13,layer2.2.relu2,17041,False,45387,84831,44100,12815,33,571,11
13,layer2.2.conv3,846901,False,1786238,5300866,1788612,58836,147,47267,4240
13,layer2.2.bn3,172953,False,374122,715760,373548,71352,80,53543,156
13,layer2.2.add,228359,False,491186,311650,490896,31878,62,77542,12
13,layer2.2.relu3,83459,False,185126,235359,183876,31631,28,23194,31
13,layer2.3.conv1,814894,False,1719159,5702665,1721160,34187,149,37781,3116
13,layer2.3.bn1,48527,False,111896,238565,110544,29637,48,10559,314
13,layer2.3.relu1,17687,False,46754,84939,45360,12831,23,790,13
13,layer2.3.conv2,1913539,False,4021983,8145126,4029228,90993,881,42882,8284
13,layer2.3.bn2,41973,False,97964,240956,96516,30167,72,3532,92
13,layer2.3.relu2,17422,False,46223,85168,44688,12870,40,628,6
13,layer2.3.conv3,848035,False,1788874,5299403,1791216,58613,174,47435,3747
13,layer2.3.bn3,169025,False,366114,709607,365232,70383,61,52473,157
13,layer2.3.add,225152,False,483788,311597,483336,31867,45,77417,13
13,layer2.3.relu3,87804,False,194234,241523,192864,32586,32,23868,29
13,layer3.0.conv1,1747467,False,3673696,10444221,3680460,97212,268,67953,6028
13,layer3.0.bn1,84409,False,187359,395344,186228,43185,64,22155,119
13,layer3.0.relu1,33022,False,86328,140993,84840,20014,51,4072,19
13,layer3.0.conv2,2192665,False,4608734,9201020,4617396,114283,1112,161281,38261
13,layer3.0.bn2,36647,False,86846,175185,85092,25428,108,5058,120
13,layer3.0.relu2,12110,False,35857,59818,34104,9700,40,544,16
13,layer3.0.conv3,969922,False,2044037,5932081,2047080,67979,140,46148,15450
13,layer3.0.bn3,92130,False,203582,444798,202440,51026,74,23991,269
13,layer3.0.downsample.0,2217664,False,4660532,10956544,4669140,133261,1015,221903,31323
13,layer3.0.downsample.1,91636,False,202380,448084,201264,51750,127,21499,329
13,layer3.0.add,107594,False,243962,179314,243012,20201,66,34899,19
13,layer3.0.relu3,37688,False,88884,135020,87444,19091,39,6333,18
13,layer3.1.conv1,1011214,False,2131219,5945227,2134356,67751,246,54741,9713
13,layer3.1.bn1,33478,False,80142,172227,78456,24763,65,5330,108
13,layer3.1.relu1,11330,False,33301,59731,31836,9676,17,464,5
13,layer3.1.conv2,2038058,False,4283849,8736963,4291560,109989,1110,133407,34907
13,layer3.1.bn2,32600,False,78007,174946,76608,25374,79,1514,124
13,layer3.1.relu2,11411,False,33818,59888,32172,9705,27,513,13
13,layer3.1.conv3,970642,False,2045691,5931836,2048592,67922,117,46348,15406
13,layer3.1.bn3,93041,False,205309,444612,204120,51001,74,23657,301
13,layer3.1.add,105445,False,232560,173687,231672,19342,50,34193,32
13,layer3.1.relu3,36308,False,86095,135020,84588,19091,26,5951,14
13,layer3.2.conv1,1017332,False,2151665,5951022,2154852,68664,148,53543,9542
13,layer3.2.bn1,33658,False,80513,172865,79044,24865,81,5494,103
13,layer3.2.relu1,11118,False,33051,59743,31668,9679,19,480,9
13,layer3.2.conv2,2037168,False,4281940,8735348,4289628,109672,1010,134201,34740
13,layer3.2.bn2,33579,False,80114,174921,78792,25369,86,1624,118
13,layer3.2.relu2,11853,False,34502,59851,33012,9695,37,503,8
13,layer3.2.conv3,966694,False,2037604,5931655,2040612,67892,104,46837,15465
13,layer3.2.bn3,91512,False,202163,446163,201012,51251,82,24012,290
13,layer3.2.add,93659,False,207334,173718,206220,19348,47,28605,25
13,layer3.2.relu3,35521,False,84728,135007,83580,19087,28,5673,14
13,layer3.3.conv1,1019530,False,2148152,5945693,2151072,67844,116,54424,10430
13,layer3.3.bn1,31633,False,76128,172227,74592,24763,39,5314,106
13,layer3.3.relu1,10485,False,31590,59731,30240,9676,22,477,7
13,layer3.3.conv2,2034171,False,4275737,8733573,4283580,109242,1035,133651,35424
13,layer3.3.bn2,33170,False,79206,175024,77700,25391,100,1585,114
13,layer3.3.relu2,11581,False,34012,59851,32508,9695,31,493,11
13,layer3.3.conv3,967162,False,2038583,5931964,2041536,67960,112,46128,15559
13,layer3.3.bn3,93425,False,206012,444863,204792,51047,65,23943,264
13,layer3.3.add,105901,False,233530,173674,232428,19336,40,34282,34
13,layer3.3.relu3,36271,False,86025,134995,84504,19084,21,5995,23
13,layer3.4.conv1,1008137,False,2124484,5945133,2127552,67747,91,54502,9833
13,layer3.4.bn1,32357,False,77697,172093,76272,24742,42,5371,97
13,layer3.4.relu1,10760,False,32255,59731,30744,9676,17,470,11
13,layer3.4.conv2,2031047,False,4268589,8732425,4276524,109047,858,134364,35498
13,layer3.4.bn2,33334,False,79618,174823,78288,25338,88,1540,107
13,layer3.4.relu2,11955,False,34508,59876,33180,9702,29,524,22
13,layer3.4.conv3,969267,False,2043097,5932413,2046240,68011,107,46763,15560
13,layer3.4.bn3,95852,False,211695,451770,210588,52091,71,24441,251
13,layer3.4.add,94673,False,209666,173678,208488,19336,41,28871,22
13,layer3.4.relu3,35053,False,83419,134995,81900,19084,30,5703,9
13,layer3.5.conv1,1005986,False,2119633,5945175,2122680,67749,97,52293,10519
13,layer3.5.bn1,32384,False,77606,172227,76272,24763,41,5361,111
13,layer3.5.relu1,10413,False,31749,59731,30072,9676,21,481,7
13,layer3.5.conv2,2039911,False,4287242,8737978,4295172,110342,1075,133358,35440
13,layer3.5.bn2,33746,False,80446,175173,78876,25431,89,1584,129
13,layer3.5.relu2,11258,False,33264,59888,31752,9705,32,487,9
13,layer3.5.conv3,973175,False,2050956,5931919,2053968,67929,93,46201,15537
13,layer3.5.bn3,93280,False,205721,444538,204456,50979,56,23775,274
13,layer3.5.add,105423,False,232226,173699,231084,19343,38,34189,22
13,layer3.5.relu3,36178,False,85833,135007,84168,19087,25,5898,16
13,layer4.0.conv1,1955486,False,4109683,11785202,4117260,120520,170,115851,24880
13,layer4.0.bn1,51682,False,118409,264132,117012,33730,78,10279,228
13,layer4.0.relu1,17816,False,47350,84819,45780,12812,32,578,11
13,layer4.0.conv2,3447946,False,7238374,11927651,7252812,162008,1008,470597,159161
13,layer4.0.bn2,30786,False,74194,156209,72660,25112,125,3323,371
13,layer4.0.relu2,8941,False,28403,47285,26964,8118,26,488,14
13,layer4.0.conv3,1258073,False,2648375,8177784,2652720,53563,403,115758,41388
13,layer4.0.bn3,58609,False,132869,364666,131628,48923,71,11991,483
13,layer4.0.downsample.0,2896236,False,6082326,11974848,6094032,166350,1264,492744,132251
13,layer4.0.downsample.1,58478,False,132214,367965,130872,49651,159,2892,486
13,layer4.0.add,36321,False,86090,104690,84756,13052,71,7396,37
13,layer4.0.relu3,17911,False,47455,84819,46032,12812,49,726,7
13,layer4.1.conv1,1215021,False,2559270,8144584,2563176,50965,414,129662,37665
13,layer4.1.bn1,30710,False,74015,153505,72492,24508,103,3894,193
13,layer4.1.relu1,8568,False,27638,47190,26124,8106,28,454,7
13,layer4.1.conv2,3161913,False,6638670,11164771,6651624,156911,1113,464605,151224
13,layer4.1.bn2,33160,False,79291,161224,77784,25912,115,2080,157
13,layer4.1.relu2,8656,False,28029,47153,26544,8096,24,486,11
13,layer4.1.conv3,1252152,False,2636907,8171371,2641296,52551,285,113546,42475
13,layer4.1.bn3,59814,False,135109,366364,133728,49219,96,12078,516
13,layer4.1.add,38963,False,91645,104700,90384,13054,59,8615,27
13,layer4.1.relu3,17969,False,47416,84831,45864,12815,32,600,12
13,layer4.2.conv1,1210158,False,2548998,8145087,2553012,51000,190,128723,39113
13,layer4.2.bn1,30078,False,72992,153446,71484,24509,77,3953,164
13,layer4.2.relu1,7243,False,24627,47153,23100,8096,14,462,6
13,layer4.2.conv2,3151514,False,6623323,11174030,6636420,158545,1100,464981,145148
13,layer4.2.bn2,31206,False,74995,156146,73416,25113,106,1672,140
13,layer4.2.relu2,8879,False,28488,47165,26796,8099,22,583,23
13,layer4.2.conv3,1252468,False,2637433,8170912,2641884,52466,211,113846,43506
13,layer4.2.bn3,60419,False,136775,364936,135408,48978,63,11890,443
13,layer4.2.add,36253,False,86194,104803,84840,13078,51,7335,23
13,layer4.2.relu3,17040,False,45534,84819,44016,12812,26,517,14
13,avgpool,83119,False,184325,274819,183204,38892,996,3230,1527
13,flatten,9129,False,28773,34885,27384,6554,116,427,200
13,fc,497969,False,1056578,341494,1057476,42859,329,132406,124925
14,conv1,2176353,False,4574514,8687890,4583040,97352,1210,179041,18479
14,bn1,333357,False,711827,1298736,711816,118648,294,105711,986
14,relu,176583,False,381975,436414,381444,56791,61,52334,714
14,maxpool,10446622,False,21900674,42897751,21953232,7869966,398596,93855,8491
14,layer1.0.conv1,272592,False,500910,1518830,582456,20925,368,27659,3615
14,layer1.0.bn1,91140,False,201855,385666,200676,41624,403,21436,857
14,layer1.0.relu1,34296,False,81621,134988,80220,19082,96,3195,34
14,layer1.0.conv2,1996521,False,4196055,8267194,4203948,91920,1810,67318,3870
14,layer1.0.bn2,82389,False,183424,388713,182112,42308,264,17946,187
14,layer1.0.relu2,32312,False,77684,134988,76272,19082,54,3119,25
14,layer1.0.conv3,857246,False,1808642,5279660,1811124,64834,323,65943,1267
14,layer1.0.bn3,323216,False,689771,1297867,689556,118300,363,101777,232
14,layer1.0.downsample.0,861028,False,1817338,5273235,1819776,63837,151,66531,3827
14,layer1.0.downsample.1,326406,False,697705,1303867,697872,119229,321,102409,257
14,layer1.0.add,453074,False,962078,587289,962472,56898,141,153763,152
14,layer1.0.relu3,173854,False,376377,436189,375732,56740,54,52319,19
14,layer1.1.conv1,803294,False,1696457,5639331,1698648,32603,160,62015,948
14,layer1.1.bn1,91807,False,203053,385889,201852,41672,137,26190,398
14,layer1.1.relu1,31863,False,76494,134988,75096,19082,33,3333,18
14,layer1.1.conv2,1990592,False,4184615,8278375,4192188,94083,1359,67098,2881
14,layer1.1.bn2,82858,False,184705,388805,183372,42320,216,17926,121
14,layer1.1.relu2,33309,False,79870,135025,78372,19092,48,3280,27
14,layer1.1.conv3,852303,False,1799140,5279732,1801632,64856,224,65420,964
14,layer1.1.bn3,322584,False,688342,1297817,688380,118287,323,101554,208
14,layer1.1.add,450978,False,957416,594417,958104,58013,98,154700,110
14,layer1.1.relu3,174741,False,378305,436164,377580,56733,40,52415,26
14,layer1.2.conv1,807286,False,1703803,5646175,1705956,33692,188,63160,1033
14,layer1.2.bn1,92577,False,204618,385871,203532,41668,127,26296,157
14,layer1.2.relu1,32009,False,76741,134988,75432,19082,28,3144,24
14,layer1.2.conv2,1978564,False,4158953,8266825,4166568,91809,1087,66480,2465
14,layer1.2.bn2,79482,False,177217,388481,175980,42245,180,17756,90
14,layer1.2.relu2,33066,False,79216,135000,77952,19085,41,3224,27
14,layer1.2.conv3,852227,False,1798219,5278628,1800708,64680,191,65475,930
14,layer1.2.bn3,320173,False,683904,1297875,683676,118302,310,101662,133
14,layer1.2.add,453427,False,962891,593399,963564,57856,68,154584,38
14,layer1.2.relu3,175030,False,378945,436226,378084,56750,37,52269,17
14,layer2.0.conv1,1595584,False,3355732,11229076,3361512,54917,347,127155,1878
14,layer2.0.bn1,173714,False,375768,692421,375060,67631,234,53948,137
14,layer2.0.relu1,78770,False,175411,235340,174300,31626,28,19512,46
14,layer2.0.conv2,2149369,False,4516271,8573924,4524828,101743,1205,173642,12199
14,layer2.0.bn2,43823,False,101566,241394,100380,30255,128,2526,103
14,layer2.0.relu2,18120,False,48018,84812,46536,12810,37,642,15
14,layer2.0.conv3,850159,False,1793395,5301113,1795752,58882,210,46752,5103
14,layer2.0.bn3,168562,False,365537,709719,364812,70409,93,52309,177
14,layer2.0.downsample.0,2303617,False,4840716,11210704,4849824,153913,1173,262697,8553
14,layer2.0.downsample.1,175688,False,380123,713195,379512,71193,167,52284,204
14,layer2.0.add,226331,False,486603,311351,485940,31805,83,77729,34
14,layer2.0.relu3,85732,False,189852,235340,188580,31626,53,23724,54
14,layer2.1.conv1,817290,False,1724555,5696755,1726704,33276,326,38700,2713
14,layer2.1.bn1,50898,False,117265,238498,115836,29615,106,10655,685
14,layer2.1.relu1,17575,False,46526,84932,45108,12829,35,854,9
14,layer2.1.conv2,1920226,False,4035966,8143478,4043508,90817,1175,43530,9675
14,layer2.1.bn2,42856,False,106372,247423,104832,31204,145,3909,101
14,layer2.1.relu2,17842,False,47453,84812,45780,12810,35,565,13
14,layer2.1.conv3,843344,False,1779355,5294469,1781808,57851,164,46742,4220
14,layer2.1.bn3,170186,False,368242,710037,367500,70474,107,52572,183
14,layer2.1.add,225880,False,485176,311600,484848,31867,63,77716,20
14,layer2.1.relu3,84161,False,186829,235340,185892,31626,30,22857,28
14,layer2.2.conv1,817411,False,1724484,5703101,1726620,34258,197,37366,3256
14,layer2.2.bn1,47963,False,110638,238428,109452,29601,70,10255,517
14,layer2.2.relu1,17944,False,47182,84932,45864,12829,31,824,10
14,layer2.2.conv2,1917700,False,4030582,8144474,4037712,90875,1031,43728,8884
14,layer2.2.bn2,42466,False,98971,240831,97524,30140,99,3288,104
14,layer2.2.relu2,17647,False,46929,84824,45612,12813,39,639,13
14,layer2.2.conv3,847327,False,1787597,5300791,1790124,58829,158,47367,4283
14,layer2.2.bn3,169169,False,366142,709638,365232,70388,80,52686,171
14,layer2.2.add,231285,False,497364,317622,496860,32802,64,78508,14
14,layer2.2.relu3,84230,False,186717,235359,185472,31631,38,23325,22
14,layer2.3.conv1,817414,False,1724444,5702786,1726620,34210,185,37318,3329
14,layer2.3.bn1,49144,False,113455,238485,112056,29617,62,10571,426
14,layer2.3.relu1,17712,False,47087,84939,45528,12831,27,843,28
14,layer2.3.conv2,1928333,False,4053059,8159435,4060308,93441,1028,43747,8556
14,layer2.3.bn2,42371,False,98887,241212,97608,30229,108,3551,83
14,layer2.3.relu2,17614,False,46699,84831,45192,12815,28,637,21
14,layer2.3.conv3,847991,False,1788895,5300624,1791216,58810,151,47526,3847
14,layer2.3.bn3,170117,False,368691,709819,367920,70421,88,52521,155
14,layer2.3.add,226071,False,485886,311603,485352,31867,58,77455,29
14,layer2.3.relu3,84118,False,186721,235359,185556,31631,30,22770,22
14,layer3.0.conv1,1713495,False,3602578,10450685,3608892,98221,265,68311,6604
14,layer3.0.bn1,83416,False,185354,395410,184128,43189,57,22153,114
14,layer3.0.relu1,32920,False,78819,135140,77364,19110,32,3205,15
14,layer3.0.conv2,2200773,False,4625144,9203952,4633776,114488,1143,161176,39037
14,layer3.0.bn2,37268,False,87859,175100,86436,25405,136,5124,120
14,layer3.0.relu2,12235,False,35645,60155,34188,9755,44,522,13
14,layer3.0.conv3,968533,False,2042062,5932001,2045064,67977,149,45902,15714
14,layer3.0.bn3,92121,False,203599,444869,202440,51034,85,24072,288
14,layer3.0.downsample.0,2222685,False,4671075,10958429,4679808,133561,990,221036,31743
14,layer3.0.downsample.1,91377,False,201928,447815,200760,51694,121,21085,322
14,layer3.0.add,107299,False,236101,174809,234948,19517,68,34764,30
14,layer3.0.relu3,36617,False,86794,135020,85176,19091,36,6285,13
14,layer3.1.conv1,1016381,False,2141891,5945187,2144940,67738,245,54073,11271
14,layer3.1.bn1,32844,False,79036,172147,77616,24743,68,5396,104
14,layer3.1.relu1,11228,False,33489,59731,31920,9676,22,513,7
14,layer3.1.conv2,2032078,False,4271224,8736565,4279128,110038,962,133491,35321
14,layer3.1.bn2,33923,False,80883,174671,79212,25307,94,1538,135
14,layer3.1.relu2,12090,False,35227,59888,33684,9705,41,490,10
14,layer3.1.conv3,970061,False,2044556,5931935,2047584,67933,121,46488,15618
14,layer3.1.bn3,94541,False,208566,444857,207480,51045,82,23764,307
14,layer3.1.add,105732,False,232997,173759,232092,19358,49,34433,32
14,layer3.1.relu3,35494,False,84327,135020,82824,19091,28,5916,19
14,layer3.2.conv1,1005547,False,2118823,5945174,2121924,67760,146,53606,11207
14,layer3.2.bn1,32265,False,77468,172147,76020,24743,47,5373,108
14,layer3.2.relu1,11397,False,33889,59743,32424,9679,25,497,13
14,layer3.2.conv2,2037641,False,4282748,8738043,4290720,109921,1055,134556,35040
14,layer3.2.bn2,34749,False,82655,174958,81144,25374,99,1626,121
14,layer3.2.relu2,11554,False,33917,59851,32256,9695,30,525,13
14,layer3.2.conv3,966219,False,2036689,5931641,2039520,67891,92,46666,15622
14,layer3.2.bn3,91985,False,203495,444803,202440,51038,68,24022,268
14,layer3.2.add,93582,False,207387,173813,206136,19372,57,28644,45
14,layer3.2.relu3,35253,False,84022,135007,82572,19087,29,5631,8
14,layer3.3.conv1,1023637,False,2156872,5945349,2159976,67771,91,54048,11593
14,layer3.3.bn1,32490,False,77992,172095,76440,24742,66,5165,100
14,layer3.3.relu1,10384,False,31534,59731,30072,9676,15,494,7
14,layer3.3.conv2,2040868,False,4290411,8731989,4298196,109090,1021,134425,35725
14,layer3.3.bn2,32896,False,78845,174889,77448,25353,100,1546,128
14,layer3.3.relu2,11886,False,34836,59851,33264,9695,32,514,14
14,layer3.3.conv3,969513,False,2043652,5932122,2046660,67973,114,46105,15701
14,layer3.3.bn3,96629,False,212984,450777,211848,51954,74,24743,265
14,layer3.3.add,105933,False,233499,173759,232512,19358,45,34240,37
14,layer3.3.relu3,35860,False,84823,134995,83244,19084,25,5903,16
14,layer3.4.conv1,1005991,False,2119705,5945372,2122764,67794,102,53693,10854
14,layer3.4.bn1,32232,False,77360,172255,75852,24771,66,5361,85
14,layer3.4.relu1,10894,False,32704,59731,31164,9676,20,478,8
14,layer3.4.conv2,2031817,False,4270711,8734731,4278456,109560,909,134207,35638
14,layer3.4.bn2,33219,False,79680,174617,78204,25295,76,1576,108
14,layer3.4.relu2,11220,False,33585,59876,32004,9702,37,530,22
14,layer3.4.conv3,966643,False,2037522,5931651,2040528,67892,98,46569,15506
14,layer3.4.bn3,91602,False,202472,444783,201348,51017,57,23891,281
14,layer3.4.add,93779,False,207708,173748,206640,19354,37,28559,19
14,layer3.4.relu3,38611,False,91086,141260,89544,20052,25,6640,12
14,layer3.5.conv1,1014594,False,2138254,5945053,2141412,67727,82,52512,11247
14,layer3.5.bn1,32938,False,79051,172147,77700,24743,53,5434,128
14,layer3.5.relu1,10647,False,32044,59731,30576,9676,22,494,8
14,layer3.5.conv2,2040866,False,4289982,8747919,4297776,111697,1063,134282,35536
14,layer3.5.bn2,33420,False,79907,174719,78372,25316,86,1505,123
14,layer3.5.relu2,11470,False,33813,59888,32172,9705,27,515,16
14,layer3.5.conv3,965960,False,2035713,5931641,2038596,67891,87,46191,15529
14,layer3.5.bn3,92821,False,204998,444622,203952,50987,58,23905,269
14,layer3.5.add,105734,False,233005,173779,231840,19363,45,34281,31
14,layer3.5.relu3,36360,False,86507,135007,85176,19087,27,6010,27
14,layer4.0.conv1,1971611,False,4144097,11791911,4151532,121567,197,116910,24908
14,layer4.0.bn1,51488,False,118337,263965,116928,33704,82,10297,197
14,layer4.0.relu1,17642,False,46813,84819,45108,12812,28,563,13
14,layer4.0.conv2,3415087,False,7175884,11917247,7189980,159210,1018,470395,149635
14,layer4.0.bn2,34668,False,82494,156048,81144,25091,165,3255,282
14,layer4.0.relu2,9489,False,29820,47285,28224,8118,51,596,33
14,layer4.0.conv3,1250750,False,2634290,8170991,2638524,52509,410,114638,39290
14,layer4.0.bn3,60397,False,136506,364546,135156,48896,97,11967,482
14,layer4.0.downsample.0,2882284,False,6059730,11973318,6071352,165951,1260,493098,127386
14,layer4.0.downsample.1,56585,False,128956,367932,127512,49641,109,2780,445
14,layer4.0.add,36806,False,87444,104685,86016,13050,95,7492,25
14,layer4.0.relu3,18016,False,47595,84819,46284,12812,50,750,12
14,layer4.1.conv1,1210863,False,2550289,8145080,2554356,51004,370,129883,32723
14,layer4.1.bn1,30808,False,74274,153432,72912,24488,96,3990,188
14,layer4.1.relu1,7912,False,26421,47190,24864,8106,19,475,7
14,layer4.1.conv2,3152466,False,6619022,11167642,6632136,157366,1015,464636,146726
14,layer4.1.bn2,29903,False,72380,156152,70980,25107,116,1616,157
14,layer4.1.relu2,8201,False,26948,47153,25368,8096,27,516,21
14,layer4.1.conv3,1248657,False,2629526,8176952,2633652,53410,250,114878,37612
14,layer4.1.bn3,58555,False,132575,364644,131124,48922,68,12040,483
14,layer4.1.add,39069,False,92125,104685,90720,13050,78,8677,26
14,layer4.1.relu3,17468,False,46356,84831,44688,12815,29,620,7
14,layer4.2.conv1,1207450,False,2542864,8145181,2546880,51024,239,128826,32610
14,layer4.2.bn1,30065,False,73168,153417,71652,24489,80,3889,145
14,layer4.2.relu1,8570,False,27647,47153,26292,8096,16,503,23
14,layer4.2.conv2,3152484,False,6618924,11162748,6631464,156353,823,464241,146351
14,layer4.2.bn2,34459,False,81961,162070,80640,26017,122,2267,132
14,layer4.2.relu2,8088,False,26551,47165,25032,8099,22,468,11
14,layer4.2.conv3,1241023,False,2613210,8170963,2617440,52477,205,114634,36975
14,layer4.2.bn3,60679,False,137121,364620,135660,48915,80,12034,440
14,layer4.2.add,36007,False,85531,104788,84168,13074,59,7385,19
14,layer4.2.relu3,17611,False,46558,84819,45108,12812,25,637,13
14,avgpool,81202,False,180329,274579,179172,38851,987,3259,1385
14,flatten,9143,False,29028,34885,27468,6554,118,492,201
14,fc,499982,False,1060839,347398,1061424,43761,340,133446,124405
15,conv1,2174778,False,4570773,8683975,4579260,96523,1126,178950,12582
15,bn1,329560,False,703770,1292244,703668,117641,270,104740,851
15,relu,178566,False,385623,442381,384804,57713,68,53225,23
15,maxpool,10243708,False,21475445,42887954,21526512,7868493,378116,93361,5727
15,layer1.0.conv1,268434,False,491241,1512629,574224,19974,318,27389,2531
15,layer1.0.bn1,89301,False,198078,385510,196812,41586,379,21501,548
15,layer1.0.relu1,38190,False,90147,141458,88536,20079,100,4255,13
15,layer1.0.conv2,1997316,False,4198570,8271555,4206216,92619,1812,67550,3277
15,layer1.0.bn2,81268,False,181204,388395,179928,42230,246,18126,156
15,layer1.0.relu2,33011,False,79162,134988,77700,19082,54,3149,23
15,layer1.0.conv3,856377,False,1807017,5279785,1809192,64865,356,65768,1150
15,layer1.0.bn3,320168,False,683576,1297787,683508,118280,334,101600,130
15,layer1.0.downsample.0,865924,False,1827240,5279284,1829856,64781,195,67116,3041
15,layer1.0.downsample.1,322176,False,687842,1297789,687792,118281,312,101491,391
15,layer1.0.add,455679,False,967697,593256,968352,57820,148,154723,171
15,layer1.0.relu3,176041,False,381130,436189,380436,56740,58,52337,18
15,layer1.1.conv1,809495,False,1708595,5645676,1710828,33591,202,62694,849
15,layer1.1.bn1,93895,False,207234,387157,206136,41872,148,26344,217
15,layer1.1.relu1,32096,False,77043,134988,75684,19082,28,2973,13
15,layer1.1.conv2,1981413,False,4164826,8264682,4172364,91356,1307,66201,2400
15,layer1.1.bn2,80965,False,180407,388556,179256,42258,196,17681,113
15,layer1.1.relu2,32886,False,78972,135025,77616,19092,41,3003,21
15,layer1.1.conv3,851749,False,1797404,5279785,1799784,64839,295,65366,927
15,layer1.1.bn3,333615,False,711487,1317581,711564,121476,399,102986,276
15,layer1.1.add,447143,False,949864,587434,950628,56925,90,153634,126
15,layer1.1.relu3,173796,False,376118,436164,375228,56733,32,52326,14
15,layer1.2.conv1,807652,False,1704448,5645594,1706460,33583,144,62867,993
15,layer1.2.bn1,92535,False,204335,385871,203112,41668,123,26201,141
15,layer1.2.relu1,32202,False,77285,134988,76020,19082,24,3105,21
15,layer1.2.conv2,1981562,False,4164778,8262877,4172364,91007,1060,67064,2294
15,layer1.2.bn2,83202,False,184899,393835,183624,43102,190,18774,85
15,layer1.2.relu2,32994,False,79210,135000,77784,19085,44,3144,17
15,layer1.2.conv3,847688,False,1797201,5281369,1799364,65112,226,65367,917
15,layer1.2.bn3,321896,False,687488,1300333,687204,118708,358,101835,235
15,layer1.2.add,450207,False,956083,587414,956340,56929,66,153638,25
15,layer1.2.relu3,178239,False,385477,442254,384804,57682,49,53233,13
15,layer2.0.conv1,1586987,False,3338229,11219702,3344124,53433,266,126883,1848
15,layer2.0.bn1,172500,False,373261,690043,372624,67245,208,53932,112
15,layer2.0.relu1,81949,False,182011,241722,180768,32610,32,20170,22
15,layer2.0.conv2,2129764,False,4475701,8559418,4483920,99167,1148,173108,11362
15,layer2.0.bn2,43728,False,101675,241601,100296,30305,117,2664,108
15,layer2.0.relu2,17469,False,46361,84812,44940,12810,28,626,13
15,layer2.0.conv3,848638,False,1790643,5300982,1792980,58867,223,46614,4894
15,layer2.0.bn3,168486,False,365122,709588,364308,70389,66,52587,163
15,layer2.0.downsample.0,2304143,False,4841811,11209026,4850916,153706,1167,262331,8518
15,layer2.0.downsample.1,176557,False,382408,719373,381612,72133,136,53167,194
15,layer2.0.add,225548,False,484895,311348,484428,31805,64,77673,31
15,layer2.0.relu3,86490,False,191557,235347,190260,31628,34,23750,30
15,layer2.1.conv1,820005,False,1729697,5702649,1731912,34180,308,39026,2569
15,layer2.1.bn1,48160,False,110712,238515,109536,29623,49,10552,532
15,layer2.1.relu1,17124,False,45619,84939,44100,12831,25,848,6
15,layer2.1.conv2,1916398,False,4027977,8143675,4035276,90773,1046,43716,9250
15,layer2.1.bn2,41635,False,97171,241139,95844,30207,89,3284,94
15,layer2.1.relu2,17011,False,45331,84819,43764,12812,22,625,8
15,layer2.1.conv3,846291,False,1785232,5300365,1787688,58757,175,47569,4080
15,layer2.1.bn3,169966,False,367934,709894,367164,70457,71,52356,164
15,layer2.1.add,226353,False,487006,311600,486444,31867,64,77727,31
15,layer2.1.relu3,83513,False,185204,235347,183876,31628,24,22914,29
15,layer2.2.conv1,812025,False,1713327,5696733,1715616,33266,200,35886,3080
15,layer2.2.bn1,47855,False,118681,244707,117432,30576,81,10350,399
15,layer2.2.relu1,17242,False,45822,84939,44100,12831,20,831,7
15,layer2.2.conv2,1920658,False,4036376,8146486,4043760,91267,1152,43629,8779
15,layer2.2.bn2,42845,False,100055,241313,98616,30253,107,3511,81
15,layer2.2.relu2,17997,False,47636,84831,46200,12815,37,584,16
15,layer2.2.conv3,848552,False,1790183,5300718,1792560,58811,152,47311,3871
15,layer2.2.bn3,168754,False,367446,709951,366576,70468,93,52784,185
15,layer2.2.add,228742,False,491979,311650,491484,31878,79,77701,17
15,layer2.2.relu3,84474,False,187494,235359,186228,31631,36,23159,23
15,layer2.3.conv1,816418,False,1722183,5702708,1724604,34192,180,37675,3227
15,layer2.3.bn1,49971,False,114895,239913,113568,29857,98,10510,273
15,layer2.3.relu1,17178,False,45641,84939,44016,12831,27,803,16
15,layer2.3.conv2,1924767,False,4045448,8144875,4052832,91023,1200,42995,8396
15,layer2.3.bn2,41709,False,97227,241266,95928,30237,118,3454,79
15,layer2.3.relu2,17546,False,46571,84831,45192,12815,30,608,10
15,layer2.3.conv3,847260,False,1787713,5300929,1789956,58870,164,47282,3749
15,layer2.3.bn3,170262,False,368452,709581,367668,70375,55,52444,161
15,layer2.3.add,224950,False,483328,311597,482916,31867,43,77531,13
15,layer2.3.relu3,83974,False,186444,235359,185220,31631,26,22823,19
15,layer3.0.conv1,1752483,False,3684070,10450559,3690708,98191,264,68373,6274
15,layer3.0.bn1,84186,False,186984,395478,185892,43206,58,22267,112
15,layer3.0.relu1,32146,False,77045,135140,75600,19110,35,3198,15
15,layer3.0.conv2,2194565,False,4611558,9200013,4620252,113910,1221,160631,38282
15,layer3.0.bn2,35845,False,84817,174729,83496,25319,92,5194,119
15,layer3.0.relu2,11982,False,35036,59818,33348,9700,36,545,12
15,layer3.0.conv3,971207,False,2047216,5931694,2050188,67906,141,45828,15499
15,layer3.0.bn3,92667,False,204817,445120,203616,51082,84,23801,269
15,layer3.0.downsample.0,2225725,False,4677275,10959129,4686024,133330,1032,222093,31457
15,layer3.0.downsample.1,92040,False,203295,448397,202188,51820,125,21235,303
15,layer3.0.add,107674,False,237166,173498,236124,19307,66,34740,22
15,layer3.0.relu3,37353,False,87986,135020,86772,19091,34,6233,14
15,layer3.1.conv1,1008865,False,2126724,5944889,2129988,67692,221,54206,9933
15,layer3.1.bn1,34155,False,81443,172267,80052,24770,86,5383,106
15,layer3.1.relu1,11446,False,33642,59731,32088,9676,28,493,11
15,layer3.1.conv2,2039030,False,4285857,8734096,4293828,109392,1179,133766,34938
15,layer3.1.bn2,33300,False,79445,174973,77952,25377,106,1564,121
15,layer3.1.relu2,12210,False,35274,60225,33852,9760,33,515,10
15,layer3.1.conv3,971698,False,2048313,5931846,2051196,67920,123,46418,15355
15,layer3.1.bn3,96922,False,213616,451364,212520,52061,84,24352,302
15,layer3.1.add,105377,False,232247,173689,231084,19340,45,34211,13
15,layer3.1.relu3,36596,False,86450,135020,85008,19091,20,5940,18
15,layer3.2.conv1,1007553,False,2123378,5945349,2126544,67782,133,54016,10162
15,layer3.2.bn1,33284,False,79509,172335,78036,24791,74,5451,112
15,layer3.2.relu1,10885,False,32557,59743,31332,9679,20,538,17
15,layer3.2.conv2,2038190,False,4284048,8734787,4291812,109475,1022,134347,34771
15,layer3.2.bn2,33591,False,80106,175033,78540,25396,88,1579,122
15,layer3.2.relu2,11635,False,34076,59851,32508,9695,34,499,8
15,layer3.2.conv3,967146,False,2038692,5931698,2041536,67897,111,46726,15476
15,layer3.2.bn3,92160,False,203814,444742,202524,51021,62,23911,281
15,layer3.2.add,94168,False,208608,173728,207648,19350,46,28576,25
15,layer3.2.relu3,35363,False,84126,135007,82656,19087,23,5968,17
15,layer3.3.conv1,1005952,False,2119825,5944630,2122932,67670,118,53666,10497
15,layer3.3.bn1,32454,False,77771,172093,76440,24742,52,5301,103
15,layer3.3.relu1,10608,False,32047,59731,30660,9676,24,493,3
15,layer3.3.conv2,2036486,False,4280119,8735750,4288032,109724,965,133647,35368
15,layer3.3.bn2,34070,False,81108,175199,79548,25431,96,1616,117
15,layer3.3.relu2,11356,False,33594,59851,31920,9695,27,478,10
15,layer3.3.conv3,971514,False,2047932,5933080,2050860,68130,123,46424,15580
15,layer3.3.bn3,93240,False,205832,445054,204792,51080,56,23867,259
15,layer3.3.add,105017,False,231643,173679,230664,19338,38,34259,32
15,layer3.3.relu3,37100,False,87727,134995,86352,19084,25,6030,21
15,layer3.4.conv1,1006177,False,2120438,5944516,2123688,67686,100,53811,10183
15,layer3.4.bn1,32361,False,77565,173575,76104,24983,52,5428,92
15,layer3.4.relu1,10617,False,32145,59731,30660,9676,23,473,8
15,layer3.4.conv2,2038587,False,4284861,8732983,4292568,109116,1056,133905,35565
15,layer3.4.bn2,33473,False,79863,174780,78372,25328,98,1594,111
15,layer3.4.relu2,11492,False,33756,59876,32340,9702,36,580,43
15,layer3.4.conv3,967991,False,2040471,5931874,2043468,67935,93,46875,15474
15,layer3.4.bn3,92741,False,204861,445070,203868,51084,58,24056,292
15,layer3.4.add,94417,False,208784,173683,207732,19338,38,28749,36
15,layer3.4.relu3,35253,False,83670,134995,82236,19084,26,5671,9
15,layer3.5.conv1,1007246,False,2122342,5945468,2125620,67789,95,52597,11013
15,layer3.5.bn1,32244,False,77334,172227,75936,24763,52,5397,116
15,layer3.5.relu1,10431,False,31546,59731,30240,9676,20,504,9
15,layer3.5.conv2,2035974,False,4279559,8735494,4287444,109674,1021,134113,35482
15,layer3.5.bn2,34124,False,81341,174907,79968,25361,91,1543,126
15,layer3.5.relu2,11492,False,33749,59888,32088,9705,33,503,10
15,layer3.5.conv3,968011,False,2040349,5932052,2043300,67949,96,45568,15499
15,layer3.5.bn3,93957,False,214119,450991,213024,51994,86,24644,281
15,layer3.5.add,105227,False,231531,173714,230496,19347,39,34248,26
15,layer3.5.relu3,36380,False,86002,135007,84588,19087,28,5933,14
15,layer4.0.conv1,1961102,False,4121752,11790731,4129272,121368,162,116961,24766
15,layer4.0.bn1,50265,False,115747,264279,114324,33771,100,10259,211
15,layer4.0.relu1,17579,False,46611,84819,45024,12812,25,564,10
15,layer4.0.conv2,3425987,False,7191852,11909932,7206276,158887,962,470033,157094
15,layer4.0.bn2,30330,False,79998,161722,78708,25948,131,3867,253
15,layer4.0.relu2,8938,False,28836,47285,27216,8118,32,611,41
15,layer4.0.conv3,1251145,False,2634801,8170616,2638944,52426,418,114521,39886
15,layer4.0.bn3,58545,False,132526,364937,131292,48980,71,12018,500
15,layer4.0.downsample.0,2891212,False,6071707,11974051,6083700,166127,1115,491975,131654
15,layer4.0.downsample.1,56466,False,128219,368132,126756,49671,97,2831,476
15,layer4.0.add,36120,False,85815,104685,84504,13050,55,7346,25
15,layer4.0.relu3,17441,False,45968,84819,44352,12812,35,683,9
15,layer4.1.conv1,1210640,False,2549734,8145294,2553684,51026,332,129783,34382
15,layer4.1.bn1,29998,False,72885,153287,71400,24466,78,3885,183
15,layer4.1.relu1,8091,False,33521,53086,31668,8106,23,488,6
15,layer4.1.conv2,3153778,False,6621851,11161839,6634740,156258,864,464247,149391
15,layer4.1.bn2,30501,False,73592,155982,72156,25069,120,1686,154
15,layer4.1.relu2,8433,False,27421,47153,25956,8096,23,510,14
15,layer4.1.conv3,1247605,False,2626971,8170643,2631132,52434,248,113847,38584
15,layer4.1.bn3,58943,False,133364,364849,131964,48951,62,11937,490
15,layer4.1.add,37966,False,89693,104680,88200,13048,49,8603,25
15,layer4.1.relu3,17446,False,46207,84831,44604,12815,27,565,6
15,layer4.2.conv1,1214097,False,2556793,8151365,2560908,51969,230,129264,34193
15,layer4.2.bn1,29066,False,70576,153391,69132,24494,74,3883,161
15,layer4.2.relu1,7465,False,25363,47153,23856,8096,19,476,6
15,layer4.2.conv2,3162005,False,6638416,11161485,6651456,156165,825,464518,147926
15,layer4.2.bn2,31482,False,75762,155963,74256,25067,98,1682,128
15,layer4.2.relu2,8679,False,27961,47165,26376,8099,21,533,15
15,layer4.2.conv3,1242249,False,2615865,8170632,2619960,52427,234,114404,38480
15,layer4.2.bn3,60372,False,136507,365222,135240,49034,76,11794,547
15,layer4.2.add,36105,False,93525,111309,92064,14095,59,8058,20
15,layer4.2.relu3,17516,False,46250,84819,44856,12812,26,535,12
15,avgpool,81490,False,181296,274757,180180,38878,969,3365,1419
15,flatten,9256,False,29253,36233,27804,6774,140,454,183
15,fc,497282,False,1055446,341506,1056132,42855,343,132348,124550
16,conv1,2189772,False,4601969,8694814,4610340,98461,1704,179992,13310
16,bn1,328914,False,702257,1292033,702240,117594,300,104747,955
16,relu,176583,False,382178,436414,381444,56791,70,52399,460
16,maxpool,10247321,False,21481043,42894675,21534828,7869816,379024,93197,6548
16,layer1.0.conv1,282815,False,540045,1524084,604464,22069,697,29629,4272
16,layer1.0.bn1,89834,False,198945,385682,197736,41629,397,21237,493
16,layer1.0.relu1,33907,False,81168,134988,79716,19082,95,3199,33
16,layer1.0.conv2,1994488,False,4192754,8266017,4200336,91585,1942,66552,3237
16,layer1.0.bn2,82372,False,183865,388399,182616,42233,289,18165,163
16,layer1.0.relu2,33247,False,79863,134988,78540,19082,51,3177,19
16,layer1.0.conv3,857539,False,1809493,5279426,1811964,64806,334,65952,1162
16,layer1.0.bn3,324320,False,692721,1304080,692580,119253,363,102780,139
16,layer1.0.downsample.0,860939,False,1817274,5273235,1819860,63837,165,66419,3546
16,layer1.0.downsample.1,322661,False,689086,1297789,688968,118281,312,101668,474
16,layer1.0.add,452824,False,961863,587289,962388,56898,141,153728,322
16,layer1.0.relu3,178140,False,385371,442156,384636,57662,68,53299,23
16,layer1.1.conv1,802937,False,1694823,5639331,1697052,32603,185,61795,896
16,layer1.1.bn1,95984,False,211836,392074,210672,42620,160,27013,269
16,layer1.1.relu1,31961,False,76706,134988,75096,19082,28,3059,16
16,layer1.1.conv2,1983524,False,4168974,8266938,4176564,91837,1368,66040,2489
16,layer1.1.bn2,79497,False,177286,388615,175812,42272,187,17961,97
16,layer1.1.relu2,33235,False,79608,135025,78372,19092,44,3301,26
16,layer1.1.conv3,854171,False,1802298,5279587,1804404,64812,244,65458,962
16,layer1.1.bn3,321913,False,687368,1297919,687372,118309,345,101662,94
16,layer1.1.add,450246,False,956394,593410,957012,57851,87,154570,24
16,layer1.1.relu3,174434,False,378290,436171,377412,56735,40,52304,39
16,layer1.2.conv1,818081,False,1726643,5658293,1728720,35679,249,63145,1040
16,layer1.2.bn1,93755,False,206977,385798,205884,41650,133,26335,187
16,layer1.2.relu1,32187,False,77361,134995,76104,19084,27,3074,14
16,layer1.2.conv2,1987152,False,4176676,8267702,4184292,91985,1393,66729,2354
16,layer1.2.bn2,80787,False,180179,390966,179004,42656,199,17764,75
16,layer1.2.relu2,33433,False,80106,135007,78708,19087,37,3276,18
16,layer1.2.conv3,852715,False,1799830,5279261,1802220,64776,197,65481,922
16,layer1.2.bn3,319788,False,682807,1297802,682668,118284,332,101580,111
16,layer1.2.add,453598,False,963793,593684,964236,57897,65,154292,13
16,layer1.2.relu3,174018,False,376592,436233,375900,56752,40,52234,13
16,layer2.0.conv1,1590597,False,3345893,11225720,3351684,54373,219,127030,1857
16,layer2.0.bn1,172663,False,373806,689970,373128,67227,193,53878,135
16,layer2.0.relu1,77704,False,173084,235347,172032,31628,27,19410,35
16,layer2.0.conv2,2134547,False,4485048,8561384,4493580,99586,1160,172573,10782
16,layer2.0.bn2,44359,False,102706,241602,101304,30298,117,2536,103
16,layer2.0.relu2,17523,False,46607,84819,45024,12812,28,651,11
16,layer2.0.conv3,842719,False,1778476,5294619,1780884,57880,186,46031,4645
16,layer2.0.bn3,174136,False,376793,715848,376068,71356,93,53372,160
16,layer2.0.downsample.0,2302411,False,4837928,11211127,4846968,154005,1164,262862,8237
16,layer2.0.downsample.1,173873,False,376516,713228,375900,71190,137,52336,184
16,layer2.0.add,225442,False,485361,311348,484848,31805,57,77360,13
16,layer2.0.relu3,90053,False,198733,242389,197736,32708,54,24932,29
16,layer2.1.conv1,814081,False,1717616,5696682,1719984,33258,222,37779,2419
16,layer2.1.bn1,53805,False,123000,244518,121632,30544,85,11654,472
16,layer2.1.relu1,18089,False,47546,86287,46032,13051,42,831,10
16,layer2.1.conv2,1921380,False,4038676,8149575,4046028,91833,1158,43232,9044
16,layer2.1.bn2,42364,False,98827,241374,97356,30264,111,3388,81
16,layer2.1.relu2,17826,False,47091,84899,45444,12832,41,614,15
16,layer2.1.conv3,849052,False,1790801,5301096,1793400,58863,159,47427,3941
16,layer2.1.bn3,171144,False,370597,710026,369768,70477,83,52517,164
16,layer2.1.add,227042,False,488150,311600,487620,31867,59,77642,12
16,layer2.1.relu3,83671,False,186290,235427,185136,31648,35,22768,28
16,layer2.2.conv1,816026,False,1722016,5703799,1724184,34371,195,36949,2899
16,layer2.2.bn1,47806,False,110358,238435,109032,29603,55,10309,339
16,layer2.2.relu1,17299,False,46072,85019,44604,12851,28,873,5
16,layer2.2.conv2,1921341,False,4038037,8150788,4045440,92125,1040,43825,8686
16,layer2.2.bn2,42379,False,98853,241060,97356,30188,81,3311,87
16,layer2.2.relu2,17709,False,46825,84911,45360,12835,40,583,12
16,layer2.2.conv3,846723,False,1786180,5300495,1788696,58779,126,47295,4098
16,layer2.2.bn3,169378,False,366575,709758,365736,70420,78,52644,158
16,layer2.2.add,232314,False,498854,318030,498456,32860,57,78400,11
16,layer2.2.relu3,84494,False,187486,235439,186312,31651,25,23191,27
16,layer2.3.conv1,815176,False,1719077,5701831,1721412,34061,145,37197,3179
16,layer2.3.bn1,48630,False,111913,238485,110376,29617,53,10674,268
16,layer2.3.relu1,17872,False,47221,85019,45864,12851,23,827,12
16,layer2.3.conv2,1920148,False,4035657,8147261,4042920,91434,958,42697,8307
16,layer2.3.bn2,42325,False,98633,241038,97356,30185,73,3552,80
16,layer2.3.relu2,17753,False,46914,84911,45780,12835,30,602,15
16,layer2.3.conv3,845753,False,1784171,5300683,1786596,58817,141,47456,3744
16,layer2.3.bn3,169877,False,367818,709501,367248,70355,62,52526,152
16,layer2.3.add,225695,False,485130,311597,484596,31867,42,77368,19
16,layer2.3.relu3,82944,False,184177,235439,183120,31651,24,22670,17
16,layer3.0.conv1,1738246,False,3654517,10450705,3660888,98209,296,68324,6158
16,layer3.0.bn1,84859,False,188290,395398,187152,43186,58,22178,105
16,layer3.0.relu1,31909,False,76649,135220,75096,19130,29,3294,19
16,layer3.0.conv2,2208204,False,4639827,9220679,4648392,117433,1179,162261,38577
16,layer3.0.bn2,36619,False,86420,175045,84924,25391,87,5138,119
16,layer3.0.relu2,12058,False,34995,59898,33516,9720,35,591,25
16,layer3.0.conv3,968839,False,2042129,5932732,2045064,68084,173,46133,15672
16,layer3.0.bn3,92129,False,203621,445037,202440,51076,92,23901,271
16,layer3.0.downsample.0,2223017,False,4671649,10960140,4680228,133853,1046,221728,31867
16,layer3.0.downsample.1,91762,False,202954,448502,201852,51845,121,21227,295
16,layer3.0.add,111055,False,243750,179914,242760,20291,64,35565,23
16,layer3.0.relu3,37021,False,87512,135100,86268,19111,42,6587,12
16,layer3.1.conv1,1021268,False,2152139,5945081,2155356,67727,241,54603,10341
16,layer3.1.bn1,32409,False,77653,172147,76272,24743,70,5334,103
16,layer3.1.relu1,10684,False,32330,59811,30828,9696,16,477,8
16,layer3.1.conv2,2036860,False,4281217,8737662,4288956,110257,1168,133123,35021
16,layer3.1.bn2,33185,False,79294,174700,77868,25315,88,1596,116
16,layer3.1.relu2,11977,False,34980,59968,33516,9725,36,541,17
16,layer3.1.conv3,969313,False,2042795,5931700,2045652,67899,128,46524,15494
16,layer3.1.bn3,93060,False,205632,444589,204708,50992,78,23665,297
16,layer3.1.add,106004,False,233758,173674,232680,19336,48,34214,19
16,layer3.1.relu3,36732,False,86779,135100,85512,19111,30,6255,18
16,layer3.2.conv1,1007888,False,2124179,5945881,2127468,67879,136,53821,10587
16,layer3.2.bn1,35699,False,84538,178790,82992,25762,67,5973,98
16,layer3.2.relu1,11286,False,33582,61171,32256,9919,39,494,9
16,layer3.2.conv2,2044508,False,4297242,8747885,4305168,111646,1099,134537,35004
16,layer3.2.bn2,33424,False,79784,174951,78288,25373,95,1551,111
16,layer3.2.relu2,12706,False,36396,60268,34776,9770,42,498,9
16,layer3.2.conv3,971234,False,2046954,5930762,2050020,67758,107,46700,15540
16,layer3.2.bn3,92131,False,203498,444677,202356,51011,80,23986,287
16,layer3.2.add,94610,False,209385,173718,208320,19348,54,28621,40
16,layer3.2.relu3,35567,False,84503,135087,82992,19107,33,5640,11
16,layer3.3.conv1,1006909,False,2121961,5945114,2125200,67737,94,54352,11016
16,layer3.3.bn1,32412,False,77618,172147,76440,24743,56,5336,112
16,layer3.3.relu1,10596,False,31939,59811,30324,9696,20,513,4
16,layer3.3.conv2,2035339,False,4278199,8730532,4286100,108616,1008,134029,35371
16,layer3.3.bn2,33076,False,79156,175225,77616,25429,104,1594,124
16,layer3.3.relu2,14937,False,41352,65957,39900,10645,37,1085,17
16,layer3.3.conv3,966828,False,2037925,5932504,2040780,68052,103,45718,15649
16,layer3.3.bn3,93794,False,207000,444794,205800,51028,67,23932,282
16,layer3.3.add,106152,False,233760,173674,232596,19336,47,34221,22
16,layer3.3.relu3,36116,False,85434,135075,84084,19104,20,6017,19
16,layer3.4.conv1,1021893,False,2153256,5945831,2156448,67846,105,54243,10105
16,layer3.4.bn1,33501,False,80116,172255,78624,24771,72,5484,102
16,layer3.4.relu1,10815,False,32357,59811,30744,9696,22,467,11
16,layer3.4.conv2,2030789,False,4268366,8735316,4276188,109646,803,133915,35661
16,layer3.4.bn2,32857,False,78748,174982,77280,25377,87,1544,109
16,layer3.4.relu2,11612,False,34326,59956,32844,9722,35,518,10
16,layer3.4.conv3,964653,False,2033154,5931906,2035992,67944,104,46723,15404
16,layer3.4.bn3,92217,False,203886,444907,202776,51057,73,24026,284
16,layer3.4.add,145047,False,235231,187708,234360,21658,248,31902,156
16,layer3.4.relu3,35827,False,84999,135075,83664,19104,27,5950,10
16,layer3.5.conv1,1009136,False,2126475,5945468,2129484,67789,110,53131,10370
16,layer3.5.bn1,32896,False,78721,172147,77196,24743,52,5477,120
16,layer3.5.relu1,10576,False,32081,59811,30492,9696,19,502,11
16,layer3.5.conv2,2039898,False,4287565,8735627,4295424,109722,1041,133910,35474
16,layer3.5.bn2,33572,False,80220,174845,78708,25347,83,1565,133
16,layer3.5.relu2,12079,False,35181,59968,33600,9725,34,504,9
16,layer3.5.conv3,972405,False,2049936,5932052,2052792,67949,107,46066,15491
16,layer3.5.bn3,93601,False,206601,444917,205380,51055,57,23870,289
16,layer3.5.add,105719,False,232851,173704,231756,19345,40,34511,28
16,layer3.5.relu3,35535,False,84696,135087,83244,19107,23,5803,16
16,layer4.0.conv1,1967174,False,4141475,11790274,4149180,121294,178,116759,23837
16,layer4.0.bn1,50897,False,116823,263956,115416,33702,96,10550,197
16,layer4.0.relu1,16988,False,45273,84899,43848,12832,24,574,9
16,layer4.0.conv2,3423149,False,7185882,11912977,7200312,159637,1026,470132,155809
16,layer4.0.bn2,31593,False,76141,156030,74760,25082,124,3304,273
16,layer4.0.relu2,8384,False,27393,47365,25704,8138,25,489,16
16,layer4.0.conv3,1249524,False,2630779,8175633,2635080,53206,368,114983,37730
16,layer4.0.bn3,59481,False,134842,364834,133476,48953,91,12094,480
16,layer4.0.downsample.0,2895656,False,6081037,11980728,6092772,167406,1355,492856,131269
16,layer4.0.downsample.1,56949,False,129304,367956,127848,49632,127,2738,461
16,layer4.0.add,35293,False,84264,104685,82824,13050,70,7313,25
16,layer4.0.relu3,17708,False,47037,84899,45612,12832,52,714,19
16,layer4.1.conv1,1213540,False,2555545,8145445,2559480,51051,371,129889,31956
16,layer4.1.bn1,30342,False,73498,153258,72156,24464,91,4005,193
16,layer4.1.relu1,9418,False,29505,48618,28056,8346,55,513,4
16,layer4.1.conv2,3186709,False,6690912,11164183,6704208,156647,1203,465201,150617
16,layer4.1.bn2,35907,False,85129,162907,83832,26150,147,2304,169
16,layer4.1.relu2,8833,False,28197,47233,26712,8116,35,525,22
16,layer4.1.conv3,1243126,False,2617734,8170637,2621808,52430,286,114003,37266
16,layer4.1.bn3,58996,False,133513,364790,132132,48937,74,12087,492
16,layer4.1.add,38854,False,91693,104695,90552,13052,57,8617,19
16,layer4.1.relu3,17882,False,47110,84911,45696,12835,37,607,13
16,layer4.2.conv1,1207439,False,2543331,8145363,2547216,51040,237,128208,31468
16,layer4.2.bn1,29007,False,70517,153238,68964,24457,63,3902,154
16,layer4.2.relu1,7602,False,25728,47233,24024,8116,13,482,12
16,layer4.2.conv2,3141568,False,6603605,11171942,6616596,157056,1019,464710,144648
16,layer4.2.bn2,30959,False,74646,156022,73080,25080,97,1698,144
16,layer4.2.relu2,8441,False,27458,47245,25872,8119,17,540,12
16,layer4.2.conv3,1240502,False,2611656,8170596,2615844,52417,230,113894,36568
16,layer4.2.bn3,60583,False,136968,364712,135744,48934,64,11975,421
16,layer4.2.add,35926,False,85338,104798,84000,13076,54,7376,24
16,layer4.2.relu3,17226,False,46098,84899,44520,12832,23,571,13
16,avgpool,81453,False,181078,274617,179676,38855,1005,3408,1433
16,flatten,8849,False,28216,34885,26628,6554,111,434,176
16,fc,496055,False,1071360,357074,1072092,44505,368,132863,124576
17,conv1,2176628,False,4574836,8686849,4583124,97179,1244,179235,13726
17,bn1,331555,False,708255,1298670,708204,118635,266,105827,716
17,relu,176085,False,380826,436501,380016,56813,80,52431,365
17,maxpool,10206281,False,21397081,42899461,21448224,7870404,375653,93830,6907
17,layer1.0.conv1,261862,False,492724,1512556,559776,19956,480,27347,3002
17,layer1.0.bn1,90049,False,199407,385724,198324,41643,352,21527,657
17,layer1.0.relu1,33736,False,80517,135075,79296,19104,93,3499,33
17,layer1.0.conv2,1992491,False,4188896,8262978,4196640,91096,1869,66627,3363
17,layer1.0.bn2,82133,False,182953,388676,181860,42298,281,18166,165
17,layer1.0.relu2,33245,False,79539,135075,78036,19104,56,3211,38
17,layer1.0.conv3,857260,False,1808767,5279528,1811208,64828,350,65961,1227
17,layer1.0.bn3,321027,False,685850,1297794,685860,118282,358,101668,125
17,layer1.0.downsample.0,867420,False,1830300,5279512,1832796,64807,165,67147,3540
17,layer1.0.downsample.1,324073,False,691957,1297796,691992,118283,329,101618,240
17,layer1.0.add,452755,False,962267,587296,962640,56900,141,153820,108
17,layer1.0.relu3,174753,False,378554,436276,378000,56762,65,52301,13
17,layer1.1.conv1,809043,False,1707964,5645312,1710072,33529,219,62832,901
17,layer1.1.bn1,92578,False,204352,385816,203196,41654,155,26256,259
17,layer1.1.relu1,31150,False,75101,135075,73668,19104,32,2918,17
17,layer1.1.conv2,1988944,False,4181293,8260442,4189080,90493,1366,66529,2450
17,layer1.1.bn2,82841,False,184376,388631,183204,42279,206,17930,111
17,layer1.1.relu2,36881,False,87181,141086,85764,20038,54,3831,26
17,layer1.1.conv3,847644,False,1788738,5273355,1791048,63854,230,64651,926
17,layer1.1.bn3,325483,False,694672,1304016,694680,119239,320,102519,129
17,layer1.1.add,446996,False,949432,587441,949956,56927,87,153551,25
17,layer1.1.relu3,178022,False,384884,442225,384132,57679,42,53157,23
17,layer1.2.conv1,805448,False,1700356,5641249,1702260,32929,201,62331,963
17,layer1.2.bn1,97324,False,214525,393296,213444,42843,168,26992,133
17,layer1.2.relu1,32860,False,78657,135075,77196,19104,29,3299,11
17,layer1.2.conv2,1976738,False,4155210,8261462,4163040,90762,1064,65831,2196
17,layer1.2.bn2,79768,False,178101,388848,177072,42325,178,18031,86
17,layer1.2.relu2,32185,False,77325,136435,75936,19327,46,3021,12
17,layer1.2.conv3,853199,False,1800088,5279622,1802640,64853,219,65406,911
17,layer1.2.bn3,320362,False,684255,1297802,684348,118284,320,101671,119
17,layer1.2.add,454123,False,963643,593693,964236,57901,57,154546,13
17,layer1.2.relu3,173888,False,376185,436313,375564,56772,35,52234,13
17,layer2.0.conv1,1589143,False,3342542,11219688,3348072,53436,316,126735,1826
17,layer2.0.bn1,175972,False,380512,696356,379596,68211,215,54582,105
17,layer2.0.relu1,77746,False,173343,235427,172200,31648,24,19346,32
17,layer2.0.conv2,2135068,False,4486523,8560953,4494756,99481,1089,173848,11205
17,layer2.0.bn2,44570,False,103598,241152,102144,30206,113,2506,92
17,layer2.0.relu2,17429,False,46200,84899,44856,12832,32,716,15
17,layer2.0.conv3,848962,False,1790975,5300442,1793484,58765,220,46657,4816
17,layer2.0.bn3,167895,False,363646,709552,362964,70379,79,52327,167
17,layer2.0.downsample.0,2308906,False,4851408,11216067,4860660,154761,1173,263835,8212
17,layer2.0.downsample.1,173359,False,374958,713504,374304,71255,129,52141,173
17,layer2.0.add,226721,False,487355,311348,486948,31805,71,77534,20
17,layer2.0.relu3,85489,False,189384,235427,188244,31648,44,23748,42
17,layer2.1.conv1,820941,False,1732035,5704010,1734264,34397,278,39699,2517
17,layer2.1.bn1,48614,False,112118,238435,110796,29603,52,10580,409
17,layer2.1.relu1,17380,False,46161,85019,44688,12851,28,765,8
17,layer2.1.conv2,1921900,False,4039378,8146660,4046784,91386,1102,43397,9202
17,layer2.1.bn2,41832,False,97672,241249,96348,30234,86,3435,82
17,layer2.1.relu2,17021,False,45604,84899,43932,12832,35,577,7
17,layer2.1.conv3,847947,False,1789028,5300668,1791468,58803,138,47440,4055
17,layer2.1.bn3,169740,False,367673,709754,366912,70417,70,52309,163
17,layer2.1.add,228249,False,490914,317571,490560,32791,59,78502,14
17,layer2.1.relu3,83125,False,184711,235427,183624,31648,25,22707,32
17,layer2.2.conv1,824138,False,1738500,5715739,1740900,36340,218,37815,3068
17,layer2.2.bn1,47501,False,109856,238435,108528,29603,43,10347,297
17,layer2.2.relu1,17415,False,46005,85019,44436,12851,23,819,7
17,layer2.2.conv2,1917243,False,4029608,8146167,4036956,91228,1024,43931,8699
17,layer2.2.bn2,41861,False,97774,241144,96432,30211,90,3283,100
17,layer2.2.relu2,17405,False,46260,84911,44772,12835,39,612,12
17,layer2.2.conv3,847208,False,1787052,5299493,1789284,58630,130,47494,3907
17,layer2.2.bn3,169676,False,367075,709899,366324,70439,76,52628,159
17,layer2.2.add,228246,False,490430,311653,489972,31878,44,77437,14
17,layer2.2.relu3,83952,False,185935,235439,184884,31651,31,23185,25
17,layer2.3.conv1,817040,False,1723401,5703011,1725444,34238,179,37191,3200
17,layer2.3.bn1,48707,False,112368,238485,110964,29617,56,10475,247
17,layer2.3.relu1,17718,False,46886,85019,45528,12851,28,840,11
17,layer2.3.conv2,1915931,False,4027320,8146004,4034604,91087,937,43490,8447
17,layer2.3.bn2,42070,False,98158,241555,96768,30305,88,3503,75
17,layer2.3.relu2,18174,False,47936,84911,46452,12835,28,679,29
17,layer2.3.conv3,840865,False,1774015,5294718,1776432,57901,113,46582,3755
17,layer2.3.bn3,175277,False,379566,715992,378840,71356,75,53591,169
17,layer2.3.add,224524,False,482083,311597,481572,31867,37,77447,14
17,layer2.3.relu3,83404,False,185157,235439,184044,31651,29,22661,24
17,layer3.0.conv1,1733043,False,3643555,10450753,3649884,98222,307,68541,6204
17,layer3.0.bn1,83171,False,184685,395398,183624,43186,65,22244,116
17,layer3.0.relu1,31627,False,75975,135220,74676,19130,33,3184,20
17,layer3.0.conv2,2190289,False,4602702,9199108,4611348,113719,1124,160714,38137
17,layer3.0.bn2,35588,False,84660,174943,83244,25367,80,5108,113
17,layer3.0.relu2,11602,False,34274,61246,32592,9940,49,542,6
17,layer3.0.conv3,971593,False,2048221,5932293,2051196,68006,126,45908,15478
17,layer3.0.bn3,95865,False,211826,450893,210588,51970,89,24879,258
17,layer3.0.downsample.0,2216598,False,4658584,10957508,4667292,133385,1044,221531,31350
17,layer3.0.downsample.1,90935,False,201101,448038,200004,51747,132,21246,307
17,layer3.0.add,107306,False,236616,173461,235620,19297,53,34789,50
17,layer3.0.relu3,36834,False,87206,135100,85848,19111,48,6301,15
17,layer3.1.conv1,1025232,False,2160805,5957909,2163924,69845,267,55158,10048
17,layer3.1.bn1,33282,False,79643,172234,78120,24765,75,5357,93
17,layer3.1.relu1,11649,False,34235,59811,32676,9696,28,531,16
17,layer3.1.conv2,2033230,False,4273792,8732745,4281648,109148,1096,133898,34846
17,layer3.1.bn2,36285,False,85921,180611,84420,26221,93,2053,131
17,layer3.1.relu2,11762,False,34746,59968,33096,9725,37,586,40
17,layer3.1.conv3,971887,False,2048528,5932115,2051532,67957,126,46433,15374
17,layer3.1.bn3,93072,False,205603,444766,204540,51022,71,23927,305
17,layer3.1.add,106086,False,233931,173696,232932,19342,54,34157,19
17,layer3.1.relu3,36399,False,86152,135100,84756,19111,32,5969,23
17,layer3.2.conv1,1012488,False,2133325,5945594,2136288,67821,144,54245,10311
17,layer3.2.bn1,32225,False,77404,172013,75936,24722,51,5305,109
17,layer3.2.relu1,11140,False,33027,59823,31416,9699,20,535,10
17,layer3.2.conv2,2035725,False,4278761,8734067,4286520,109275,1012,134907,34777
17,layer3.2.bn2,33591,False,80280,174752,78708,25326,86,1615,119
17,layer3.2.relu2,12048,False,35003,59931,33600,9715,36,578,15
17,layer3.2.conv3,970075,False,2044409,5931738,2047416,67899,109,46748,15421
17,layer3.2.bn3,92153,False,210672,450820,209328,51958,78,24349,280
17,layer3.2.add,94168,False,208328,173718,206976,19348,53,28877,40
17,layer3.2.relu3,35761,False,84880,135087,83412,19107,28,5643,10
17,layer3.3.conv1,1005375,False,2118632,5945119,2121504,67737,96,53755,10500
17,layer3.3.bn1,31250,False,75150,172147,73752,24743,46,5133,97
17,layer3.3.relu1,11058,False,32892,59811,31332,9696,20,496,7
17,layer3.3.conv2,2033746,False,4274586,8732903,4282320,108954,992,133755,35355
17,layer3.3.bn2,32802,False,78755,174992,77280,25376,83,1593,122
17,layer3.3.relu2,11371,False,33675,60268,32004,9770,34,557,16
17,layer3.3.conv3,971973,False,2048543,5932090,2051364,67983,117,46219,15573
17,layer3.3.bn3,93191,False,205893,444750,204624,51019,63,23955,266
17,layer3.3.add,106148,False,233774,173674,232680,19336,45,34382,40
17,layer3.3.relu3,36203,False,85695,135075,84168,19104,28,6008,19
17,layer3.4.conv1,1006735,False,2129868,5951499,2133012,67756,109,53732,9852
17,layer3.4.bn1,32662,False,78298,172013,76776,24722,51,5436,97
17,layer3.4.relu1,10604,False,31907,59811,30324,9696,20,481,8
17,layer3.4.conv2,2036776,False,4281115,8736281,4289208,109737,1015,134261,35431
17,layer3.4.bn2,33869,False,80645,174972,79296,25373,94,1546,112
17,layer3.4.relu2,12089,False,35198,59956,33684,9722,36,520,8
17,layer3.4.conv3,968038,False,2040810,5931694,2043972,67901,115,47042,15439
17,layer3.4.bn3,91802,False,202853,444662,201684,51001,72,24110,274
17,layer3.4.add,94242,False,208898,173678,207900,19336,43,28693,33
17,layer3.4.relu3,35740,False,84859,135075,83412,19104,25,5557,5
17,layer3.5.conv1,1021727,False,2153086,5945062,2156112,67731,90,53012,10493
17,layer3.5.bn1,31690,False,76537,172147,75096,24743,51,5395,120
17,layer3.5.relu1,10844,False,32638,59811,31080,9696,22,483,10
17,layer3.5.conv2,2035970,False,4279501,8736376,4287276,109856,1117,133646,35360
17,layer3.5.bn2,32912,False,78711,174666,77280,25306,105,1550,119
17,layer3.5.relu2,11587,False,34011,61316,32424,9945,45,579,23
17,layer3.5.conv3,968590,False,2041247,5931944,2044056,67937,111,46206,15497
17,layer3.5.bn3,92514,False,204263,444610,202944,50991,55,23952,277
17,layer3.5.add,105880,False,233681,173709,232848,19345,52,34435,36
17,layer3.5.relu3,36033,False,85411,135087,83916,19107,30,5937,22
17,layer4.0.conv1,1970207,False,4140847,11790283,4148508,121304,180,117213,23272
17,layer4.0.bn1,51476,False,117974,263883,116844,33679,99,10198,203
17,layer4.0.relu1,16733,False,44945,84899,43512,12832,25,548,10
17,layer4.0.conv2,3431743,False,7204057,11916964,7218204,160151,891,470989,153532
17,layer4.0.bn2,30242,False,73225,155860,71820,25046,114,3167,289
17,layer4.0.relu2,8566,False,27569,47365,25956,8138,24,551,18
17,layer4.0.conv3,1242401,False,2616236,8171362,2620380,52558,359,114322,37570
17,layer4.0.bn3,58687,False,133204,364663,131964,48923,84,12007,482
17,layer4.0.downsample.0,2891109,False,6071458,11977521,6083280,166793,1339,492845,129850
17,layer4.0.downsample.1,56413,False,128156,368173,126756,49690,119,2830,595
17,layer4.0.add,36003,False,85807,104690,84588,13052,73,7325,27
17,layer4.0.relu3,18437,False,48562,84899,47124,12832,51,717,25
17,layer4.1.conv1,1215824,False,2560605,8151585,2564688,52004,338,130284,32177
17,layer4.1.bn1,30841,False,74438,153427,73248,24489,99,4013,204
17,layer4.1.relu1,9018,False,28830,47270,27300,8126,33,542,16
17,layer4.1.conv2,3164375,False,6644079,11161249,6657252,156172,995,464819,149296
17,layer4.1.bn2,30138,False,72900,156027,71568,25077,106,1655,156
17,layer4.1.relu2,8822,False,28364,47233,26880,8116,23,533,17
17,layer4.1.conv3,1276252,False,2632134,8186775,2636340,55366,426,115503,36230
17,layer4.1.bn3,59362,False,134185,364844,132972,48957,80,11934,487
17,layer4.1.add,42638,False,99201,110659,97860,13974,75,9338,20
17,layer4.1.relu3,16843,False,45066,84911,43512,12835,30,605,4
17,layer4.2.conv1,1206718,False,2541295,8145404,2545284,51050,233,129169,29983
17,layer4.2.bn1,29285,False,71454,153586,69972,24536,91,3893,147
17,layer4.2.relu1,9853,False,30291,47233,28980,8116,18,481,8
17,layer4.2.conv2,3163440,False,6642353,11162601,6655404,156352,931,464640,148636
17,layer4.2.bn2,31622,False,76326,155808,74760,25031,124,1628,131
17,layer4.2.relu2,8668,False,28084,47245,26460,8119,23,508,8
17,layer4.2.conv3,1244425,False,2620743,8176600,2625000,53347,177,115144,35953
17,layer4.2.bn3,60323,False,136378,364944,135072,48975,74,11997,416
17,layer4.2.add,36125,False,85951,104788,84588,13074,59,7350,21
17,layer4.2.relu3,16417,False,44074,84899,42672,12832,22,533,11
17,avgpool,79911,False,177250,274786,176232,38883,982,3189,1277
17,flatten,8660,False,27923,34885,26544,6554,113,468,176
17,fc,502872,False,1066812,347796,1067472,43832,349,133261,123917
18,conv1,2182501,False,4587274,8698572,4596144,98942,1179,179364,13254
18,bn1,328251,False,701313,1291970,700980,117577,275,104628,485
18,relu,176112,False,380701,436494,380016,56811,66,52232,323
18,maxpool,10242862,False,21473720,42896440,21524748,7869916,379616,92539,6399
18,layer1.0.conv1,247461,False,491354,1512549,529284,19954,318,27218,2750
18,layer1.0.bn1,88301,False,195790,385516,194628,41590,370,21131,617
18,layer1.0.relu1,34201,False,81749,135068,80304,19102,106,3325,25
18,layer1.0.conv2,1992199,False,4188983,8263227,4196472,91082,1835,66447,3330
18,layer1.0.bn2,82556,False,183723,388590,182784,42274,259,17874,141
18,layer1.0.relu2,32869,False,78725,135068,77112,19102,57,3172,21
18,layer1.0.conv3,858407,False,1811492,5279870,1813980,64899,310,66100,1261
18,layer1.0.bn3,325646,False,695773,1303959,695940,119231,357,102603,115
18,layer1.0.downsample.0,867597,False,1831159,5280863,1833636,65028,188,67383,3485
18,layer1.0.downsample.1,323816,False,691938,1297789,691908,118281,329,101766,646
18,layer1.0.add,456108,False,968514,593256,968940,57820,143,154737,442
18,layer1.0.relu3,174825,False,378239,436189,377328,56740,63,52339,28
18,layer1.1.conv1,809197,False,1707861,5645380,1709904,33547,268,62737,883
18,layer1.1.bn1,92715,False,204892,385809,203784,41652,150,26306,295
18,layer1.1.relu1,31969,False,76678,134988,75348,19082,29,3161,20
18,layer1.1.conv2,1986640,False,4175005,8265901,4182528,91676,1384,66258,2456
18,layer1.1.bn2,82372,False,183388,388528,182112,42257,205,17905,117
18,layer1.1.relu2,33219,False,79833,135025,78456,19092,50,3282,21
18,layer1.1.conv3,853342,False,1800850,5281068,1803228,65066,216,65479,917
18,layer1.1.bn3,322674,False,688815,1300195,688884,118673,355,101709,465
18,layer1.1.add,449640,False,955324,593699,955836,57893,71,154698,28
18,layer1.1.relu3,173793,False,375960,436164,375060,56733,33,52300,14
18,layer1.2.conv1,808778,False,1707054,5644679,1709148,33457,214,62834,965
18,layer1.2.bn1,92537,False,204808,385791,203532,41648,140,26325,156
18,layer1.2.relu1,32038,False,77150,134988,75768,19082,33,3105,6
18,layer1.2.conv2,1977920,False,4157563,8263386,4165392,91073,1082,66375,2260
18,layer1.2.bn2,79683,False,177614,388813,176316,42314,174,17498,76
18,layer1.2.relu2,33113,False,79276,135000,77868,19085,46,3350,19
18,layer1.2.conv3,852595,False,1799550,5279863,1801884,64895,174,65487,906
18,layer1.2.bn3,323574,False,690551,1303817,690396,119214,336,102606,111
18,layer1.2.add,449406,False,954926,587414,955584,56929,55,153511,18
18,layer1.2.relu3,174261,False,377405,436226,376740,56750,40,52301,16
18,layer2.0.conv1,1593598,False,3352158,11226019,3357984,54420,307,127414,1849
18,layer2.0.bn1,171922,False,372357,689963,371784,67225,213,53931,124
18,layer2.0.relu1,77587,False,173227,235340,172032,31626,27,19492,36
18,layer2.0.conv2,2133919,False,4484231,8563474,4492488,100030,1285,173023,10459
18,layer2.0.bn2,43619,False,101548,241248,100380,30227,135,2599,95
18,layer2.0.relu2,17849,False,47483,84812,46116,12810,36,712,11
18,layer2.0.conv3,846584,False,1786301,5300537,1788612,58792,204,46664,4601
18,layer2.0.bn3,169954,False,368648,709524,367668,70371,102,52611,158
18,layer2.0.downsample.0,2304310,False,4842055,11209355,4851168,153782,1193,262453,8092
18,layer2.0.downsample.1,174425,False,377602,713359,376908,71212,149,52240,168
18,layer2.0.add,229484,False,493315,317320,492828,32729,76,78348,23
18,layer2.0.relu3,85364,False,189496,235340,188328,31626,37,23783,40
18,layer2.1.conv1,821035,False,1732019,5703018,1734096,34242,342,38925,2297
18,layer2.1.bn1,49513,False,114009,238468,112644,29608,78,10736,414
18,layer2.1.relu1,16625,False,44561,84932,43008,12829,24,782,6
18,layer2.1.conv2,1917410,False,4030051,8147728,4037376,91529,1162,43508,8891
18,layer2.1.bn2,42419,False,99055,241089,97524,30199,103,3427,79
18,layer2.1.relu2,17252,False,45786,84812,44436,12810,33,578,7
18,layer2.1.conv3,847118,False,1787148,5300673,1789536,58805,169,47736,3957
18,layer2.1.bn3,170144,False,368398,709993,367668,70463,75,52512,163
18,layer2.1.add,226398,False,487314,311597,486780,31867,64,77709,20
18,layer2.1.relu3,83888,False,186309,235347,185052,31628,30,22663,23
18,layer2.2.conv1,818898,False,1727398,5703435,1729560,34302,240,37136,2754
18,layer2.2.bn1,47604,False,110021,238435,108696,29603,68,10273,318
18,layer2.2.relu1,17157,False,45870,84939,44352,12831,30,834,6
18,layer2.2.conv2,1922310,False,4040580,8146188,4048128,91247,1039,44209,8517
18,layer2.2.bn2,43790,False,102179,241140,100884,30207,105,3428,78
18,layer2.2.relu2,18354,False,48286,84831,46704,12815,35,643,26
18,layer2.2.conv3,845461,False,1783828,5300975,1786092,58878,195,46942,3826
18,layer2.2.bn3,174028,False,376736,715773,375900,71332,94,53663,173
18,layer2.2.add,228870,False,491880,311660,491484,31880,56,77436,16
18,layer2.2.relu3,83832,False,185938,235359,184884,31631,27,23061,32
18,layer2.3.conv1,817958,False,1725245,5703201,1727544,34272,221,37416,3013
18,layer2.3.bn1,48610,False,112090,238485,110712,29617,73,10445,228
18,layer2.3.relu1,17507,False,46595,84939,45192,12831,31,805,16
18,layer2.3.conv2,1921335,False,4038105,8146922,4045440,91314,997,43224,8222
18,layer2.3.bn2,41968,False,97961,241113,96516,30204,95,3618,86
18,layer2.3.relu2,17356,False,46101,84831,44520,12815,33,613,11
18,layer2.3.conv3,847769,False,1788696,5301105,1791048,58896,163,47554,3666
18,layer2.3.bn3,170817,False,370148,709531,369432,70367,73,52526,151
18,layer2.3.add,226470,False,486836,311597,486276,31867,62,77496,8
18,layer2.3.relu3,84039,False,194918,241255,193620,32540,61,22888,22
18,layer3.0.conv1,1762474,False,3705382,10457740,3711960,99432,306,68319,5706
18,layer3.0.bn1,89437,False,197834,401825,196644,44179,78,23121,108
18,layer3.0.relu1,32225,False,77367,135140,76020,19110,33,3307,20
18,layer3.0.conv2,2195821,False,4614190,9202776,4622940,114690,1296,160844,37660
18,layer3.0.bn2,37043,False,87401,174908,86100,25363,108,5016,114
18,layer3.0.relu2,11848,False,34718,59818,33096,9700,34,535,11
18,layer3.0.conv3,973107,False,2051262,5932686,2054136,68090,140,46100,15293
18,layer3.0.bn3,92996,False,205431,444904,204204,51043,91,23746,243
18,layer3.0.downsample.0,2219939,False,4665180,10957992,4674180,133452,1058,221881,31019
18,layer3.0.downsample.1,94967,False,209750,454216,208656,52687,137,22353,307
18,layer3.0.add,107448,False,236441,173461,235452,19297,61,34718,17
18,layer3.0.relu3,36483,False,86545,135020,85008,19091,32,6244,16
18,layer3.1.conv1,1028039,False,2166353,5944910,2169720,67704,264,54890,9020
18,layer3.1.bn1,33747,False,80810,172147,79632,24743,77,5395,95
18,layer3.1.relu1,11018,False,32837,59731,31332,9676,27,524,9
18,layer3.1.conv2,2037761,False,4282587,8736251,4290552,109802,1200,133278,34494
18,layer3.1.bn2,33531,False,80175,174942,78792,25368,102,1579,118
18,layer3.1.relu2,11636,False,34157,59888,32760,9705,38,540,10
18,layer3.1.conv3,966574,False,2037597,5931662,2040528,67903,116,46337,15256
18,layer3.1.bn3,93853,False,207136,444862,205884,51033,65,23553,286
18,layer3.1.add,105789,False,233162,173674,232260,19336,50,34162,28
18,layer3.1.relu3,36881,False,87176,135020,85764,19091,27,6402,26
18,layer3.2.conv1,1011719,False,2131737,5945515,2134860,67828,144,53779,9271
18,layer3.2.bn1,33187,False,79192,172255,77700,24771,65,5386,97
18,layer3.2.relu1,11038,False,32940,59743,31752,9679,25,473,11
18,layer3.2.conv2,2035503,False,4278169,8733207,4286100,109267,1133,134316,34520
18,layer3.2.bn2,33546,False,80055,174869,78456,25360,94,1543,116
18,layer3.2.relu2,11317,False,33794,59851,32256,9695,31,537,18
18,layer3.2.conv3,968133,False,2040663,5931898,2043384,67937,97,46767,15216
18,layer3.2.bn3,91921,False,203718,444819,202692,51027,80,24142,281
18,layer3.2.add,93546,False,207384,173796,206220,19358,51,28578,23
18,layer3.2.relu3,34865,False,83196,135007,81816,19087,28,5711,13
18,layer3.3.conv1,1009269,False,2126874,5945076,2129820,67741,109,54272,9942
18,layer3.3.bn1,32635,False,78400,172147,76860,24743,60,5410,106
18,layer3.3.relu1,11075,False,33062,59731,31500,9676,21,462,12
18,layer3.3.conv2,2035954,False,4278616,8737544,4286436,110126,1038,133566,35154
18,layer3.3.bn2,33985,False,81066,175213,79632,25430,90,1625,113
18,layer3.3.relu2,11916,False,34697,59851,33180,9695,27,493,10
18,layer3.3.conv3,966759,False,2037483,5933290,2040192,68186,111,46278,15518
18,layer3.3.bn3,93431,False,206245,444653,205128,50995,65,23981,277
18,layer3.3.add,105081,False,231679,173674,230496,19336,41,34208,17
18,layer3.3.relu3,35589,False,84479,134995,83076,19084,24,5812,16
18,layer3.4.conv1,1008002,False,2124101,5945406,2127300,67799,108,54725,9168
18,layer3.4.bn1,31975,False,76869,172147,75432,24743,54,5351,92
18,layer3.4.relu1,10808,False,32231,59731,30828,9676,24,472,9
18,layer3.4.conv2,2036658,False,4280194,8734037,4287864,109360,931,134510,35368
18,layer3.4.bn2,32902,False,78687,174796,77280,25331,90,1526,99
18,layer3.4.relu2,12011,False,34977,60213,33348,9757,36,510,9
18,layer3.4.conv3,964489,False,2033300,5932100,2036244,67980,105,46048,15287
18,layer3.4.bn3,92750,False,212250,450694,211176,51931,92,24774,282
18,layer3.4.add,93839,False,208042,173668,206892,19334,39,28543,23
18,layer3.4.relu3,34645,False,82731,134995,81312,19084,26,5668,7
18,layer3.5.conv1,1013356,False,2135111,5945151,2138304,67758,95,53323,10035
18,layer3.5.bn1,32506,False,77839,172147,76608,24743,43,5374,118
18,layer3.5.relu1,11032,False,32919,59731,31416,9676,25,507,10
18,layer3.5.conv2,2036417,False,4279649,8738240,4287528,110205,1013,133276,35134
18,layer3.5.bn2,33653,False,80290,174631,78876,25299,87,1592,121
18,layer3.5.relu2,12179,False,35358,59888,33768,9705,37,544,11
18,layer3.5.conv3,972791,False,2050751,5931660,2053632,67901,86,45992,15481
18,layer3.5.bn3,93412,False,206145,444835,205128,51033,51,23932,268
18,layer3.5.add,105434,False,239255,179857,238224,20297,44,34899,30
18,layer3.5.relu3,36055,False,85566,135007,84084,19087,27,6181,12
18,layer4.0.conv1,1969090,False,4138452,11790441,4146240,121336,191,117814,22296
18,layer4.0.bn1,49957,False,115017,264041,113568,33712,94,10305,198
18,layer4.0.relu1,17193,False,45851,84819,44352,12812,25,602,10
18,layer4.0.conv2,3419218,False,7178066,11908979,7192500,158857,989,470017,152351
18,layer4.0.bn2,30897,False,74831,156035,73248,25082,131,3283,298
18,layer4.0.relu2,8888,False,28549,47285,27048,8118,33,494,11
18,layer4.0.conv3,1247551,False,2626791,8176788,2631216,53390,432,115833,34504
18,layer4.0.bn3,58936,False,133533,364953,132300,48987,85,12027,529
18,layer4.0.downsample.0,2897603,False,6084878,11988419,6096636,168795,1355,493010,127500
18,layer4.0.downsample.1,57101,False,129332,368056,127932,49661,99,2810,457
18,layer4.0.add,35839,False,85267,104690,84000,13052,67,7385,26
18,layer4.0.relu3,18292,False,48194,84819,46788,12812,41,696,10
18,layer4.1.conv1,1212408,False,2553635,8145019,2557716,50994,366,129290,28816
18,layer4.1.bn1,31220,False,75303,153487,73920,24509,105,4013,177
18,layer4.1.relu1,8068,False,26797,47190,25200,8106,27,475,7
18,layer4.1.conv2,3157064,False,6629086,11165052,6642300,156888,1061,464409,146409
18,layer4.1.bn2,30448,False,73432,156094,71820,25090,108,1627,153
18,layer4.1.relu2,7979,False,26640,47153,24864,8096,24,508,11
18,layer4.1.conv3,1237073,False,2604749,8170628,2609040,52435,247,113550,33869
18,layer4.1.bn3,59477,False,134467,364926,133056,48984,85,11997,539
18,layer4.1.add,39178,False,92259,104694,90888,13053,65,8578,20
18,layer4.1.relu3,17324,False,46000,84831,44436,12815,27,636,7
18,layer4.2.conv1,1208593,False,2545504,8145120,2549484,51014,248,129007,28103
18,layer4.2.bn1,30029,False,72904,153446,71484,24500,75,3856,158
18,layer4.2.relu1,18682,False,48793,66082,47376,11156,64,1322,30
18,layer4.2.conv2,3155793,False,6626006,11163799,6639108,156587,928,464615,146262
18,layer4.2.bn2,32039,False,77129,155959,75600,25061,120,1698,139
18,layer4.2.relu2,8424,False,27386,47165,25788,8099,29,505,16
18,layer4.2.conv3,1239151,False,2609706,8171958,2613828,52647,244,114320,35392
18,layer4.2.bn3,61600,False,139185,364913,137844,48972,94,11973,436
18,layer4.2.add,36045,False,85691,104788,84252,13074,58,7358,18
18,layer4.2.relu3,16894,False,45136,84819,43512,12812,24,577,10
18,avgpool,80868,False,179837,274528,178836,38836,981,3172,1269
18,flatten,9159,False,29326,34885,27636,6554,131,445,186
18,fc,496443,False,1053124,341463,1053864,42848,317,132414,123602
19,conv1,2174350,False,4570166,8687027,4578756,97127,1091,179018,14289
19,bn1,332319,False,709242,1297621,709296,118489,284,105692,605
19,relu,175911,False,380254,436414,379596,56791,60,52329,50
19,maxpool,10212607,False,21410567,42886275,21461412,7868219,374751,92642,6409
19,layer1.0.conv1,259474,False,500394,1518537,554820,20888,324,27903,2670
19,layer1.0.bn1,88114,False,195217,385706,194040,41637,333,21191,739
19,layer1.0.relu1,34436,False,81929,134988,80556,19082,77,3466,18
19,layer1.0.conv2,1988477,False,4179593,8262961,4187232,90926,1666,66367,3500
19,layer1.0.bn2,82246,False,183060,388811,181776,42325,272,18095,163
19,layer1.0.relu2,33637,False,80412,134988,78708,19082,50,3174,32
19,layer1.0.conv3,856784,False,1807902,5279252,1810200,64772,349,65916,1255
19,layer1.0.bn3,320623,False,684542,1297787,684516,118280,345,101469,105
19,layer1.0.downsample.0,866741,False,1828951,5279223,1831536,64771,152,67129,3219
19,layer1.0.downsample.1,326730,False,697415,1303937,697452,119233,340,102482,392
19,layer1.0.add,451140,False,958141,587289,958776,56898,124,153720,220
19,layer1.0.relu3,175753,False,380025,436189,379260,56740,65,52353,29
19,layer1.1.conv1,806976,False,1703789,5645319,1705956,33537,237,62664,866
19,layer1.1.bn1,93359,False,206217,385809,204960,41652,149,26275,376
19,layer1.1.relu1,32106,False,77201,134988,75768,19082,30,3015,14
19,layer1.1.conv2,1982581,False,4166773,8264879,4174464,91364,1333,66600,2586
19,layer1.1.bn2,79687,False,177862,391261,176568,42724,221,17665,127
19,layer1.1.relu2,32663,False,78671,135025,77280,19092,37,3230,22
19,layer1.1.conv3,847467,False,1788557,5273458,1791048,63878,167,64514,916
19,layer1.1.bn3,323311,False,690019,1302709,689808,119042,328,102206,270
19,layer1.1.add,446632,False,949180,587434,949872,56925,80,153580,18
19,layer1.1.relu3,178249,False,385367,442312,384636,57685,45,53250,14
19,layer1.2.conv1,803210,False,1695425,5639658,1697640,32674,208,62065,963
19,layer1.2.bn1,96803,False,213363,391565,212436,42541,131,27075,220
19,layer1.2.relu1,32043,False,77087,134988,75684,19082,28,3167,21
19,layer1.2.conv2,1975468,False,4152552,8264403,4160016,91276,1040,65962,2307
19,layer1.2.bn2,80582,False,179427,388660,178248,42277,182,17701,82
19,layer1.2.relu2,31787,False,76346,135000,74844,19085,28,2952,24
19,layer1.2.conv3,851607,False,1796534,5279275,1799112,64786,150,65322,903
19,layer1.2.bn3,320282,False,683689,1297795,683508,118282,310,101789,128
19,layer1.2.add,454348,False,965383,593329,965832,57845,70,154512,14
19,layer1.2.relu3,173917,False,376372,436233,375816,56752,41,52256,22
19,layer2.0.conv1,1588994,False,3341830,11219848,3347568,53470,319,126544,1882
19,layer2.0.bn1,175014,False,378896,695817,378252,68127,200,54475,173
19,layer2.0.relu1,78629,False,175083,235347,173796,31628,23,19401,28
19,layer2.0.conv2,2126064,False,4468549,8555985,4476780,98442,1037,172881,10926
19,layer2.0.bn2,44949,False,104073,241719,102816,30332,141,2515,90
19,layer2.0.relu2,17226,False,45934,84819,44520,12812,24,621,11
19,layer2.0.conv3,850428,False,1794033,5301450,1796340,58962,251,46765,4864
19,layer2.0.bn3,169504,False,367694,710019,366996,70478,101,52415,155
19,layer2.0.downsample.0,2313835,False,4861902,11218416,4871160,155345,1364,264318,8101
19,layer2.0.downsample.1,174319,False,377387,714857,376656,71474,172,52380,182
19,layer2.0.add,226335,False,486733,311351,486108,31805,109,77573,31
19,layer2.0.relu3,85368,False,189391,235347,187992,31628,44,23750,46
19,layer2.1.conv1,822602,False,1735496,5702754,1737876,34203,329,39440,2273
19,layer2.1.bn1,49432,False,114138,238545,112728,29630,94,10733,424
19,layer2.1.relu1,17339,False,46140,84939,44520,12831,37,787,11
19,layer2.1.conv2,1919380,False,4033841,8146428,4041072,91288,1208,43215,8938
19,layer2.1.bn2,42593,False,99367,241206,97776,30229,103,3450,76
19,layer2.1.relu2,17532,False,46570,84819,45024,12812,33,554,8
19,layer2.1.conv3,848081,False,1788943,5300568,1791216,58784,199,47536,4096
19,layer2.1.bn3,171438,False,371183,709879,370272,70446,85,52376,172
19,layer2.1.add,229727,False,493593,318745,493332,32974,96,78453,22
19,layer2.1.relu3,82793,False,183720,235347,182532,31628,28,22700,24
19,layer2.2.conv1,816440,False,1722361,5702804,1724772,34205,233,36868,2862
19,layer2.2.bn1,48076,False,111464,238515,110124,29623,58,10297,320
19,layer2.2.relu1,16572,False,44401,84939,42756,12831,26,835,7
19,layer2.2.conv2,1925948,False,4047688,8156354,4055184,92766,998,44058,8617
19,layer2.2.bn2,42487,False,98946,241349,97440,30258,101,3247,91
19,layer2.2.relu2,17642,False,46726,84831,45360,12815,31,584,8
19,layer2.2.conv3,848729,False,1790948,5300483,1793232,58777,131,47471,4126
19,layer2.2.bn3,169376,False,366733,709684,365820,70400,65,52602,164
19,layer2.2.add,228138,False,490300,311650,489804,31878,53,77368,16
19,layer2.2.relu3,84595,False,187814,235359,186480,31631,23,23207,20
19,layer2.3.conv1,811982,False,1712980,5696739,1715196,33268,167,36536,3211
19,layer2.3.bn1,48704,False,112241,238565,111132,29637,62,10413,279
19,layer2.3.relu1,17891,False,47227,84939,45780,12831,23,794,14
19,layer2.3.conv2,1910501,False,4015737,8139173,4023180,90028,821,42542,8264
19,layer2.3.bn2,45657,False,105589,247450,104076,31212,99,4171,99
19,layer2.3.relu2,17519,False,46402,84831,44856,12815,24,619,13
19,layer2.3.conv3,841894,False,1775799,5294819,1778196,57922,122,46568,3705
19,layer2.3.bn3,170408,False,368944,709581,368256,70375,66,52595,163
19,layer2.3.add,224837,False,483087,311597,482496,31867,43,77441,12
19,layer2.3.relu3,83380,False,185067,235359,183792,31631,25,22755,32
19,layer3.0.conv1,1751461,False,3682399,10450351,3688860,98157,282,68473,6160
19,layer3.0.bn1,83500,False,185648,395478,184464,43206,52,22181,103
19,layer3.0.relu1,32133,False,76924,135140,75684,19110,24,3162,19
19,layer3.0.conv2,2189912,False,4602436,9197782,4611012,113461,1129,160918,38150
19,layer3.0.bn2,35493,False,84307,174995,82740,25381,100,5036,118
19,layer3.0.relu2,12090,False,35361,59818,33516,9700,40,567,26
19,layer3.0.conv3,968922,False,2042246,5931755,2045148,67916,138,45503,15585
19,layer3.0.bn3,92333,False,210730,451286,209664,52024,124,23981,273
19,layer3.0.downsample.0,2218452,False,4661736,10955075,4670652,132826,979,221177,31498
19,layer3.0.downsample.1,91090,False,201541,448547,200508,51856,99,21265,303
19,layer3.0.add,107616,False,237101,173461,235788,19297,62,34716,25
19,layer3.0.relu3,36937,False,87363,135020,86016,19091,35,6265,28
19,layer3.1.conv1,1010741,False,2130136,5945310,2133348,67755,260,54641,9974
19,layer3.1.bn1,33299,False,79950,172239,78540,24765,71,5362,103
19,layer3.1.relu1,10980,False,32923,59743,31584,9678,19,496,9
19,layer3.1.conv2,2035052,False,4283395,8736357,4291308,109496,1115,133971,34730
19,layer3.1.bn2,33593,False,80144,175066,78456,25397,75,1581,117
19,layer3.1.relu2,11457,False,33752,59888,32004,9705,36,513,12
19,layer3.1.conv3,968220,False,2040774,5931657,2043804,67894,114,46362,15480
19,layer3.1.bn3,93033,False,205425,446275,204288,51269,62,23721,299
19,layer3.1.add,105656,False,232934,173674,231840,19336,53,34230,25
19,layer3.1.relu3,36454,False,86250,135020,84756,19091,28,5945,18
19,layer3.2.conv1,1007548,False,2123860,5945158,2127132,67754,135,54116,10397
19,layer3.2.bn1,32503,False,77961,172093,76692,24742,50,5332,100
19,layer3.2.relu1,10814,False,32347,59743,30828,9679,20,531,10
19,layer3.2.conv2,2038924,False,4285479,8731437,4293324,108790,1106,134673,34912
19,layer3.2.bn2,33196,False,79585,175113,78036,25410,83,1564,111
19,layer3.2.relu2,11222,False,33274,59851,31668,9695,31,563,21
19,layer3.2.conv3,968578,False,2041634,5931892,2044476,67929,91,46780,15443
19,layer3.2.bn3,95015,False,209678,451269,208572,52034,65,24673,284
19,layer3.2.add,93039,False,206109,173718,205128,19348,45,28478,26
19,layer3.2.relu3,35810,False,84791,135007,83496,19087,26,5564,9
19,layer3.3.conv1,1018886,False,2147108,5945111,2150148,67739,110,53947,10841
19,layer3.3.bn1,32043,False,76875,172227,75432,24763,48,5299,104
19,layer3.3.relu1,11398,False,33761,59731,32172,9676,21,482,10
19,layer3.3.conv2,2035744,False,4278123,8734300,4286016,109422,998,133702,35321
19,layer3.3.bn2,33641,False,80514,175106,79128,25404,111,1555,113
19,layer3.3.relu2,11742,False,34561,59851,33180,9695,28,492,11
19,layer3.3.conv3,966995,False,2037867,5932240,2040780,68008,112,46220,15678
19,layer3.3.bn3,93692,False,206619,444927,205548,51056,60,23804,273
19,layer3.3.add,105769,False,233072,173694,232008,19340,49,34135,30
19,layer3.3.relu3,40085,False,94160,140995,92904,20014,36,6937,23
19,layer3.4.conv1,1009665,False,2127042,5945429,2130156,67791,109,53966,9981
19,layer3.4.bn1,33363,False,79623,172335,78204,24791,60,5371,94
19,layer3.4.relu1,11032,False,33107,59731,31584,9676,26,482,9
19,layer3.4.conv2,2069756,False,4295479,8737396,4303320,109883,1198,135369,35487
19,layer3.4.bn2,34665,False,82301,175220,80808,25435,112,1632,115
19,layer3.4.relu2,12021,False,35237,59876,33516,9702,39,568,40
19,layer3.4.conv3,970501,False,2045399,5932267,2048508,68008,108,47008,15492
19,layer3.4.bn3,91890,False,203456,444714,202188,51010,66,24035,268
19,layer3.4.add,93647,False,207548,173668,206388,19334,41,28640,35
19,layer3.4.relu3,35184,False,83607,134995,82236,19084,29,5680,9
19,layer3.5.conv1,1007349,False,2122565,5945139,2125620,67744,110,53258,10789
19,layer3.5.bn1,32805,False,78539,172227,77112,24763,58,5363,111
19,layer3.5.relu1,11514,False,33953,59731,32508,9676,26,485,5
19,layer3.5.conv2,2033492,False,4281646,8740775,4289460,109463,1047,133514,35349
19,layer3.5.bn2,33841,False,80555,175121,79128,25416,97,1565,125
19,layer3.5.relu2,11626,False,34262,60225,32760,9760,39,522,19
19,layer3.5.conv3,974237,False,2052839,5932146,2055900,67984,101,46131,15468
19,layer3.5.bn3,93421,False,206304,444895,205044,51051,63,23973,283
19,layer3.5.add,105595,False,233022,173699,231924,19343,44,34403,23
19,layer3.5.relu3,36190,False,85613,135007,84084,19087,30,6021,20
19,layer4.0.conv1,1966009,False,4132342,11800103,4139940,123133,206,118199,24143
19,layer4.0.bn1,49961,False,114895,263861,113484,33675,74,10090,205
19,layer4.0.relu1,17102,False,45703,84819,44184,12812,25,564,9
19,layer4.0.conv2,3441046,False,7224044,11930059,7238448,162395,1024,471334,158414
19,layer4.0.bn2,31085,False,74780,156011,73248,25081,116,3229,328
19,layer4.0.relu2,8745,False,28358,47285,26880,8118,26,566,29
19,layer4.0.conv3,1244148,False,2620015,8170933,2624244,52475,409,114589,38944
19,layer4.0.bn3,58632,False,132850,364722,131376,48934,63,11905,485
19,layer4.0.downsample.0,2891741,False,6072419,11977444,6084456,166731,1088,493267,128595
19,layer4.0.downsample.1,57424,False,130406,369635,129108,49935,121,2926,456
19,layer4.0.add,35568,False,84879,104685,83580,13050,57,7311,25
19,layer4.0.relu3,17828,False,47249,84819,45612,12812,33,678,14
19,layer4.1.conv1,1216776,False,2562615,8150999,2566620,51912,324,130197,35300
19,layer4.1.bn1,30024,False,72860,153338,71316,24479,84,3872,173
19,layer4.1.relu1,8607,False,27862,47190,26376,8106,24,479,10
19,layer4.1.conv2,3156686,False,6628328,11163682,6641544,156626,917,464458,147684
19,layer4.1.bn2,29057,False,70636,156009,69048,25074,93,1557,152
19,layer4.1.relu2,8702,False,28075,47153,26712,8096,23,558,25
19,layer4.1.conv3,1245030,False,2621437,8170904,2625672,52466,204,113681,39451
19,layer4.1.bn3,58504,False,132706,364987,131292,48989,71,12029,495
19,layer4.1.add,38936,False,91854,104685,90552,13050,51,8641,16
19,layer4.1.relu3,16864,False,45192,84831,43764,12815,28,553,10
19,layer4.2.conv1,1209296,False,2547083,8145085,2551080,50998,235,128506,32444
19,layer4.2.bn1,29000,False,70687,153416,69216,24501,79,3911,145
19,layer4.2.relu1,8313,False,27444,47153,25788,8096,19,447,6
19,layer4.2.conv2,3164024,False,6643166,11163903,6656328,156726,829,464359,147138
19,layer4.2.bn2,31528,False,75804,156213,74340,25119,129,1681,127
19,layer4.2.relu2,9197,False,28834,47165,27468,8099,25,489,9
19,layer4.2.conv3,1253135,False,2638455,8177725,2642556,53551,222,115289,36878
19,layer4.2.bn3,61131,False,138205,364926,136920,48967,71,12043,426
19,layer4.2.add,35073,False,83667,104788,82236,13074,54,7369,32
19,layer4.2.relu3,17332,False,46080,84819,44352,12812,25,542,9
19,avgpool,82526,False,183425,274225,182112,38780,991,3265,1439
19,flatten,8347,False,27384,34885,25872,6554,122,464,187
19,fc,500977,False,1062811,347648,1063608,43785,330,133322,123763
20,conv1,2173615,False,4568580,8689377,4576992,97690,1114,178566,14127
20,bn1,329963,False,704874,1292414,704844,117685,271,104586,1062
20,relu,175673,False,379784,436414,378924,56791,57,52202,220
20,maxpool,10136750,False,21251314,42894069,21301896,7869447,373954,92602,6545
20,layer1.0.conv1,263519,False,487605,1512549,564480,19954,296,27345,2932
20,layer1.0.bn1,87209,False,193312,385413,191940,41569,339,21273,563
20,layer1.0.relu1,34214,False,81648,134988,80304,19082,80,3155,19
20,layer1.0.conv2,1988322,False,4179665,8259750,4187400,90379,1696,66449,3220
20,layer1.0.bn2,82059,False,182933,388485,181692,42251,273,17683,166
20,layer1.0.relu2,32969,False,79065,134988,77280,19082,55,3058,17
20,layer1.0.conv3,856225,False,1806854,5279721,1809108,64848,321,65907,1185
20,layer1.0.bn3,323954,False,691452,1303852,691404,119227,359,102845,111
20,layer1.0.downsample.0,866446,False,1828182,5279225,1830612,64764,166,67275,3443
20,layer1.0.downsample.1,323402,False,690411,1297876,690228,118303,321,101637,1071
20,layer1.0.add,453566,False,963317,587296,963816,56900,127,153780,770
20,layer1.0.relu3,175254,False,380309,436196,379428,56742,64,52426,25
20,layer1.1.conv1,810437,False,1710879,5647025,1713096,33810,278,62574,876
20,layer1.1.bn1,95254,False,210045,388354,208992,42080,196,26413,309
20,layer1.1.relu1,31404,False,75613,134995,74172,19084,28,3034,19
20,layer1.1.conv2,1984050,False,4170475,8264537,4177992,91352,1273,66123,2533
20,layer1.1.bn2,80678,False,180035,388751,178752,42310,214,17933,126
20,layer1.1.relu2,32032,False,77295,135032,76020,19094,30,3249,18
20,layer1.1.conv3,852677,False,1799845,5278373,1802220,64634,201,65301,916
20,layer1.1.bn3,321627,False,686859,1297929,686784,118313,346,101582,798
20,layer1.1.add,450440,False,957168,593750,957516,57920,87,154706,683
20,layer1.1.relu3,173633,False,375700,436171,374892,56735,39,52289,27
20,layer1.2.conv1,808989,False,1707996,5647379,1709988,33869,175,62839,980
20,layer1.2.bn1,93230,False,205999,385798,204792,41650,150,26233,185
20,layer1.2.relu1,31910,False,76554,134995,75180,19084,29,3132,24
20,layer1.2.conv2,1973356,False,4147805,8263915,4155228,91119,1021,66134,2246
20,layer1.2.bn2,79705,False,177990,388639,176736,42278,166,17818,69
20,layer1.2.relu2,32529,False,78281,135007,76776,19087,33,3196,14
20,layer1.2.conv3,852001,False,1798110,5279919,1800540,64893,196,65494,923
20,layer1.2.bn3,325627,False,694886,1303847,694680,119225,334,102479,157
20,layer1.2.add,450547,False,957228,587421,957852,56931,62,153619,20
20,layer1.2.relu3,173575,False,375361,436233,374556,56752,43,52207,12
20,layer2.0.conv1,1589753,False,3343700,11226809,3349584,54557,261,127135,1825
20,layer2.0.bn1,172503,False,373849,689970,373044,67227,196,53804,128
20,layer2.0.relu1,77934,False,173869,235347,172452,31628,30,19292,29
20,layer2.0.conv2,2130174,False,4476676,8561507,4485180,99597,1117,172895,10790
20,layer2.0.bn2,48915,False,112473,247924,111132,31262,138,3384,87
20,layer2.0.relu2,18297,False,48144,84819,46704,12812,31,731,23
20,layer2.0.conv3,843387,False,1779438,5294718,1781892,57905,226,45950,4704
20,layer2.0.bn3,172341,False,373173,715765,372204,71354,96,53019,153
20,layer2.0.downsample.0,2309408,False,4852827,11220665,4861920,155505,1212,263184,8213
20,layer2.0.downsample.1,173400,False,375375,713411,374640,71224,139,52190,187
20,layer2.0.add,229646,False,493395,317334,492912,32730,69,78342,31
20,layer2.0.relu3,85885,False,190574,235347,189504,31628,41,23784,33
20,layer2.1.conv1,821496,False,1733311,5702920,1735524,34241,267,38465,2447
20,layer2.1.bn1,50547,False,116128,238532,114744,29626,99,10876,429
20,layer2.1.relu1,17787,False,47167,84939,45780,12831,32,796,9
20,layer2.1.conv2,1921468,False,4038288,8146766,4045608,91358,1258,43771,9015
20,layer2.1.bn2,42481,False,99218,241192,97944,30226,103,3379,82
20,layer2.1.relu2,17010,False,45581,84819,44100,12812,31,586,7
20,layer2.1.conv3,850207,False,1793658,5300475,1796004,58782,214,47614,3929
20,layer2.1.bn3,169799,False,367835,710015,367080,70477,94,52405,163
20,layer2.1.add,226080,False,486040,311597,485688,31867,75,77603,22
20,layer2.1.relu3,83335,False,185129,235347,183876,31628,29,22714,32
20,layer2.2.conv1,814567,False,1718984,5703245,1721244,34281,217,37132,2751
20,layer2.2.bn1,48618,False,111997,238435,110796,29603,60,10346,328
20,layer2.2.relu1,17164,False,45663,84939,44016,12831,23,830,5
20,layer2.2.conv2,1918634,False,4032429,8143567,4039812,90731,1124,43817,8468
20,layer2.2.bn2,44183,False,102503,241796,101220,30316,127,3230,101
20,layer2.2.relu2,17556,False,46690,84831,45276,12815,31,581,9
20,layer2.2.conv3,846532,False,1786012,5300814,1788360,58834,159,47219,3856
20,layer2.2.bn3,174045,False,376503,715635,375564,71318,78,53201,162
20,layer2.2.add,228620,False,491373,311650,490896,31878,66,77543,13
20,layer2.2.relu3,83917,False,186275,235359,184968,31631,33,23203,36
20,layer2.3.conv1,815012,False,1719078,5702802,1721412,34213,172,37975,3060
20,layer2.3.bn1,48964,False,112677,238485,111216,29617,62,10554,222
20,layer2.3.relu1,17415,False,46320,84939,44688,12831,23,780,11
20,layer2.3.conv2,1916533,False,4028680,8146566,4035948,91272,989,42928,8183
20,layer2.3.bn2,42025,False,98209,240990,97020,30173,84,3524,89
20,layer2.3.relu2,18223,False,48199,84831,46788,12815,28,581,20
20,layer2.3.conv3,847437,False,1787965,5300600,1790460,58806,141,47433,3602
20,layer2.3.bn3,169111,False,366730,709586,366072,70377,66,52455,154
20,layer2.3.add,224730,False,482923,311600,482328,31867,52,77374,21
20,layer2.3.relu3,88106,False,194918,241843,193872,32629,35,24006,38
20,layer3.0.conv1,1747543,False,3674125,10445978,3680712,97514,259,68165,5523
20,layer3.0.bn1,85007,False,188741,395398,187488,43186,64,22194,119
20,layer3.0.relu1,36024,False,85460,141123,83832,20035,38,4101,17
20,layer3.0.conv2,2193443,False,4609062,9198574,4617564,113651,1126,161102,37358
20,layer3.0.bn2,35317,False,83834,175201,82320,25430,112,5011,124
20,layer3.0.relu2,11924,False,34562,59818,33264,9700,34,552,24
20,layer3.0.conv3,971572,False,2048059,5932169,2051112,68015,141,45929,15019
20,layer3.0.bn3,91590,False,202538,444730,201348,51002,74,23895,252
20,layer3.0.downsample.0,2218375,False,4662018,10956275,4670652,133082,973,221242,30899
20,layer3.0.downsample.1,92040,False,203436,447907,202356,51710,130,21254,315
20,layer3.0.add,107537,False,243675,179373,242676,20209,84,35818,21
20,layer3.0.relu3,37466,False,88410,135020,87192,19091,35,6435,12
20,layer3.1.conv1,1027443,False,2165168,5945281,2168544,67759,255,54861,8574
20,layer3.1.bn1,33360,False,79946,172274,78624,24772,78,5401,99
20,layer3.1.relu1,11558,False,33926,59731,32172,9676,28,508,6
20,layer3.1.conv2,2036910,False,4281016,8734990,4288956,109586,1190,133390,34350
20,layer3.1.bn2,33667,False,80238,174730,78960,25320,109,1488,119
20,layer3.1.relu2,11472,False,33779,59888,32256,9705,37,491,9
20,layer3.1.conv3,966136,False,2036549,5931629,2039688,67928,123,46418,15089
20,layer3.1.bn3,94128,False,207591,444915,206472,51038,63,23590,277
20,layer3.1.add,106017,False,233479,173674,232260,19336,48,34030,14
20,layer3.1.relu3,36592,False,86788,135020,85344,19091,29,5853,15
20,layer3.2.conv1,1011429,False,2131431,5944616,2134692,67693,148,53685,9130
20,layer3.2.bn1,32505,False,78071,172147,76608,24743,48,5457,104
20,layer3.2.relu1,10735,False,32343,59743,30996,9679,24,508,9
20,layer3.2.conv2,2030714,False,4268130,8734288,4276020,109413,980,134163,34459
20,layer3.2.bn2,32608,False,77955,174913,76440,25362,79,1455,108
20,layer3.2.relu2,10989,False,32937,59851,31416,9695,15,467,8
20,layer3.2.conv3,970971,False,2046906,5931939,2049684,67954,90,46717,15116
20,layer3.2.bn3,91316,False,201915,444897,200760,51034,58,23915,272
20,layer3.2.add,93697,False,207374,173718,206304,19348,47,28828,37
20,layer3.2.relu3,35168,False,83822,135007,82152,19087,29,5684,11
20,layer3.3.conv1,1007570,False,2123557,5945447,2126628,67796,117,54404,9701
20,layer3.3.bn1,32536,False,77912,172147,76608,24743,53,5312,104
20,layer3.3.relu1,11080,False,32918,59731,31332,9676,17,480,6
20,layer3.3.conv2,2037055,False,4281315,8732522,4289376,109059,1035,133655,34996
20,layer3.3.bn2,33524,False,80237,174863,78708,25352,98,1530,114
20,layer3.3.relu2,12125,False,35266,59851,33936,9695,29,551,25
20,layer3.3.conv3,978048,False,2061100,5945083,2064132,70125,139,46551,15463
20,layer3.3.bn3,93527,False,206343,444664,205128,50997,67,24045,270
20,layer3.3.add,105978,False,233727,173674,232680,19336,43,34154,19
20,layer3.3.relu3,36613,False,86586,134995,85344,19084,29,5945,25
20,layer3.4.conv1,1006733,False,2121125,5945539,2124276,67835,94,54699,9557
20,layer3.4.bn1,32222,False,77363,172147,75852,24743,55,5367,92
20,layer3.4.relu1,10848,False,32543,59731,30912,9676,21,468,9
20,layer3.4.conv2,2046284,False,4300941,8743983,4308780,111184,1083,135557,35505
20,layer3.4.bn2,33483,False,79852,174959,78372,25368,82,1549,112
20,layer3.4.relu2,11404,False,33619,59876,32340,9702,29,548,21
20,layer3.4.conv3,969979,False,2044849,5932617,2047920,68053,94,46797,15266
20,layer3.4.bn3,95427,False,210596,451226,209412,52013,72,24918,270
20,layer3.4.add,94413,False,209254,173668,208068,19334,44,29164,35
20,layer3.4.relu3,34873,False,83095,134995,81732,19084,26,5790,8
20,layer3.5.conv1,1016171,False,2141117,5946540,2144268,67978,92,52710,10149
20,layer3.5.bn1,32452,False,77775,172147,76356,24743,48,5393,110
20,layer3.5.relu1,10792,False,32552,59731,30912,9676,20,467,5
20,layer3.5.conv2,2036241,False,4279692,8734270,4287696,109334,1005,133711,35261
20,layer3.5.bn2,33613,False,80127,174943,78540,25367,85,1550,124
20,layer3.5.relu2,11941,False,34860,59888,33348,9705,32,521,10
20,layer3.5.conv3,966066,False,2036109,5931988,2038932,67962,88,46063,15482
20,layer3.5.bn3,92931,False,204952,444992,203784,51057,67,23741,273
20,layer3.5.add,105658,False,232623,173699,231588,19343,37,34207,16
20,layer3.5.relu3,39383,False,92770,141051,91392,20022,39,6841,8
20,layer4.0.conv1,1974521,False,4150067,11803607,4157580,123499,204,117292,23540
20,layer4.0.bn1,50224,False,115024,263822,113652,33666,70,10256,234
20,layer4.0.relu1,17463,False,46382,84819,44940,12812,20,570,9
20,layer4.0.conv2,3432049,False,7204807,11914365,7219128,159943,1009,470400,159477
20,layer4.0.bn2,30484,False,73707,156122,72072,25093,116,3172,263
20,layer4.0.relu2,8387,False,27574,47622,25956,8173,29,564,18
20,layer4.0.conv3,1259867,False,2652459,8177175,2656668,53444,357,115745,40634
20,layer4.0.bn3,59349,False,134461,365001,133140,48997,93,12079,570
20,layer4.0.downsample.0,2891636,False,6072825,11976689,6084708,166572,1157,493072,133277
20,layer4.0.downsample.1,56971,False,129384,368552,128100,49786,127,2729,531
20,layer4.0.add,35406,False,84215,104694,82740,13053,60,7320,35
20,layer4.0.relu3,17574,False,46517,84819,44856,12812,38,711,10
20,layer4.1.conv1,1214581,False,2557684,8145204,2562000,51023,335,129849,34490
20,layer4.1.bn1,30074,False,72752,153253,71232,24458,90,3860,170
20,layer4.1.relu1,8342,False,27131,47190,25620,8106,24,478,11
20,layer4.1.conv2,3205326,False,6672581,11172856,6685728,158215,1118,465843,151588
20,layer4.1.bn2,30623,False,73888,156114,72576,25095,108,1626,167
20,layer4.1.relu2,8516,False,28067,47153,26712,8096,34,481,11
20,layer4.1.conv3,1245639,False,2622433,8171718,2626596,52591,199,114115,39721
20,layer4.1.bn3,58521,False,132594,364694,131292,48931,79,12119,502
20,layer4.1.add,38397,False,90662,104690,89292,13052,55,8626,20
20,layer4.1.relu3,17514,False,46321,84831,44772,12815,37,631,9
20,layer4.2.conv1,1212587,False,2553512,8145309,2557548,51049,224,128522,33416
20,layer4.2.bn1,28974,False,70316,153238,68796,24457,72,3863,163
20,layer4.2.relu1,7800,False,32931,53065,31500,9008,18,474,9
20,layer4.2.conv2,3165446,False,6645649,11162141,6658680,156298,906,464253,150216
20,layer4.2.bn2,30863,False,74527,156086,73080,25093,108,1638,136
20,layer4.2.relu2,8313,False,27128,47165,25536,8099,29,527,29
20,layer4.2.conv3,1245834,False,2623087,8170981,2627352,52482,186,114739,38797
20,layer4.2.bn3,60814,False,137685,364776,136416,48946,81,12026,432
20,layer4.2.add,35410,False,84357,104788,83076,13074,53,7303,27
20,layer4.2.relu3,17404,False,46167,84819,44604,12812,27,534,10
20,avgpool,84570,False,187626,280436,186480,39753,975,3870,1497
20,flatten,8552,False,27540,34885,26208,6554,114,449,180
20,fc,495998,False,1052181,341402,1053024,42834,334,132374,123994
21,conv1,2172137,False,4565162,8683641,4573632,96465,1051,178854,15351
21,bn1,333179,False,711254,1297852,711228,118483,261,105638,570
21,relu,175692,False,379965,436414,379260,56791,66,52298,355
21,maxpool,10222648,False,21430902,42888439,21481992,7868540,378039,92713,7228
21,layer1.0.conv1,255619,False,496965,1519025,546588,20959,292,27736,3215
21,layer1.0.bn1,87276,False,193556,385564,192444,41602,349,21331,654
21,layer1.0.relu1,33694,False,80194,134988,78792,19082,77,3438,32
21,layer1.0.conv2,1992358,False,4187695,8262987,4195296,90950,1750,66583,3328
21,layer1.0.bn2,83146,False,184809,388775,183876,42324,290,18034,186
21,layer1.0.relu2,34277,False,81817,134988,80472,19082,49,3309,25
21,layer1.0.conv3,856889,False,1807639,5280063,1810284,64914,286,65922,1202
21,layer1.0.bn3,322356,False,688186,1297787,688044,118280,359,101592,177
21,layer1.0.downsample.0,867135,False,1829235,5281115,1831452,65073,185,67154,3628
21,layer1.0.downsample.1,329026,False,702088,1306906,702072,119709,351,102728,871
21,layer1.0.add,451980,False,960132,587289,960792,56898,123,153703,633
21,layer1.0.relu3,176132,False,381553,436189,380520,56740,68,52456,36
21,layer1.1.conv1,808296,False,1706522,5646184,1708644,33677,207,62841,930
21,layer1.1.bn1,92548,False,204540,385809,203364,41652,162,26278,357
21,layer1.1.relu1,31808,False,76311,134988,74844,19082,34,3066,16
21,layer1.1.conv2,1982100,False,4166226,8260933,4173876,90606,1183,66609,2545
21,layer1.1.bn2,84293,False,187332,394986,186144,43270,214,18604,97
21,layer1.1.relu2,33544,False,80304,135025,78876,19092,44,3250,23
21,layer1.1.conv3,846934,False,1787383,5273397,1789536,63864,162,64544,931
21,layer1.1.bn3,321048,False,693083,1303647,693000,118267,320,101629,632
21,layer1.1.add,446122,False,947416,587434,947856,56925,76,153610,471
21,layer1.1.relu3,178315,False,385068,442402,384132,57708,46,53328,16
21,layer1.2.conv1,802229,False,1693353,5639618,1695456,32667,128,62147,991
21,layer1.2.bn1,96337,False,212162,392480,211092,42675,151,27052,211
21,layer1.2.relu1,32218,False,77150,134988,75600,19082,27,3079,19
21,layer1.2.conv2,1975787,False,4153277,8259829,4160772,90367,1011,65955,2256
21,layer1.2.bn2,79323,False,176986,388821,175728,42321,173,17853,70
21,layer1.2.relu2,32774,False,78541,135000,77196,19085,31,3002,16
21,layer1.2.conv3,852603,False,1799104,5280063,1801548,64933,189,65349,937
21,layer1.2.bn3,321694,False,686495,1297835,686616,118289,322,101639,180
21,layer1.2.add,462118,False,981761,606304,982380,59983,122,155014,74
21,layer1.2.relu3,173991,False,376595,436226,375648,56750,34,52231,18
21,layer2.0.conv1,1587766,False,3340045,11219772,3345972,53457,240,126686,1899
21,layer2.0.bn1,171857,False,372211,689963,371280,67225,211,53805,157
21,layer2.0.relu1,78388,False,174801,235340,173628,31626,32,19472,49
21,layer2.0.conv2,2138462,False,4494217,8561879,4502400,99755,1238,172810,12043
21,layer2.0.bn2,43852,False,101811,241370,100632,30249,118,2631,129
21,layer2.0.relu2,17616,False,46555,84812,45276,12810,35,609,17
21,layer2.0.conv3,848548,False,1790170,5300718,1792644,58813,246,46667,4911
21,layer2.0.bn3,170115,False,368470,709642,367752,70399,90,52362,164
21,layer2.0.downsample.0,2308293,False,4851167,11214900,4860324,154574,1178,263865,8206
21,layer2.0.downsample.1,174707,False,377908,713294,377412,71206,137,52262,166
21,layer2.0.add,227114,False,488568,311344,488124,31803,95,77703,21
21,layer2.0.relu3,85745,False,190040,235340,188916,31626,46,23794,27
21,layer2.1.conv1,821107,False,1732483,5702740,1734600,34203,318,39240,2846
21,layer2.1.bn1,48863,False,112812,238428,111468,29601,80,10559,659
21,layer2.1.relu1,17101,False,45971,84932,44520,12829,30,832,11
21,layer2.1.conv2,1920151,False,4035651,8143697,4042920,90636,1030,43554,9408
21,layer2.1.bn2,41520,False,97042,241379,95760,30270,95,3344,71
21,layer2.1.relu2,17309,False,46160,84812,44604,12810,27,592,4
21,layer2.1.conv3,848330,False,1789670,5300452,1791720,58776,185,47472,4113
21,layer2.1.bn3,170100,False,368812,709722,368088,70408,73,52310,187
21,layer2.1.add,225840,False,492470,317515,491904,31871,93,77793,29
21,layer2.1.relu3,83520,False,185168,235340,184128,31626,22,22727,37
21,layer2.2.conv1,814930,False,1719148,5702189,1721244,34121,200,37044,2962
21,layer2.2.bn1,48286,False,111154,239776,109872,29821,80,10348,531
21,layer2.2.relu1,17388,False,45960,84932,44604,12829,32,853,18
21,layer2.2.conv2,1917292,False,4030138,8147200,4037544,91355,907,43905,8686
21,layer2.2.bn2,40997,False,95804,241217,94416,30227,81,3252,93
21,layer2.2.relu2,17327,False,45921,84824,44436,12813,25,604,11
21,layer2.2.conv3,846203,False,1785367,5300729,1787940,58814,143,47298,3992
21,layer2.2.bn3,170542,False,369228,709647,368424,70389,53,52579,168
21,layer2.2.add,228487,False,491236,311656,490728,31882,57,77510,15
21,layer2.2.relu3,84134,False,187042,235359,185808,31631,31,23230,20
21,layer2.3.conv1,811704,False,1712070,5696739,1714356,33268,208,36801,3211
21,layer2.3.bn1,49174,False,113260,238565,111972,29637,74,10551,455
21,layer2.3.relu1,17978,False,47508,84939,45780,12831,29,813,29
21,layer2.3.conv2,1916014,False,4027297,8140524,4034520,90318,921,42447,8379
21,layer2.3.bn2,44348,False,103105,247445,101808,31215,90,3967,97
21,layer2.3.relu2,18033,False,47350,84831,45780,12815,33,645,13
21,layer2.3.conv3,841106,False,1774888,5294774,1777104,57912,150,46675,3704
21,layer2.3.bn3,170959,False,370311,710064,369432,70475,78,52521,155
21,layer2.3.add,225086,False,484026,311526,483504,31849,57,77488,11
21,layer2.3.relu3,84025,False,186725,235359,185304,31631,33,22768,19
21,layer3.0.conv1,1761733,False,3675411,10459485,3682140,99730,461,69899,6174
21,layer3.0.bn1,84935,False,188869,395478,187740,43206,69,22609,127
21,layer3.0.relu1,32241,False,77289,135140,75936,19110,36,3249,18
21,layer3.0.conv2,2198950,False,4620728,9198619,4629324,113584,1073,161016,37930
21,layer3.0.bn2,36091,False,85457,175142,84000,25412,108,5098,122
21,layer3.0.relu2,11230,False,33448,59818,31920,9700,39,551,36
21,layer3.0.conv3,970284,False,2045424,5932247,2048508,68014,167,45688,15383
21,layer3.0.bn3,92759,False,205434,445118,204120,51081,84,24030,268
21,layer3.0.downsample.0,2218533,False,4662086,10960068,4670820,133777,991,221328,31144
21,layer3.0.downsample.1,91682,False,202668,448278,201432,51790,124,21220,323
21,layer3.0.add,106916,False,235439,173461,234360,19297,68,34649,35
21,layer3.0.relu3,37932,False,89346,135020,87864,19091,42,6281,14
21,layer3.1.conv1,1020316,False,2150026,5945050,2153172,67725,250,54626,10435
21,layer3.1.bn1,33285,False,79592,172227,78372,24763,79,5293,113
21,layer3.1.relu1,10525,False,31958,59731,30408,9676,27,462,9
21,layer3.1.conv2,2042875,False,4300642,8754506,4308612,111779,1144,133567,34728
21,layer3.1.bn2,33921,False,80767,175030,79296,25390,91,1541,115
21,layer3.1.relu2,11960,False,34631,59888,33012,9705,38,482,12
21,layer3.1.conv3,968050,False,2040400,5931017,2043300,67799,136,46512,15275
21,layer3.1.bn3,94188,False,207918,444927,206976,51049,67,23861,306
21,layer3.1.add,105421,False,232688,173674,231840,19336,48,34263,19
21,layer3.1.relu3,35786,False,84940,135020,83664,19091,32,5882,25
21,layer3.2.conv1,1005595,False,2118856,5945158,2121924,67754,144,53764,10676
21,layer3.2.bn1,33691,False,80266,172335,78792,24791,62,5361,102
21,layer3.2.relu1,10935,False,32546,59743,31080,9679,26,467,11
21,layer3.2.conv2,2037150,False,4281803,8738129,4289880,110128,918,134783,34683
21,layer3.2.bn2,34500,False,82502,174829,81144,25346,94,1554,119
21,layer3.2.relu2,11632,False,34499,59851,33012,9695,28,504,9
21,layer3.2.conv3,970800,False,2046888,5931862,2049852,67923,120,46328,15315
21,layer3.2.bn3,92695,False,222212,459760,221088,53658,120,25337,338
21,layer3.2.add,94317,False,208999,173728,207984,19350,54,28500,42
21,layer3.2.relu3,35336,False,83900,135007,82572,19087,30,5682,15
21,layer3.3.conv1,1007951,False,2124547,5945452,2127636,67794,129,54368,10901
21,layer3.3.bn1,32712,False,78212,173575,76860,24983,75,5252,106
21,layer3.3.relu1,10803,False,32327,59731,30828,9676,25,505,10
21,layer3.3.conv2,2037131,False,4282280,8738572,4289964,110210,1011,133590,35224
21,layer3.3.bn2,33055,False,79258,175027,77700,25390,89,1527,121
21,layer3.3.relu2,11318,False,33493,59851,32004,9695,33,525,32
21,layer3.3.conv3,967542,False,2039576,5932218,2042544,67995,115,46235,15495
21,layer3.3.bn3,93895,False,206941,445074,205968,51080,81,23913,252
21,layer3.3.add,105287,False,232424,173674,231252,19336,53,34112,21
21,layer3.3.relu3,36563,False,86648,134995,85092,19084,27,6255,25
21,layer3.4.conv1,1016321,False,2141206,5945163,2144352,67754,101,53963,9626
21,layer3.4.bn1,32205,False,77249,172335,75768,24791,61,5338,103
21,layer3.4.relu1,10905,False,32672,59731,31248,9676,22,521,21
21,layer3.4.conv2,2034606,False,4275867,8733694,4283664,109281,944,134059,35355
21,layer3.4.bn2,33743,False,80404,174801,79044,25337,82,1600,114
21,layer3.4.relu2,11443,False,33781,59876,32424,9702,32,505,12
21,layer3.4.conv3,971858,False,2048528,5944564,2051532,70023,110,47247,15187
21,layer3.4.bn3,92308,False,204259,445007,203112,51063,64,24200,271
21,layer3.4.add,94555,False,209205,173668,208068,19334,45,28701,30
21,layer3.4.relu3,35551,False,84400,134995,83160,19084,31,5663,8
21,layer3.5.conv1,1007309,False,2123044,5945365,2126124,67774,91,52809,10384
21,layer3.5.bn1,32627,False,78595,172227,77280,24763,62,5392,112
21,layer3.5.relu1,13307,False,37531,65716,36120,10603,19,987,11
21,layer3.5.conv2,2031053,False,4268617,8731713,4276272,108833,927,133337,35228
21,layer3.5.bn2,33447,False,79817,175017,78456,25385,81,1595,111
21,layer3.5.relu2,11077,False,32918,59888,31248,9705,28,487,13
21,layer3.5.conv3,973012,False,2051252,5932363,2054304,68028,93,46218,15443
21,layer3.5.bn3,93558,False,206749,444991,205548,51059,54,24089,275
21,layer3.5.add,105777,False,233351,173709,232176,19345,49,34286,24
21,layer3.5.relu3,36185,False,85787,135007,84336,19087,22,5943,14
21,layer4.0.conv1,1967055,False,4134390,11791118,4141956,121446,175,116812,23815
21,layer4.0.bn1,51297,False,117816,263952,116676,33700,94,10142,204
21,layer4.0.relu1,17051,False,45402,84819,43764,12812,20,587,11
21,layer4.0.conv2,3422312,False,7184171,11918930,7198296,160512,943,470849,154097
21,layer4.0.bn2,30692,False,74270,156101,72660,25098,118,3242,233
21,layer4.0.relu2,8662,False,28152,47285,26544,8118,27,495,14
21,layer4.0.conv3,1242926,False,2617588,8170646,2621640,52438,415,114516,37776
21,layer4.0.bn3,59657,False,134969,364990,133644,48996,86,11909,531
21,layer4.0.downsample.0,2887364,False,6063619,11974230,6075468,166026,1139,492614,128911
21,layer4.0.downsample.1,56891,False,129282,368127,128016,49682,108,2858,455
21,layer4.0.add,35600,False,84990,104690,83580,13052,68,7339,22
21,layer4.0.relu3,17988,False,47445,84819,45864,12812,37,652,10
21,layer4.1.conv1,1213910,False,2556166,8151295,2560320,51956,324,129929,31821
21,layer4.1.bn1,30725,False,74076,153358,72660,24481,102,3884,168
21,layer4.1.relu1,8206,False,26990,47190,25620,8106,26,471,5
21,layer4.1.conv2,3155237,False,6625347,11160134,6638520,155876,996,464314,147194
21,layer4.1.bn2,30690,False,74123,156311,72744,25142,112,1632,176
21,layer4.1.relu2,8542,False,27698,47490,26292,8151,34,499,10
21,layer4.1.conv3,1241483,False,2614053,8170611,2618280,52422,273,113959,37046
21,layer4.1.bn3,59449,False,134876,365060,133560,48998,85,12005,489
21,layer4.1.add,39221,False,92425,104685,91140,13050,68,8724,38
21,layer4.1.relu3,16705,False,44882,84831,43596,12815,31,554,8
21,layer4.2.conv1,1209429,False,2546854,8145441,2550912,51073,247,128923,31332
21,layer4.2.bn1,31559,False,76140,154968,74760,24761,91,3868,183
21,layer4.2.relu1,8517,False,27698,47153,26292,8096,19,456,7
21,layer4.2.conv2,3165314,False,6645511,11164147,6658428,156669,940,464608,146852
21,layer4.2.bn2,30192,False,72990,155949,71568,25064,98,1634,129
21,layer4.2.relu2,8593,False,27932,47165,26376,8099,32,597,60
21,layer4.2.conv3,1246030,False,2623598,8177415,2627856,53484,200,115181,35781
21,layer4.2.bn3,60433,False,136617,365004,135324,48986,70,11941,445
21,layer4.2.add,35864,False,85120,104788,83748,13074,68,7354,24
21,layer4.2.relu3,16852,False,45406,84819,44016,12812,28,552,11
21,avgpool,80024,False,178027,274463,176652,38816,979,3245,1336
21,flatten,8524,False,28102,34885,26544,6554,125,435,175
21,fc,501531,False,1063533,346439,1064280,43619,359,133534,123792
22,conv1,2172305,False,4566108,8688059,4574808,97357,1111,178668,13086
22,bn1,329085,False,703365,1292157,703248,117617,287,104759,1080
22,relu,175953,False,380742,436414,379848,56791,65,52330,205
22,maxpool,10075837,False,21123713,42893158,21174300,7869274,368159,92497,5954
22,layer1.0.conv1,254554,False,488851,1512549,544908,19954,328,27332,2539
22,layer1.0.bn1,87752,False,194739,385550,193620,41599,359,21067,525
22,layer1.0.relu1,34045,False,80930,134988,79296,19082,70,3399,57
22,layer1.0.conv2,1989466,False,4181883,8265888,4189668,91552,1762,66452,3126
22,layer1.0.bn2,80728,False,179890,388561,178836,42269,248,17833,159
22,layer1.0.relu2,32874,False,78901,134988,77448,19082,49,3268,42
22,layer1.0.conv3,857777,False,1809985,5281455,1812132,65152,305,65992,1159
22,layer1.0.bn3,326721,False,697410,1306851,697200,119713,393,102886,120
22,layer1.0.downsample.0,866005,False,1827263,5279233,1829688,64765,141,67158,3218
22,layer1.0.downsample.1,324872,False,693854,1297869,693756,118301,334,101674,412
22,layer1.0.add,452503,False,961267,587289,961632,56898,135,153845,267
22,layer1.0.relu3,178234,False,385209,442174,384384,57667,74,53304,17
22,layer1.1.conv1,803093,False,1695678,5639331,1697892,32603,170,61913,870
22,layer1.1.bn1,92696,False,212172,392098,211008,41672,151,26328,281
22,layer1.1.relu1,32169,False,77458,134988,76104,19082,33,3096,19
22,layer1.1.conv2,1990030,False,4183128,8274993,4190844,93011,1302,66985,2585
22,layer1.1.bn2,81283,False,181282,388876,179928,42334,201,17771,105
22,layer1.1.relu2,32413,False,77879,135025,76440,19092,45,3329,27
22,layer1.1.conv3,851324,False,1796925,5279598,1799364,64815,169,65366,898
22,layer1.1.bn3,323378,False,690172,1297857,690144,118294,330,101503,305
22,layer1.1.add,450588,False,957317,593417,957852,57850,83,154553,192
22,layer1.1.relu3,172878,False,373851,436164,373044,56733,32,52242,17
22,layer1.2.conv1,808592,False,1706517,5645590,1708812,33589,143,62463,976
22,layer1.2.bn1,93245,False,205946,385871,204540,41668,135,26262,162
22,layer1.2.relu1,31551,False,75914,134988,74508,19082,29,3018,17
22,layer1.2.conv2,1980364,False,4162382,8262828,4170012,90993,988,66553,2244
22,layer1.2.bn2,80361,False,179145,388740,177828,42305,180,17509,77
22,layer1.2.relu2,32375,False,77863,135000,76356,19085,39,3191,19
22,layer1.2.conv3,852013,False,1797703,5279268,1800036,64775,129,65459,931
22,layer1.2.bn3,321236,False,685728,1297905,685524,118309,314,101611,127
22,layer1.2.add,453043,False,962221,593695,962808,57900,61,154182,13
22,layer1.2.relu3,173429,False,375218,436226,374472,56750,39,52223,19
22,layer2.0.conv1,1593709,False,3351950,11226411,3357648,54488,261,127191,1840
22,layer2.0.bn1,171498,False,371217,690043,370188,67245,206,53806,129
22,layer2.0.relu1,77902,False,173534,235340,172200,31626,24,19418,27
22,layer2.0.conv2,2133930,False,4484478,8556415,4492908,98574,1065,172474,11169
22,layer2.0.bn2,43858,False,102002,242920,100800,30517,127,2482,95
22,layer2.0.relu2,18228,False,48155,84812,46620,12810,30,641,10
22,layer2.0.conv3,842738,False,1778322,5294551,1780632,57864,176,46027,4689
22,layer2.0.bn3,171331,False,370708,715900,369852,71365,87,53348,163
22,layer2.0.downsample.0,2302029,False,4837330,11209564,4846296,153812,1177,262676,8107
22,layer2.0.downsample.1,172658,False,373948,713372,373212,71231,141,52392,176
22,layer2.0.add,226314,False,487551,311351,486948,31805,69,77496,17
22,layer2.0.relu3,89577,False,198357,241509,197316,32581,64,24770,37
22,layer2.1.conv1,813274,False,1716109,5696682,1718304,33258,244,37935,2504
22,layer2.1.bn1,53052,False,121339,244481,119868,30549,85,11499,514
22,layer2.1.relu1,17567,False,46636,84939,45108,12831,34,824,7
22,layer2.1.conv2,1918600,False,4032581,8144281,4040064,90719,1072,43924,9006
22,layer2.1.bn2,42541,False,99191,241361,97692,30267,98,3240,74
22,layer2.1.relu2,17414,False,46464,84819,45108,12812,30,590,5
22,layer2.1.conv3,848906,False,1791152,5299384,1793568,58611,166,47459,3994
22,layer2.1.bn3,170168,False,368568,710094,367752,70494,82,52353,168
22,layer2.1.add,226262,False,486798,311600,486276,31867,59,77659,16
22,layer2.1.relu3,83631,False,185557,235347,184380,31628,23,22716,23
22,layer2.2.conv1,814571,False,1718539,5702759,1720824,34207,201,37198,2889
22,layer2.2.bn1,48165,False,111321,238515,110040,29623,66,10198,388
22,layer2.2.relu1,17647,False,46785,84939,45276,12831,27,829,10
22,layer2.2.conv2,1916490,False,4027618,8145271,4035108,90983,876,43927,8526
22,layer2.2.bn2,42991,False,99835,241285,98532,30244,108,3125,86
22,layer2.2.relu2,17969,False,47295,84831,45864,12815,33,581,9
22,layer2.2.conv3,847084,False,1787350,5300379,1789704,58762,128,47419,3938
22,layer2.2.bn3,169649,False,367287,709760,366660,70419,73,52716,161
22,layer2.2.add,232137,False,498750,318140,498204,32901,56,78419,15
22,layer2.2.relu3,84304,False,187024,235359,185724,31631,27,23186,20
22,layer2.3.conv1,815715,False,1721266,5702908,1723344,34221,166,37217,3110
22,layer2.3.bn1,48899,False,112681,238565,111468,29637,54,10581,358
22,layer2.3.relu1,17772,False,47224,84939,45696,12831,26,830,20
22,layer2.3.conv2,1913877,False,4022982,8145316,4030236,90939,828,42902,8177
22,layer2.3.bn2,42173,False,98376,241320,97104,30254,99,3396,84
22,layer2.3.relu2,17997,False,47500,84831,46032,12815,33,602,10
22,layer2.3.conv3,847104,False,1787221,5300736,1789620,58822,131,47608,3629
22,layer2.3.bn3,168644,False,365420,709641,364644,70390,56,52500,147
22,layer2.3.add,225599,False,484691,311597,484344,31867,40,77348,16
22,layer2.3.relu3,83153,False,184399,235359,183288,31631,31,22623,19
22,layer3.0.conv1,1740159,False,3658734,10450400,3665172,98170,253,68513,5500
22,layer3.0.bn1,83866,False,186059,395478,184968,43206,57,22118,100
22,layer3.0.relu1,31998,False,76891,135140,75432,19110,26,3113,18
22,layer3.0.conv2,2190196,False,4602384,9202048,4610928,114054,1015,161833,36896
22,layer3.0.bn2,36031,False,85387,175204,84000,25433,99,5044,120
22,layer3.0.relu2,10993,False,32937,59818,31416,9700,32,516,14
22,layer3.0.conv3,969428,False,2042975,5931817,2045904,67938,155,46069,15063
22,layer3.0.bn3,92130,False,203628,445027,202608,51069,87,23850,265
22,layer3.0.downsample.0,2221107,False,4668260,10960303,4676952,133996,1088,221411,30855
22,layer3.0.downsample.1,92978,False,205240,448282,204288,51806,166,21152,313
22,layer3.0.add,107175,False,235880,173481,234864,19301,69,34643,15
22,layer3.0.relu3,37199,False,88080,135020,86772,19091,43,6510,21
22,layer3.1.conv1,1019228,False,2148280,5944981,2151492,67717,322,55192,8952
22,layer3.1.bn1,34066,False,81573,172227,79968,24763,92,5399,109
22,layer3.1.relu1,11445,False,33444,61079,31836,9896,34,503,12
22,layer3.1.conv2,2042813,False,4293701,8743951,4301724,111208,1278,134113,34379
22,layer3.1.bn2,32913,False,79018,174908,77364,25364,112,1594,124
22,layer3.1.relu2,11137,False,33399,59968,31836,9725,42,486,8
22,layer3.1.conv3,969028,False,2042583,5930778,2045652,67761,176,46765,14973
22,layer3.1.bn3,93669,False,206781,444607,205548,50987,69,23543,278
22,layer3.1.add,106128,False,234172,173674,232932,19336,66,34134,16
22,layer3.1.relu3,36306,False,85943,135100,84504,19111,29,5937,17
22,layer3.2.conv1,1007286,False,2122522,5945573,2125788,67816,148,54358,8857
22,layer3.2.bn1,32351,False,77527,172255,76104,24771,56,5377,95
22,layer3.2.relu1,11475,False,33806,59823,32340,9699,23,497,9
22,layer3.2.conv2,2034740,False,4276401,8733476,4284336,109277,972,134166,34198
22,layer3.2.bn2,33895,False,80781,174641,79380,25300,81,1493,111
22,layer3.2.relu2,11466,False,33818,59931,32340,9715,29,571,31
22,layer3.2.conv3,968058,False,2040969,5931716,2043804,67902,98,46756,14846
22,layer3.2.bn3,91964,False,203463,444863,202356,51033,63,24061,270
22,layer3.2.add,93362,False,206776,173718,205464,19348,55,28438,39
22,layer3.2.relu3,35591,False,84205,135087,82656,19107,28,5748,11
22,layer3.3.conv1,1005404,False,2118789,5945128,2121924,67738,95,54392,9195
22,layer3.3.bn1,32154,False,77192,172147,75852,24743,54,5265,112
22,layer3.3.relu1,10973,False,32722,59811,31332,9696,25,507,10
22,layer3.3.conv2,2043000,False,4294608,8747881,4302648,111604,899,134863,34610
22,layer3.3.bn2,33348,False,79702,175023,78456,25389,95,1480,111
22,layer3.3.relu2,12203,False,35293,59931,33768,9715,28,473,10
22,layer3.3.conv3,960965,False,2025650,5925787,2028432,66991,95,45207,15275
22,layer3.3.bn3,94274,False,208016,444899,206892,51043,64,23831,248
22,layer3.3.add,105453,False,232362,173674,231252,19336,41,34144,27
22,layer3.3.relu3,36211,False,85770,135075,84252,19104,28,5899,21
22,layer3.4.conv1,1018221,False,2145857,5945281,2149224,67770,91,54657,8978
22,layer3.4.bn1,32705,False,78179,172255,76776,24771,57,5345,82
22,layer3.4.relu1,11198,False,33230,59811,31920,9696,22,468,10
22,layer3.4.conv2,2034985,False,4276920,8730872,4284840,108777,1028,134071,35089
22,layer3.4.bn2,33142,False,79187,174842,77700,25341,93,1598,119
22,layer3.4.relu2,11406,False,33912,59956,32256,9722,33,517,17
22,layer3.4.conv3,972517,False,2050543,5942782,2053380,69572,171,47485,15083
22,layer3.4.bn3,92206,False,204172,444863,203028,51033,66,24086,260
22,layer3.4.add,97280,False,215401,179594,214452,20253,46,29777,21
22,layer3.4.relu3,34674,False,82637,135075,81312,19104,31,5711,7
22,layer3.5.conv1,1005954,False,2119810,5945288,2122848,67765,106,53006,9742
22,layer3.5.bn1,32564,False,78124,172013,76860,24722,51,5382,103
22,layer3.5.relu1,11509,False,33790,59811,32256,9696,22,483,9
22,layer3.5.conv2,2031190,False,4269923,8732714,4277700,109050,804,133528,35046
22,layer3.5.bn2,33298,False,79503,174689,78120,25312,88,1475,122
22,layer3.5.relu2,11727,False,34119,59968,32760,9725,39,491,8
22,layer3.5.conv3,972360,False,2050068,5932009,2053044,67957,104,46174,15352
22,layer3.5.bn3,93515,False,206285,444889,205128,51032,51,23887,280
22,layer3.5.add,105661,False,232546,173699,231504,19343,37,34269,35
22,layer3.5.relu3,36586,False,86488,135087,85008,19107,27,5952,15
22,layer4.0.conv1,1959004,False,4117692,11789207,4125408,121144,186,117216,22426
22,layer4.0.bn1,49917,False,114690,263771,113400,33651,62,10202,220
22,layer4.0.relu1,17730,False,46779,84899,45360,12832,26,659,13
22,layer4.0.conv2,3414130,False,7166946,11910482,7181076,159075,957,469967,152514
22,layer4.0.bn2,31237,False,75325,157473,73584,25308,128,3214,217
22,layer4.0.relu2,9336,False,29262,47285,27804,8118,31,531,21
22,layer4.0.conv3,1240686,False,2612340,8170545,2616600,52421,354,114416,35319
22,layer4.0.bn3,62332,False,140447,371207,139272,49961,76,12601,460
22,layer4.0.downsample.0,2884342,False,6057192,11968912,6068916,165229,1139,491913,129036
22,layer4.0.downsample.1,60259,False,135894,374287,134652,50629,110,3482,450
22,layer4.0.add,35187,False,83618,104685,82404,13050,59,7276,29
22,layer4.0.relu3,17650,False,46775,84819,45276,12812,39,674,12
22,layer4.1.conv1,1209430,False,2546875,8145210,2550744,51018,314,129702,29482
22,layer4.1.bn1,29702,False,72028,153252,70560,24467,95,3900,172
22,layer4.1.relu1,7757,False,26142,47190,24612,8106,20,490,7
22,layer4.1.conv2,3153746,False,6622623,11162166,6635580,156375,971,464517,147783
22,layer4.1.bn2,29462,False,71565,155979,70056,25076,94,1624,160
22,layer4.1.relu2,8533,False,27534,47153,26040,8096,28,531,13
22,layer4.1.conv3,1243114,False,2617571,8176475,2621724,53333,225,114838,35329
22,layer4.1.bn3,59718,False,135375,364946,133812,48981,79,12073,488
22,layer4.1.add,38331,False,90432,104685,89040,13050,53,8537,24
22,layer4.1.relu3,17193,False,45717,84831,44268,12815,25,585,5
22,layer4.2.conv1,1209762,False,2548203,8145266,2552088,51028,232,128623,29830
22,layer4.2.bn1,28933,False,70369,153348,68964,24489,63,3873,153
22,layer4.2.relu1,8808,False,28409,47153,26880,8096,16,464,8
22,layer4.2.conv2,3157083,False,6628663,11162095,6641712,156306,845,464531,147517
22,layer4.2.bn2,30845,False,81751,162015,80388,26019,118,1541,127
22,layer4.2.relu2,8125,False,26624,47502,24948,8154,27,534,12
22,layer4.2.conv3,1234131,False,2598888,8170772,2603076,52457,192,114548,34238
22,layer4.2.bn3,59167,False,134065,364883,132804,48964,55,11950,416
22,layer4.2.add,34862,False,83151,104783,81732,13072,52,7350,28
22,layer4.2.relu3,17317,False,46050,84819,44604,12812,26,561,9
22,avgpool,80052,False,178108,274761,177156,38882,975,3356,1252
22,flatten,8866,False,28395,34885,26964,6554,115,471,188
22,fc,499015,False,1058271,347053,1059072,43746,332,133457,123415
23,conv1,2172713,False,4568003,8687701,4576572,97320,1079,179120,14359
23,bn1,329469,False,703513,1292332,703500,117673,323,104579,1373
23,relu,179279,False,387477,443107,386736,57841,69,53031,193
23,maxpool,10156511,False,21294631,42887929,21343644,7868453,373280,92463,6618
23,layer1.0.conv1,252457,False,487887,1512549,540120,19954,328,27323,2550
23,layer1.0.bn1,89500,False,197934,385740,196728,41646,353,21525,698
23,layer1.0.relu1,33882,False,80760,134988,79464,19082,80,3501,30
23,layer1.0.conv2,2001301,False,4207826,8281628,4215456,94189,1856,67240,3578
23,layer1.0.bn2,85378,False,196850,397196,195804,43641,328,18313,189
23,layer1.0.relu2,33099,False,79836,134988,78204,19082,59,3080,18
23,layer1.0.conv3,857616,False,1809729,5279587,1812048,64833,289,65830,1240
23,layer1.0.bn3,321008,False,685533,1297897,685272,118307,363,101730,194
23,layer1.0.downsample.0,867115,False,1829659,5279633,1832124,64824,156,67033,3282
23,layer1.0.downsample.1,323018,False,689565,1297869,689724,118301,326,101560,649
23,layer1.0.add,456024,False,968687,593331,969192,57831,132,154748,507
23,layer1.0.relu3,174601,False,378094,436189,377328,56740,59,52292,25
23,layer1.1.conv1,810458,False,1711051,5645833,1713012,33616,263,63005,876
23,layer1.1.bn1,93305,False,206009,385889,204960,41672,157,26184,348
23,layer1.1.relu1,32289,False,77529,134988,75936,19082,28,2964,22
23,layer1.1.conv2,1987460,False,4177713,8267365,4185300,91954,1388,66462,2618
23,layer1.1.bn2,81374,False,181233,388692,179928,42291,200,17727,135
23,layer1.1.relu2,32438,False,77918,136373,76524,19312,49,3106,19
23,layer1.1.conv3,851526,False,1797117,5279492,1799448,64805,179,65333,913
23,layer1.1.bn3,325532,False,694990,1304323,695100,119301,381,102661,489
23,layer1.1.add,447097,False,950749,587472,951384,56938,95,153637,241
23,layer1.1.relu3,173465,False,376575,436474,375564,56809,58,52302,23
23,layer1.2.conv1,809830,False,1710340,5645868,1712340,33653,219,63062,994
23,layer1.2.bn1,95194,False,210108,385798,209076,41650,197,26366,217
23,layer1.2.relu1,31826,False,76530,135075,75180,19104,35,3111,17
23,layer1.2.conv2,1988714,False,4180722,8263689,4188324,91066,1484,66946,2362
23,layer1.2.bn2,80222,False,178903,388860,177576,42328,217,17591,89
23,layer1.2.relu2,32348,False,77831,135087,76272,19107,52,3262,24
23,layer1.2.conv3,848777,False,1791391,5273292,1793820,63852,184,64813,933
23,layer1.2.bn3,320745,False,693477,1304486,693252,119311,366,102457,341
23,layer1.2.add,451005,False,958568,587421,959112,56931,69,153625,23
23,layer1.2.relu3,177990,False,384876,442624,384048,57749,56,53368,13
23,layer2.0.conv1,1590791,False,3346548,11219737,3352272,53444,422,127189,1943
23,layer2.0.bn1,171672,False,371639,689970,371112,67227,200,53885,174
23,layer2.0.relu1,82042,False,182528,241412,181356,32575,35,20750,31
23,layer2.0.conv2,2137842,False,4492454,8556246,4500888,98597,1238,172935,11632
23,layer2.0.bn2,44310,False,102772,241570,101556,30298,114,2756,121
23,layer2.0.relu2,17389,False,46240,84899,44688,12832,29,635,11
23,layer2.0.conv3,848060,False,1789373,5300724,1791720,58833,204,46695,4998
23,layer2.0.bn3,169051,False,366367,709773,365568,70434,84,52450,165
23,layer2.0.downsample.0,2303988,False,4841290,11213013,4850328,154445,1207,262055,8190
23,layer2.0.downsample.1,176591,False,381388,719282,380772,72119,143,53294,179
23,layer2.0.add,225907,False,485383,311361,484764,31807,60,77508,15
23,layer2.0.relu3,86042,False,190454,235427,189336,31648,45,23782,29
23,layer2.1.conv1,820703,False,1731228,5703064,1733508,34248,254,39079,2601
23,layer2.1.bn1,50014,False,115084,238505,113652,29617,85,10764,533
23,layer2.1.relu1,17120,False,45537,85019,44016,12851,30,791,9
23,layer2.1.conv2,1920162,False,4035033,8145096,4042416,91003,1029,43627,9142
23,layer2.1.bn2,42431,False,98833,241205,97440,30229,82,3435,81
23,layer2.1.relu2,17917,False,47287,84899,46032,12832,30,615,7
23,layer2.1.conv3,847796,False,1788555,5299741,1790964,58665,169,47400,4208
23,layer2.1.bn3,169437,False,366931,710075,366156,70490,88,52419,166
23,layer2.1.add,225601,False,484824,311610,484260,31869,56,77690,26
23,layer2.1.relu3,87900,False,194542,241410,193620,32573,48,23559,27
23,layer2.2.conv1,810433,False,1709842,5696733,1712004,33266,192,35755,2881
23,layer2.2.bn1,50991,False,117178,244286,115836,30509,55,10974,396
23,layer2.2.relu1,17248,False,46092,85019,44772,12851,27,828,4
23,layer2.2.conv2,1916677,False,4028610,8145504,4035948,91015,978,43686,8481
23,layer2.2.bn2,42997,False,100119,241091,98784,30197,87,3329,97
23,layer2.2.relu2,17650,False,46906,84911,45360,12835,29,580,9
23,layer2.2.conv3,845483,False,1783615,5300438,1786008,58770,125,47240,4163
23,layer2.2.bn3,169165,False,366156,709844,365400,70432,68,52634,165
23,layer2.2.add,227726,False,489222,311663,488712,31880,53,77428,13
23,layer2.2.relu3,84671,False,187510,235439,186396,31651,31,23323,24
23,layer2.3.conv1,817795,False,1725016,5703060,1727376,34246,190,37770,3104
23,layer2.3.bn1,48660,False,111990,238485,110544,29617,50,10420,337
23,layer2.3.relu1,17401,False,46269,85019,44688,12851,26,776,14
23,layer2.3.conv2,1914030,False,4023647,8143849,4030740,90717,822,42817,8203
23,layer2.3.bn2,41413,False,96857,241291,95424,30241,82,3419,82
23,layer2.3.relu2,18070,False,47638,86259,46284,13055,42,567,11
23,layer2.3.conv3,846648,False,1786449,5301037,1788696,58877,141,47315,3651
23,layer2.3.bn3,169986,False,367853,709551,367332,70366,70,52484,161
23,layer2.3.add,227590,False,488831,317787,488460,32823,57,78150,17
23,layer2.3.relu3,83318,False,184709,235439,183540,31651,27,22661,26
23,layer3.0.conv1,1742549,False,3663599,10450652,3670212,98209,249,68422,5868
23,layer3.0.bn1,83285,False,185222,395410,184128,43189,49,22362,116
23,layer3.0.relu1,32388,False,77449,135220,76104,19130,27,3306,17
23,layer3.0.conv2,2194542,False,4611764,9207194,4620336,115246,1128,161116,37466
23,layer3.0.bn2,36483,False,86292,175141,84840,25419,113,5175,123
23,layer3.0.relu2,11295,False,33522,59898,31752,9720,25,551,14
23,layer3.0.conv3,970734,False,2046021,5932375,2048928,68017,146,45830,15238
23,layer3.0.bn3,93672,False,206922,444791,205884,51016,69,23811,263
23,layer3.0.downsample.0,2220574,False,4666441,10962999,4675104,134168,1027,222755,30988
23,layer3.0.downsample.1,91393,False,202522,448382,201264,51821,146,21175,319
23,layer3.0.add,107222,False,236273,173471,235116,19299,65,34810,39
23,layer3.0.relu3,37589,False,88701,135100,87360,19111,44,6426,18
23,layer3.1.conv1,1015961,False,2141664,5945213,2144772,67745,231,55053,9627
23,layer3.1.bn1,32703,False,78546,172147,77112,24743,70,5398,92
23,layer3.1.relu1,10814,False,32543,59811,30912,9696,24,504,10
23,layer3.1.conv2,2036762,False,4281392,8734136,4289292,109312,1165,133914,34368
23,layer3.1.bn2,33771,False,80840,174891,79464,25361,101,1554,127
23,layer3.1.relu2,11670,False,34146,59968,32592,9725,38,497,11
23,layer3.1.conv3,968329,False,2040823,5930774,2043804,67766,141,46385,15149
23,layer3.1.bn3,94386,False,214991,450617,213612,51920,76,24217,289
23,layer3.1.add,105168,False,231836,173694,230832,19340,50,34249,22
23,layer3.1.relu3,35312,False,83701,135100,82404,19111,30,5899,17
23,layer3.2.conv1,1017954,False,2144855,5945480,2148132,67804,143,53658,9964
23,layer3.2.bn1,33081,False,79038,172255,77616,24771,68,5382,104
23,layer3.2.relu1,10617,False,31865,59823,30324,9699,26,469,10
23,layer3.2.conv2,2044294,False,4296676,8742983,4304832,110616,1110,134740,34415
23,layer3.2.bn2,34114,False,81257,174805,79884,25340,86,1608,123
23,layer3.2.relu2,10826,False,32630,59931,31164,9715,25,503,10
23,layer3.2.conv3,966452,False,2036929,5932188,2039772,67981,120,46664,15081
23,layer3.2.bn3,92671,False,204797,444751,203700,51022,73,23975,286
23,layer3.2.add,93560,False,207305,173718,206304,19348,54,28344,31
23,layer3.2.relu3,35423,False,84074,135087,82656,19107,24,5675,13
23,layer3.3.conv1,1010153,False,2128498,5945123,2131584,67740,108,53891,10458
23,layer3.3.bn1,31795,False,76326,172013,74844,24722,52,5290,113
23,layer3.3.relu1,11323,False,33520,59811,32004,9696,22,500,9
23,layer3.3.conv2,2031279,False,4269638,8731517,4277532,108823,1009,133500,34832
23,layer3.3.bn2,32590,False,78120,175123,76608,25409,100,1508,107
23,layer3.3.relu2,12029,False,35048,59931,33516,9715,34,504,9
23,layer3.3.conv3,971606,False,2047867,5931847,2050944,67936,115,46480,15321
23,layer3.3.bn3,93661,False,206857,444956,205800,51064,65,23821,256
23,layer3.3.add,105253,False,231821,173679,230832,19338,51,34187,30
23,layer3.3.relu3,36582,False,86418,135075,85092,19104,25,5883,21
23,layer3.4.conv1,1003304,False,2114400,5945413,2117556,67788,100,54425,9354
23,layer3.4.bn1,32496,False,77833,172255,76608,24771,58,5381,87
23,layer3.4.relu1,11698,False,34198,59811,32844,9696,19,486,9
23,layer3.4.conv2,2031878,False,4276657,8735726,4284504,109525,865,134485,35154
23,layer3.4.bn2,33469,False,79894,174788,78288,25336,82,1535,102
23,layer3.4.relu2,11754,False,34415,61304,32928,9942,37,545,13
23,layer3.4.conv3,963664,False,2031507,5931651,2034396,67892,103,46779,15076
23,layer3.4.bn3,92107,False,203647,444781,202440,51034,55,24107,257
23,layer3.4.add,93958,False,208347,173683,207060,19338,46,28525,17
23,layer3.4.relu3,35489,False,84158,135075,82824,19104,26,5655,7
23,layer3.5.conv1,1018415,False,2145770,5945055,2148804,67729,93,53231,10258
23,layer3.5.bn1,31560,False,76267,172013,74676,24722,53,5366,118
23,layer3.5.relu1,10574,False,31781,59811,30072,9696,19,474,9
23,layer3.5.conv2,2036765,False,4280950,8735843,4288872,109895,1063,134232,35166
23,layer3.5.bn2,32904,False,78645,175128,77028,25407,81,1547,130
23,layer3.5.relu2,11746,False,34367,59968,32760,9725,33,522,24
23,layer3.5.conv3,966776,False,2038370,5931639,2041284,67889,95,46061,15366
23,layer3.5.bn3,96417,False,212661,451034,211512,51999,55,24744,277
23,layer3.5.add,106397,False,234543,173714,233604,19347,48,34458,27
23,layer3.5.relu3,35842,False,84871,135087,83412,19107,25,5885,17
23,layer4.0.conv1,1971091,False,4142696,11789293,4150524,121154,183,117732,23332
23,layer4.0.bn1,51150,False,117517,263847,116172,33672,86,10307,221
23,layer4.0.relu1,17191,False,45951,84899,44268,12832,26,601,11
23,layer4.0.conv2,3429618,False,7199798,11912487,7214004,159511,980,470315,155252
23,layer4.0.bn2,30655,False,74180,156421,72744,25160,128,3231,306
23,layer4.0.relu2,8408,False,34996,53557,33348,9091,27,475,9
23,layer4.0.conv3,1240811,False,2612638,8170810,2616936,52468,453,114699,36647
23,layer4.0.bn3,58784,False,133001,364726,131628,48937,103,12012,463
23,layer4.0.downsample.0,2895382,False,6080493,11976909,6092268,166651,1226,492948,130357
23,layer4.0.downsample.1,56698,False,128668,368282,127428,49712,116,2849,451
23,layer4.0.add,36735,False,87397,104690,85848,13052,79,7355,27
23,layer4.0.relu3,18397,False,48323,84899,47040,12832,54,650,10
23,layer4.1.conv1,1212476,False,2553733,8144482,2557884,50943,389,129888,31477
23,layer4.1.bn1,29880,False,72361,153253,70896,24458,86,3901,164
23,layer4.1.relu1,8948,False,28548,47270,27132,8126,45,474,9
23,layer4.1.conv2,3164767,False,6652747,11168828,6665988,157426,1069,464988,149896
23,layer4.1.bn2,30386,False,73658,155857,72240,25035,111,1697,159
23,layer4.1.relu2,8858,False,28339,47233,26796,8116,27,540,19
23,layer4.1.conv3,1238707,False,2608058,8170605,2612400,52425,267,113878,35648
23,layer4.1.bn3,58985,False,133709,364868,132300,48959,86,12112,496
23,layer4.1.add,39136,False,92123,104700,90804,13054,69,8642,22
23,layer4.1.relu3,17483,False,46434,84911,45108,12835,35,555,5
23,layer4.2.conv1,1213362,False,2554669,8152466,2558640,52171,253,128623,30456
23,layer4.2.bn1,29555,False,71807,153203,70308,24446,78,3916,169
23,layer4.2.relu1,7978,False,26550,47233,25032,8116,17,473,14
23,layer4.2.conv2,3160244,False,6635220,11159952,6648180,155880,969,464459,148706
23,layer4.2.bn2,30755,False,74225,155975,72660,25080,95,1660,127
23,layer4.2.relu2,8177,False,27043,47245,25536,8119,27,490,7
23,layer4.2.conv3,1252555,False,2637334,8183656,2641716,54562,223,114772,36656
23,layer4.2.bn3,59787,False,135245,364848,133896,48956,65,12017,448
23,layer4.2.add,36378,False,86302,104793,84924,13076,55,7376,28
23,layer4.2.relu3,16803,False,44952,84899,43344,12832,23,564,9
23,avgpool,80182,False,178113,274259,176904,38790,977,3251,1409
23,flatten,8639,False,28178,34885,26712,6554,118,428,168
23,fc,497443,False,1055214,341268,1056048,42806,305,132247,123540
24,conv1,2177713,False,4577496,8691996,4585980,97900,1128,179457,14443
24,bn1,328745,False,701924,1292784,701904,117769,274,104663,631
24,relu,175796,False,380089,437842,379512,57031,75,52365,419
24,maxpool,10144858,False,21268123,42887400,21318696,7868395,373427,92537,6627
24,layer1.0.conv1,249336,False,497585,1520240,533484,21161,354,27703,2654
24,layer1.0.bn1,89759,False,198592,388007,197400,42003,364,21575,675
24,layer1.0.relu1,34761,False,82504,135412,81144,19159,82,3224,18
24,layer1.0.conv2,1993728,False,4191001,8263525,4198740,91120,1707,66761,3377
24,layer1.0.bn2,83072,False,184583,388684,183288,42289,277,17984,168
24,layer1.0.relu2,32958,False,79051,135075,77616,19104,54,3160,24
24,layer1.0.conv3,856321,False,1807070,5279412,1809360,64801,287,65927,1475
24,layer1.0.bn3,321473,False,686175,1297820,686028,118287,379,101756,288
24,layer1.0.downsample.0,865834,False,1826759,5279822,1829520,64848,143,67196,3346
24,layer1.0.downsample.1,327523,False,698952,1304217,698880,119272,335,102531,363
24,layer1.0.add,452346,False,960763,587296,961296,56900,135,153745,222
24,layer1.0.relu3,175204,False,379356,436276,378672,56762,54,52297,14
24,layer1.1.conv1,808510,False,1706428,5645362,1708728,33535,234,62603,879
24,layer1.1.bn1,93202,False,205791,385812,204708,41652,143,26269,347
24,layer1.1.relu1,32092,False,77100,135075,75684,19104,35,3051,15
24,layer1.1.conv2,1980227,False,4162166,8264870,4169760,91538,1277,66590,2505
24,layer1.1.bn2,81237,False,181035,389013,179760,42366,190,18672,122
24,layer1.1.relu2,32264,False,77641,135112,76104,19114,45,3150,23
24,layer1.1.conv3,852698,False,1799427,5279348,1801968,64776,163,65270,933
24,layer1.1.bn3,322003,False,687484,1297740,687288,118267,315,101649,269
24,layer1.1.add,447423,False,950387,587441,950880,56927,84,153567,14
24,layer1.1.relu3,178066,False,385035,442631,384300,57737,47,53216,16
24,layer1.2.conv1,806767,False,1702801,5645569,1705032,33579,142,62361,953
24,layer1.2.bn1,92012,False,203329,385794,202188,41648,126,26194,179
24,layer1.2.relu1,32277,False,77720,135075,76440,19104,28,3086,55
24,layer1.2.conv2,1978181,False,4157460,8266621,4164972,91702,1040,65919,2309
24,layer1.2.bn2,81070,False,180570,388645,179424,42279,170,17928,78
24,layer1.2.relu2,33175,False,79537,135087,78204,19107,36,3342,15
24,layer1.2.conv3,852821,False,1799518,5279285,1801884,64778,172,65462,932
24,layer1.2.bn3,319707,False,682878,1297798,682836,118282,312,101514,129
24,layer1.2.add,454026,False,963951,593390,964488,57855,67,154528,19
24,layer1.2.relu3,174753,False,378269,436313,377580,56772,37,52327,22
24,layer2.0.conv1,1594458,False,3353711,11225942,3359580,54400,251,126897,1905
24,layer2.0.bn1,171502,False,370963,689966,370188,67225,177,53925,153
24,layer2.0.relu1,78118,False,173927,235427,172620,31648,28,19447,32
24,layer2.0.conv2,2139453,False,4495357,8561518,4503744,99724,1169,173304,11196
24,layer2.0.bn2,43654,False,101377,241654,99876,30316,126,2583,79
24,layer2.0.relu2,17831,False,47192,84899,45780,12832,27,692,15
24,layer2.0.conv3,848553,False,1790322,5301032,1792728,58865,237,46921,4703
24,layer2.0.bn3,169376,False,367048,709496,366240,70361,87,52392,162
24,layer2.0.downsample.0,2310816,False,4855439,11214438,4864524,154567,1231,263404,8147
24,layer2.0.downsample.1,172497,False,373086,713289,372372,71199,131,52386,173
24,layer2.0.add,227982,False,490142,311377,489384,31815,96,77647,29
24,layer2.0.relu3,87016,False,192833,235427,191940,31648,64,23918,26
24,layer2.1.conv1,821922,False,1734180,5702761,1736532,34203,378,39524,2603
24,layer2.1.bn1,49062,False,112937,238431,111552,29601,69,10674,474
24,layer2.1.relu1,17743,False,46843,85019,45360,12851,44,837,11
24,layer2.1.conv2,1920015,False,4034875,8144984,4042164,91004,1161,43974,8852
24,layer2.1.bn2,42299,False,98436,241215,97020,30227,89,3213,65
24,layer2.1.relu2,17311,False,45919,84899,44268,12832,33,566,6
24,layer2.1.conv3,846829,False,1786200,5300773,1788696,58836,251,47192,4019
24,layer2.1.bn3,173655,False,375634,716323,374724,71452,89,53354,165
24,layer2.1.add,226294,False,486046,311597,485772,31867,70,77697,16
24,layer2.1.relu3,84149,False,186680,235347,185304,31628,27,22815,34
24,layer2.2.conv1,816968,False,1723469,5702808,1725528,34215,230,37026,2783
24,layer2.2.bn1,48354,False,111757,238297,110376,29580,51,10329,352
24,layer2.2.relu1,17163,False,45630,84939,44268,12831,26,769,8
24,layer2.2.conv2,1917594,False,4029897,8142562,4037292,90412,1011,43675,8549
24,layer2.2.bn2,42305,False,98805,241216,97104,30231,98,3263,94
24,layer2.2.relu2,17776,False,47028,84831,45528,12815,35,607,15
24,layer2.2.conv3,847254,False,1787523,5300498,1789788,58785,163,47421,4013
24,layer2.2.bn3,169891,False,367659,709743,366996,70400,74,52494,154
24,layer2.2.add,227884,False,489856,311660,489132,31880,50,77379,14
24,layer2.2.relu3,93686,False,206519,250671,205380,34321,63,24735,160
24,layer2.3.conv1,810950,False,1710400,5696855,1712508,33293,187,36450,2951
24,layer2.3.bn1,52830,False,120733,245422,119448,30691,65,11244,298
24,layer2.3.relu1,17734,False,46905,84939,45360,12831,23,765,15
24,layer2.3.conv2,1914802,False,4024465,8144474,4031832,90933,872,42908,8145
24,layer2.3.bn2,42742,False,99724,241496,98448,30287,89,3541,94
24,layer2.3.relu2,17607,False,46556,84831,45276,12815,25,600,19
24,layer2.3.conv3,846275,False,1785355,5300998,1787772,58873,186,47362,3643
24,layer2.3.bn3,169418,False,367249,709451,366492,70340,51,52542,150
24,layer2.3.add,225331,False,484439,311610,483840,31873,49,77502,16
24,layer2.3.relu3,83533,False,185209,235359,183960,31631,21,22605,16
24,layer3.0.conv1,1756904,False,3693676,10450315,3700368,98160,255,68267,5568
24,layer3.0.bn1,83688,False,185941,395406,184632,43187,45,22370,103
24,layer3.0.relu1,31808,False,76625,135140,75264,19110,23,3100,13
24,layer3.0.conv2,2194792,False,4612616,9201281,4621176,114076,1135,161298,37246
24,layer3.0.bn2,40121,False,94006,181226,92484,26364,135,5625,117
24,layer3.0.relu2,12177,False,35337,59818,33852,9700,42,559,22
24,layer3.0.conv3,978719,False,2063205,5944779,2066316,70065,183,46281,15048
24,layer3.0.bn3,92765,False,204818,445177,203532,51105,95,24107,252
24,layer3.0.downsample.0,2219428,False,4664464,10958335,4673256,133627,988,221572,30749
24,layer3.0.downsample.1,91388,False,202235,448456,201264,51841,119,21141,299
24,layer3.0.add,106832,False,234854,173399,233772,19283,61,34487,16
24,layer3.0.relu3,37119,False,87777,135020,86352,19091,35,6370,28
24,layer3.1.conv1,1025981,False,2161264,5945291,2164596,67760,245,54896,9300
24,layer3.1.bn1,33723,False,88806,178907,87360,25786,90,6146,115
24,layer3.1.relu1,11408,False,33790,59731,32340,9676,27,515,13
24,layer3.1.conv2,2035514,False,4277981,8731933,4286016,109054,1088,133430,34455
24,layer3.1.bn2,33959,False,80920,174930,79380,25370,103,1578,117
24,layer3.1.relu2,12387,False,35690,59888,34104,9705,39,596,26
24,layer3.1.conv3,967748,False,2039524,5932100,2042544,67983,133,46578,15191
24,layer3.1.bn3,94091,False,207635,445017,206640,51079,58,23689,307
24,layer3.1.add,105754,False,232537,173612,231588,19322,53,34304,41
24,layer3.1.relu3,36531,False,86453,135020,84924,19091,27,5882,21
24,layer3.2.conv1,1013994,False,2136450,5945894,2139648,67866,151,53883,10519
24,layer3.2.bn1,31956,False,76702,172143,75264,24741,46,5359,101
24,layer3.2.relu1,10646,False,32053,59743,30408,9679,19,474,7
24,layer3.2.conv2,2056886,False,4299100,8741172,4307016,110693,1219,136099,34719
24,layer3.2.bn2,34127,False,88921,181188,87612,26315,121,2111,130
24,layer3.2.relu2,11598,False,34081,59851,32592,9695,34,575,20
24,layer3.2.conv3,972032,False,2048972,5933508,2052036,68195,143,46900,15190
24,layer3.2.bn3,92187,False,203963,445040,202692,51084,54,24125,270
24,layer3.2.add,94072,False,208219,173656,207060,19334,53,28628,55
24,layer3.2.relu3,34839,False,82691,135007,81312,19087,26,5645,15
24,layer3.3.conv1,1009728,False,2127717,5945188,2130912,67753,117,54324,10457
24,layer3.3.bn1,31820,False,76570,172143,74928,24741,53,5330,114
24,layer3.3.relu1,10372,False,31340,59731,29820,9676,18,501,8
24,layer3.3.conv2,2043049,False,4293312,8744249,4301304,110979,1009,134415,34923
24,layer3.3.bn2,32789,False,78516,175320,77028,25461,96,1532,109
24,layer3.3.relu2,11927,False,34662,59851,33264,9695,23,495,12
24,layer3.3.conv3,974438,False,2053737,5932282,2056572,68029,90,46221,15394
24,layer3.3.bn3,93101,False,205526,445029,204288,51082,54,23790,269
24,layer3.3.add,105961,False,233197,173612,232008,19322,37,34551,40
24,layer3.3.relu3,36070,False,85268,134995,83832,19084,21,5937,20
24,layer3.4.conv1,1005974,False,2119703,5945675,2122680,67839,101,53812,9537
24,layer3.4.bn1,32905,False,78617,172117,77112,24748,54,5365,79
24,layer3.4.relu1,10440,False,31604,59731,29904,9676,20,476,7
24,layer3.4.conv2,2033531,False,4273997,8731701,4282068,108929,864,134068,35313
24,layer3.4.bn2,33279,False,79366,174587,77952,25291,64,1606,123
24,layer3.4.relu2,11296,False,33404,59876,31836,9702,31,505,9
24,layer3.4.conv3,969213,False,2042843,5932140,2045820,67970,93,46553,15142
24,layer3.4.bn3,92486,False,204595,444941,203280,51060,55,23978,262
24,layer3.4.add,93301,False,206591,173673,205548,19336,39,28520,29
24,layer3.4.relu3,34627,False,82392,134995,81060,19084,24,5542,4
24,layer3.5.conv1,1008684,False,2125064,5951246,2128308,68692,92,53034,10316
24,layer3.5.bn1,31641,False,75974,172143,74676,24741,43,5393,117
24,layer3.5.relu1,11003,False,32784,59731,31248,9676,19,490,10
24,layer3.5.conv2,2036563,False,4280049,8735598,4287864,109712,960,133575,35161
24,layer3.5.bn2,34624,False,82766,174844,81312,25353,85,1557,122
24,layer3.5.relu2,11608,False,34394,59888,32676,9705,34,533,15
24,layer3.5.conv3,968735,False,2041709,5930929,2044644,67811,103,46091,15380
24,layer3.5.bn3,93350,False,205949,444592,204708,50990,68,24023,273
24,layer3.5.add,106069,False,233847,173714,232764,19347,46,34280,34
24,layer3.5.relu3,35965,False,85251,135007,83832,19087,30,5981,17
24,layer4.0.conv1,1963980,False,4127556,11789665,4135152,121216,190,116862,23396
24,layer4.0.bn1,49621,False,113851,263827,112644,33666,71,10296,230
24,layer4.0.relu1,16578,False,44422,84819,42924,12812,26,564,12
24,layer4.0.conv2,3434793,False,7209846,11917404,7224336,160264,897,470487,157698
24,layer4.0.bn2,31583,False,76104,156076,74844,25091,132,3264,311
24,layer4.0.relu2,9077,False,28769,47285,27132,8118,36,578,21
24,layer4.0.conv3,1246898,False,2625696,8171296,2629872,52557,407,114338,37435
24,layer4.0.bn3,58893,False,133339,364830,132048,48951,77,11911,455
24,layer4.0.downsample.0,2888074,False,6065107,11974067,6077064,166119,1118,492026,131698
24,layer4.0.downsample.1,56354,False,128060,368409,126924,49741,105,2703,451
24,layer4.0.add,35472,False,84544,104700,83160,13054,55,7294,26
24,layer4.0.relu3,18269,False,48129,84819,46704,12812,35,823,15
24,layer4.1.conv1,1210397,False,2548791,8145076,2552928,51002,339,129897,34294
24,layer4.1.bn1,29616,False,71866,153264,70308,24462,83,3849,170
24,layer4.1.relu1,7711,False,25860,47190,24276,8106,23,469,5
24,layer4.1.conv2,3167899,False,6651106,11164521,6664224,156804,847,464388,150163
24,layer4.1.bn2,30584,False,73739,155988,72324,25067,123,1668,168
24,layer4.1.relu2,9222,False,29029,47153,27384,8096,32,482,14
24,layer4.1.conv3,1252722,False,2637506,8178537,2641884,53673,239,114729,38649
24,layer4.1.bn3,58958,False,133502,364896,132300,48966,78,12182,502
24,layer4.1.add,37852,False,89474,104700,88116,13054,49,8493,26
24,layer4.1.relu3,17145,False,45681,84831,44268,12815,30,617,8
24,layer4.2.conv1,1210899,False,2550116,8145627,2554104,51087,255,128950,34655
24,layer4.2.bn1,28924,False,70417,153254,68796,24459,57,3812,153
24,layer4.2.relu1,8095,False,26720,47153,25452,8096,18,478,14
24,layer4.2.conv2,3161870,False,6638547,11162717,6651708,156500,984,464418,148091
24,layer4.2.bn2,31056,False,74723,155825,73164,25047,104,1614,131
24,layer4.2.relu2,8689,False,27840,47165,26292,8099,25,527,7
24,layer4.2.conv3,1241849,False,2614962,8169727,2619036,52292,165,114646,37414
24,layer4.2.bn3,59856,False,135296,364841,133812,48954,63,12024,432
24,layer4.2.add,35482,False,84373,104803,82992,13078,51,7335,24
24,layer4.2.relu3,17316,False,46028,84819,44436,12812,26,554,8
24,avgpool,83727,False,185380,274663,184128,38865,997,3352,1524
24,flatten,8683,False,27889,34885,26292,6554,107,452,185
24,fc,501758,False,1064083,347423,1065036,43776,327,133445,123768
25,conv1,2177172,False,4575693,8685968,4584216,96876,1173,179229,17002
25,bn1,330117,False,704407,1294912,704256,118102,294,104594,1742
25,relu,181270,False,391582,443117,390684,57839,84,53462,908
25,maxpool,10216567,False,21417967,42889172,21468972,7868674,376782,92496,7622
25,layer1.0.conv1,250163,False,491509,1512629,535500,19974,313,27287,3263
25,layer1.0.bn1,88124,False,195421,385516,194208,41590,348,21229,753
25,layer1.0.relu1,34732,False,82714,134988,81396,19082,90,3558,26
25,layer1.0.conv2,1991955,False,4186651,8261086,4194372,90625,1751,66475,3518
25,layer1.0.bn2,86989,False,193175,395228,191940,43315,283,18869,183
25,layer1.0.relu2,33243,False,79648,134988,78204,19082,55,3194,35
25,layer1.0.conv3,857108,False,1808612,5279749,1811292,64881,288,65792,1257
25,layer1.0.bn3,320014,False,682994,1297787,682836,118280,355,101769,180
25,layer1.0.downsample.0,865688,False,1826040,5279489,1828176,64810,138,67121,3395
25,layer1.0.downsample.1,322584,False,688700,1297789,688548,118281,314,101442,730
25,layer1.0.add,456528,False,969690,592836,970368,57757,159,154820,522
25,layer1.0.relu3,174109,False,376873,436189,376152,56740,49,52374,35
25,layer1.1.conv1,810737,False,1711509,5645721,1713684,33618,276,63013,978
25,layer1.1.bn1,91436,False,202416,385675,201012,41631,142,26213,372
25,layer1.1.relu1,32847,False,78683,135325,77364,19137,41,3269,14
25,layer1.1.conv2,2000346,False,4180107,8268236,4187736,91846,1371,68376,2632
25,layer1.1.bn2,79970,False,178592,388589,177492,42266,204,18112,149
25,layer1.1.relu2,32697,False,78487,135025,76944,19092,55,3223,27
25,layer1.1.conv3,853744,False,1801717,5278428,1804068,64647,192,65453,960
25,layer1.1.bn3,326131,False,695812,1303706,695772,119191,328,102238,510
25,layer1.1.add,446345,False,948201,587434,948696,56925,87,153658,383
25,layer1.1.relu3,173444,False,375317,436164,374640,56733,32,52369,36
25,layer1.2.conv1,806561,False,1702764,5645881,1704780,33633,209,62947,981
25,layer1.2.bn1,91609,False,202722,385791,201600,41648,138,26228,156
25,layer1.2.relu1,32274,False,77425,134988,76104,19082,30,3171,19
25,layer1.2.conv2,1980413,False,4162800,8267294,4170684,91985,1152,66714,2390
25,layer1.2.bn2,79493,False,177605,388726,176400,42289,173,17455,100
25,layer1.2.relu2,36504,False,86488,141280,85176,20056,62,3971,25
25,layer1.2.conv3,847451,False,1787993,5273365,1790544,63870,139,64755,948
25,layer1.2.bn3,322847,False,689110,1303762,688968,119204,317,102415,479
25,layer1.2.add,449695,False,954457,587414,955080,56929,64,153498,43
25,layer1.2.relu3,174167,False,377039,437574,376236,56970,49,52264,14
25,layer2.0.conv1,1589266,False,3342576,11219970,3348576,53476,307,126883,1922
25,layer2.0.bn1,171307,False,370426,689963,369516,67225,190,53826,146
25,layer2.0.relu1,77969,False,173684,235420,172368,31646,27,19391,32
25,layer2.0.conv2,2138706,False,4494507,8560728,4502736,99525,1220,173376,12228
25,layer2.0.bn2,43268,False,100559,241230,99204,30218,105,2713,134
25,layer2.0.relu2,17711,False,46918,84892,45444,12830,28,615,7
25,layer2.0.conv3,847828,False,1788451,5300558,1791048,58793,207,46596,4981
25,layer2.0.bn3,169492,False,366847,709544,366156,70375,80,52390,170
25,layer2.0.downsample.0,2305693,False,4844936,11209733,4853856,153783,1190,262410,8217
25,layer2.0.downsample.1,174211,False,377014,713142,376236,71173,149,52268,175
25,layer2.0.add,225319,False,484291,311354,483924,31809,71,77625,20
25,layer2.0.relu3,86175,False,190831,235420,189756,31646,46,23726,35
25,layer2.1.conv1,821861,False,1733509,5702800,1735692,34209,309,39108,2867
25,layer2.1.bn1,50008,False,115251,238428,113988,29601,64,10720,658
25,layer2.1.relu1,17468,False,46115,85012,44772,12849,27,783,12
25,layer2.1.conv2,1926016,False,4047756,8149465,4055100,91786,1097,44050,9630
25,layer2.1.bn2,41876,False,97731,241281,96180,30244,76,3314,84
25,layer2.1.relu2,17597,False,46714,84892,45192,12830,27,599,6
25,layer2.1.conv3,849483,False,1792409,5301226,1794576,58891,181,47613,4303
25,layer2.1.bn3,170811,False,369863,709762,369096,70415,71,52397,171
25,layer2.1.add,226098,False,485481,311603,485100,31871,61,77667,12
25,layer2.1.relu3,87107,False,193247,241864,192192,32641,51,23987,32
25,layer2.2.conv1,811044,False,1711249,5696803,1713348,33280,178,35942,3050
25,layer2.2.bn1,48181,False,111309,238435,109956,29603,68,10274,493
25,layer2.2.relu1,16833,False,52787,90956,51408,12851,20,888,18
25,layer2.2.conv2,1919025,False,4033386,8139057,4040820,90044,1076,43673,8660
25,layer2.2.bn2,42697,False,99243,241003,98028,30180,77,3286,94
25,layer2.2.relu2,17839,False,47221,84911,45612,12835,31,590,13
25,layer2.2.conv3,846781,False,1786159,5300481,1788444,58775,178,47401,4140
25,layer2.2.bn3,168751,False,365359,709819,364728,70422,72,52634,169
25,layer2.2.add,228408,False,490611,311653,490224,31878,73,77544,16
25,layer2.2.relu3,83847,False,186147,235439,185220,31651,28,23199,28
25,layer2.3.conv1,817567,False,1724783,5702767,1727040,34200,174,37687,3297
25,layer2.3.bn1,48838,False,112427,238485,111216,29617,57,10456,369
25,layer2.3.relu1,17697,False,46887,85019,45276,12851,26,798,12
25,layer2.3.conv2,1917524,False,4030160,8145684,4037544,91060,945,43067,8346
25,layer2.3.bn2,42205,False,98533,241056,97272,30190,84,3407,99
25,layer2.3.relu2,17751,False,46898,84911,45444,12835,27,618,15
25,layer2.3.conv3,857598,False,1809349,5313517,1811712,60929,218,47930,3792
25,layer2.3.bn3,170154,False,368369,709556,367752,70374,80,52677,161
25,layer2.3.add,229166,False,491998,317982,491484,32851,72,78484,20
25,layer2.3.relu3,84074,False,186539,235439,185304,31651,29,22724,32
25,layer3.0.conv1,1714063,False,3604101,10450351,3610488,98157,247,68429,6802
25,layer3.0.bn1,83778,False,186112,395398,185052,43186,61,22264,113
25,layer3.0.relu1,32632,False,78153,135220,76776,19130,28,3305,17
25,layer3.0.conv2,2195078,False,4612094,9197341,4620672,113330,936,160299,38635
25,layer3.0.bn2,35988,False,85298,175005,83748,25375,120,5024,121
25,layer3.0.relu2,11903,False,34878,59898,33264,9720,40,565,23
25,layer3.0.conv3,972786,False,2050869,5931991,2053884,67967,147,45777,15614
25,layer3.0.bn3,93223,False,205666,445058,204540,51076,81,23929,263
25,layer3.0.downsample.0,2225099,False,4676147,10968604,4684596,135319,1120,222608,31424
25,layer3.0.downsample.1,92918,False,205146,449872,203952,52077,137,21344,330
25,layer3.0.add,107077,False,235553,173466,234528,19299,66,34747,34
25,layer3.0.relu3,37774,False,89130,135020,87780,19091,31,6363,26
25,layer3.1.conv1,1021278,False,2152326,5945324,2155524,67764,242,54875,10069
25,layer3.1.bn1,31617,False,76154,172227,74844,24763,64,5224,93
25,layer3.1.relu1,11298,False,33430,59731,31836,9676,22,467,12
25,layer3.1.conv2,2031927,False,4270174,8734974,4278204,109656,1039,132987,34554
25,layer3.1.bn2,32577,False,78011,174853,76608,25360,85,1492,114
25,layer3.1.relu2,12484,False,35966,59888,34524,9705,34,494,7
25,layer3.1.conv3,967076,False,2038385,5931937,2041284,67935,112,46389,15365
25,layer3.1.bn3,94152,False,207712,444977,206472,51067,70,23680,299
25,layer3.1.add,108778,False,239224,179641,238056,20258,49,35048,25
25,layer3.1.relu3,36616,False,86461,135020,85092,19091,25,5994,16
25,layer3.2.conv1,1007087,False,2122327,5945144,2125368,67753,130,53784,10104
25,layer3.2.bn1,32307,False,77550,172227,75936,24763,56,5255,91
25,layer3.2.relu1,11201,False,33349,59743,31836,9679,18,489,5
25,layer3.2.conv2,2036467,False,4280078,8736492,4287948,109919,1027,134188,34591
25,layer3.2.bn2,33683,False,80368,174997,78792,25382,73,1504,116
25,layer3.2.relu2,12012,False,35190,59851,33684,9695,30,531,16
25,layer3.2.conv3,969055,False,2042664,5931639,2045736,67889,92,46596,15117
25,layer3.2.bn3,92189,False,203795,445059,202776,51084,68,23892,264
25,layer3.2.add,93200,False,206795,173718,205548,19348,48,28525,43
25,layer3.2.relu3,35528,False,84793,135007,83412,19087,29,5678,15
25,layer3.3.conv1,1005446,False,2119037,5945556,2122260,67802,99,53746,10176
25,layer3.3.bn1,32972,False,86673,178751,85260,25760,87,6007,111
25,layer3.3.relu1,10978,False,32835,59731,31248,9676,25,497,12
25,layer3.3.conv2,2040702,False,4289062,8736308,4296936,109924,1019,133806,35070
25,layer3.3.bn2,32987,False,78885,175312,77448,25455,86,1584,111
25,layer3.3.relu2,11783,False,34319,59851,32928,9695,29,515,10
25,layer3.3.conv3,967902,False,2039930,5932696,2042712,68070,113,46384,15377
25,layer3.3.bn3,93715,False,206971,444989,205716,51070,49,23881,266
25,layer3.3.add,105253,False,231729,173674,230748,19336,41,34159,25
25,layer3.3.relu3,35321,False,83812,134995,82572,19084,27,5835,23
25,layer3.4.conv1,1017043,False,2143127,5945227,2146200,67762,95,54163,9670
25,layer3.4.bn1,32577,False,78188,172335,76692,24791,61,5315,86
25,layer3.4.relu1,10623,False,31999,59731,30492,9676,26,492,9
25,layer3.4.conv2,2037650,False,4283635,8732991,4291308,109173,954,134426,35264
25,layer3.4.bn2,36386,False,86121,180800,84672,26262,83,2101,103
25,layer3.4.relu2,11810,False,34839,59876,33348,9702,36,539,11
25,layer3.4.conv3,964925,False,2034560,5932167,2037420,67973,105,46577,15150
25,layer3.4.bn3,92969,False,205454,444999,204456,51074,61,24188,276
25,layer3.4.add,94430,False,209129,173668,208068,19334,37,28711,26
25,layer3.4.relu3,35621,False,84819,134995,83328,19084,29,5711,12
25,layer3.5.conv1,1005129,False,2118425,5945114,2121588,67737,89,52640,10528
25,layer3.5.bn1,31721,False,76254,172227,74928,24763,43,5349,114
25,layer3.5.relu1,10444,False,31810,59731,30240,9676,24,503,9
25,layer3.5.conv2,2039021,False,4285550,8747538,4293576,111645,1038,133729,35290
25,layer3.5.bn2,33754,False,80886,175272,79296,25446,82,1573,113
25,layer3.5.relu2,11994,False,35137,59888,33516,9705,35,478,8
25,layer3.5.conv3,973931,False,2052466,5931984,2055396,67960,102,45999,15381
25,layer3.5.bn3,93045,False,205508,444992,204288,51073,51,23823,294
25,layer3.5.add,105540,False,238447,178718,237468,20121,39,34266,20
25,layer3.5.relu3,36647,False,86816,136355,85260,19307,37,5994,18
25,layer4.0.conv1,1961094,False,4121690,11790701,4129188,121361,171,116731,24719
25,layer4.0.bn1,50520,False,116262,263879,114912,33679,76,10203,196
25,layer4.0.relu1,17210,False,45818,84899,44520,12832,25,614,11
25,layer4.0.conv2,3423104,False,7185982,11912056,7200228,159454,913,469910,156898
25,layer4.0.bn2,30670,False,74189,156111,72744,25102,128,3222,352
25,layer4.0.relu2,9232,False,29459,47365,27804,8138,37,525,27
25,layer4.0.conv3,1255795,False,2644131,8177497,2648436,53482,393,115040,39604
25,layer4.0.bn3,58891,False,133367,364840,131964,48950,75,11967,479
25,layer4.0.downsample.0,2890740,False,6070592,11978343,6082524,166943,1041,492799,131661
25,layer4.0.downsample.1,57281,False,129933,368062,128604,49656,112,2772,464
25,layer4.0.add,36019,False,85636,104685,84336,13050,53,7392,35
25,layer4.0.relu3,17064,False,45550,84899,44016,12832,41,599,7
25,layer4.1.conv1,1210683,False,2549641,8145057,2553684,50990,339,129762,34362
25,layer4.1.bn1,29427,False,71528,153228,69888,24452,76,3866,178
25,layer4.1.relu1,8053,False,26592,47270,25116,8126,22,496,10
25,layer4.1.conv2,3165799,False,6646993,11167865,6660108,157337,872,464849,150526
25,layer4.1.bn2,29659,False,72184,155853,70812,25038,111,1623,162
25,layer4.1.relu2,8402,False,27535,47233,26040,8116,31,570,29
25,layer4.1.conv3,1248665,False,2629211,8183902,2633400,54607,203,113935,38559
25,layer4.1.bn3,59390,False,134476,364829,133056,48947,73,12068,500
25,layer4.1.add,38668,False,91254,104685,89880,13050,56,8691,21
25,layer4.1.relu3,16878,False,45092,84911,43680,12835,32,549,6
25,layer4.2.conv1,1210619,False,2549414,8145128,2553516,51003,212,128122,34283
25,layer4.2.bn1,29120,False,71005,153346,69552,24485,76,3891,154
25,layer4.2.relu1,7806,False,25991,47233,24444,8116,17,505,13
25,layer4.2.conv2,3164863,False,6644744,11161489,6657924,156187,996,464527,149716
25,layer4.2.bn2,31246,False,75166,156230,73668,25120,111,1652,135
25,layer4.2.relu2,9076,False,28866,47245,27468,8119,34,521,24
25,layer4.2.conv3,1247447,False,2626759,8172842,2630796,52787,191,114356,37249
25,layer4.2.bn3,61943,False,139955,367399,138600,49389,113,11976,532
25,layer4.2.add,35860,False,85222,104797,83832,13077,70,7357,19
25,layer4.2.relu3,17676,False,46942,84899,45444,12832,31,592,19
25,avgpool,81379,False,180494,274594,179340,38844,983,3207,1370
25,flatten,8533,False,27725,35559,26208,6664,121,468,178
25,fc,495513,False,1051051,341288,1051680,42811,320,132372,123726
26,conv1,2175212,False,4572098,8686478,4580520,97037,1207,179077,14489
26,bn1,329582,False,710748,1298167,710640,118563,286,105348,1277
26,relu,175833,False,380367,436494,379764,56811,70,52368,840
26,maxpool,10323297,False,21642082,42887584,21693588,7868441,387742,92729,6130
26,layer1.0.conv1,268722,False,497882,1518622,581028,20889,325,27707,2796
26,layer1.0.bn1,89253,False,197660,385624,196476,41616,360,21067,528
26,layer1.0.relu1,33855,False,81021,135068,79716,19102,90,3270,35
26,layer1.0.conv2,1996097,False,4195509,8266201,4203360,91649,1760,66445,3192
26,layer1.0.bn2,81172,False,180899,388707,179424,42303,248,17801,159
26,layer1.0.relu2,33209,False,79501,135068,78204,19102,52,3047,13
26,layer1.0.conv3,858701,False,1812201,5279928,1814820,64888,342,66168,1185
26,layer1.0.bn3,325740,False,695408,1303756,695352,119205,374,102482,145
26,layer1.0.downsample.0,861054,False,1817327,5273235,1819860,63837,129,66527,3160
26,layer1.0.downsample.1,326214,False,696765,1302763,696780,119058,333,102584,717
26,layer1.0.add,452433,False,961250,587289,961884,56898,143,153894,465
26,layer1.0.relu3,178956,False,386862,442415,386316,57710,74,53270,21
26,layer1.1.conv1,804197,False,1697519,5640679,1699824,32823,166,62056,898
26,layer1.1.bn1,97026,False,214166,391753,212940,42577,156,27233,281
26,layer1.1.relu1,32753,False,78446,134988,77196,19082,36,3267,16
26,layer1.1.conv2,2029308,False,4198829,8269987,4206720,92293,1575,68275,2671
26,layer1.1.bn2,81614,False,181654,388577,180516,42265,220,18266,119
26,layer1.1.relu2,33414,False,80037,135025,78876,19092,51,3296,26
26,layer1.1.conv3,855189,False,1804849,5279312,1807176,64780,311,65580,971
26,layer1.1.bn3,320716,False,684696,1297767,684516,118274,331,101579,472
26,layer1.1.add,450208,False,956129,593351,956424,57843,90,154653,343
26,layer1.1.relu3,173963,False,376562,436164,375732,56733,41,52281,22
26,layer1.2.conv1,810132,False,1710136,5645771,1712256,33619,178,62833,982
26,layer1.2.bn1,92100,False,203500,385657,202272,41627,137,26218,137
26,layer1.2.relu1,32224,False,77400,135325,76104,19137,39,3140,18
26,layer1.2.conv2,1980171,False,4162254,8265885,4169844,91694,1139,66930,2238
26,layer1.2.bn2,80065,False,178671,388734,177408,42297,203,17837,81
26,layer1.2.relu2,32675,False,78574,135000,77196,19085,42,3209,14
26,layer1.2.conv3,852609,False,1799033,5279994,1801380,64923,211,65694,961
26,layer1.2.bn3,320806,False,684825,1297795,684768,118282,323,101607,130
26,layer1.2.add,452935,False,961942,593329,962220,57845,70,154424,23
26,layer1.2.relu3,173595,False,376227,436233,375396,56752,47,52329,21
26,layer2.0.conv1,1593280,False,3351422,11225864,3357144,54402,286,127056,1845
26,layer2.0.bn1,171565,False,371585,689970,370692,67227,191,53875,102
26,layer2.0.relu1,79339,False,176880,235347,175644,31628,35,19816,30
26,layer2.0.conv2,2140698,False,4498840,8570130,4507272,101364,1217,173659,11190
26,layer2.0.bn2,43763,False,101728,241140,100296,30191,127,2599,77
26,layer2.0.relu2,17463,False,46427,84819,45024,12812,36,663,9
26,layer2.0.conv3,844935,False,1782620,5300804,1785000,58827,215,46563,4522
26,layer2.0.bn3,172973,False,374742,715440,374052,71282,98,53294,170
26,layer2.0.downsample.0,2306835,False,4847538,11210135,4856880,153986,1171,262539,8150
26,layer2.0.downsample.1,174838,False,378444,713309,377580,71193,169,52572,183
26,layer2.0.add,225679,False,485042,311351,484512,31805,62,77429,18
26,layer2.0.relu3,89872,False,198745,241264,197652,32546,60,24890,29
26,layer2.1.conv1,816089,False,1722172,5696762,1724268,33278,293,38427,2683
26,layer2.1.bn1,52154,False,119384,243414,118104,30380,90,11093,343
26,layer2.1.relu1,18216,False,47872,84939,46368,12831,32,881,9
26,layer2.1.conv2,1920446,False,4036252,8142389,4043592,90478,1246,43537,8965
26,layer2.1.bn2,42774,False,99929,241026,98532,30185,115,3485,77
26,layer2.1.relu2,17362,False,45966,84819,44520,12812,34,581,6
26,layer2.1.conv3,848626,False,1790515,5300393,1792980,58771,193,47354,3884
26,layer2.1.bn3,169935,False,368203,709968,367500,70456,98,52434,172
26,layer2.1.add,226399,False,486336,311607,485856,31869,72,77693,31
26,layer2.1.relu3,83704,False,185595,235347,184464,31628,36,22836,33
26,layer2.2.conv1,814441,False,1717865,5703082,1719984,34268,204,37224,2986
26,layer2.2.bn1,47187,False,108952,238435,107352,29603,63,10209,286
26,layer2.2.relu1,17607,False,46725,84939,45192,12831,25,831,6
26,layer2.2.conv2,1928999,False,4055012,8157426,4062492,93028,1124,44553,8551
26,layer2.2.bn2,43424,False,101124,241272,99792,30236,99,3294,93
26,layer2.2.relu2,18132,False,47730,84831,46452,12815,38,627,9
26,layer2.2.conv3,847677,False,1788486,5300833,1790712,58847,168,47307,3676
26,layer2.2.bn3,169528,False,366742,709653,365820,70393,76,52561,151
26,layer2.2.add,231364,False,497291,317575,496776,32796,70,78291,9
26,layer2.2.relu3,83920,False,186060,235359,184800,31631,27,23233,23
26,layer2.3.conv1,815481,False,1719775,5704084,1722000,34426,170,37250,3058
26,layer2.3.bn1,47858,False,110587,238485,109200,29617,56,10532,260
26,layer2.3.relu1,17710,False,46834,84939,45360,12831,22,823,15
26,layer2.3.conv2,1917667,False,4030252,8143262,4037628,90610,992,42841,8267
26,layer2.3.bn2,41783,False,97429,241089,96180,30196,79,3525,88
26,layer2.3.relu2,18048,False,47366,84831,45948,12815,30,604,10
26,layer2.3.conv3,848165,False,1789346,5300602,1791636,58796,157,47548,3638
26,layer2.3.bn3,171406,False,370972,709455,370104,70342,75,52619,168
26,layer2.3.add,225547,False,485044,311610,484596,31873,50,77416,18
26,layer2.3.relu3,84269,False,186850,235359,185640,31631,24,22761,29
26,layer3.0.conv1,1755155,False,3689836,10450468,3696336,98189,253,68603,5934
26,layer3.0.bn1,85161,False,189059,395410,187908,43189,68,22360,129
26,layer3.0.relu1,32073,False,76937,135140,75432,19110,30,3247,16
26,layer3.0.conv2,2195448,False,4613446,9204422,4621932,114554,1100,162089,37881
26,layer3.0.bn2,37160,False,87632,174883,86268,25361,117,5155,136
26,layer3.0.relu2,11555,False,33866,59818,32340,9700,36,579,30
26,layer3.0.conv3,972576,False,2049573,5932038,2052456,67990,150,45963,15185
26,layer3.0.bn3,92160,False,203609,444883,202524,51046,87,23865,255
26,layer3.0.downsample.0,2214695,False,4654154,10955239,4662840,132872,1001,221142,31061
26,layer3.0.downsample.1,91729,False,202514,448355,201348,51810,141,21345,324
26,layer3.0.add,110833,False,243901,179408,242928,20222,63,35487,24
26,layer3.0.relu3,37849,False,89254,135020,87864,19091,37,6626,23
26,layer3.1.conv1,1029684,False,2169660,5944219,2172996,67603,227,54927,8820
26,layer3.1.bn1,32917,False,78637,172177,77112,24750,66,5355,95
26,layer3.1.relu1,11058,False,32715,59731,31164,9676,22,496,8
26,layer3.1.conv2,2034482,False,4275955,8734841,4283664,109569,1148,133461,34392
26,layer3.1.bn2,33767,False,80485,175077,79212,25400,116,1634,108
26,layer3.1.relu2,12269,False,35616,59888,34104,9705,38,627,72
26,layer3.1.conv3,967420,False,2039182,5932449,2042040,68056,139,46725,15144
26,layer3.1.bn3,93465,False,206500,444674,205464,50990,69,23714,300
26,layer3.1.add,106354,False,234493,173684,233436,19338,52,34275,32
26,layer3.1.relu3,36617,False,86414,135020,85008,19091,23,6057,16
26,layer3.2.conv1,1014884,False,2138818,5945460,2142000,67812,124,54301,9410
26,layer3.2.bn1,36017,False,85211,178079,83664,25664,71,5996,91
26,layer3.2.relu1,11494,False,33855,59743,32592,9679,22,474,6
26,layer3.2.conv2,2034043,False,4275440,8735934,4283412,109697,1110,134450,34463
26,layer3.2.bn2,33461,False,79955,174832,78540,25343,92,1598,111
26,layer3.2.relu2,11386,False,33689,59851,32004,9695,29,539,43
26,layer3.2.conv3,969454,False,2043388,5931726,2046408,67911,108,46774,15134
26,layer3.2.bn3,91990,False,203511,444912,202440,51040,67,23920,261
26,layer3.2.add,94118,False,208314,173718,207144,19348,48,28697,38
26,layer3.2.relu3,35139,False,83631,135007,82152,19087,26,5716,12
26,layer3.3.conv1,1012491,False,2133978,5945438,2137044,67795,120,54329,9567
26,layer3.3.bn1,32507,False,78098,172147,76440,24743,54,5370,106
26,layer3.3.relu1,11410,False,33745,59731,32088,9676,19,490,11
26,layer3.3.conv2,2034587,False,4276023,8736085,4283748,109836,1035,134269,34644
26,layer3.3.bn2,33959,False,81215,175203,79800,25432,99,1664,104
26,layer3.3.relu2,11878,False,42212,66048,33432,9695,35,489,9
26,layer3.3.conv3,965396,False,2034946,5931843,2037840,67937,111,45842,15278
26,layer3.3.bn3,94008,False,207317,444831,206220,51038,72,23945,265
26,layer3.3.add,106930,False,235962,173679,234948,19338,45,34305,22
26,layer3.3.relu3,35841,False,85007,134995,83412,19084,28,5900,30
26,layer3.4.conv1,1006577,False,2121418,5946552,2124528,67986,113,54305,8743
26,layer3.4.bn1,33527,False,79986,172147,78624,24743,57,5424,94
26,layer3.4.relu1,11395,False,33606,59731,32256,9676,24,462,13
26,layer3.4.conv2,2035796,False,4278884,8735139,4286604,109677,1023,134072,35100
26,layer3.4.bn2,33790,False,80759,174892,79296,25358,86,1537,97
26,layer3.4.relu2,12009,False,35075,59876,33516,9702,28,523,10
26,layer3.4.conv3,964183,False,2032798,5931740,2035572,67916,83,46595,15078
26,layer3.4.bn3,92217,False,204122,444861,202944,51041,64,24004,266
26,layer3.4.add,97713,False,216009,179943,215040,20304,50,29830,34
26,layer3.4.relu3,36206,False,85855,134995,84420,19084,27,5755,5
26,layer3.5.conv1,1004018,False,2115619,5945142,2118900,67751,93,53110,9556
26,layer3.5.bn1,32289,False,77491,172147,76104,24743,55,5476,118
26,layer3.5.relu1,10909,False,32691,59731,31248,9676,14,470,10
26,layer3.5.conv2,2036179,False,4279650,8732993,4287360,109282,1010,133611,35009
26,layer3.5.bn2,33100,False,78940,174651,77364,25304,76,1617,116
26,layer3.5.relu2,11497,False,33806,59888,32256,9705,29,502,7
26,layer3.5.conv3,967456,False,2039326,5932009,2042376,67966,98,46210,15196
26,layer3.5.bn3,93007,False,205429,444622,204204,50987,57,23815,279
26,layer3.5.add,105627,False,232680,173699,231672,19343,40,34173,38
26,layer3.5.relu3,35965,False,85105,135007,83664,19087,23,5983,9
26,layer4.0.conv1,1966745,False,4134121,11791452,4141452,121509,183,117708,21381
26,layer4.0.bn1,54232,False,123712,269885,122472,34611,83,10817,178
26,layer4.0.relu1,17209,False,45796,84819,44100,12812,19,635,13
26,layer4.0.conv2,3422114,False,7184067,11912346,7198380,159579,1068,470375,152729
26,layer4.0.bn2,30285,False,73331,155988,71904,25066,107,3258,321
26,layer4.0.relu2,8899,False,28518,47285,27048,8118,31,584,35
26,layer4.0.conv3,1236120,False,2602689,8170952,2607024,52505,348,114462,34403
26,layer4.0.bn3,62471,False,141077,371359,139860,49964,87,12852,701
26,layer4.0.downsample.0,2892117,False,6073558,11980632,6085548,167203,1248,491825,126880
26,layer4.0.downsample.1,56253,False,135794,374366,134400,50636,82,2994,645
26,layer4.0.add,35291,False,84408,104608,83076,13032,53,7412,28
26,layer4.0.relu3,17320,False,46178,84819,44688,12812,35,651,7
26,layer4.1.conv1,1211864,False,2552285,8145247,2556372,51033,317,129429,30818
26,layer4.1.bn1,29833,False,72447,153203,70980,24443,87,3871,164
26,layer4.1.relu1,8286,False,27199,47190,25704,8106,24,476,10
26,layer4.1.conv2,3150198,False,6614472,11162271,6627684,156363,966,464786,147050
26,layer4.1.bn2,29890,False,72460,155906,71064,25046,91,1633,176
26,layer4.1.relu2,8547,False,27521,47153,25956,8096,30,518,23
26,layer4.1.conv3,1244822,False,2621309,8177140,2625504,53441,254,114147,35167
26,layer4.1.bn3,58026,False,131589,364844,130536,48959,68,12007,578
26,layer4.1.add,39051,False,92007,104608,90636,13032,53,8624,35
26,layer4.1.relu3,17594,False,46436,84831,44940,12815,29,641,9
26,layer4.2.conv1,1210477,False,2549363,8145215,2553264,51025,249,128707,32394
26,layer4.2.bn1,29322,False,71516,153311,70140,24474,65,3816,153
26,layer4.2.relu1,8280,False,27179,47153,25536,8096,15,474,10
26,layer4.2.conv2,3150003,False,6613815,11160271,6626844,156001,933,464227,146835
26,layer4.2.bn2,32012,False,77048,158267,75684,25436,131,1721,138
26,layer4.2.relu2,8717,False,27958,47165,26376,8099,21,572,26
26,layer4.2.conv3,1242174,False,2615765,8171092,2619960,52497,187,114074,37215
26,layer4.2.bn3,59535,False,134886,364675,133644,48928,68,12033,467
26,layer4.2.add,36192,False,85811,104788,84336,13074,53,7431,21
26,layer4.2.relu3,17451,False,46289,84819,44856,12812,23,595,12
26,avgpool,81791,False,181749,275931,180516,39073,1014,3233,1306
26,flatten,8414,False,27433,34885,25956,6554,114,437,164
26,fc,500631,False,1062207,347450,1062936,43773,335,133377,123730
27,conv1,2175404,False,4572044,8682659,4580772,96222,1104,178940,18006
27,bn1,329679,False,703829,1292521,703920,117716,282,104667,1030
27,relu,175120,False,378683,436414,377916,56791,60,52266,27
27,maxpool,10295910,False,21585141,42887832,21636888,7868471,383003,92711,7547
27,layer1.0.conv1,267498,False,492102,1512580,573048,19965,351,27366,3008
27,layer1.0.bn1,92455,False,204914,392113,203616,42644,394,22164,959
27,layer1.0.relu1,35017,False,83485,134988,82068,19082,115,3800,20
27,layer1.0.conv2,1994841,False,4193663,8261200,4201428,90607,1860,66513,3722
27,layer1.0.bn2,83035,False,184849,388718,183708,42307,266,18271,151
27,layer1.0.relu2,32680,False,78394,134988,77028,19082,42,3317,34
27,layer1.0.conv3,858257,False,1811058,5278793,1813476,64713,350,66135,1291
27,layer1.0.bn3,321884,False,687585,1297787,687456,118280,367,101694,115
27,layer1.0.downsample.0,867063,False,1829682,5279535,1832124,64829,176,67290,3689
27,layer1.0.downsample.1,323227,False,690364,1297789,690228,118281,319,101818,465
27,layer1.0.add,456473,False,969700,593803,970284,57923,155,154892,315
27,layer1.0.relu3,174907,False,378324,436196,377832,56742,70,52375,30
27,layer1.1.conv1,810531,False,1710833,5646154,1712844,33673,216,62878,916
27,layer1.1.bn1,93012,False,205492,385682,204288,41633,146,26250,498
27,layer1.1.relu1,31458,False,75681,134995,74172,19084,26,3024,15
27,layer1.1.conv2,1978518,False,4158959,8262521,4166736,90992,1218,66945,2643
27,layer1.1.bn2,80435,False,179147,388862,177828,42332,185,17822,119
27,layer1.1.relu2,32020,False,77013,135032,75600,19094,43,3078,22
27,layer1.1.conv3,851270,False,1796363,5279596,1798692,64816,172,65180,918
27,layer1.1.bn3,325179,False,694461,1303750,694344,119199,323,102614,352
27,layer1.1.add,446436,False,948375,587441,948864,56927,81,153653,24
27,layer1.1.relu3,173876,False,376280,436171,375480,56735,30,52219,18
27,layer1.2.conv1,813551,False,1717411,5654534,1719648,35270,173,63542,1082
27,layer1.2.bn1,92582,False,204410,385798,203448,41650,126,26156,282
27,layer1.2.relu1,35489,False,84132,141282,82656,20057,31,3928,27
27,layer1.2.conv2,1976095,False,4152912,8265814,4160436,91633,1062,66667,2505
27,layer1.2.bn2,81327,False,181094,388924,180012,42341,173,18108,98
27,layer1.2.relu2,32543,False,78261,135007,76944,19087,24,3138,15
27,layer1.2.conv3,851790,False,1797317,5279562,1799784,64820,172,65358,950
27,layer1.2.bn3,321170,False,685773,1297802,685608,118284,316,101625,131
27,layer1.2.add,450850,False,957479,587421,958020,56931,55,153530,19
27,layer1.2.relu3,173174,False,374549,436233,373716,56752,38,52224,10
27,layer2.0.conv1,1588393,False,3340961,11219688,3346896,53436,247,126645,2027
27,layer2.0.bn1,176333,False,381311,696242,380688,68197,200,54766,267
27,layer2.0.relu1,78520,False,174745,235684,173544,31683,29,19447,23
27,layer2.0.conv2,2133200,False,4482789,8561134,4491396,99658,1092,172946,11634
27,layer2.0.bn2,43978,False,102036,241623,100632,30305,87,2505,88
27,layer2.0.relu2,17539,False,46543,84819,45192,12812,24,642,14
27,layer2.0.conv3,856752,False,1807276,5313824,1809780,60981,240,46932,5079
27,layer2.0.bn3,168450,False,365110,709510,364476,70363,84,52326,164
27,layer2.0.downsample.0,2307680,False,4849284,11215816,4858560,155050,1115,263625,8313
27,layer2.0.downsample.1,173273,False,374890,713168,373968,71167,133,52355,163
27,layer2.0.add,226204,False,486460,311348,486108,31805,64,77643,29
27,layer2.0.relu3,85630,False,189582,235347,188328,31628,35,23678,38
27,layer2.1.conv1,821072,False,1732151,5701743,1734516,34047,305,39322,2825
27,layer2.1.bn1,49839,False,114508,239783,112980,29823,82,10641,528
27,layer2.1.relu1,17174,False,45981,84939,44604,12831,24,738,8
27,layer2.1.conv2,1921363,False,4039202,8141196,4046700,90149,1002,43414,9140
27,layer2.1.bn2,42254,False,98500,241228,97188,30233,95,3366,78
27,layer2.1.relu2,17666,False,46941,84819,45528,12812,29,538,6
27,layer2.1.conv3,848508,False,1790357,5300365,1792728,58757,172,47591,4296
27,layer2.1.bn3,170540,False,369054,709849,368256,70437,85,52403,149
27,layer2.1.add,228566,False,491101,317577,490728,32795,63,78613,17
27,layer2.1.relu3,83205,False,184614,235347,183288,31628,24,22673,23
27,layer2.2.conv1,815603,False,1720453,5703068,1722756,34249,217,36489,3077
27,layer2.2.bn1,48705,False,112237,238515,110964,29623,55,10356,435
27,layer2.2.relu1,17359,False,46256,84939,44772,12831,28,805,10
27,layer2.2.conv2,1914317,False,4023327,8145578,4030740,90992,880,43404,8586
27,layer2.2.bn2,42197,False,99026,241396,97692,30268,106,3302,96
27,layer2.2.relu2,17235,False,45865,84831,44520,12815,37,561,9
27,layer2.2.conv3,847296,False,1787439,5300731,1789872,58815,131,47355,4199
27,layer2.2.bn3,169099,False,365873,709822,365064,70432,71,52549,151
27,layer2.2.add,228447,False,490887,311650,490392,31878,57,77558,18
27,layer2.2.relu3,83959,False,186048,235359,184716,31631,24,23126,24
27,layer2.3.conv1,818028,False,1725956,5702913,1728216,34221,175,37640,3215
27,layer2.3.bn1,48735,False,112109,238565,110796,29637,52,10392,306
27,layer2.3.relu1,18040,False,47475,84939,45864,12831,23,888,16
27,layer2.3.conv2,1920880,False,4037419,8150570,4044768,92081,893,43580,8586
27,layer2.3.bn2,42726,False,99598,241558,98112,30315,88,3559,89
27,layer2.3.relu2,17499,False,46380,84831,44856,12815,29,631,10
27,layer2.3.conv3,841927,False,1782491,5299502,1779204,57831,136,46592,3661
27,layer2.3.bn3,173437,False,375453,714708,374472,71187,66,53229,162
27,layer2.3.add,224925,False,483616,311610,483084,31873,53,77494,15
27,layer2.3.relu3,83702,False,185463,235359,184296,31631,25,22739,24
27,layer3.0.conv1,1743378,False,3664832,10450208,3671220,98175,275,68311,6119
27,layer3.0.bn1,84733,False,187910,395478,186900,43206,54,22140,105
27,layer3.0.relu1,31959,False,76710,135140,75264,19110,29,3234,15
27,layer3.0.conv2,2189077,False,4599650,9196228,4608324,113089,991,160391,38209
27,layer3.0.bn2,35742,False,84521,175019,83160,25388,110,5073,108
27,layer3.0.relu2,11073,False,33027,59818,31332,9700,30,528,13
27,layer3.0.conv3,971316,False,2047264,5931797,2050020,67927,137,45931,15398
27,layer3.0.bn3,91353,False,201982,444688,200928,50997,79,23720,264
27,layer3.0.downsample.0,2217330,False,4659482,10957899,4668132,133452,1002,221304,31192
27,layer3.0.downsample.1,90450,False,199862,447927,198744,51725,112,21108,321
27,layer3.0.add,107483,False,236781,173461,235704,19297,59,34863,43
27,layer3.0.relu3,37779,False,89161,135020,87780,19091,36,6283,14
27,layer3.1.conv1,1022426,False,2154495,5945007,2157876,67716,217,54845,9452
27,layer3.1.bn1,32864,False,78953,172267,77616,24770,70,5335,112
27,layer3.1.relu1,11039,False,32760,59731,31332,9676,29,528,10
27,layer3.1.conv2,2038434,False,4284765,8736238,4292736,109841,1138,133764,34465
27,layer3.1.bn2,33132,False,79182,174945,77700,25371,82,1557,113
27,layer3.1.relu2,11127,False,40772,66399,38976,10701,51,1098,6
27,layer3.1.conv3,969360,False,2042622,5932097,2045484,67958,108,46147,15233
27,layer3.1.bn3,93116,False,205655,444588,204456,50997,58,23765,298
27,layer3.1.add,106167,False,234142,173674,232932,19336,52,34162,24
27,layer3.1.relu3,36374,False,86004,135020,84588,19091,28,5887,22
27,layer3.2.conv1,1009812,False,2127997,5945203,2131248,67761,126,54259,10202
27,layer3.2.bn1,32687,False,78237,173575,76776,24983,53,5377,94
27,layer3.2.relu1,11307,False,33346,59743,31920,9679,26,499,6
27,layer3.2.conv2,2033508,False,4274336,8730207,4282320,108665,968,134196,34538
27,layer3.2.bn2,34337,False,81747,174857,80220,25354,87,1570,119
27,layer3.2.relu2,11345,False,34009,59851,32424,9695,23,500,8
27,layer3.2.conv3,967731,False,2040056,5931698,2042964,67897,112,46795,15202
27,layer3.2.bn3,92450,False,204363,444660,203280,51009,80,23845,253
27,layer3.2.add,97405,False,215406,179999,214284,20328,59,29740,39
27,layer3.2.relu3,35885,False,85154,135007,83748,19087,28,5954,14
27,layer3.3.conv1,1006219,False,2120119,5945943,2123100,67860,108,54270,10026
27,layer3.3.bn1,31910,False,76693,172227,75348,24763,51,5302,104
27,layer3.3.relu1,11558,False,33907,59731,32592,9676,28,504,10
27,layer3.3.conv2,2032956,False,4273493,8732390,4281312,109042,923,133864,34671
27,layer3.3.bn2,33010,False,79102,174990,77616,25377,100,1569,110
27,layer3.3.relu2,11349,False,33492,59851,31920,9695,25,461,16
27,layer3.3.conv3,967885,False,2040363,5932204,2043216,67994,120,46347,15388
27,layer3.3.bn3,92679,False,204776,444714,203532,51010,62,23733,269
27,layer3.3.add,106224,False,233916,173674,232932,19336,48,34440,26
27,layer3.3.relu3,35807,False,84916,134995,83412,19084,29,5922,21
27,layer3.4.conv1,1017342,False,2143895,5945138,2147124,67750,98,54002,9685
27,layer3.4.bn1,32520,False,84397,178231,82908,25700,80,5990,88
27,layer3.4.relu1,10972,False,32694,59731,30912,9676,21,522,13
27,layer3.4.conv2,2035423,False,4277748,8735195,4285764,109693,1039,134191,35061
27,layer3.4.bn2,33704,False,80302,174818,78960,25348,87,1579,108
27,layer3.4.relu2,11794,False,34268,59876,32928,9702,29,489,7
27,layer3.4.conv3,964768,False,2033577,5931651,2036496,67892,101,46837,15155
27,layer3.4.bn3,92558,False,204596,444894,203364,51060,69,24070,265
27,layer3.4.add,94075,False,208532,173673,207312,19336,49,28656,34
27,layer3.4.relu3,35906,False,85117,134995,83748,19084,24,5933,9
27,layer3.5.conv1,1009452,False,2127206,5945556,2130324,67802,102,52993,10092
27,layer3.5.bn1,32532,False,78342,172227,77028,24763,48,5398,107
27,layer3.5.relu1,10900,False,32589,59731,31164,9676,20,484,5
27,layer3.5.conv2,2036261,False,4279730,8735944,4287780,109817,1031,134450,35198
27,layer3.5.bn2,32972,False,78787,175257,77364,25437,89,1602,112
27,layer3.5.relu2,11452,False,33908,59888,32508,9705,28,506,8
27,layer3.5.conv3,973372,False,2051348,5931864,2054304,67934,113,45996,15314
27,layer3.5.bn3,93749,False,207198,444911,206136,51062,72,24052,303
27,layer3.5.add,105812,False,233481,173704,232428,19345,49,34361,41
27,layer3.5.relu3,35887,False,85035,135007,83748,19087,27,5922,11
27,layer4.0.conv1,1970065,False,4140230,11790701,4147836,121361,169,117351,23155
27,layer4.0.bn1,49001,False,113143,263922,111804,33690,78,10072,201
27,layer4.0.relu1,16625,False,44570,84819,43008,12812,22,595,10
27,layer4.0.conv2,3422079,False,7183817,11930659,7198128,162314,979,470965,150780
27,layer4.0.bn2,31243,False,75230,156096,73836,25085,145,3296,352
27,layer4.0.relu2,8450,False,27799,47285,26292,8118,31,503,18
27,layer4.0.conv3,1251416,False,2635140,8170781,2639364,52455,372,114596,40370
27,layer4.0.bn3,58991,False,133448,364839,132048,48967,94,12017,495
27,layer4.0.downsample.0,2888784,False,6066911,11973281,6078660,165940,1215,492467,127942
27,layer4.0.downsample.1,57315,False,129880,368090,128688,49683,134,2873,492
27,layer4.0.add,36808,False,87457,104690,86100,13052,77,7430,31
27,layer4.0.relu3,17776,False,46991,84819,45696,12812,44,624,7
27,layer4.1.conv1,1212345,False,2553685,8145411,2557800,51042,396,129635,33928
27,layer4.1.bn1,29504,False,71565,154610,70056,24679,102,3843,168
27,layer4.1.relu1,8011,False,26620,47190,25284,8106,28,498,5
27,layer4.1.conv2,3143913,False,6601360,11162892,6614244,156497,975,464313,145678
27,layer4.1.bn2,30037,False,72807,156132,71484,25092,114,1597,166
27,layer4.1.relu2,8973,False,28752,47153,27300,8096,32,472,11
27,layer4.1.conv3,1244558,False,2621086,8170653,2625336,52429,216,113675,37985
27,layer4.1.bn3,58980,False,133809,364759,132468,48950,80,12085,504
27,layer4.1.add,38337,False,90461,104690,89124,13052,55,8620,23
27,layer4.1.relu3,16691,False,44897,84831,43260,12815,30,562,9
27,layer4.2.conv1,1210037,False,2548067,8153244,2552088,52274,256,129276,30535
27,layer4.2.bn1,30774,False,74343,156099,72912,24949,106,4007,187
27,layer4.2.relu1,8312,False,27188,47153,25620,8096,21,494,16
27,layer4.2.conv2,3149082,False,6612474,11162793,6625668,156460,898,464650,143211
27,layer4.2.bn2,31556,False,76304,156355,74928,25153,138,1683,130
27,layer4.2.relu2,8128,False,27129,47165,25620,8099,39,478,11
27,layer4.2.conv3,1240772,False,2612479,8170595,2616768,52415,191,114475,35455
27,layer4.2.bn3,64525,False,145111,371050,143892,49922,82,12847,451
27,layer4.2.add,36179,False,85982,104793,84672,13076,48,7395,27
27,layer4.2.relu3,17643,False,46813,84819,45276,12812,31,525,9
27,avgpool,80292,False,178091,274277,176736,38794,984,3146,1259
27,flatten,8358,False,27320,34885,25788,6554,108,456,192
27,fc,494570,False,1049645,341259,1050420,42810,313,132280,123515
28,conv1,2179255,False,4579664,8694919,4588248,98471,1096,179581,14906
28,bn1,327963,False,700396,1292324,700224,117663,268,104676,1505
28,relu,175077,False,378764,436414,378000,56791,61,52185,912
28,maxpool,10141490,False,21261144,42886786,21311976,7868284,373360,92603,6581
28,layer1.0.conv1,258443,False,494874,1518516,552888,20876,314,27568,2803
28,layer1.0.bn1,88207,False,195317,385644,194040,41622,325,21191,687
28,layer1.0.relu1,33617,False,80251,134988,78876,19082,78,3416,23
28,layer1.0.conv2,1990682,False,4184077,8266127,4191684,91745,1751,66868,3187
28,layer1.0.bn2,83836,False,186464,388657,185304,42294,268,17944,131
28,layer1.0.relu2,32907,False,79071,134988,77700,19082,54,3171,21
28,layer1.0.conv3,858144,False,1811101,5279090,1813476,64751,300,66007,1199
28,layer1.0.bn3,319723,False,682316,1297867,681996,118300,358,101644,120
28,layer1.0.downsample.0,859978,False,1815001,5273235,1817760,63837,143,66517,3396
28,layer1.0.downsample.1,326440,False,697020,1303868,697116,119231,325,102618,208
28,layer1.0.add,452974,False,962238,587289,962808,56898,144,153776,109
28,layer1.0.relu3,178558,False,386041,442156,385392,57662,77,53025,19
28,layer1.1.conv1,803837,False,1697264,5639331,1699236,32603,177,62086,875
28,layer1.1.bn1,93319,False,205969,385889,204876,41672,160,26313,360
28,layer1.1.relu1,32225,False,77272,134988,75684,19082,35,3344,21
28,layer1.1.conv2,1983188,False,4168286,8264519,4175892,91376,1216,66017,2373
28,layer1.1.bn2,79616,False,177576,388758,176484,42306,182,17898,124
28,layer1.1.relu2,32620,False,78131,135025,76608,19092,43,3210,25
28,layer1.1.conv3,851492,False,1796847,5279580,1799280,64810,154,65272,927
28,layer1.1.bn3,322250,False,688051,1297847,688044,118294,318,101614,163
28,layer1.1.add,450851,False,957469,593403,958020,57849,88,154595,65
28,layer1.1.relu3,174722,False,377804,436164,377160,56733,34,52265,12
28,layer1.2.conv1,806734,False,1702785,5645505,1705032,33569,136,62428,970
28,layer1.2.bn1,92112,False,203556,385871,202524,41668,135,26170,151
28,layer1.2.relu1,31865,False,76792,134988,75348,19082,28,2968,14
28,layer1.2.conv2,1988431,False,4180094,8276365,4187736,93321,1201,67679,2439
28,layer1.2.bn2,82530,False,183682,390096,182532,42527,247,17927,97
28,layer1.2.relu2,33135,False,79323,135000,77952,19085,52,3249,21
28,layer1.2.conv3,854964,False,1804099,5279580,1806504,64842,204,65782,928
28,layer1.2.bn3,319715,False,682639,1297945,682668,118316,331,101649,129
28,layer1.2.add,454649,False,965798,593677,966420,57895,85,154616,29
28,layer1.2.relu3,173803,False,376185,436226,375228,56750,40,52269,17
28,layer2.0.conv1,1593977,False,3352427,11225643,3358068,54356,250,126923,1891
28,layer2.0.bn1,172571,False,373824,690043,372960,67245,200,53928,147
28,layer2.0.relu1,77188,False,171838,235340,170688,31626,28,19363,31
28,layer2.0.conv2,2136453,False,4490457,8559151,4498704,99145,1269,172642,11306
28,layer2.0.bn2,45185,False,104529,241449,102984,30269,140,2502,100
28,layer2.0.relu2,18472,False,48801,84812,47460,12810,32,626,10
28,layer2.0.conv3,849443,False,1792381,5300581,1794660,58802,219,46913,4936
28,layer2.0.bn3,168628,False,365224,709624,364392,70392,98,52421,166
28,layer2.0.downsample.0,2304010,False,4842010,11204053,4851084,152688,1162,262762,8203
28,layer2.0.downsample.1,173602,False,376231,713373,375480,71217,138,52265,172
28,layer2.0.add,225898,False,485323,311344,484848,31803,74,77471,12
28,layer2.0.relu3,85953,False,190357,235340,188832,31626,33,23753,26
28,layer2.1.conv1,816144,False,1722111,5696675,1724352,33256,230,38309,2673
28,layer2.1.bn1,49812,False,114317,238508,112896,29621,56,10778,544
28,layer2.1.relu1,17709,False,46855,85269,45444,12884,33,778,11
28,layer2.1.conv2,1915724,False,4026476,8137671,4033764,89742,1078,43581,9187
28,layer2.1.bn2,42583,False,105225,247204,103824,31135,101,3797,80
28,layer2.1.relu2,17240,False,45751,84812,44352,12810,28,587,9
28,layer2.1.conv3,842244,False,1777001,5294389,1779288,57831,165,46896,4201
28,layer2.1.bn3,169938,False,367655,709904,366912,70457,80,52491,150
28,layer2.1.add,226256,False,486144,311593,485688,31865,67,77796,25
28,layer2.1.relu3,83268,False,184743,235340,183708,31626,27,22655,30
28,layer2.2.conv1,814135,False,1717446,5702763,1719816,34200,162,36934,3005
28,layer2.2.bn1,47337,False,109502,238508,108108,29621,70,10197,410
28,layer2.2.relu1,17549,False,46470,84932,44772,12829,23,809,7
28,layer2.2.conv2,1917076,False,4028790,8147943,4036116,91541,1065,43807,8631
28,layer2.2.bn2,42310,False,98722,241329,97440,30249,123,3304,102
28,layer2.2.relu2,18552,False,48690,84824,47460,12813,40,550,8
28,layer2.2.conv3,848152,False,1790012,5300827,1792224,58825,129,47409,4142
28,layer2.2.bn3,169366,False,367225,709717,366324,70405,72,52505,164
28,layer2.2.add,231605,False,497168,317936,496776,32848,61,78485,16
28,layer2.2.relu3,84202,False,186465,235352,184968,31629,27,23212,29
28,layer2.3.conv1,815603,False,1720398,5702701,1722588,34190,141,37031,3144
28,layer2.3.bn1,48535,False,111737,238565,110460,29637,63,10622,364
28,layer2.3.relu1,17632,False,46872,84939,45444,12831,34,853,11
28,layer2.3.conv2,1916697,False,4028722,8144841,4036116,90858,882,42866,8258
28,layer2.3.bn2,43218,False,100273,241503,98868,30297,104,3585,86
28,layer2.3.relu2,17496,False,46361,84831,44772,12815,29,630,9
28,layer2.3.conv3,846172,False,1785728,5300624,1788192,58809,134,47397,3674
28,layer2.3.bn3,170400,False,369457,709576,368508,70373,52,52448,167
28,layer2.3.add,225510,False,485176,311597,484764,31867,52,77479,13
28,layer2.3.relu3,83515,False,185506,235359,184380,31631,33,22651,28
28,layer3.0.conv1,1737016,False,3652208,10450529,3658620,98185,237,68209,6096
28,layer3.0.bn1,83976,False,186575,395478,185388,43206,58,22188,117
28,layer3.0.relu1,32349,False,77954,135140,76440,19110,32,3123,16
28,layer3.0.conv2,2195690,False,4613950,9199984,4622520,113630,1052,161814,38064
28,layer3.0.bn2,36300,False,86109,176415,84672,25619,129,5076,113
28,layer3.0.relu2,12327,False,35610,59818,33852,9700,38,531,17
28,layer3.0.conv3,972098,False,2048781,5932166,2051700,68000,179,46129,15376
28,layer3.0.bn3,92752,False,204905,444791,203700,51036,95,23968,265
28,layer3.0.downsample.0,2216839,False,4658995,10955126,4667628,132902,938,221166,31166
28,layer3.0.downsample.1,90898,False,200973,448204,199752,51791,111,21284,304
28,layer3.0.add,106986,False,235272,173466,234192,19299,63,34823,15
28,layer3.0.relu3,37213,False,88020,135020,86772,19091,41,6401,18
28,layer3.1.conv1,1015291,False,2139422,5944992,2142588,67713,243,54632,9234
28,layer3.1.bn1,32583,False,77967,172227,76524,24763,54,5401,106
28,layer3.1.relu1,10805,False,32191,59731,30660,9676,18,488,9
28,layer3.1.conv2,2030654,False,4268432,8734246,4276188,109440,1001,133204,34324
28,layer3.1.bn2,33554,False,80080,174835,78708,25346,87,1529,106
28,layer3.1.relu2,12158,False,35291,59888,33852,9705,40,487,5
28,layer3.1.conv3,967692,False,2040187,5931641,2043048,67891,122,46247,15129
28,layer3.1.bn3,94749,False,208968,444922,207648,51064,67,23649,288
28,layer3.1.add,105552,False,232510,173679,231504,19338,49,34262,24
28,layer3.1.relu3,36358,False,85984,135020,84672,19091,29,5993,16
28,layer3.2.conv1,1018781,False,2147068,5945478,2150232,67802,143,54154,9888
28,layer3.2.bn1,33190,False,79361,172201,77868,24770,69,5539,110
28,layer3.2.relu1,11109,False,33024,59743,31500,9679,24,465,6
28,layer3.2.conv2,2037808,False,4283214,8739924,4291224,110243,1038,134411,34311
28,layer3.2.bn2,32989,False,78943,174852,77700,25347,86,1623,138
28,layer3.2.relu2,11920,False,34772,59851,33264,9695,29,508,26
28,layer3.2.conv3,966203,False,2036519,5931654,2039604,67892,117,46697,15145
28,layer3.2.bn3,92845,False,205144,444890,204036,51059,72,24376,262
28,layer3.2.add,94407,False,209139,173723,207984,19350,52,28581,21
28,layer3.2.relu3,35877,False,84907,135007,83496,19087,27,5691,18
28,layer3.3.conv1,1008108,False,2124424,5945055,2127636,67729,104,54433,10090
28,layer3.3.bn1,31766,False,76215,172227,74844,24763,57,5316,109
28,layer3.3.relu1,10812,False,32531,59731,30912,9676,22,472,12
28,layer3.3.conv2,2035437,False,4277935,8734492,4285680,109481,1067,134139,34645
28,layer3.3.bn2,33725,False,80490,175094,79128,25405,76,1543,100
28,layer3.3.relu2,11457,False,33980,59851,32340,9695,22,465,11
28,layer3.3.conv3,970931,False,2046486,5931946,2049264,67955,116,46015,15380
28,layer3.3.bn3,96145,False,212079,451155,210840,52027,66,24666,265
28,layer3.3.add,106052,False,233622,173679,232596,19338,47,34396,34
28,layer3.3.relu3,35634,False,84600,134995,83412,19084,24,5953,20
28,layer3.4.conv1,1005981,False,2119786,5945157,2123016,67751,86,54100,9165
28,layer3.4.bn1,32344,False,77357,172227,75936,24763,49,5391,76
28,layer3.4.relu1,10960,False,32725,59731,31164,9676,20,479,12
28,layer3.4.conv2,2036786,False,4281040,8735266,4288788,109687,1042,134162,34947
28,layer3.4.bn2,33488,False,80161,174882,78540,25349,74,1531,97
28,layer3.4.relu2,11810,False,34462,59876,33012,9702,28,456,7
28,layer3.4.conv3,969040,False,2042465,5931653,2045568,67894,95,46484,15072
28,layer3.4.bn3,92626,False,204654,444883,203448,51058,55,24128,262
28,layer3.4.add,94237,False,208358,173673,207312,19336,37,28674,31
28,layer3.4.relu3,34916,False,83174,134995,81816,19084,22,5679,5
28,layer3.5.conv1,1021606,False,2152884,5944741,2156028,67702,97,52663,9680
28,layer3.5.bn1,32030,False,77129,172227,75768,24763,44,5416,115
28,layer3.5.relu1,10903,False,32556,59731,31080,9676,16,480,8
28,layer3.5.conv2,2034403,False,4276509,8735403,4284420,109724,1061,133924,34854
28,layer3.5.bn2,34130,False,81481,176410,80052,25615,114,1620,106
28,layer3.5.relu2,11371,False,33867,59888,32340,9705,32,498,12
28,layer3.5.conv3,967032,False,2038247,5932038,2041116,67954,110,46132,15210
28,layer3.5.bn3,93871,False,207362,444690,206304,51011,63,23935,274
28,layer3.5.add,105704,False,232984,173709,231924,19345,52,34250,22
28,layer3.5.relu3,36007,False,85430,135007,84000,19087,31,5895,21
28,layer4.0.conv1,1964029,False,4127859,11790229,4135404,121293,184,117398,22533
28,layer4.0.bn1,50420,False,115924,264158,114744,33738,88,10297,210
28,layer4.0.relu1,17354,False,45960,84819,44436,12812,21,566,11
28,layer4.0.conv2,3411878,False,7162627,11915762,7176792,159777,985,471083,149238
28,layer4.0.bn2,31687,False,76303,156094,74844,25096,133,3261,310
28,layer4.0.relu2,8437,False,27687,47285,26124,8118,24,523,35
28,layer4.0.conv3,1245082,False,2621544,8170978,2625756,52511,400,114873,36099
28,layer4.0.bn3,58483,False,132506,364935,131376,48982,78,11935,576
28,layer4.0.downsample.0,2883135,False,6054919,11971472,6066816,165461,1087,493094,126355
28,layer4.0.downsample.1,56854,False,129199,368213,127932,49702,114,2827,533
28,layer4.0.add,39003,False,92098,110629,90552,13966,62,7986,11
28,layer4.0.relu3,17717,False,46923,84819,45696,12812,33,709,11
28,layer4.1.conv1,1210840,False,2549976,8145310,2554104,51029,376,130016,30144
28,layer4.1.bn1,29117,False,71092,153323,69804,24476,87,3906,166
28,layer4.1.relu1,7754,False,26305,47190,24696,8106,19,464,13
28,layer4.1.conv2,3155455,False,6625581,11161308,6638604,156097,1016,464624,145970
28,layer4.1.bn2,30630,False,74223,155874,72660,25043,106,1707,161
28,layer4.1.relu2,8465,False,27590,47153,26124,8096,24,519,13
28,layer4.1.conv3,1247856,False,2627269,8178737,2631468,53693,305,115064,34476
28,layer4.1.bn3,59452,False,134748,367371,133560,49383,96,12021,549
28,layer4.1.add,38334,False,90420,104608,89208,13032,55,8615,24
28,layer4.1.relu3,17776,False,46935,84831,45528,12815,31,604,7
28,layer4.2.conv1,1207481,False,2542667,8146320,2546712,51196,268,128981,28452
28,layer4.2.bn1,29237,False,71055,153308,69552,24473,65,3877,154
28,layer4.2.relu1,8473,False,27669,47153,26040,8096,12,430,10
28,layer4.2.conv2,3156402,False,6627389,11159536,6640116,155850,929,464484,145426
28,layer4.2.bn2,31763,False,76843,156258,75516,25137,128,1716,120
28,layer4.2.relu2,8168,False,27231,47165,25620,8099,25,486,6
28,layer4.2.conv3,1237709,False,2605678,8170891,2609712,52481,194,114380,33717
28,layer4.2.bn3,59984,False,135819,364775,134400,48950,78,11946,453
28,layer4.2.add,35907,False,85367,104788,84000,13074,64,7367,20
28,layer4.2.relu3,16717,False,44768,84819,43344,12812,26,572,9
28,avgpool,79985,False,177641,274660,176232,38864,986,3198,1218
28,flatten,8702,False,28081,34885,26544,6554,111,447,163
28,fc,500332,False,1061101,347742,1061928,43817,324,133399,123288
29,conv1,2176269,False,4574565,8685894,4583292,97044,1149,178952,13656
29,bn1,329884,False,705128,1292175,705096,117629,270,104632,523
29,relu,179299,False,387537,442695,386568,57762,78,53337,375
29,maxpool,10183457,False,21348479,42896416,21399588,7870078,375733,93214,6975
29,layer1.0.conv1,266250,False,488465,1512549,569016,19954,308,27340,2678
29,layer1.0.bn1,89305,False,198287,385550,197232,41599,377,21159,800
29,layer1.0.relu1,33787,False,80761,134988,79380,19082,80,3514,21
29,layer1.0.conv2,1995738,False,4194859,8264122,4202520,91227,1851,66800,3628
29,layer1.0.bn2,85878,False,190636,394770,189420,43251,278,19229,167
29,layer1.0.relu2,33349,False,79911,134988,78708,19082,59,3163,19
29,layer1.0.conv3,856549,False,1807584,5279427,1810032,64806,301,65841,1233
29,layer1.0.bn3,321400,False,687136,1299245,687036,118527,366,101695,124
29,layer1.0.downsample.0,865391,False,1825654,5279514,1828176,64806,170,67091,2901
29,layer1.0.downsample.1,324375,False,693221,1297869,693084,118301,320,101652,524
29,layer1.0.add,456807,False,970143,593274,970620,57825,150,154781,332
29,layer1.0.relu3,174643,False,377271,436189,376488,56740,57,52357,16
29,layer1.1.conv1,820054,False,1730999,5658095,1733256,35636,301,63162,976
29,layer1.1.bn1,93895,False,207434,385889,206220,41672,156,26112,381
29,layer1.1.relu1,32221,False,77158,134988,75852,19082,30,3070,12
29,layer1.1.conv2,1983888,False,4169617,8262600,4177320,90922,1339,66662,2678
29,layer1.1.bn2,80314,False,179044,388626,177912,42276,183,17534,143
29,layer1.1.relu2,32272,False,77749,135025,76440,19092,34,2998,20
29,layer1.1.conv3,851686,False,1797194,5279302,1799532,64771,187,65288,897
29,layer1.1.bn3,322234,False,688008,1297884,688212,118302,321,101784,362
29,layer1.1.add,446216,False,955652,593640,956340,57879,95,153607,267
29,layer1.1.relu3,173963,False,376477,436164,375732,56733,39,52323,25
29,layer1.2.conv1,807565,False,1704714,5645728,1706880,33603,203,63188,980
29,layer1.2.bn1,93071,False,205334,385871,204288,41668,138,26265,284
29,layer1.2.relu1,32133,False,76850,134988,75264,19082,33,3016,22
29,layer1.2.conv2,2013653,False,4178538,8269977,4185972,92327,1328,68657,2671
29,layer1.2.bn2,80788,False,180450,388868,179172,42339,211,17976,126
29,layer1.2.relu2,36713,False,86890,141013,85596,20016,46,4056,36
29,layer1.2.conv3,848656,False,1790912,5273285,1793232,63850,186,64892,942
29,layer1.2.bn3,325172,False,694124,1303860,694008,119229,326,102602,358
29,layer1.2.add,450133,False,956335,587414,956760,56929,62,153581,42
29,layer1.2.relu3,173411,False,375213,436226,374556,56750,39,52279,10
29,layer2.0.conv1,1590496,False,3345676,11219732,3351432,53444,328,127296,2095
29,layer2.0.bn1,173188,False,374680,690043,373884,67245,213,53811,306
29,layer2.0.relu1,78335,False,174534,235340,173376,31626,29,19272,30
29,layer2.0.conv2,2133060,False,4482646,8556126,4491060,98527,1015,172736,11319
29,layer2.0.bn2,44502,False,103367,241755,101892,30341,108,2778,134
29,layer2.0.relu2,17315,False,46076,84812,44520,12810,29,626,9
29,layer2.0.conv3,845877,False,1784077,5300607,1786512,58805,176,46624,4903
29,layer2.0.bn3,169439,False,367065,709594,366324,70389,68,52478,169
29,layer2.0.downsample.0,2312835,False,4860550,11224319,4869732,156348,1259,263028,8222
29,layer2.0.downsample.1,174358,False,377436,713479,376656,71252,144,52653,194
29,layer2.0.add,225838,False,486229,311358,485772,31807,63,77606,27
29,layer2.0.relu3,85877,False,190644,235347,189336,31628,38,23675,44
29,layer2.1.conv1,820253,False,1730344,5703066,1732584,34250,253,39526,2605
29,layer2.1.bn1,50026,False,115048,238585,113652,29637,97,10814,554
29,layer2.1.relu1,17692,False,46859,84939,45360,12831,38,799,8
29,layer2.1.conv2,1918982,False,4033147,8144486,4040400,90811,1001,43134,9101
29,layer2.1.bn2,42413,False,99055,241035,97608,30192,100,3407,73
29,layer2.1.relu2,17951,False,47512,84819,46116,12812,35,575,9
29,layer2.1.conv3,847899,False,1788593,5300675,1790964,58802,177,47591,4195
29,layer2.1.bn3,168925,False,365951,709800,365232,70427,75,52319,155
29,layer2.1.add,226329,False,486633,311635,486108,31883,59,77674,14
29,layer2.1.relu3,87107,False,193163,241332,191856,32555,37,23929,44
29,layer2.2.conv1,810395,False,1709484,5696800,1711752,33281,174,36176,2936
29,layer2.2.bn1,47295,False,109566,238515,108108,29623,38,10220,320
29,layer2.2.relu1,18012,False,47786,85276,46200,12886,36,903,5
29,layer2.2.conv2,1914448,False,4023801,8138125,4030908,89841,1006,43318,8554
29,layer2.2.bn2,42117,False,98090,241289,96684,30248,84,3277,102
29,layer2.2.relu2,17887,False,47355,86179,45864,13035,42,582,11
29,layer2.2.conv3,845424,False,1783444,5300440,1785756,58772,146,47308,4135
29,layer2.2.bn3,168169,False,364678,709644,363888,70385,66,52745,157
29,layer2.2.add,228856,False,492203,311663,491820,31884,55,77503,21
29,layer2.2.relu3,83924,False,186165,235439,185136,31651,27,23238,40
29,layer2.3.conv1,816903,False,1723185,5703018,1725444,34237,196,37704,3194
29,layer2.3.bn1,48018,False,110900,238485,109620,29617,48,10298,282
29,layer2.3.relu1,17948,False,47295,85019,45864,12851,28,805,16
29,layer2.3.conv2,1916572,False,4028138,8141256,4035612,90158,885,42976,8434
29,layer2.3.bn2,42426,False,98762,241207,97272,30226,85,3720,93
29,layer2.3.relu2,17956,False,47609,84911,46032,12835,33,574,17
29,layer2.3.conv3,847518,False,1788099,5301494,1790544,58940,161,47430,3678
29,layer2.3.bn3,170179,False,369114,709522,368088,70357,64,52415,162
29,layer2.3.add,228594,False,491365,317682,490896,32812,64,78476,14
29,layer2.3.relu3,84069,False,186487,235439,185220,31651,31,22702,22
29,layer3.0.conv1,1730621,False,3638408,10451063,3644928,98283,309,68557,5975
29,layer3.0.bn1,84755,False,188060,395398,186816,43186,81,22377,109
29,layer3.0.relu1,31997,False,76955,135220,75684,19130,28,3366,18
29,layer3.0.conv2,2198415,False,4619931,9196793,4628568,113295,1348,160826,38028
29,layer3.0.bn2,35852,False,84972,174809,83664,25336,111,5020,101
29,layer3.0.relu2,11687,False,34431,59898,32760,9720,33,503,6
29,layer3.0.conv3,971548,False,2047892,5932213,2050860,67984,159,45931,15287
29,layer3.0.bn3,92726,False,204734,444535,203448,50967,107,23821,257
29,layer3.0.downsample.0,2226442,False,4678453,10962337,4687368,134054,1190,222977,31170
29,layer3.0.downsample.1,91800,False,202678,448383,201684,51826,119,21398,318
29,layer3.0.add,106995,False,235698,173466,234696,19299,62,34576,45
29,layer3.0.relu3,38055,False,89659,135100,88368,19111,37,6373,14
29,layer3.1.conv1,1014004,False,2136915,5945127,2139984,67729,252,54981,8975
29,layer3.1.bn1,32710,False,78494,172187,77028,24750,73,5386,104
29,layer3.1.relu1,11309,False,33521,59811,32004,9696,21,478,11
29,layer3.1.conv2,2034907,False,4276630,8734233,4284672,109439,1170,133421,34374
29,layer3.1.bn2,33110,False,79326,174850,77952,25347,96,1611,113
29,layer3.1.relu2,11238,False,33682,59968,32088,9725,38,506,5
29,layer3.1.conv3,970440,False,2045536,5931655,2048508,67892,118,46337,15140
29,layer3.1.bn3,93949,False,207340,444764,206220,51029,67,23686,307
29,layer3.1.add,109751,False,241304,179686,240408,20271,60,35231,47
29,layer3.1.relu3,36936,False,87453,135100,86016,19111,28,5861,26
29,layer3.2.conv1,1006683,False,2121374,5945524,2124612,67812,139,53955,9538
29,layer3.2.bn1,32746,False,78562,172255,77280,24771,56,5367,90
29,layer3.2.relu1,10711,False,32114,59823,30744,9699,18,504,2
29,layer3.2.conv2,2036316,False,4279712,8732052,4287612,108912,998,134023,34315
29,layer3.2.bn2,33976,False,81143,175049,79716,25392,76,1641,106
29,layer3.2.relu2,11755,False,34231,59931,32508,9715,24,504,9
29,layer3.2.conv3,965051,False,2034090,5932214,2037000,67995,107,46789,15002
29,layer3.2.bn3,90982,False,201452,444810,200424,51032,61,23908,268
29,layer3.2.add,93955,False,208206,173723,206976,19350,46,28425,32
29,layer3.2.relu3,35011,False,83562,135087,81984,19107,23,5712,12
29,layer3.3.conv1,1027776,False,2171134,5963862,2174340,70768,147,54664,9970
29,layer3.3.bn1,31679,False,76558,172147,75012,24743,56,5287,95
29,layer3.3.relu1,10937,False,32672,59811,31080,9696,23,494,9
29,layer3.3.conv2,2029574,False,4265548,8729932,4273416,108485,918,133431,34548
29,layer3.3.bn2,33411,False,79658,174946,78120,25380,104,1576,103
29,layer3.3.relu2,11670,False,34338,61279,32760,9935,38,522,15
29,layer3.3.conv3,968030,False,2040784,5931667,2043804,67895,99,46269,15378
29,layer3.3.bn3,93528,False,206936,444810,205800,51032,57,23931,268
29,layer3.3.add,105662,False,233135,173679,232344,19338,46,34197,44
29,layer3.3.relu3,35671,False,84765,135075,83496,19104,25,5852,22
29,layer3.4.conv1,1014367,False,2137567,5945501,2140740,67808,98,54674,9528
29,layer3.4.bn1,32844,False,78695,172255,77280,24771,61,5336,88
29,layer3.4.relu1,10808,False,32382,59811,30828,9696,15,482,8
29,layer3.4.conv2,2031828,False,4270448,8729883,4278372,108538,949,134161,34920
29,layer3.4.bn2,33312,False,87561,181393,86268,26358,92,2246,108
29,layer3.4.relu2,11042,False,33014,59956,31332,9722,24,522,21
29,layer3.4.conv3,966706,False,2037922,5930748,2040948,67761,102,46669,15113
29,layer3.4.bn3,92498,False,204664,444810,203700,51032,55,24169,261
29,layer3.4.add,93743,False,207719,173673,206724,19336,32,28535,37
29,layer3.4.relu3,35767,False,84659,135075,83076,19104,21,5574,6
29,layer3.5.conv1,1005558,False,2118856,5945069,2122008,67730,87,53389,9744
29,layer3.5.bn1,32611,False,78189,172147,76692,24743,44,5298,109
29,layer3.5.relu1,11166,False,33287,59811,31920,9696,20,497,12
29,layer3.5.conv2,2036497,False,4280262,8736122,4288284,109795,1012,134158,34867
29,layer3.5.bn2,32620,False,78236,174908,76776,25364,77,1537,111
29,layer3.5.relu2,11595,False,33928,59968,32424,9725,35,492,10
29,layer3.5.conv3,966746,False,2037750,5931657,2040696,67894,87,46130,15198
29,layer3.5.bn3,93393,False,206216,444855,204960,51042,71,23892,304
29,layer3.5.add,105278,False,238622,179910,237468,20299,33,34371,27
29,layer3.5.relu3,36164,False,85841,135087,84336,19107,25,5989,14
29,layer4.0.conv1,1967016,False,4133959,11790261,4141536,121299,173,117308,22501
29,layer4.0.bn1,50078,False,114910,263852,113568,33674,75,10252,219
29,layer4.0.relu1,17772,False,46879,84899,45360,12832,23,617,14
29,layer4.0.conv2,3419127,False,7178184,11911291,7192416,159255,950,470351,151988
29,layer4.0.bn2,31490,False,75748,156371,74172,25150,121,3210,340
29,layer4.0.relu2,8516,False,27513,47365,25956,8138,30,519,32
29,layer4.0.conv3,1282908,False,2648651,8185312,2652972,54850,478,116395,37143
29,layer4.0.bn3,58906,False,133739,364733,132300,48940,88,12005,470
29,layer4.0.downsample.0,2891926,False,6073175,11977721,6084876,166765,1181,492796,128653
29,layer4.0.downsample.1,58039,False,131562,368065,130284,49668,111,2965,492
29,layer4.0.add,36218,False,85972,104685,84672,13050,55,7382,37
29,layer4.0.relu3,17388,False,46336,84899,44940,12832,40,699,9
29,layer4.1.conv1,1210420,False,2549199,8145149,2553348,51014,364,129838,31606
29,layer4.1.bn1,31308,False,75427,153287,74004,24465,109,4025,183
29,layer4.1.relu1,8568,False,27814,47270,26124,8126,29,483,6
29,layer4.1.conv2,3158551,False,6631873,11168617,6644988,157311,995,464771,148429
29,layer4.1.bn2,31242,False,75360,158366,74088,25454,122,1758,169
29,layer4.1.relu2,8733,False,28379,47233,26712,8116,29,546,24
29,layer4.1.conv3,1243850,False,2619157,8170621,2623320,52428,173,113810,40110
29,layer4.1.bn3,58295,False,132041,364789,130620,48939,66,11989,556
29,layer4.1.add,38528,False,91011,104685,89544,13050,44,8620,25
29,layer4.1.relu3,17292,False,45806,84911,44352,12835,30,580,9
29,layer4.2.conv1,1221058,False,2571364,8163453,2575356,53976,228,129597,35151
29,layer4.2.bn1,29738,False,72445,153336,70980,24481,76,3887,169
29,layer4.2.relu1,7648,False,25934,47233,24612,8116,17,478,15
29,layer4.2.conv2,3138552,False,6589533,11161202,6602484,156101,818,464522,145679
29,layer4.2.bn2,31994,False,76860,156122,75432,25108,109,1648,150
29,layer4.2.relu2,8468,False,27630,48593,25788,8339,28,546,20
29,layer4.2.conv3,1248897,False,2629770,8170616,2634156,52422,156,114119,38695
29,layer4.2.bn3,61465,False,138810,365127,137424,49010,76,11922,583
29,layer4.2.add,36100,False,85567,104711,84252,13056,50,7415,27
29,layer4.2.relu3,16874,False,45311,84899,43680,12832,23,503,11
29,avgpool,82479,False,182794,274782,181692,38887,992,3343,1471
29,flatten,8200,False,26697,34885,25284,6554,111,427,164
29,fc,497069,False,1054488,341499,1055292,42861,324,132224,123879
