iter,layer,ns,multiplexed,task_clock,page_faults,context_switches,cpu_migrations
0,conv1,2172825,False,2179373,0,0,0
0,bn1,333789,False,340070,0,0,0
0,relu,175118,False,181001,0,0,0
0,maxpool,10171129,False,10178873,0,0,0
0,layer1.0.conv1,262810,False,269774,0,0,0
0,layer1.0.bn1,88064,False,93180,0,0,0
0,layer1.0.relu1,33446,False,38048,0,0,0
0,layer1.0.conv2,1994308,False,2000235,0,0,0
0,layer1.0.bn2,85723,False,90920,0,0,0
0,layer1.0.relu2,32953,False,37777,0,0,0
0,layer1.0.conv3,851578,False,857713,0,0,0
0,layer1.0.bn3,324590,False,330923,0,0,0
0,layer1.0.downsample.0,865968,False,871789,0,0,0
0,layer1.0.downsample.1,322506,False,328529,0,0,0
0,layer1.0.add,455583,False,461469,0,0,0
0,layer1.0.relu3,174363,False,180110,0,0,0
0,layer1.1.conv1,806983,False,813011,0,0,0
0,layer1.1.bn1,92768,False,97720,0,0,0
0,layer1.1.relu1,31430,False,36147,0,0,0
0,layer1.1.conv2,1979662,False,1985661,0,0,0
0,layer1.1.bn2,80127,False,85249,0,0,0
0,layer1.1.relu2,32425,False,37200,0,0,0
0,layer1.1.conv3,851048,False,856795,0,0,0
0,layer1.1.bn3,320676,False,326733,0,0,0
0,layer1.1.add,456660,False,462554,0,0,0
0,layer1.1.relu3,174636,False,180235,0,0,0
0,layer1.2.conv1,808035,False,813983,0,0,0
0,layer1.2.bn1,92077,False,97139,0,0,0
0,layer1.2.relu1,31141,False,35912,0,0,0
0,layer1.2.conv2,1973938,False,1979862,0,0,0
0,layer1.2.bn2,79721,False,84801,0,0,0
0,layer1.2.relu2,32381,False,36998,0,0,0
0,layer1.2.conv3,851071,False,856870,0,0,0
0,layer1.2.bn3,321557,False,327462,0,0,0
0,layer1.2.add,454488,False,460770,0,0,0
0,layer1.2.relu3,174591,False,180105,0,0,0
0,layer2.0.conv1,1590267,False,1596190,0,0,0
0,layer2.0.bn1,171809,False,177415,0,0,0
0,layer2.0.relu1,77900,False,82746,0,0,0
0,layer2.0.conv2,2136691,False,2142887,0,0,0
0,layer2.0.bn2,43489,False,48243,0,0,0
0,layer2.0.relu2,18071,False,22720,0,0,0
0,layer2.0.conv3,847342,False,852864,0,0,0
0,layer2.0.bn3,169016,False,174564,0,0,0
0,layer2.0.downsample.0,2302868,False,2313065,0,0,0
0,layer2.0.downsample.1,173651,False,179419,0,0,0
0,layer2.0.add,225941,False,231776,0,0,0
0,layer2.0.relu3,85500,False,90390,0,0,0
0,layer2.1.conv1,819843,False,825593,0,0,0
0,layer2.1.bn1,49804,False,54526,0,0,0
0,layer2.1.relu1,17269,False,21794,0,0,0
0,layer2.1.conv2,1926486,False,1932231,0,0,0
0,layer2.1.bn2,41427,False,46260,0,0,0
0,layer2.1.relu2,17091,False,21597,0,0,0
0,layer2.1.conv3,848226,False,854028,0,0,0
0,layer2.1.bn3,169282,False,174788,0,0,0
0,layer2.1.add,226191,False,232146,0,0,0
0,layer2.1.relu3,87197,False,92016,0,0,0
0,layer2.2.conv1,811135,False,816650,0,0,0
0,layer2.2.bn1,47045,False,51976,0,0,0
0,layer2.2.relu1,17658,False,22334,0,0,0
0,layer2.2.conv2,1914606,False,1920696,0,0,0
0,layer2.2.bn2,41368,False,46313,0,0,0
0,layer2.2.relu2,21044,False,25633,0,0,0
0,layer2.2.conv3,841836,False,847569,0,0,0
0,layer2.2.bn3,172017,False,177652,0,0,0
0,layer2.2.add,228108,False,234181,0,0,0
0,layer2.2.relu3,83549,False,88431,0,0,0
0,layer2.3.conv1,813025,False,818324,0,0,0
0,layer2.3.bn1,47252,False,52040,0,0,0
0,layer2.3.relu1,17957,False,22624,0,0,0
0,layer2.3.conv2,1911834,False,1917770,0,0,0
0,layer2.3.bn2,41661,False,46367,0,0,0
0,layer2.3.relu2,17496,False,21989,0,0,0
0,layer2.3.conv3,847245,False,852897,0,0,0
0,layer2.3.bn3,168932,False,174588,0,0,0
0,layer2.3.add,225010,False,230978,0,0,0
0,layer2.3.relu3,83882,False,88766,0,0,0
0,layer3.0.conv1,1721250,False,1727385,0,0,0
0,layer3.0.bn1,83923,False,88897,0,0,0
0,layer3.0.relu1,31450,False,36062,0,0,0
0,layer3.0.conv2,2191761,False,2198161,0,0,0
0,layer3.0.bn2,35189,False,44346,0,0,0
0,layer3.0.relu2,11588,False,16095,0,0,0
0,layer3.0.conv3,968203,False,973841,0,0,0
0,layer3.0.bn3,90897,False,95948,0,0,0
0,layer3.0.downsample.0,2221420,False,2228163,0,0,0
0,layer3.0.downsample.1,91567,False,96640,0,0,0
0,layer3.0.add,106646,False,111938,0,0,0
0,layer3.0.relu3,38169,False,42813,0,0,0
0,layer3.1.conv1,1019624,False,1025358,0,0,0
0,layer3.1.bn1,33829,False,38561,0,0,0
0,layer3.1.relu1,11351,False,15830,0,0,0
0,layer3.1.conv2,2042626,False,2048779,0,0,0
0,layer3.1.bn2,35989,False,40797,0,0,0
0,layer3.1.relu2,11841,False,16369,0,0,0
0,layer3.1.conv3,970653,False,976194,0,0,0
0,layer3.1.bn3,93109,False,98077,0,0,0
0,layer3.1.add,105605,False,111218,0,0,0
0,layer3.1.relu3,35414,False,40129,0,0,0
0,layer3.2.conv1,1012627,False,1018153,0,0,0
0,layer3.2.bn1,32574,False,37243,0,0,0
0,layer3.2.relu1,10658,False,15149,0,0,0
0,layer3.2.conv2,2031396,False,2037465,0,0,0
0,layer3.2.bn2,33369,False,38011,0,0,0
0,layer3.2.relu2,12014,False,16458,0,0,0
0,layer3.2.conv3,970429,False,975979,0,0,0
0,layer3.2.bn3,92071,False,97166,0,0,0
0,layer3.2.add,93507,False,98696,0,0,0
0,layer3.2.relu3,34883,False,39633,0,0,0
0,layer3.3.conv1,1005745,False,1011355,0,0,0
0,layer3.3.bn1,31426,False,36104,0,0,0
0,layer3.3.relu1,13946,False,18650,0,0,0
0,layer3.3.conv2,2033622,False,2039728,0,0,0
0,layer3.3.bn2,33101,False,37918,0,0,0
0,layer3.3.relu2,11520,False,16016,0,0,0
0,layer3.3.conv3,970218,False,975628,0,0,0
0,layer3.3.bn3,93108,False,98021,0,0,0
0,layer3.3.add,104701,False,109974,0,0,0
0,layer3.3.relu3,35174,False,39873,0,0,0
0,layer3.4.conv1,1006716,False,1012173,0,0,0
0,layer3.4.bn1,31820,False,36439,0,0,0
0,layer3.4.relu1,10714,False,15238,0,0,0
0,layer3.4.conv2,2035208,False,2041220,0,0,0
0,layer3.4.bn2,32481,False,37084,0,0,0
0,layer3.4.relu2,11687,False,16187,0,0,0
0,layer3.4.conv3,974537,False,980165,0,0,0
0,layer3.4.bn3,91198,False,96301,0,0,0
0,layer3.4.add,93338,False,98695,0,0,0
0,layer3.4.relu3,38652,False,43444,0,0,0
0,layer3.5.conv1,1005149,False,1010633,0,0,0
0,layer3.5.bn1,31713,False,36339,0,0,0
0,layer3.5.relu1,10819,False,15323,0,0,0
0,layer3.5.conv2,2035439,False,2041609,0,0,0
0,layer3.5.bn2,33369,False,38186,0,0,0
0,layer3.5.relu2,11726,False,16160,0,0,0
0,layer3.5.conv3,971593,False,977154,0,0,0
0,layer3.5.bn3,93674,False,98660,0,0,0
0,layer3.5.add,105716,False,111113,0,0,0
0,layer3.5.relu3,35938,False,40680,0,0,0
0,layer4.0.conv1,1958142,False,1963810,0,0,0
0,layer4.0.bn1,49370,False,54113,0,0,0
0,layer4.0.relu1,16984,False,21650,0,0,0
0,layer4.0.conv2,3420040,False,3426163,0,0,0
0,layer4.0.bn2,31451,False,36249,0,0,0
0,layer4.0.relu2,9011,False,13561,0,0,0
0,layer4.0.conv3,1249342,False,1255205,0,0,0
0,layer4.0.bn3,58896,False,63612,0,0,0
0,layer4.0.downsample.0,2887818,False,2894222,0,0,0
0,layer4.0.downsample.1,55612,False,60379,0,0,0
0,layer4.0.add,35915,False,40648,0,0,0
0,layer4.0.relu3,17434,False,21950,0,0,0
0,layer4.1.conv1,1211302,False,1217119,0,0,0
0,layer4.1.bn1,30084,False,34832,0,0,0
0,layer4.1.relu1,8084,False,12510,0,0,0
0,layer4.1.conv2,3159427,False,3165508,0,0,0
0,layer4.1.bn2,29820,False,34508,0,0,0
0,layer4.1.relu2,8051,False,12508,0,0,0
0,layer4.1.conv3,1241120,False,1247050,0,0,0
0,layer4.1.bn3,58425,False,63147,0,0,0
0,layer4.1.add,38433,False,43237,0,0,0
0,layer4.1.relu3,17225,False,21743,0,0,0
0,layer4.2.conv1,1207858,False,1213813,0,0,0
0,layer4.2.bn1,28354,False,33034,0,0,0
0,layer4.2.relu1,7312,False,15571,0,0,0
0,layer4.2.conv2,3139854,False,3146189,0,0,0
0,layer4.2.bn2,30318,False,35074,0,0,0
0,layer4.2.relu2,8497,False,13031,0,0,0
0,layer4.2.conv3,1243540,False,1249135,0,0,0
0,layer4.2.bn3,59730,False,64514,0,0,0
0,layer4.2.add,35156,False,39776,0,0,0
0,layer4.2.relu3,16820,False,21385,0,0,0
0,avgpool,81319,False,86049,0,0,0
0,flatten,8946,False,13522,0,0,0
0,fc,509721,False,515574,0,0,0
1,conv1,2175491,False,2182080,0,0,0
1,bn1,329408,False,335703,0,0,0
1,relu,178822,False,184379,0,0,0
1,maxpool,10187758,False,10195366,0,0,0
1,layer1.0.conv1,246647,False,253631,0,0,0
1,layer1.0.bn1,88256,False,93778,0,0,0
1,layer1.0.relu1,33056,False,37685,0,0,0
1,layer1.0.conv2,1988888,False,1995113,0,0,0
1,layer1.0.bn2,81388,False,86632,0,0,0
1,layer1.0.relu2,35762,False,40587,0,0,0
1,layer1.0.conv3,852634,False,858570,0,0,0
1,layer1.0.bn3,324680,False,330808,0,0,0
1,layer1.0.downsample.0,864964,False,870890,0,0,0
1,layer1.0.downsample.1,322899,False,328874,0,0,0
1,layer1.0.add,452243,False,458277,0,0,0
1,layer1.0.relu3,173726,False,179584,0,0,0
1,layer1.1.conv1,807216,False,812842,0,0,0
1,layer1.1.bn1,92716,False,97764,0,0,0
1,layer1.1.relu1,31988,False,36588,0,0,0
1,layer1.1.conv2,1983313,False,1989255,0,0,0
1,layer1.1.bn2,79802,False,84905,0,0,0
1,layer1.1.relu2,32837,False,37514,0,0,0
1,layer1.1.conv3,851210,False,856867,0,0,0
1,layer1.1.bn3,320744,False,326739,0,0,0
1,layer1.1.add,450503,False,456379,0,0,0
1,layer1.1.relu3,173651,False,179168,0,0,0
1,layer1.2.conv1,807655,False,813608,0,0,0
1,layer1.2.bn1,90757,False,95657,0,0,0
1,layer1.2.relu1,31779,False,36406,0,0,0
1,layer1.2.conv2,1975245,False,1981336,0,0,0
1,layer1.2.bn2,79389,False,84502,0,0,0
1,layer1.2.relu2,32619,False,37361,0,0,0
1,layer1.2.conv3,850988,False,856684,0,0,0
1,layer1.2.bn3,319592,False,325681,0,0,0
1,layer1.2.add,453500,False,459509,0,0,0
1,layer1.2.relu3,173919,False,179356,0,0,0
1,layer2.0.conv1,1587416,False,1593586,0,0,0
1,layer2.0.bn1,174587,False,180220,0,0,0
1,layer2.0.relu1,76763,False,81593,0,0,0
1,layer2.0.conv2,2126767,False,2132830,0,0,0
1,layer2.0.bn2,43194,False,47951,0,0,0
1,layer2.0.relu2,17389,False,21953,0,0,0
1,layer2.0.conv3,847797,False,853486,0,0,0
1,layer2.0.bn3,168040,False,173612,0,0,0
1,layer2.0.downsample.0,2302853,False,2309548,0,0,0
1,layer2.0.downsample.1,176613,False,182141,0,0,0
1,layer2.0.add,226033,False,231970,0,0,0
1,layer2.0.relu3,86449,False,91243,0,0,0
1,layer2.1.conv1,819286,False,824804,0,0,0
1,layer2.1.bn1,48245,False,52950,0,0,0
1,layer2.1.relu1,17679,False,22308,0,0,0
1,layer2.1.conv2,1915844,False,1921667,0,0,0
1,layer2.1.bn2,41188,False,45983,0,0,0
1,layer2.1.relu2,17031,False,21522,0,0,0
1,layer2.1.conv3,846448,False,852030,0,0,0
1,layer2.1.bn3,170617,False,176348,0,0,0
1,layer2.1.add,225216,False,231009,0,0,0
1,layer2.1.relu3,83426,False,88238,0,0,0
1,layer2.2.conv1,813329,False,819050,0,0,0
1,layer2.2.bn1,46554,False,51357,0,0,0
1,layer2.2.relu1,16560,False,21135,0,0,0
1,layer2.2.conv2,1919678,False,1925218,0,0,0
1,layer2.2.bn2,41052,False,45909,0,0,0
1,layer2.2.relu2,17757,False,22320,0,0,0
1,layer2.2.conv3,846333,False,851812,0,0,0
1,layer2.2.bn3,168109,False,173781,0,0,0
1,layer2.2.add,230595,False,236542,0,0,0
1,layer2.2.relu3,84431,False,89282,0,0,0
1,layer2.3.conv1,817297,False,822779,0,0,0
1,layer2.3.bn1,47862,False,52598,0,0,0
1,layer2.3.relu1,17212,False,21797,0,0,0
1,layer2.3.conv2,1915282,False,1921416,0,0,0
1,layer2.3.bn2,43101,False,47901,0,0,0
1,layer2.3.relu2,17505,False,22033,0,0,0
1,layer2.3.conv3,847310,False,852716,0,0,0
1,layer2.3.bn3,170496,False,176131,0,0,0
1,layer2.3.add,225026,False,230630,0,0,0
1,layer2.3.relu3,83973,False,89042,0,0,0
1,layer3.0.conv1,1744106,False,1749986,0,0,0
1,layer3.0.bn1,84548,False,89496,0,0,0
1,layer3.0.relu1,31806,False,36430,0,0,0
1,layer3.0.conv2,2193696,False,2199685,0,0,0
1,layer3.0.bn2,35580,False,40494,0,0,0
1,layer3.0.relu2,16539,False,21218,0,0,0
1,layer3.0.conv3,962437,False,971535,0,0,0
1,layer3.0.bn3,91159,False,96154,0,0,0
1,layer3.0.downsample.0,2219839,False,2226085,0,0,0
1,layer3.0.downsample.1,90698,False,95717,0,0,0
1,layer3.0.add,106304,False,111703,0,0,0
1,layer3.0.relu3,37092,False,41916,0,0,0
1,layer3.1.conv1,1022966,False,1028571,0,0,0
1,layer3.1.bn1,33208,False,37851,0,0,0
1,layer3.1.relu1,10985,False,15613,0,0,0
1,layer3.1.conv2,2039804,False,2045800,0,0,0
1,layer3.1.bn2,32596,False,37300,0,0,0
1,layer3.1.relu2,11973,False,16507,0,0,0
1,layer3.1.conv3,965781,False,971237,0,0,0
1,layer3.1.bn3,96886,False,101844,0,0,0
1,layer3.1.add,105172,False,110521,0,0,0
1,layer3.1.relu3,36256,False,41062,0,0,0
1,layer3.2.conv1,1010207,False,1015653,0,0,0
1,layer3.2.bn1,32726,False,37358,0,0,0
1,layer3.2.relu1,10648,False,15150,0,0,0
1,layer3.2.conv2,2032723,False,2038566,0,0,0
1,layer3.2.bn2,32511,False,37362,0,0,0
1,layer3.2.relu2,12179,False,16713,0,0,0
1,layer3.2.conv3,971029,False,976629,0,0,0
1,layer3.2.bn3,91553,False,96546,0,0,0
1,layer3.2.add,93432,False,98657,0,0,0
1,layer3.2.relu3,34465,False,39280,0,0,0
1,layer3.3.conv1,1010833,False,1016628,0,0,0
1,layer3.3.bn1,31277,False,35975,0,0,0
1,layer3.3.relu1,11198,False,15835,0,0,0
1,layer3.3.conv2,2049189,False,2055126,0,0,0
1,layer3.3.bn2,33310,False,38093,0,0,0
1,layer3.3.relu2,11385,False,15808,0,0,0
1,layer3.3.conv3,966850,False,972296,0,0,0
1,layer3.3.bn3,93877,False,98941,0,0,0
1,layer3.3.add,104463,False,109817,0,0,0
1,layer3.3.relu3,35276,False,40032,0,0,0
1,layer3.4.conv1,1020225,False,1025691,0,0,0
1,layer3.4.bn1,32334,False,36898,0,0,0
1,layer3.4.relu1,10189,False,14718,0,0,0
1,layer3.4.conv2,2035915,False,2042000,0,0,0
1,layer3.4.bn2,33102,False,37989,0,0,0
1,layer3.4.relu2,11916,False,16531,0,0,0
1,layer3.4.conv3,966328,False,972023,0,0,0
1,layer3.4.bn3,91704,False,96747,0,0,0
1,layer3.4.add,92906,False,98240,0,0,0
1,layer3.4.relu3,34678,False,39355,0,0,0
1,layer3.5.conv1,1002046,False,1007496,0,0,0
1,layer3.5.bn1,32102,False,36690,0,0,0
1,layer3.5.relu1,10408,False,15076,0,0,0
1,layer3.5.conv2,2034950,False,2041100,0,0,0
1,layer3.5.bn2,33253,False,37951,0,0,0
1,layer3.5.relu2,11903,False,16476,0,0,0
1,layer3.5.conv3,969997,False,975606,0,0,0
1,layer3.5.bn3,92695,False,97722,0,0,0
1,layer3.5.add,105280,False,110877,0,0,0
1,layer3.5.relu3,35395,False,40044,0,0,0
1,layer4.0.conv1,1967746,False,1973311,0,0,0
1,layer4.0.bn1,51138,False,55980,0,0,0
1,layer4.0.relu1,16807,False,21551,0,0,0
1,layer4.0.conv2,3413064,False,3419114,0,0,0
1,layer4.0.bn2,30694,False,35367,0,0,0
1,layer4.0.relu2,8701,False,13252,0,0,0
1,layer4.0.conv3,1246091,False,1251955,0,0,0
1,layer4.0.bn3,58248,False,62903,0,0,0
1,layer4.0.downsample.0,2886938,False,2893227,0,0,0
1,layer4.0.downsample.1,57594,False,62467,0,0,0
1,layer4.0.add,35528,False,40087,0,0,0
1,layer4.0.relu3,17280,False,21699,0,0,0
1,layer4.1.conv1,1210260,False,1216258,0,0,0
1,layer4.1.bn1,29684,False,34422,0,0,0
1,layer4.1.relu1,7800,False,12379,0,0,0
1,layer4.1.conv2,3148171,False,3154169,0,0,0
1,layer4.1.bn2,29772,False,34470,0,0,0
1,layer4.1.relu2,8417,False,12966,0,0,0
1,layer4.1.conv3,1237846,False,1243680,0,0,0
1,layer4.1.bn3,58156,False,62890,0,0,0
1,layer4.1.add,38664,False,43454,0,0,0
1,layer4.1.relu3,16693,False,21209,0,0,0
1,layer4.2.conv1,1206255,False,1212255,0,0,0
1,layer4.2.bn1,29064,False,33738,0,0,0
1,layer4.2.relu1,7659,False,12260,0,0,0
1,layer4.2.conv2,3144560,False,3150549,0,0,0
1,layer4.2.bn2,30188,False,34867,0,0,0
1,layer4.2.relu2,8734,False,13224,0,0,0
1,layer4.2.conv3,1234757,False,1240614,0,0,0
1,layer4.2.bn3,60806,False,65556,0,0,0
1,layer4.2.add,35390,False,40017,0,0,0
1,layer4.2.relu3,16929,False,21423,0,0,0
1,avgpool,79649,False,84432,0,0,0
1,flatten,8529,False,13114,0,0,0
1,fc,502184,False,508046,0,0,0
2,conv1,2170203,False,2176759,0,0,0
2,bn1,328204,False,334313,0,0,0
2,relu,179597,False,185083,0,0,0
2,maxpool,10185116,False,10192358,0,0,0
2,layer1.0.conv1,253232,False,259951,0,0,0
2,layer1.0.bn1,87237,False,92367,0,0,0
2,layer1.0.relu1,32920,False,37663,0,0,0
2,layer1.0.conv2,1992059,False,1998387,0,0,0
2,layer1.0.bn2,81487,False,86676,0,0,0
2,layer1.0.relu2,32565,False,37290,0,0,0
2,layer1.0.conv3,865443,False,871276,0,0,0
2,layer1.0.bn3,323360,False,329254,0,0,0
2,layer1.0.downsample.0,865888,False,871823,0,0,0
2,layer1.0.downsample.1,321646,False,327744,0,0,0
2,layer1.0.add,451794,False,458042,0,0,0
2,layer1.0.relu3,178329,False,183783,0,0,0
2,layer1.1.conv1,802536,False,808615,0,0,0
2,layer1.1.bn1,95972,False,101004,0,0,0
2,layer1.1.relu1,31707,False,36371,0,0,0
2,layer1.1.conv2,1979353,False,1985467,0,0,0
2,layer1.1.bn2,79939,False,85196,0,0,0
2,layer1.1.relu2,32035,False,37001,0,0,0
2,layer1.1.conv3,850593,False,856299,0,0,0
2,layer1.1.bn3,322479,False,328635,0,0,0
2,layer1.1.add,446620,False,452905,0,0,0
2,layer1.1.relu3,177566,False,183089,0,0,0
2,layer1.2.conv1,807478,False,813370,0,0,0
2,layer1.2.bn1,91833,False,96898,0,0,0
2,layer1.2.relu1,30695,False,35358,0,0,0
2,layer1.2.conv2,1976718,False,1982455,0,0,0
2,layer1.2.bn2,79327,False,84350,0,0,0
2,layer1.2.relu2,32447,False,37077,0,0,0
2,layer1.2.conv3,850049,False,855738,0,0,0
2,layer1.2.bn3,321373,False,327388,0,0,0
2,layer1.2.add,455094,False,461129,0,0,0
2,layer1.2.relu3,173903,False,179637,0,0,0
2,layer2.0.conv1,1588380,False,1594648,0,0,0
2,layer2.0.bn1,175009,False,180509,0,0,0
2,layer2.0.relu1,78082,False,82993,0,0,0
2,layer2.0.conv2,2131747,False,2137977,0,0,0
2,layer2.0.bn2,43088,False,47750,0,0,0
2,layer2.0.relu2,17965,False,22512,0,0,0
2,layer2.0.conv3,847997,False,853485,0,0,0
2,layer2.0.bn3,167090,False,172748,0,0,0
2,layer2.0.downsample.0,2303685,False,2310156,0,0,0
2,layer2.0.downsample.1,176278,False,181809,0,0,0
2,layer2.0.add,225117,False,231139,0,0,0
2,layer2.0.relu3,85843,False,90771,0,0,0
2,layer2.1.conv1,820483,False,826143,0,0,0
2,layer2.1.bn1,48745,False,53499,0,0,0
2,layer2.1.relu1,17627,False,22244,0,0,0
2,layer2.1.conv2,1918996,False,1924912,0,0,0
2,layer2.1.bn2,41332,False,46230,0,0,0
2,layer2.1.relu2,18386,False,23183,0,0,0
2,layer2.1.conv3,848938,False,854959,0,0,0
2,layer2.1.bn3,169252,False,174840,0,0,0
2,layer2.1.add,225894,False,231609,0,0,0
2,layer2.1.relu3,84378,False,89207,0,0,0
2,layer2.2.conv1,817179,False,822642,0,0,0
2,layer2.2.bn1,47356,False,52315,0,0,0
2,layer2.2.relu1,16807,False,21388,0,0,0
2,layer2.2.conv2,1963925,False,1942812,0,1,0
2,layer2.2.bn2,44052,False,48872,0,0,0
2,layer2.2.relu2,17973,False,22463,0,0,0
2,layer2.2.conv3,848638,False,854236,0,0,0
2,layer2.2.bn3,171140,False,176795,0,0,0
2,layer2.2.add,231868,False,237753,0,0,0
2,layer2.2.relu3,83605,False,88616,0,0,0
2,layer2.3.conv1,816414,False,821731,0,0,0
2,layer2.3.bn1,47992,False,52811,0,0,0
2,layer2.3.relu1,17529,False,22184,0,0,0
2,layer2.3.conv2,1919589,False,1925751,0,0,0
2,layer2.3.bn2,41785,False,46528,0,0,0
2,layer2.3.relu2,17451,False,22055,0,0,0
2,layer2.3.conv3,847319,False,852864,0,0,0
2,layer2.3.bn3,169567,False,175134,0,0,0
2,layer2.3.add,225882,False,231832,0,0,0
2,layer2.3.relu3,82914,False,87842,0,0,0
2,layer3.0.conv1,1741240,False,1747173,0,0,0
2,layer3.0.bn1,85020,False,90060,0,0,0
2,layer3.0.relu1,32293,False,36934,0,0,0
2,layer3.0.conv2,2196359,False,2202970,0,0,0
2,layer3.0.bn2,35981,False,40603,0,0,0
2,layer3.0.relu2,11626,False,20402,0,0,0
2,layer3.0.conv3,964561,False,970442,0,0,0
2,layer3.0.bn3,92418,False,97414,0,0,0
2,layer3.0.downsample.0,2218282,False,2224840,0,0,0
2,layer3.0.downsample.1,90817,False,95891,0,0,0
2,layer3.0.add,106961,False,112193,0,0,0
2,layer3.0.relu3,37222,False,42195,0,0,0
2,layer3.1.conv1,1019462,False,1024993,0,0,0
2,layer3.1.bn1,32103,False,36738,0,0,0
2,layer3.1.relu1,11499,False,16126,0,0,0
2,layer3.1.conv2,2035204,False,2041296,0,0,0
2,layer3.1.bn2,32669,False,37476,0,0,0
2,layer3.1.relu2,11430,False,15995,0,0,0
2,layer3.1.conv3,965258,False,970752,0,0,0
2,layer3.1.bn3,97308,False,102303,0,0,0
2,layer3.1.add,105503,False,110960,0,0,0
2,layer3.1.relu3,36676,False,41447,0,0,0
2,layer3.2.conv1,1011204,False,1016943,0,0,0
2,layer3.2.bn1,32633,False,37254,0,0,0
2,layer3.2.relu1,10862,False,15404,0,0,0
2,layer3.2.conv2,2032621,False,2038970,0,0,0
2,layer3.2.bn2,33180,False,38111,0,0,0
2,layer3.2.relu2,12037,False,16571,0,0,0
2,layer3.2.conv3,970238,False,975781,0,0,0
2,layer3.2.bn3,90407,False,95449,0,0,0
2,layer3.2.add,92929,False,98193,0,0,0
2,layer3.2.relu3,35408,False,40036,0,0,0
2,layer3.3.conv1,1006927,False,1012527,0,0,0
2,layer3.3.bn1,31522,False,36150,0,0,0
2,layer3.3.relu1,10863,False,15429,0,0,0
2,layer3.3.conv2,2035093,False,2041212,0,0,0
2,layer3.3.bn2,32631,False,37338,0,0,0
2,layer3.3.relu2,11354,False,15763,0,0,0
2,layer3.3.conv3,969526,False,975215,0,0,0
2,layer3.3.bn3,93425,False,98501,0,0,0
2,layer3.3.add,104607,False,109921,0,0,0
2,layer3.3.relu3,36472,False,41154,0,0,0
2,layer3.4.conv1,1016530,False,1022226,0,0,0
2,layer3.4.bn1,31829,False,36467,0,0,0
2,layer3.4.relu1,10996,False,15497,0,0,0
2,layer3.4.conv2,2041280,False,2047223,0,0,0
2,layer3.4.bn2,32813,False,37608,0,0,0
2,layer3.4.relu2,12178,False,16715,0,0,0
2,layer3.4.conv3,969317,False,974775,0,0,0
2,layer3.4.bn3,90811,False,95966,0,0,0
2,layer3.4.add,93161,False,98439,0,0,0
2,layer3.4.relu3,35317,False,40063,0,0,0
2,layer3.5.conv1,1003920,False,1009467,0,0,0
2,layer3.5.bn1,36700,False,41384,0,0,0
2,layer3.5.relu1,10828,False,15397,0,0,0
2,layer3.5.conv2,2036917,False,2042908,0,0,0
2,layer3.5.bn2,33155,False,37913,0,0,0
2,layer3.5.relu2,12172,False,16744,0,0,0
2,layer3.5.conv3,968241,False,973759,0,0,0
2,layer3.5.bn3,94637,False,99653,0,0,0
2,layer3.5.add,105751,False,111019,0,0,0
2,layer3.5.relu3,35459,False,40165,0,0,0
2,layer4.0.conv1,1970325,False,1976363,0,0,0
2,layer4.0.bn1,50846,False,55473,0,0,0
2,layer4.0.relu1,17520,False,22222,0,0,0
2,layer4.0.conv2,3422965,False,3429217,0,0,0
2,layer4.0.bn2,30997,False,35833,0,0,0
2,layer4.0.relu2,8708,False,13205,0,0,0
2,layer4.0.conv3,1247620,False,1253360,0,0,0
2,layer4.0.bn3,59287,False,64014,0,0,0
2,layer4.0.downsample.0,2890116,False,2896732,0,0,0
2,layer4.0.downsample.1,55818,False,60674,0,0,0
2,layer4.0.add,35780,False,40502,0,0,0
2,layer4.0.relu3,16865,False,21423,0,0,0
2,layer4.1.conv1,1210805,False,1216891,0,0,0
2,layer4.1.bn1,28909,False,33688,0,0,0
2,layer4.1.relu1,8271,False,12931,0,0,0
2,layer4.1.conv2,3172834,False,3178975,0,0,0
2,layer4.1.bn2,29322,False,34091,0,0,0
2,layer4.1.relu2,8594,False,13151,0,0,0
2,layer4.1.conv3,1238609,False,1244472,0,0,0
2,layer4.1.bn3,58027,False,62736,0,0,0
2,layer4.1.add,38568,False,43313,0,0,0
2,layer4.1.relu3,17209,False,21770,0,0,0
2,layer4.2.conv1,1207269,False,1213259,0,0,0
2,layer4.2.bn1,28343,False,32967,0,0,0
2,layer4.2.relu1,7904,False,12404,0,0,0
2,layer4.2.conv2,3166928,False,3172914,0,0,0
2,layer4.2.bn2,29829,False,34606,0,0,0
2,layer4.2.relu2,8512,False,13011,0,0,0
2,layer4.2.conv3,1238085,False,1244014,0,0,0
2,layer4.2.bn3,59764,False,64460,0,0,0
2,layer4.2.add,35454,False,40125,0,0,0
2,layer4.2.relu3,17118,False,21655,0,0,0
2,avgpool,80614,False,85344,0,0,0
2,flatten,8471,False,12933,0,0,0
2,fc,501396,False,507233,0,0,0
3,conv1,2171199,False,2177621,0,0,0
3,bn1,328952,False,335125,0,0,0
3,relu,179249,False,184693,0,0,0
3,maxpool,10158287,False,10166051,0,0,0
3,layer1.0.conv1,260397,False,267189,0,0,0
3,layer1.0.bn1,87986,False,93182,0,0,0
3,layer1.0.relu1,33714,False,38365,0,0,0
3,layer1.0.conv2,1992062,False,1998009,0,0,0
3,layer1.0.bn2,81230,False,86389,0,0,0
3,layer1.0.relu2,31923,False,36743,0,0,0
3,layer1.0.conv3,855306,False,861012,0,0,0
3,layer1.0.bn3,323478,False,329157,0,0,0
3,layer1.0.downsample.0,862958,False,868927,0,0,0
3,layer1.0.downsample.1,322563,False,328655,0,0,0
3,layer1.0.add,451908,False,457864,0,0,0
3,layer1.0.relu3,177689,False,183377,0,0,0
3,layer1.1.conv1,803428,False,809399,0,0,0
3,layer1.1.bn1,96352,False,101348,0,0,0
3,layer1.1.relu1,31543,False,36258,0,0,0
3,layer1.1.conv2,1986760,False,1993027,0,0,0
3,layer1.1.bn2,80572,False,85806,0,0,0
3,layer1.1.relu2,32656,False,37325,0,0,0
3,layer1.1.conv3,851569,False,857313,0,0,0
3,layer1.1.bn3,319252,False,325136,0,0,0
3,layer1.1.add,450951,False,457158,0,0,0
3,layer1.1.relu3,173938,False,179714,0,0,0
3,layer1.2.conv1,807773,False,813571,0,0,0
3,layer1.2.bn1,92622,False,97588,0,0,0
3,layer1.2.relu1,31151,False,35749,0,0,0
3,layer1.2.conv2,1979243,False,1985285,0,0,0
3,layer1.2.bn2,77819,False,82920,0,0,0
3,layer1.2.relu2,32012,False,36866,0,0,0
3,layer1.2.conv3,851918,False,857654,0,0,0
3,layer1.2.bn3,320982,False,326922,0,0,0
3,layer1.2.add,453967,False,459788,0,0,0
3,layer1.2.relu3,174014,False,179629,0,0,0
3,layer2.0.conv1,1588686,False,1594790,0,0,0
3,layer2.0.bn1,175645,False,181417,0,0,0
3,layer2.0.relu1,77585,False,82646,0,0,0
3,layer2.0.conv2,2128560,False,2134627,0,0,0
3,layer2.0.bn2,44089,False,48914,0,0,0
3,layer2.0.relu2,17648,False,22310,0,0,0
3,layer2.0.conv3,848225,False,853724,0,0,0
3,layer2.0.bn3,168932,False,174538,0,0,0
3,layer2.0.downsample.0,2332103,False,2317399,0,1,0
3,layer2.0.downsample.1,177078,False,182903,0,0,0
3,layer2.0.add,226493,False,232408,0,0,0
3,layer2.0.relu3,85656,False,90757,0,0,0
3,layer2.1.conv1,820527,False,826147,0,0,0
3,layer2.1.bn1,49189,False,53926,0,0,0
3,layer2.1.relu1,17406,False,22081,0,0,0
3,layer2.1.conv2,1921629,False,1927467,0,0,0
3,layer2.1.bn2,41544,False,46301,0,0,0
3,layer2.1.relu2,17578,False,22204,0,0,0
3,layer2.1.conv3,848432,False,854057,0,0,0
3,layer2.1.bn3,170311,False,175834,0,0,0
3,layer2.1.add,225527,False,231470,0,0,0
3,layer2.1.relu3,82940,False,87800,0,0,0
3,layer2.2.conv1,814691,False,820124,0,0,0
3,layer2.2.bn1,46188,False,51061,0,0,0
3,layer2.2.relu1,17562,False,22210,0,0,0
3,layer2.2.conv2,1917612,False,1923309,0,0,0
3,layer2.2.bn2,41229,False,46021,0,0,0
3,layer2.2.relu2,17271,False,21804,0,0,0
3,layer2.2.conv3,846613,False,852143,0,0,0
3,layer2.2.bn3,169577,False,175144,0,0,0
3,layer2.2.add,232121,False,238003,0,0,0
3,layer2.2.relu3,83784,False,88489,0,0,0
3,layer2.3.conv1,815213,False,820793,0,0,0
3,layer2.3.bn1,48201,False,52898,0,0,0
3,layer2.3.relu1,16816,False,21373,0,0,0
3,layer2.3.conv2,1915595,False,1921395,0,0,0
3,layer2.3.bn2,43145,False,47938,0,0,0
3,layer2.3.relu2,18001,False,22609,0,0,0
3,layer2.3.conv3,848868,False,854464,0,0,0
3,layer2.3.bn3,170940,False,176421,0,0,0
3,layer2.3.add,225460,False,231168,0,0,0
3,layer2.3.relu3,84428,False,89232,0,0,0
3,layer3.0.conv1,1750212,False,1755982,0,0,0
3,layer3.0.bn1,85799,False,90820,0,0,0
3,layer3.0.relu1,32107,False,36777,0,0,0
3,layer3.0.conv2,2194861,False,2200947,0,0,0
3,layer3.0.bn2,36178,False,40822,0,0,0
3,layer3.0.relu2,15225,False,19738,0,0,0
3,layer3.0.conv3,963313,False,972419,0,0,0
3,layer3.0.bn3,90788,False,95690,0,0,0
3,layer3.0.downsample.0,2218331,False,2224801,0,0,0
3,layer3.0.downsample.1,91411,False,96657,0,0,0
3,layer3.0.add,106844,False,112188,0,0,0
3,layer3.0.relu3,37138,False,41757,0,0,0
3,layer3.1.conv1,1026700,False,1032468,0,0,0
3,layer3.1.bn1,32265,False,36936,0,0,0
3,layer3.1.relu1,10667,False,15229,0,0,0
3,layer3.1.conv2,2035753,False,2041934,0,0,0
3,layer3.1.bn2,32462,False,37251,0,0,0
3,layer3.1.relu2,11823,False,16289,0,0,0
3,layer3.1.conv3,972455,False,978141,0,0,0
3,layer3.1.bn3,96979,False,101974,0,0,0
3,layer3.1.add,105634,False,111133,0,0,0
3,layer3.1.relu3,35525,False,40055,0,0,0
3,layer3.2.conv1,1017194,False,1022647,0,0,0
3,layer3.2.bn1,31635,False,36273,0,0,0
3,layer3.2.relu1,10730,False,15351,0,0,0
3,layer3.2.conv2,2032261,False,2038140,0,0,0
3,layer3.2.bn2,31481,False,36406,0,0,0
3,layer3.2.relu2,11394,False,15846,0,0,0
3,layer3.2.conv3,968886,False,974596,0,0,0
3,layer3.2.bn3,90838,False,95874,0,0,0
3,layer3.2.add,93381,False,98558,0,0,0
3,layer3.2.relu3,34818,False,39682,0,0,0
3,layer3.3.conv1,1007625,False,1013008,0,0,0
3,layer3.3.bn1,31404,False,36040,0,0,0
3,layer3.3.relu1,10740,False,15313,0,0,0
3,layer3.3.conv2,2031392,False,2037300,0,0,0
3,layer3.3.bn2,32396,False,37115,0,0,0
3,layer3.3.relu2,11399,False,15860,0,0,0
3,layer3.3.conv3,970873,False,976231,0,0,0
3,layer3.3.bn3,93301,False,98121,0,0,0
3,layer3.3.add,104735,False,110081,0,0,0
3,layer3.3.relu3,36315,False,40967,0,0,0
3,layer3.4.conv1,1005362,False,1010825,0,0,0
3,layer3.4.bn1,31271,False,35839,0,0,0
3,layer3.4.relu1,10681,False,15241,0,0,0
3,layer3.4.conv2,2033410,False,2039543,0,0,0
3,layer3.4.bn2,32599,False,37295,0,0,0
3,layer3.4.relu2,11479,False,15977,0,0,0
3,layer3.4.conv3,966225,False,971827,0,0,0
3,layer3.4.bn3,91364,False,96730,0,0,0
3,layer3.4.add,93758,False,99263,0,0,0
3,layer3.4.relu3,35207,False,40192,0,0,0
3,layer3.5.conv1,1012962,False,1018874,0,0,0
3,layer3.5.bn1,32509,False,37432,0,0,0
3,layer3.5.relu1,11421,False,16106,0,0,0
3,layer3.5.conv2,2036115,False,2042411,0,0,0
3,layer3.5.bn2,34210,False,39113,0,0,0
3,layer3.5.relu2,11849,False,16388,0,0,0
3,layer3.5.conv3,970189,False,975914,0,0,0
3,layer3.5.bn3,92598,False,97693,0,0,0
3,layer3.5.add,105561,False,111190,0,0,0
3,layer3.5.relu3,36110,False,40835,0,0,0
3,layer4.0.conv1,1957925,False,1964014,0,0,0
3,layer4.0.bn1,49491,False,54298,0,0,0
3,layer4.0.relu1,17280,False,21818,0,0,0
3,layer4.0.conv2,3421622,False,3428017,0,0,0
3,layer4.0.bn2,30045,False,34848,0,0,0
3,layer4.0.relu2,8517,False,13083,0,0,0
3,layer4.0.conv3,1243275,False,1249176,0,0,0
3,layer4.0.bn3,57703,False,62437,0,0,0
3,layer4.0.downsample.0,2887638,False,2894019,0,0,0
3,layer4.0.downsample.1,56798,False,61500,0,0,0
3,layer4.0.add,36175,False,40830,0,0,0
3,layer4.0.relu3,17488,False,22052,0,0,0
3,layer4.1.conv1,1209857,False,1215715,0,0,0
3,layer4.1.bn1,29401,False,34137,0,0,0
3,layer4.1.relu1,7282,False,11836,0,0,0
3,layer4.1.conv2,3158312,False,3164448,0,0,0
3,layer4.1.bn2,28790,False,33650,0,0,0
3,layer4.1.relu2,8774,False,13566,0,0,0
3,layer4.1.conv3,1236507,False,1242555,0,0,0
3,layer4.1.bn3,58278,False,63149,0,0,0
3,layer4.1.add,38092,False,42869,0,0,0
3,layer4.1.relu3,17276,False,21740,0,0,0
3,layer4.2.conv1,1205738,False,1211786,0,0,0
3,layer4.2.bn1,29467,False,34136,0,0,0
3,layer4.2.relu1,7365,False,12049,0,0,0
3,layer4.2.conv2,3153317,False,3159668,0,0,0
3,layer4.2.bn2,30128,False,34996,0,0,0
3,layer4.2.relu2,8283,False,12796,0,0,0
3,layer4.2.conv3,1233554,False,1239349,0,0,0
3,layer4.2.bn3,60209,False,64996,0,0,0
3,layer4.2.add,35605,False,40422,0,0,0
3,layer4.2.relu3,16714,False,21246,0,0,0
3,avgpool,80046,False,84814,0,0,0
3,flatten,8460,False,13119,0,0,0
3,fc,499575,False,505911,0,0,0
4,conv1,2171152,False,2177767,0,0,0
4,bn1,328358,False,334485,0,0,0
4,relu,179326,False,184926,0,0,0
4,maxpool,10160541,False,10168281,0,0,0
4,layer1.0.conv1,263796,False,270781,0,0,0
4,layer1.0.bn1,86816,False,91850,0,0,0
4,layer1.0.relu1,33298,False,37839,0,0,0
4,layer1.0.conv2,1988390,False,1994526,0,0,0
4,layer1.0.bn2,79670,False,84913,0,0,0
4,layer1.0.relu2,33227,False,37971,0,0,0
4,layer1.0.conv3,854403,False,860286,0,0,0
4,layer1.0.bn3,323957,False,329774,0,0,0
4,layer1.0.downsample.0,863397,False,869301,0,0,0
4,layer1.0.downsample.1,321809,False,327800,0,0,0
4,layer1.0.add,452489,False,458690,0,0,0
4,layer1.0.relu3,178270,False,184011,0,0,0
4,layer1.1.conv1,802803,False,808786,0,0,0
4,layer1.1.bn1,95708,False,100949,0,0,0
4,layer1.1.relu1,31880,False,36432,0,0,0
4,layer1.1.conv2,1975678,False,1981712,0,0,0
4,layer1.1.bn2,80298,False,85362,0,0,0
4,layer1.1.relu2,32577,False,37325,0,0,0
4,layer1.1.conv3,849790,False,855529,0,0,0
4,layer1.1.bn3,320393,False,326333,0,0,0
4,layer1.1.add,446178,False,452058,0,0,0
4,layer1.1.relu3,177177,False,182882,0,0,0
4,layer1.2.conv1,802449,False,808396,0,0,0
4,layer1.2.bn1,91639,False,96675,0,0,0
4,layer1.2.relu1,31342,False,35888,0,0,0
4,layer1.2.conv2,1976861,False,1982704,0,0,0
4,layer1.2.bn2,78125,False,83455,0,0,0
4,layer1.2.relu2,31842,False,36602,0,0,0
4,layer1.2.conv3,852875,False,858414,0,0,0
4,layer1.2.bn3,320541,False,326458,0,0,0
4,layer1.2.add,454566,False,460545,0,0,0
4,layer1.2.relu3,173545,False,179181,0,0,0
4,layer2.0.conv1,1590718,False,1596680,0,0,0
4,layer2.0.bn1,175617,False,181345,0,0,0
4,layer2.0.relu1,77904,False,82759,0,0,0
4,layer2.0.conv2,2130077,False,2136090,0,0,0
4,layer2.0.bn2,42675,False,47450,0,0,0
4,layer2.0.relu2,17797,False,22520,0,0,0
4,layer2.0.conv3,847553,False,853123,0,0,0
4,layer2.0.bn3,168442,False,174150,0,0,0
4,layer2.0.downsample.0,2299872,False,2306033,0,0,0
4,layer2.0.downsample.1,177035,False,182551,0,0,0
4,layer2.0.add,225216,False,230898,0,0,0
4,layer2.0.relu3,85131,False,90223,0,0,0
4,layer2.1.conv1,817548,False,823231,0,0,0
4,layer2.1.bn1,48330,False,53141,0,0,0
4,layer2.1.relu1,17470,False,21998,0,0,0
4,layer2.1.conv2,1928761,False,1934581,0,0,0
4,layer2.1.bn2,41743,False,46493,0,0,0
4,layer2.1.relu2,17632,False,22240,0,0,0
4,layer2.1.conv3,847656,False,853255,0,0,0
4,layer2.1.bn3,169120,False,174757,0,0,0
4,layer2.1.add,226108,False,231748,0,0,0
4,layer2.1.relu3,83951,False,89031,0,0,0
4,layer2.2.conv1,814868,False,820507,0,0,0
4,layer2.2.bn1,47459,False,52239,0,0,0
4,layer2.2.relu1,17195,False,21776,0,0,0
4,layer2.2.conv2,1916843,False,1922471,0,0,0
4,layer2.2.bn2,41941,False,46625,0,0,0
4,layer2.2.relu2,17542,False,22246,0,0,0
4,layer2.2.conv3,846490,False,851958,0,0,0
4,layer2.2.bn3,169205,False,174836,0,0,0
4,layer2.2.add,231534,False,237336,0,0,0
4,layer2.2.relu3,83505,False,88340,0,0,0
4,layer2.3.conv1,817238,False,822654,0,0,0
4,layer2.3.bn1,47956,False,52781,0,0,0
4,layer2.3.relu1,17779,False,22386,0,0,0
4,layer2.3.conv2,1919269,False,1924946,0,0,0
4,layer2.3.bn2,41356,False,46147,0,0,0
4,layer2.3.relu2,17544,False,22071,0,0,0
4,layer2.3.conv3,845691,False,851369,0,0,0
4,layer2.3.bn3,169349,False,175064,0,0,0
4,layer2.3.add,226109,False,231905,0,0,0
4,layer2.3.relu3,82714,False,87600,0,0,0
4,layer3.0.conv1,1749198,False,1755037,0,0,0
4,layer3.0.bn1,84559,False,89614,0,0,0
4,layer3.0.relu1,31512,False,36148,0,0,0
4,layer3.0.conv2,2192623,False,2198829,0,0,0
4,layer3.0.bn2,35918,False,40802,0,0,0
4,layer3.0.relu2,11778,False,16398,0,0,0
4,layer3.0.conv3,970606,False,976103,0,0,0
4,layer3.0.bn3,95113,False,100170,0,0,0
4,layer3.0.downsample.0,2229641,False,2235907,0,0,0
4,layer3.0.downsample.1,91058,False,96181,0,0,0
4,layer3.0.add,106713,False,112176,0,0,0
4,layer3.0.relu3,37451,False,42215,0,0,0
4,layer3.1.conv1,1010700,False,1016311,0,0,0
4,layer3.1.bn1,32698,False,37416,0,0,0
4,layer3.1.relu1,11306,False,15787,0,0,0
4,layer3.1.conv2,2036106,False,2042176,0,0,0
4,layer3.1.bn2,32487,False,37221,0,0,0
4,layer3.1.relu2,11555,False,16132,0,0,0
4,layer3.1.conv3,972223,False,977812,0,0,0
4,layer3.1.bn3,93283,False,98282,0,0,0
4,layer3.1.add,105736,False,115040,0,0,0
4,layer3.1.relu3,35602,False,40186,0,0,0
4,layer3.2.conv1,1006468,False,1011987,0,0,0
4,layer3.2.bn1,31824,False,36400,0,0,0
4,layer3.2.relu1,10650,False,15132,0,0,0
4,layer3.2.conv2,2033693,False,2039904,0,0,0
4,layer3.2.bn2,32978,False,37625,0,0,0
4,layer3.2.relu2,11656,False,16102,0,0,0
4,layer3.2.conv3,971302,False,976911,0,0,0
4,layer3.2.bn3,91303,False,96315,0,0,0
4,layer3.2.add,93505,False,98789,0,0,0
4,layer3.2.relu3,34914,False,39578,0,0,0
4,layer3.3.conv1,1005088,False,1010721,0,0,0
4,layer3.3.bn1,31536,False,36185,0,0,0
4,layer3.3.relu1,11009,False,15562,0,0,0
4,layer3.3.conv2,2030788,False,2036747,0,0,0
4,layer3.3.bn2,31850,False,36548,0,0,0
4,layer3.3.relu2,11249,False,15788,0,0,0
4,layer3.3.conv3,965138,False,970852,0,0,0
4,layer3.3.bn3,95584,False,100480,0,0,0
4,layer3.3.add,105673,False,111190,0,0,0
4,layer3.3.relu3,36566,False,41247,0,0,0
4,layer3.4.conv1,1017043,False,1022706,0,0,0
4,layer3.4.bn1,31344,False,35933,0,0,0
4,layer3.4.relu1,11124,False,15692,0,0,0
4,layer3.4.conv2,2026487,False,2032447,0,0,0
4,layer3.4.bn2,32884,False,37661,0,0,0
4,layer3.4.relu2,11750,False,16329,0,0,0
4,layer3.4.conv3,965079,False,970629,0,0,0
4,layer3.4.bn3,91261,False,96519,0,0,0
4,layer3.4.add,93476,False,99025,0,0,0
4,layer3.4.relu3,35052,False,39827,0,0,0
4,layer3.5.conv1,1010169,False,1015636,0,0,0
4,layer3.5.bn1,32270,False,36916,0,0,0
4,layer3.5.relu1,10817,False,15316,0,0,0
4,layer3.5.conv2,2027532,False,2033561,0,0,0
4,layer3.5.bn2,32191,False,36871,0,0,0
4,layer3.5.relu2,11479,False,15908,0,0,0
4,layer3.5.conv3,968227,False,973789,0,0,0
4,layer3.5.bn3,93829,False,98757,0,0,0
4,layer3.5.add,105766,False,111271,0,0,0
4,layer3.5.relu3,35609,False,40320,0,0,0
4,layer4.0.conv1,1967843,False,1973738,0,0,0
4,layer4.0.bn1,51169,False,56043,0,0,0
4,layer4.0.relu1,17142,False,21660,0,0,0
4,layer4.0.conv2,3422938,False,3429105,0,0,0
4,layer4.0.bn2,30164,False,34899,0,0,0
4,layer4.0.relu2,8936,False,13417,0,0,0
4,layer4.0.conv3,1240036,False,1245865,0,0,0
4,layer4.0.bn3,58788,False,63514,0,0,0
4,layer4.0.downsample.0,2894906,False,2901094,0,0,0
4,layer4.0.downsample.1,56497,False,61241,0,0,0
4,layer4.0.add,36770,False,41523,0,0,0
4,layer4.0.relu3,17202,False,21823,0,0,0
4,layer4.1.conv1,1210940,False,1217055,0,0,0
4,layer4.1.bn1,29017,False,33717,0,0,0
4,layer4.1.relu1,7434,False,12080,0,0,0
4,layer4.1.conv2,3158614,False,3164957,0,0,0
4,layer4.1.bn2,32605,False,37232,0,0,0
4,layer4.1.relu2,8405,False,12963,0,0,0
4,layer4.1.conv3,1237932,False,1243796,0,0,0
4,layer4.1.bn3,58180,False,62922,0,0,0
4,layer4.1.add,39003,False,43725,0,0,0
4,layer4.1.relu3,16905,False,21449,0,0,0
4,layer4.2.conv1,1207738,False,1213906,0,0,0
4,layer4.2.bn1,28877,False,33451,0,0,0
4,layer4.2.relu1,7535,False,12036,0,0,0
4,layer4.2.conv2,3153738,False,3159996,0,0,0
4,layer4.2.bn2,30054,False,34786,0,0,0
4,layer4.2.relu2,8168,False,12550,0,0,0
4,layer4.2.conv3,1238429,False,1244318,0,0,0
4,layer4.2.bn3,59648,False,64392,0,0,0
4,layer4.2.add,36206,False,40918,0,0,0
4,layer4.2.relu3,17506,False,21940,0,0,0
4,avgpool,81055,False,85674,0,0,0
4,flatten,8087,False,12617,0,0,0
4,fc,504410,False,510695,0,0,0
5,conv1,2173503,False,2179883,0,0,0
5,bn1,328824,False,335018,0,0,0
5,relu,175556,False,181320,0,0,0
5,maxpool,10220957,False,10232965,0,0,0
5,layer1.0.conv1,263368,False,270224,0,0,0
5,layer1.0.bn1,87222,False,92487,0,0,0
5,layer1.0.relu1,34266,False,38989,0,0,0
5,layer1.0.conv2,1988622,False,1995142,0,0,0
5,layer1.0.bn2,83559,False,88812,0,0,0
5,layer1.0.relu2,33135,False,37794,0,0,0
5,layer1.0.conv3,857125,False,862803,0,0,0
5,layer1.0.bn3,324769,False,330709,0,0,0
5,layer1.0.downsample.0,865647,False,871615,0,0,0
5,layer1.0.downsample.1,322003,False,327986,0,0,0
5,layer1.0.add,451374,False,457584,0,0,0
5,layer1.0.relu3,179764,False,185570,0,0,0
5,layer1.1.conv1,803892,False,809825,0,0,0
5,layer1.1.bn1,95632,False,101086,0,0,0
5,layer1.1.relu1,32021,False,36651,0,0,0
5,layer1.1.conv2,1982451,False,1988370,0,0,0
5,layer1.1.bn2,79774,False,85055,0,0,0
5,layer1.1.relu2,32530,False,37273,0,0,0
5,layer1.1.conv3,852892,False,858471,0,0,0
5,layer1.1.bn3,322126,False,328157,0,0,0
5,layer1.1.add,445440,False,451418,0,0,0
5,layer1.1.relu3,177220,False,182770,0,0,0
5,layer1.2.conv1,803209,False,808936,0,0,0
5,layer1.2.bn1,90841,False,100226,0,0,0
5,layer1.2.relu1,32138,False,36753,0,0,0
5,layer1.2.conv2,1976585,False,1982463,0,0,0
5,layer1.2.bn2,77645,False,82750,0,0,0
5,layer1.2.relu2,32737,False,37553,0,0,0
5,layer1.2.conv3,851951,False,857648,0,0,0
5,layer1.2.bn3,320835,False,326904,0,0,0
5,layer1.2.add,454227,False,460118,0,0,0
5,layer1.2.relu3,173146,False,178930,0,0,0
5,layer2.0.conv1,1590026,False,1596258,0,0,0
5,layer2.0.bn1,175890,False,181384,0,0,0
5,layer2.0.relu1,77379,False,82281,0,0,0
5,layer2.0.conv2,2135817,False,2141724,0,0,0
5,layer2.0.bn2,43169,False,48011,0,0,0
5,layer2.0.relu2,17613,False,22304,0,0,0
5,layer2.0.conv3,847988,False,853661,0,0,0
5,layer2.0.bn3,167703,False,173470,0,0,0
5,layer2.0.downsample.0,2301468,False,2308302,0,0,0
5,layer2.0.downsample.1,178265,False,183835,0,0,0
5,layer2.0.add,225919,False,231753,0,0,0
5,layer2.0.relu3,86072,False,91047,0,0,0
5,layer2.1.conv1,818951,False,824593,0,0,0
5,layer2.1.bn1,49451,False,54173,0,0,0
5,layer2.1.relu1,18065,False,22699,0,0,0
5,layer2.1.conv2,1920450,False,1926206,0,0,0
5,layer2.1.bn2,42198,False,47032,0,0,0
5,layer2.1.relu2,16976,False,21559,0,0,0
5,layer2.1.conv3,848173,False,853705,0,0,0
5,layer2.1.bn3,168891,False,174382,0,0,0
5,layer2.1.add,225535,False,231161,0,0,0
5,layer2.1.relu3,82751,False,87670,0,0,0
5,layer2.2.conv1,814631,False,820071,0,0,0
5,layer2.2.bn1,47642,False,52474,0,0,0
5,layer2.2.relu1,17301,False,21880,0,0,0
5,layer2.2.conv2,1922056,False,1927874,0,0,0
5,layer2.2.bn2,41107,False,45888,0,0,0
5,layer2.2.relu2,17125,False,21724,0,0,0
5,layer2.2.conv3,846849,False,852749,0,0,0
5,layer2.2.bn3,169236,False,174641,0,0,0
5,layer2.2.add,231239,False,236960,0,0,0
5,layer2.2.relu3,83723,False,88619,0,0,0
5,layer2.3.conv1,815060,False,820335,0,0,0
5,layer2.3.bn1,48725,False,53429,0,0,0
5,layer2.3.relu1,16778,False,21319,0,0,0
5,layer2.3.conv2,1910317,False,1916190,0,0,0
5,layer2.3.bn2,41666,False,46582,0,0,0
5,layer2.3.relu2,17564,False,22203,0,0,0
5,layer2.3.conv3,844751,False,850602,0,0,0
5,layer2.3.bn3,171230,False,176934,0,0,0
5,layer2.3.add,224911,False,230527,0,0,0
5,layer2.3.relu3,82535,False,87349,0,0,0
5,layer3.0.conv1,1754964,False,1760912,0,0,0
5,layer3.0.bn1,83995,False,89072,0,0,0
5,layer3.0.relu1,32325,False,37014,0,0,0
5,layer3.0.conv2,2201874,False,2207969,0,0,0
5,layer3.0.bn2,35219,False,39921,0,0,0
5,layer3.0.relu2,12019,False,16610,0,0,0
5,layer3.0.conv3,970693,False,976297,0,0,0
5,layer3.0.bn3,95409,False,100387,0,0,0
5,layer3.0.downsample.0,2217032,False,2223466,0,0,0
5,layer3.0.downsample.1,90297,False,95208,0,0,0
5,layer3.0.add,107050,False,112393,0,0,0
5,layer3.0.relu3,37287,False,42208,0,0,0
5,layer3.1.conv1,1016231,False,1021953,0,0,0
5,layer3.1.bn1,31817,False,36483,0,0,0
5,layer3.1.relu1,11315,False,15815,0,0,0
5,layer3.1.conv2,2034732,False,2040861,0,0,0
5,layer3.1.bn2,32931,False,37698,0,0,0
5,layer3.1.relu2,12033,False,16535,0,0,0
5,layer3.1.conv3,966421,False,971986,0,0,0
5,layer3.1.bn3,92591,False,97480,0,0,0
5,layer3.1.add,108427,False,113919,0,0,0
5,layer3.1.relu3,35878,False,40625,0,0,0
5,layer3.2.conv1,1023929,False,1029679,0,0,0
5,layer3.2.bn1,32012,False,36606,0,0,0
5,layer3.2.relu1,11150,False,15749,0,0,0
5,layer3.2.conv2,2030201,False,2036095,0,0,0
5,layer3.2.bn2,32143,False,36822,0,0,0
5,layer3.2.relu2,10950,False,15422,0,0,0
5,layer3.2.conv3,966060,False,971637,0,0,0
5,layer3.2.bn3,91130,False,96226,0,0,0
5,layer3.2.add,92634,False,97824,0,0,0
5,layer3.2.relu3,35402,False,40084,0,0,0
5,layer3.3.conv1,1012300,False,1017930,0,0,0
5,layer3.3.bn1,31749,False,36321,0,0,0
5,layer3.3.relu1,10580,False,15192,0,0,0
5,layer3.3.conv2,2032929,False,2038796,0,0,0
5,layer3.3.bn2,33048,False,37801,0,0,0
5,layer3.3.relu2,11591,False,16042,0,0,0
5,layer3.3.conv3,962104,False,967565,0,0,0
5,layer3.3.bn3,93034,False,97944,0,0,0
5,layer3.3.add,104545,False,109947,0,0,0
5,layer3.3.relu3,35178,False,39872,0,0,0
5,layer3.4.conv1,1005869,False,1011384,0,0,0
5,layer3.4.bn1,32685,False,37347,0,0,0
5,layer3.4.relu1,10784,False,15278,0,0,0
5,layer3.4.conv2,2033939,False,2039992,0,0,0
5,layer3.4.bn2,33222,False,38034,0,0,0
5,layer3.4.relu2,11821,False,16403,0,0,0
5,layer3.4.conv3,970096,False,975640,0,0,0
5,layer3.4.bn3,93003,False,98024,0,0,0
5,layer3.4.add,93668,False,99003,0,0,0
5,layer3.4.relu3,35450,False,40255,0,0,0
5,layer3.5.conv1,1003069,False,1008639,0,0,0
5,layer3.5.bn1,31396,False,36037,0,0,0
5,layer3.5.relu1,10618,False,15140,0,0,0
5,layer3.5.conv2,2031200,False,2037140,0,0,0
5,layer3.5.bn2,33170,False,37860,0,0,0
5,layer3.5.relu2,12333,False,16771,0,0,0
5,layer3.5.conv3,970179,False,975548,0,0,0
5,layer3.5.bn3,92650,False,97564,0,0,0
5,layer3.5.add,105453,False,110809,0,0,0
5,layer3.5.relu3,35772,False,40457,0,0,0
5,layer4.0.conv1,1965475,False,1971238,0,0,0
5,layer4.0.bn1,49480,False,54261,0,0,0
5,layer4.0.relu1,16655,False,21162,0,0,0
5,layer4.0.conv2,3467206,False,3436308,0,1,0
5,layer4.0.bn2,30971,False,35687,0,0,0
5,layer4.0.relu2,9186,False,13713,0,0,0
5,layer4.0.conv3,1244349,False,1250028,0,0,0
5,layer4.0.bn3,57974,False,62692,0,0,0
5,layer4.0.downsample.0,2889889,False,2896097,0,0,0
5,layer4.0.downsample.1,57012,False,61765,0,0,0
5,layer4.0.add,35753,False,40538,0,0,0
5,layer4.0.relu3,17703,False,22280,0,0,0
5,layer4.1.conv1,1208645,False,1214494,0,0,0
5,layer4.1.bn1,29567,False,34358,0,0,0
5,layer4.1.relu1,8299,False,12948,0,0,0
5,layer4.1.conv2,3167844,False,3173977,0,0,0
5,layer4.1.bn2,29540,False,34299,0,0,0
5,layer4.1.relu2,8443,False,13087,0,0,0
5,layer4.1.conv3,1238972,False,1244797,0,0,0
5,layer4.1.bn3,58791,False,63557,0,0,0
5,layer4.1.add,38180,False,42954,0,0,0
5,layer4.1.relu3,16794,False,21312,0,0,0
5,layer4.2.conv1,1205587,False,1211396,0,0,0
5,layer4.2.bn1,28126,False,32781,0,0,0
5,layer4.2.relu1,7360,False,11889,0,0,0
5,layer4.2.conv2,3151483,False,3157507,0,0,0
5,layer4.2.bn2,30281,False,35009,0,0,0
5,layer4.2.relu2,8801,False,13295,0,0,0
5,layer4.2.conv3,1238120,False,1243983,0,0,0
5,layer4.2.bn3,60966,False,65746,0,0,0
5,layer4.2.add,35139,False,39876,0,0,0
5,layer4.2.relu3,16932,False,21492,0,0,0
5,avgpool,81589,False,86521,0,0,0
5,flatten,8897,False,13468,0,0,0
5,fc,504831,False,510927,0,0,0
6,conv1,2169690,False,2176055,0,0,0
6,bn1,328454,False,334867,0,0,0
6,relu,178760,False,184292,0,0,0
6,maxpool,10225470,False,10232557,0,0,0
6,layer1.0.conv1,262722,False,269951,0,0,0
6,layer1.0.bn1,88175,False,93298,0,0,0
6,layer1.0.relu1,33666,False,38460,0,0,0
6,layer1.0.conv2,1989886,False,1996044,0,0,0
6,layer1.0.bn2,79753,False,84908,0,0,0
6,layer1.0.relu2,31732,False,36592,0,0,0
6,layer1.0.conv3,856830,False,862627,0,0,0
6,layer1.0.bn3,323154,False,329144,0,0,0
6,layer1.0.downsample.0,863727,False,869639,0,0,0
6,layer1.0.downsample.1,321680,False,327668,0,0,0
6,layer1.0.add,451862,False,458038,0,0,0
6,layer1.0.relu3,178660,False,184275,0,0,0
6,layer1.1.conv1,802917,False,808780,0,0,0
6,layer1.1.bn1,95348,False,100341,0,0,0
6,layer1.1.relu1,31762,False,36362,0,0,0
6,layer1.1.conv2,1981264,False,1987046,0,0,0
6,layer1.1.bn2,79191,False,84426,0,0,0
6,layer1.1.relu2,32105,False,36845,0,0,0
6,layer1.1.conv3,850307,False,855943,0,0,0
6,layer1.1.bn3,320623,False,326701,0,0,0
6,layer1.1.add,447092,False,453079,0,0,0
6,layer1.1.relu3,177488,False,183110,0,0,0
6,layer1.2.conv1,808137,False,813903,0,0,0
6,layer1.2.bn1,91505,False,96492,0,0,0
6,layer1.2.relu1,30932,False,35604,0,0,0
6,layer1.2.conv2,1971924,False,1978002,0,0,0
6,layer1.2.bn2,79827,False,85059,0,0,0
6,layer1.2.relu2,32089,False,37128,0,0,0
6,layer1.2.conv3,852869,False,858591,0,0,0
6,layer1.2.bn3,320052,False,326173,0,0,0
6,layer1.2.add,454367,False,460283,0,0,0
6,layer1.2.relu3,173958,False,179592,0,0,0
6,layer2.0.conv1,1587941,False,1594146,0,0,0
6,layer2.0.bn1,175433,False,181043,0,0,0
6,layer2.0.relu1,77413,False,82431,0,0,0
6,layer2.0.conv2,2130458,False,2136657,0,0,0
6,layer2.0.bn2,43787,False,48666,0,0,0
6,layer2.0.relu2,17187,False,21728,0,0,0
6,layer2.0.conv3,849034,False,854491,0,0,0
6,layer2.0.bn3,167311,False,172828,0,0,0
6,layer2.0.downsample.0,2297636,False,2303905,0,0,0
6,layer2.0.downsample.1,177158,False,182832,0,0,0
6,layer2.0.add,225316,False,231002,0,0,0
6,layer2.0.relu3,86046,False,91176,0,0,0
6,layer2.1.conv1,817268,False,822845,0,0,0
6,layer2.1.bn1,48067,False,52898,0,0,0
6,layer2.1.relu1,17522,False,22170,0,0,0
6,layer2.1.conv2,1925706,False,1931694,0,0,0
6,layer2.1.bn2,42792,False,47538,0,0,0
6,layer2.1.relu2,17228,False,21713,0,0,0
6,layer2.1.conv3,847534,False,853096,0,0,0
6,layer2.1.bn3,169878,False,175536,0,0,0
6,layer2.1.add,225989,False,231574,0,0,0
6,layer2.1.relu3,82818,False,87734,0,0,0
6,layer2.2.conv1,814474,False,819967,0,0,0
6,layer2.2.bn1,46757,False,51748,0,0,0
6,layer2.2.relu1,17459,False,21994,0,0,0
6,layer2.2.conv2,1949244,False,1938604,0,1,0
6,layer2.2.bn2,41426,False,46282,0,0,0
6,layer2.2.relu2,18052,False,22616,0,0,0
6,layer2.2.conv3,846768,False,852441,0,0,0
6,layer2.2.bn3,169855,False,175442,0,0,0
6,layer2.2.add,233021,False,238775,0,0,0
6,layer2.2.relu3,83206,False,87946,0,0,0
6,layer2.3.conv1,815168,False,820628,0,0,0
6,layer2.3.bn1,49210,False,53924,0,0,0
6,layer2.3.relu1,17388,False,22026,0,0,0
6,layer2.3.conv2,1921506,False,1927243,0,0,0
6,layer2.3.bn2,42621,False,47424,0,0,0
6,layer2.3.relu2,17850,False,22424,0,0,0
6,layer2.3.conv3,855906,False,861575,0,0,0
6,layer2.3.bn3,169697,False,175339,0,0,0
6,layer2.3.add,225058,False,230816,0,0,0
6,layer2.3.relu3,83123,False,87981,0,0,0
6,layer3.0.conv1,1713499,False,1719258,0,0,0
6,layer3.0.bn1,84257,False,89199,0,0,0
6,layer3.0.relu1,31813,False,36412,0,0,0
6,layer3.0.conv2,2202163,False,2208300,0,0,0
6,layer3.0.bn2,36120,False,40885,0,0,0
6,layer3.0.relu2,11298,False,15666,0,0,0
6,layer3.0.conv3,964962,False,970386,0,0,0
6,layer3.0.bn3,95879,False,100987,0,0,0
6,layer3.0.downsample.0,2220256,False,2226561,0,0,0
6,layer3.0.downsample.1,92191,False,97515,0,0,0
6,layer3.0.add,106960,False,112170,0,0,0
6,layer3.0.relu3,36657,False,41491,0,0,0
6,layer3.1.conv1,1017021,False,1022586,0,0,0
6,layer3.1.bn1,32715,False,37345,0,0,0
6,layer3.1.relu1,11033,False,15588,0,0,0
6,layer3.1.conv2,2035055,False,2041167,0,0,0
6,layer3.1.bn2,32685,False,37351,0,0,0
6,layer3.1.relu2,11108,False,15550,0,0,0
6,layer3.1.conv3,965520,False,970857,0,0,0
6,layer3.1.bn3,96914,False,101811,0,0,0
6,layer3.1.add,105108,False,110393,0,0,0
6,layer3.1.relu3,35855,False,40624,0,0,0
6,layer3.2.conv1,1007254,False,1013121,0,0,0
6,layer3.2.bn1,33134,False,37797,0,0,0
6,layer3.2.relu1,10369,False,14963,0,0,0
6,layer3.2.conv2,2030886,False,2036908,0,0,0
6,layer3.2.bn2,32417,False,37148,0,0,0
6,layer3.2.relu2,11757,False,16326,0,0,0
6,layer3.2.conv3,971980,False,977634,0,0,0
6,layer3.2.bn3,92518,False,97735,0,0,0
6,layer3.2.add,93640,False,98939,0,0,0
6,layer3.2.relu3,35016,False,39746,0,0,0
6,layer3.3.conv1,1010231,False,1015880,0,0,0
6,layer3.3.bn1,31512,False,36252,0,0,0
6,layer3.3.relu1,10838,False,15379,0,0,0
6,layer3.3.conv2,2031795,False,2038019,0,0,0
6,layer3.3.bn2,34025,False,38807,0,0,0
6,layer3.3.relu2,11708,False,19773,0,0,0
6,layer3.3.conv3,970735,False,976260,0,0,0
6,layer3.3.bn3,93032,False,97931,0,0,0
6,layer3.3.add,104867,False,110269,0,0,0
6,layer3.3.relu3,35566,False,40266,0,0,0
6,layer3.4.conv1,1016715,False,1022278,0,0,0
6,layer3.4.bn1,32969,False,37763,0,0,0
6,layer3.4.relu1,11571,False,16174,0,0,0
6,layer3.4.conv2,2033755,False,2039742,0,0,0
6,layer3.4.bn2,34365,False,39103,0,0,0
6,layer3.4.relu2,11586,False,16102,0,0,0
6,layer3.4.conv3,965761,False,971316,0,0,0
6,layer3.4.bn3,90975,False,96088,0,0,0
6,layer3.4.add,92974,False,98261,0,0,0
6,layer3.4.relu3,34530,False,39369,0,0,0
6,layer3.5.conv1,1019871,False,1025690,0,0,0
6,layer3.5.bn1,31404,False,36033,0,0,0
6,layer3.5.relu1,10752,False,18597,0,0,0
6,layer3.5.conv2,2031372,False,2037418,0,0,0
6,layer3.5.bn2,33558,False,38266,0,0,0
6,layer3.5.relu2,11389,False,15942,0,0,0
6,layer3.5.conv3,968469,False,974163,0,0,0
6,layer3.5.bn3,92905,False,97811,0,0,0
6,layer3.5.add,105221,False,110677,0,0,0
6,layer3.5.relu3,35844,False,40759,0,0,0
6,layer4.0.conv1,1966657,False,1972390,0,0,0
6,layer4.0.bn1,50027,False,54750,0,0,0
6,layer4.0.relu1,16681,False,21336,0,0,0
6,layer4.0.conv2,3418005,False,3424156,0,0,0
6,layer4.0.bn2,30903,False,35598,0,0,0
6,layer4.0.relu2,8580,False,13083,0,0,0
6,layer4.0.conv3,1245981,False,1251886,0,0,0
6,layer4.0.bn3,58142,False,62910,0,0,0
6,layer4.0.downsample.0,2889335,False,2895657,0,0,0
6,layer4.0.downsample.1,56498,False,61370,0,0,0
6,layer4.0.add,35769,False,40406,0,0,0
6,layer4.0.relu3,17364,False,21923,0,0,0
6,layer4.1.conv1,1210518,False,1216508,0,0,0
6,layer4.1.bn1,29322,False,34078,0,0,0
6,layer4.1.relu1,7505,False,12044,0,0,0
6,layer4.1.conv2,3162550,False,3168777,0,0,0
6,layer4.1.bn2,28929,False,33618,0,0,0
6,layer4.1.relu2,8535,False,12980,0,0,0
6,layer4.1.conv3,1237480,False,1243383,0,0,0
6,layer4.1.bn3,58389,False,63169,0,0,0
6,layer4.1.add,38056,False,42751,0,0,0
6,layer4.1.relu3,17167,False,21661,0,0,0
6,layer4.2.conv1,1206309,False,1212390,0,0,0
6,layer4.2.bn1,29331,False,33954,0,0,0
6,layer4.2.relu1,7869,False,12369,0,0,0
6,layer4.2.conv2,3144099,False,3150247,0,0,0
6,layer4.2.bn2,30481,False,35240,0,0,0
6,layer4.2.relu2,8079,False,12504,0,0,0
6,layer4.2.conv3,1244264,False,1250349,0,0,0
6,layer4.2.bn3,59696,False,64384,0,0,0
6,layer4.2.add,35876,False,40535,0,0,0
6,layer4.2.relu3,17067,False,21582,0,0,0
6,avgpool,81868,False,86545,0,0,0
6,flatten,8667,False,13182,0,0,0
6,fc,503449,False,509444,0,0,0
7,conv1,2173827,False,2180420,0,0,0
7,bn1,328601,False,334677,0,0,0
7,relu,180047,False,185517,0,0,0
7,maxpool,10846955,False,10416217,0,1,0
7,layer1.0.conv1,268656,False,275677,0,0,0
7,layer1.0.bn1,87963,False,93012,0,0,0
7,layer1.0.relu1,33720,False,38389,0,0,0
7,layer1.0.conv2,1989612,False,1995667,0,0,0
7,layer1.0.bn2,82092,False,87319,0,0,0
7,layer1.0.relu2,32835,False,37598,0,0,0
7,layer1.0.conv3,856710,False,862567,0,0,0
7,layer1.0.bn3,321142,False,327230,0,0,0
7,layer1.0.downsample.0,865941,False,872027,0,0,0
7,layer1.0.downsample.1,325699,False,331700,0,0,0
7,layer1.0.add,451355,False,457469,0,0,0
7,layer1.0.relu3,175510,False,181163,0,0,0
7,layer1.1.conv1,808293,False,814087,0,0,0
7,layer1.1.bn1,92233,False,97333,0,0,0
7,layer1.1.relu1,31261,False,35914,0,0,0
7,layer1.1.conv2,1985385,False,1991801,0,0,0
7,layer1.1.bn2,79489,False,84551,0,0,0
7,layer1.1.relu2,33001,False,37739,0,0,0
7,layer1.1.conv3,851763,False,857986,0,0,0
7,layer1.1.bn3,326632,False,332690,0,0,0
7,layer1.1.add,446870,False,453072,0,0,0
7,layer1.1.relu3,174421,False,180133,0,0,0
7,layer1.2.conv1,810523,False,816470,0,0,0
7,layer1.2.bn1,92136,False,97146,0,0,0
7,layer1.2.relu1,31264,False,35934,0,0,0
7,layer1.2.conv2,1976904,False,1982875,0,0,0
7,layer1.2.bn2,79888,False,85113,0,0,0
7,layer1.2.relu2,36394,False,41102,0,0,0
7,layer1.2.conv3,846961,False,852884,0,0,0
7,layer1.2.bn3,324462,False,330441,0,0,0
7,layer1.2.add,450254,False,456436,0,0,0
7,layer1.2.relu3,174043,False,179601,0,0,0
7,layer2.0.conv1,1593213,False,1599327,0,0,0
7,layer2.0.bn1,171773,False,177347,0,0,0
7,layer2.0.relu1,77300,False,82269,0,0,0
7,layer2.0.conv2,2129518,False,2135836,0,0,0
7,layer2.0.bn2,43824,False,48526,0,0,0
7,layer2.0.relu2,17789,False,22328,0,0,0
7,layer2.0.conv3,843027,False,848713,0,0,0
7,layer2.0.bn3,172138,False,178049,0,0,0
7,layer2.0.downsample.0,2308074,False,2314382,0,0,0
7,layer2.0.downsample.1,172614,False,178341,0,0,0
7,layer2.0.add,225811,False,231656,0,0,0
7,layer2.0.relu3,89501,False,94510,0,0,0
7,layer2.1.conv1,814265,False,819783,0,0,0
7,layer2.1.bn1,48763,False,53656,0,0,0
7,layer2.1.relu1,22344,False,26888,0,0,0
7,layer2.1.conv2,1917301,False,1922949,0,0,0
7,layer2.1.bn2,45613,False,50292,0,0,0
7,layer2.1.relu2,17330,False,22090,0,0,0
7,layer2.1.conv3,841484,False,847235,0,0,0
7,layer2.1.bn3,173791,False,179403,0,0,0
7,layer2.1.add,225639,False,231406,0,0,0
7,layer2.1.relu3,83090,False,88007,0,0,0
7,layer2.2.conv1,814485,False,820069,0,0,0
7,layer2.2.bn1,46835,False,51709,0,0,0
7,layer2.2.relu1,17881,False,22422,0,0,0
7,layer2.2.conv2,1915411,False,1921208,0,0,0
7,layer2.2.bn2,40818,False,45626,0,0,0
7,layer2.2.relu2,17812,False,22308,0,0,0
7,layer2.2.conv3,857842,False,863532,0,0,0
7,layer2.2.bn3,170123,False,175734,0,0,0
7,layer2.2.add,228497,False,234259,0,0,0
7,layer2.2.relu3,84385,False,89361,0,0,0
7,layer2.3.conv1,814103,False,819626,0,0,0
7,layer2.3.bn1,47179,False,52132,0,0,0
7,layer2.3.relu1,17433,False,22140,0,0,0
7,layer2.3.conv2,1915601,False,1921588,0,0,0
7,layer2.3.bn2,41129,False,45788,0,0,0
7,layer2.3.relu2,17774,False,22321,0,0,0
7,layer2.3.conv3,847600,False,853240,0,0,0
7,layer2.3.bn3,169304,False,174966,0,0,0
7,layer2.3.add,225212,False,234786,0,0,0
7,layer2.3.relu3,82959,False,87806,0,0,0
7,layer3.0.conv1,1749542,False,1755359,0,0,0
7,layer3.0.bn1,85818,False,90940,0,0,0
7,layer3.0.relu1,32275,False,36983,0,0,0
7,layer3.0.conv2,2192612,False,2199162,0,0,0
7,layer3.0.bn2,36013,False,40818,0,0,0
7,layer3.0.relu2,12213,False,16773,0,0,0
7,layer3.0.conv3,972371,False,977949,0,0,0
7,layer3.0.bn3,91362,False,96417,0,0,0
7,layer3.0.downsample.0,2215880,False,2222280,0,0,0
7,layer3.0.downsample.1,94566,False,99661,0,0,0
7,layer3.0.add,106410,False,111957,0,0,0
7,layer3.0.relu3,37311,False,42114,0,0,0
7,layer3.1.conv1,1020323,False,1025940,0,0,0
7,layer3.1.bn1,33492,False,38144,0,0,0
7,layer3.1.relu1,11486,False,16097,0,0,0
7,layer3.1.conv2,2033208,False,2039468,0,0,0
7,layer3.1.bn2,32727,False,37389,0,0,0
7,layer3.1.relu2,11782,False,16489,0,0,0
7,layer3.1.conv3,971998,False,977595,0,0,0
7,layer3.1.bn3,93051,False,97937,0,0,0
7,layer3.1.add,106084,False,111449,0,0,0
7,layer3.1.relu3,36201,False,40796,0,0,0
7,layer3.2.conv1,1006987,False,1012713,0,0,0
7,layer3.2.bn1,31946,False,36702,0,0,0
7,layer3.2.relu1,10397,False,14966,0,0,0
7,layer3.2.conv2,2035542,False,2041829,0,0,0
7,layer3.2.bn2,34025,False,39150,0,0,0
7,layer3.2.relu2,12647,False,17587,0,0,0
7,layer3.2.conv3,972254,False,977783,0,0,0
7,layer3.2.bn3,91641,False,96818,0,0,0
7,layer3.2.add,94233,False,99527,0,0,0
7,layer3.2.relu3,35111,False,39883,0,0,0
7,layer3.3.conv1,1022962,False,1028684,0,0,0
7,layer3.3.bn1,31884,False,36533,0,0,0
7,layer3.3.relu1,10911,False,15474,0,0,0
7,layer3.3.conv2,2039473,False,2045467,0,0,0
7,layer3.3.bn2,33599,False,38386,0,0,0
7,layer3.3.relu2,11438,False,15916,0,0,0
7,layer3.3.conv3,965878,False,971505,0,0,0
7,layer3.3.bn3,97709,False,102728,0,0,0
7,layer3.3.add,105803,False,111109,0,0,0
7,layer3.3.relu3,35644,False,40209,0,0,0
7,layer3.4.conv1,1016422,False,1022065,0,0,0
7,layer3.4.bn1,33418,False,38075,0,0,0
7,layer3.4.relu1,10622,False,15231,0,0,0
7,layer3.4.conv2,2032711,False,2038785,0,0,0
7,layer3.4.bn2,32754,False,37594,0,0,0
7,layer3.4.relu2,11549,False,16133,0,0,0
7,layer3.4.conv3,966313,False,971971,0,0,0
7,layer3.4.bn3,91794,False,96862,0,0,0
7,layer3.4.add,93661,False,98942,0,0,0
7,layer3.4.relu3,34711,False,39477,0,0,0
7,layer3.5.conv1,1008724,False,1014300,0,0,0
7,layer3.5.bn1,31591,False,36275,0,0,0
7,layer3.5.relu1,11465,False,16097,0,0,0
7,layer3.5.conv2,2033034,False,2039099,0,0,0
7,layer3.5.bn2,33011,False,41232,0,0,0
7,layer3.5.relu2,11551,False,16237,0,0,0
7,layer3.5.conv3,971107,False,976700,0,0,0
7,layer3.5.bn3,92559,False,97807,0,0,0
7,layer3.5.add,104888,False,110217,0,0,0
7,layer3.5.relu3,35465,False,40218,0,0,0
7,layer4.0.conv1,1975278,False,1981102,0,0,0
7,layer4.0.bn1,49792,False,54674,0,0,0
7,layer4.0.relu1,16889,False,21465,0,0,0
7,layer4.0.conv2,3405366,False,3411448,0,0,0
7,layer4.0.bn2,30606,False,35468,0,0,0
7,layer4.0.relu2,11945,False,16702,0,0,0
7,layer4.0.conv3,1246929,False,1252842,0,0,0
7,layer4.0.bn3,58792,False,63503,0,0,0
7,layer4.0.downsample.0,2886513,False,2892717,0,0,0
7,layer4.0.downsample.1,56653,False,61519,0,0,0
7,layer4.0.add,35687,False,40351,0,0,0
7,layer4.0.relu3,17728,False,22282,0,0,0
7,layer4.1.conv1,1210793,False,1217023,0,0,0
7,layer4.1.bn1,29475,False,34244,0,0,0
7,layer4.1.relu1,8338,False,12890,0,0,0
7,layer4.1.conv2,3153404,False,3159615,0,0,0
7,layer4.1.bn2,32533,False,37338,0,0,0
7,layer4.1.relu2,8669,False,13105,0,0,0
7,layer4.1.conv3,1238914,False,1244966,0,0,0
7,layer4.1.bn3,58992,False,63767,0,0,0
7,layer4.1.add,37991,False,42729,0,0,0
7,layer4.1.relu3,16555,False,21103,0,0,0
7,layer4.2.conv1,1209335,False,1215313,0,0,0
7,layer4.2.bn1,28730,False,33404,0,0,0
7,layer4.2.relu1,8286,False,12865,0,0,0
7,layer4.2.conv2,3144413,False,3150403,0,0,0
7,layer4.2.bn2,34364,False,39156,0,0,0
7,layer4.2.relu2,8215,False,12736,0,0,0
7,layer4.2.conv3,1234775,False,1240718,0,0,0
7,layer4.2.bn3,60564,False,65299,0,0,0
7,layer4.2.add,35641,False,40322,0,0,0
7,layer4.2.relu3,16657,False,21189,0,0,0
7,avgpool,82373,False,87261,0,0,0
7,flatten,8324,False,12886,0,0,0
7,fc,504983,False,510898,0,0,0
8,conv1,2172099,False,2178921,0,0,0
8,bn1,331125,False,337785,0,0,0
8,relu,176885,False,182620,0,0,0
8,maxpool,10230418,False,10237836,0,0,0
8,layer1.0.conv1,249868,False,256566,0,0,0
8,layer1.0.bn1,87961,False,93253,0,0,0
8,layer1.0.relu1,33974,False,38619,0,0,0
8,layer1.0.conv2,1992101,False,1998330,0,0,0
8,layer1.0.bn2,81655,False,86821,0,0,0
8,layer1.0.relu2,32632,False,37395,0,0,0
8,layer1.0.conv3,856867,False,862602,0,0,0
8,layer1.0.bn3,323349,False,329256,0,0,0
8,layer1.0.downsample.0,860408,False,866523,0,0,0
8,layer1.0.downsample.1,321653,False,327606,0,0,0
8,layer1.0.add,451571,False,457504,0,0,0
8,layer1.0.relu3,178819,False,184503,0,0,0
8,layer1.1.conv1,804057,False,809907,0,0,0
8,layer1.1.bn1,92085,False,97100,0,0,0
8,layer1.1.relu1,31639,False,40098,0,0,0
8,layer1.1.conv2,1981491,False,1987212,0,0,0
8,layer1.1.bn2,81190,False,86290,0,0,0
8,layer1.1.relu2,31890,False,36621,0,0,0
8,layer1.1.conv3,851948,False,857498,0,0,0
8,layer1.1.bn3,319339,False,325212,0,0,0
8,layer1.1.add,446106,False,452311,0,0,0
8,layer1.1.relu3,177664,False,183269,0,0,0
8,layer1.2.conv1,802064,False,807797,0,0,0
8,layer1.2.bn1,94422,False,99359,0,0,0
8,layer1.2.relu1,31909,False,36596,0,0,0
8,layer1.2.conv2,1976015,False,1982261,0,0,0
8,layer1.2.bn2,78597,False,83609,0,0,0
8,layer1.2.relu2,31995,False,36653,0,0,0
8,layer1.2.conv3,852005,False,857587,0,0,0
8,layer1.2.bn3,319649,False,325607,0,0,0
8,layer1.2.add,449599,False,455467,0,0,0
8,layer1.2.relu3,177053,False,182650,0,0,0
8,layer2.0.conv1,1589486,False,1595353,0,0,0
8,layer2.0.bn1,171727,False,177235,0,0,0
8,layer2.0.relu1,77976,False,83003,0,0,0
8,layer2.0.conv2,2134891,False,2140998,0,0,0
8,layer2.0.bn2,43531,False,48293,0,0,0
8,layer2.0.relu2,17282,False,21792,0,0,0
8,layer2.0.conv3,849209,False,854787,0,0,0
8,layer2.0.bn3,168441,False,173953,0,0,0
8,layer2.0.downsample.0,2302843,False,2308971,0,0,0
8,layer2.0.downsample.1,173375,False,179242,0,0,0
8,layer2.0.add,229614,False,235519,0,0,0
8,layer2.0.relu3,84496,False,89464,0,0,0
8,layer2.1.conv1,819613,False,825123,0,0,0
8,layer2.1.bn1,48589,False,53271,0,0,0
8,layer2.1.relu1,16977,False,21534,0,0,0
8,layer2.1.conv2,1917944,False,1923677,0,0,0
8,layer2.1.bn2,42149,False,46980,0,0,0
8,layer2.1.relu2,17158,False,21690,0,0,0
8,layer2.1.conv3,845018,False,850623,0,0,0
8,layer2.1.bn3,169699,False,175220,0,0,0
8,layer2.1.add,225834,False,231501,0,0,0
8,layer2.1.relu3,83707,False,88551,0,0,0
8,layer2.2.conv1,825219,False,830791,0,0,0
8,layer2.2.bn1,46338,False,51197,0,0,0
8,layer2.2.relu1,17452,False,22099,0,0,0
8,layer2.2.conv2,1915297,False,1920813,0,0,0
8,layer2.2.bn2,41122,False,45788,0,0,0
8,layer2.2.relu2,17454,False,22027,0,0,0
8,layer2.2.conv3,846615,False,852173,0,0,0
8,layer2.2.bn3,169267,False,175022,0,0,0
8,layer2.2.add,230439,False,236198,0,0,0
8,layer2.2.relu3,84186,False,88986,0,0,0
8,layer2.3.conv1,815718,False,821140,0,0,0
8,layer2.3.bn1,48596,False,53391,0,0,0
8,layer2.3.relu1,17412,False,22012,0,0,0
8,layer2.3.conv2,1918153,False,1923902,0,0,0
8,layer2.3.bn2,42360,False,47074,0,0,0
8,layer2.3.relu2,17503,False,21948,0,0,0
8,layer2.3.conv3,845899,False,851237,0,0,0
8,layer2.3.bn3,169524,False,175001,0,0,0
8,layer2.3.add,225149,False,230958,0,0,0
8,layer2.3.relu3,83201,False,88121,0,0,0
8,layer3.0.conv1,1737315,False,1743073,0,0,0
8,layer3.0.bn1,84976,False,89993,0,0,0
8,layer3.0.relu1,31899,False,36488,0,0,0
8,layer3.0.conv2,2188463,False,2194537,0,0,0
8,layer3.0.bn2,35794,False,40608,0,0,0
8,layer3.0.relu2,12068,False,16523,0,0,0
8,layer3.0.conv3,969947,False,975475,0,0,0
8,layer3.0.bn3,91983,False,97004,0,0,0
8,layer3.0.downsample.0,2224973,False,2231423,0,0,0
8,layer3.0.downsample.1,89836,False,94767,0,0,0
8,layer3.0.add,105954,False,111228,0,0,0
8,layer3.0.relu3,36881,False,41706,0,0,0
8,layer3.1.conv1,1010895,False,1016559,0,0,0
8,layer3.1.bn1,32457,False,37036,0,0,0
8,layer3.1.relu1,10853,False,15435,0,0,0
8,layer3.1.conv2,2033280,False,2039325,0,0,0
8,layer3.1.bn2,34342,False,39122,0,0,0
8,layer3.1.relu2,11929,False,16348,0,0,0
8,layer3.1.conv3,970000,False,975763,0,0,0
8,layer3.1.bn3,92877,False,97970,0,0,0
8,layer3.1.add,109662,False,115222,0,0,0
8,layer3.1.relu3,35988,False,40864,0,0,0
8,layer3.2.conv1,1006368,False,1011966,0,0,0
8,layer3.2.bn1,32824,False,37521,0,0,0
8,layer3.2.relu1,10200,False,14786,0,0,0
8,layer3.2.conv2,2033240,False,2039078,0,0,0
8,layer3.2.bn2,33302,False,38011,0,0,0
8,layer3.2.relu2,11309,False,16015,0,0,0
8,layer3.2.conv3,968363,False,974007,0,0,0
8,layer3.2.bn3,91725,False,96865,0,0,0
8,layer3.2.add,92817,False,98049,0,0,0
8,layer3.2.relu3,35661,False,40529,0,0,0
8,layer3.3.conv1,1007099,False,1012798,0,0,0
8,layer3.3.bn1,32500,False,37190,0,0,0
8,layer3.3.relu1,10279,False,14935,0,0,0
8,layer3.3.conv2,2037037,False,2043041,0,0,0
8,layer3.3.bn2,32316,False,37081,0,0,0
8,layer3.3.relu2,11666,False,16242,0,0,0
8,layer3.3.conv3,971125,False,976727,0,0,0
8,layer3.3.bn3,97912,False,102892,0,0,0
8,layer3.3.add,105167,False,110507,0,0,0
8,layer3.3.relu3,36359,False,41025,0,0,0
8,layer3.4.conv1,1007394,False,1012882,0,0,0
8,layer3.4.bn1,32742,False,37579,0,0,0
8,layer3.4.relu1,10337,False,14926,0,0,0
8,layer3.4.conv2,2033118,False,2039176,0,0,0
8,layer3.4.bn2,32649,False,37442,0,0,0
8,layer3.4.relu2,11645,False,16135,0,0,0
8,layer3.4.conv3,964964,False,970450,0,0,0
8,layer3.4.bn3,91373,False,96495,0,0,0
8,layer3.4.add,93473,False,98881,0,0,0
8,layer3.4.relu3,34481,False,39327,0,0,0
8,layer3.5.conv1,1014689,False,1020374,0,0,0
8,layer3.5.bn1,32139,False,36897,0,0,0
8,layer3.5.relu1,10890,False,15451,0,0,0
8,layer3.5.conv2,2033117,False,2039125,0,0,0
8,layer3.5.bn2,36207,False,41099,0,0,0
8,layer3.5.relu2,11568,False,16108,0,0,0
8,layer3.5.conv3,970351,False,975924,0,0,0
8,layer3.5.bn3,93014,False,97984,0,0,0
8,layer3.5.add,104816,False,110186,0,0,0
8,layer3.5.relu3,35540,False,40232,0,0,0
8,layer4.0.conv1,1959281,False,1965061,0,0,0
8,layer4.0.bn1,50637,False,55509,0,0,0
8,layer4.0.relu1,17586,False,22194,0,0,0
8,layer4.0.conv2,3416237,False,3422285,0,0,0
8,layer4.0.bn2,30281,False,35030,0,0,0
8,layer4.0.relu2,8245,False,12813,0,0,0
8,layer4.0.conv3,1243850,False,1249751,0,0,0
8,layer4.0.bn3,58302,False,63125,0,0,0
8,layer4.0.downsample.0,2897760,False,2904057,0,0,0
8,layer4.0.downsample.1,56877,False,61830,0,0,0
8,layer4.0.add,35494,False,40159,0,0,0
8,layer4.0.relu3,17582,False,22187,0,0,0
8,layer4.1.conv1,1211362,False,1217446,0,0,0
8,layer4.1.bn1,29528,False,34165,0,0,0
8,layer4.1.relu1,8424,False,12979,0,0,0
8,layer4.1.conv2,3150763,False,3157016,0,0,0
8,layer4.1.bn2,29424,False,34055,0,0,0
8,layer4.1.relu2,7670,False,12056,0,0,0
8,layer4.1.conv3,1237459,False,1243360,0,0,0
8,layer4.1.bn3,58603,False,63287,0,0,0
8,layer4.1.add,37931,False,42639,0,0,0
8,layer4.1.relu3,17095,False,21565,0,0,0
8,layer4.2.conv1,1204367,False,1210212,0,0,0
8,layer4.2.bn1,28949,False,33601,0,0,0
8,layer4.2.relu1,7368,False,11863,0,0,0
8,layer4.2.conv2,3155037,False,3161126,0,0,0
8,layer4.2.bn2,30589,False,35260,0,0,0
8,layer4.2.relu2,29961,False,34520,0,0,0
8,layer4.2.conv3,1235857,False,1241608,0,0,0
8,layer4.2.bn3,59735,False,64462,0,0,0
8,layer4.2.add,35155,False,39785,0,0,0
8,layer4.2.relu3,16416,False,20872,0,0,0
8,avgpool,80966,False,85685,0,0,0
8,flatten,8629,False,13162,0,0,0
8,fc,502770,False,508790,0,0,0
9,conv1,2170695,False,2177628,0,0,0
9,bn1,327684,False,333986,0,0,0
9,relu,175078,False,180678,0,0,0
9,maxpool,10224618,False,10232372,0,0,0
9,layer1.0.conv1,264196,False,271296,0,0,0
9,layer1.0.bn1,90074,False,96655,0,0,0
9,layer1.0.relu1,33437,False,37988,0,0,0
9,layer1.0.conv2,1987772,False,1993655,0,0,0
9,layer1.0.bn2,82064,False,87208,0,0,0
9,layer1.0.relu2,31627,False,36362,0,0,0
9,layer1.0.conv3,854944,False,860614,0,0,0
9,layer1.0.bn3,323155,False,329082,0,0,0
9,layer1.0.downsample.0,860255,False,866315,0,0,0
9,layer1.0.downsample.1,325959,False,332053,0,0,0
9,layer1.0.add,451401,False,457454,0,0,0
9,layer1.0.relu3,175732,False,181273,0,0,0
9,layer1.1.conv1,803592,False,809464,0,0,0
9,layer1.1.bn1,92998,False,98028,0,0,0
9,layer1.1.relu1,34611,False,39168,0,0,0
9,layer1.1.conv2,1978626,False,1984556,0,0,0
9,layer1.1.bn2,80376,False,85485,0,0,0
9,layer1.1.relu2,32730,False,37530,0,0,0
9,layer1.1.conv3,850986,False,856499,0,0,0
9,layer1.1.bn3,320245,False,326091,0,0,0
9,layer1.1.add,446559,False,452369,0,0,0
9,layer1.1.relu3,178009,False,183621,0,0,0
9,layer1.2.conv1,801898,False,807756,0,0,0
9,layer1.2.bn1,95491,False,100474,0,0,0
9,layer1.2.relu1,31652,False,36317,0,0,0
9,layer1.2.conv2,1981138,False,1987009,0,0,0
9,layer1.2.bn2,79556,False,84611,0,0,0
9,layer1.2.relu2,32108,False,36788,0,0,0
9,layer1.2.conv3,851433,False,857078,0,0,0
9,layer1.2.bn3,317396,False,323356,0,0,0
9,layer1.2.add,450368,False,456552,0,0,0
9,layer1.2.relu3,177771,False,183477,0,0,0
9,layer2.0.conv1,1587109,False,1593176,0,0,0
9,layer2.0.bn1,169936,False,175715,0,0,0
9,layer2.0.relu1,81452,False,86451,0,0,0
9,layer2.0.conv2,2128777,False,2134914,0,0,0
9,layer2.0.bn2,43050,False,47803,0,0,0
9,layer2.0.relu2,17385,False,21919,0,0,0
9,layer2.0.conv3,848418,False,854144,0,0,0
9,layer2.0.bn3,168031,False,173574,0,0,0
9,layer2.0.downsample.0,2303167,False,2309811,0,0,0
9,layer2.0.downsample.1,172639,False,178291,0,0,0
9,layer2.0.add,230390,False,236168,0,0,0
9,layer2.0.relu3,85619,False,90458,0,0,0
9,layer2.1.conv1,828214,False,833828,0,0,0
9,layer2.1.bn1,48614,False,53468,0,0,0
9,layer2.1.relu1,18515,False,23157,0,0,0
9,layer2.1.conv2,1919726,False,1925278,0,0,0
9,layer2.1.bn2,41447,False,46193,0,0,0
9,layer2.1.relu2,17392,False,21997,0,0,0
9,layer2.1.conv3,846948,False,852318,0,0,0
9,layer2.1.bn3,170817,False,176322,0,0,0
9,layer2.1.add,226121,False,231954,0,0,0
9,layer2.1.relu3,84332,False,89202,0,0,0
9,layer2.2.conv1,815018,False,820665,0,0,0
9,layer2.2.bn1,46954,False,51770,0,0,0
9,layer2.2.relu1,17851,False,22399,0,0,0
9,layer2.2.conv2,1913758,False,1919367,0,0,0
9,layer2.2.bn2,41266,False,45973,0,0,0
9,layer2.2.relu2,18165,False,22715,0,0,0
9,layer2.2.conv3,846286,False,851778,0,0,0
9,layer2.2.bn3,169346,False,174913,0,0,0
9,layer2.2.add,231932,False,237511,0,0,0
9,layer2.2.relu3,83987,False,88793,0,0,0
9,layer2.3.conv1,811054,False,816397,0,0,0
9,layer2.3.bn1,48368,False,53187,0,0,0
9,layer2.3.relu1,16857,False,21429,0,0,0
9,layer2.3.conv2,1910230,False,1916076,0,0,0
9,layer2.3.bn2,41399,False,46259,0,0,0
9,layer2.3.relu2,18335,False,22918,0,0,0
9,layer2.3.conv3,846249,False,851828,0,0,0
9,layer2.3.bn3,169959,False,175670,0,0,0
9,layer2.3.add,225254,False,230852,0,0,0
9,layer2.3.relu3,83212,False,88053,0,0,0
9,layer3.0.conv1,1752463,False,1758173,0,0,0
9,layer3.0.bn1,83155,False,88149,0,0,0
9,layer3.0.relu1,31441,False,36008,0,0,0
9,layer3.0.conv2,2189990,False,2196190,0,0,0
9,layer3.0.bn2,35063,False,39889,0,0,0
9,layer3.0.relu2,11968,False,16675,0,0,0
9,layer3.0.conv3,970490,False,975950,0,0,0
9,layer3.0.bn3,90723,False,95695,0,0,0
9,layer3.0.downsample.0,2221806,False,2228709,0,0,0
9,layer3.0.downsample.1,89570,False,94683,0,0,0
9,layer3.0.add,106596,False,111859,0,0,0
9,layer3.0.relu3,36845,False,41472,0,0,0
9,layer3.1.conv1,1013491,False,1019226,0,0,0
9,layer3.1.bn1,33469,False,38165,0,0,0
9,layer3.1.relu1,10625,False,15172,0,0,0
9,layer3.1.conv2,2028528,False,2034600,0,0,0
9,layer3.1.bn2,32697,False,37391,0,0,0
9,layer3.1.relu2,11191,False,15802,0,0,0
9,layer3.1.conv3,973458,False,978935,0,0,0
9,layer3.1.bn3,92747,False,97690,0,0,0
9,layer3.1.add,106027,False,111382,0,0,0
9,layer3.1.relu3,36458,False,41186,0,0,0
9,layer3.2.conv1,1008165,False,1013598,0,0,0
9,layer3.2.bn1,32070,False,36639,0,0,0
9,layer3.2.relu1,10574,False,15169,0,0,0
9,layer3.2.conv2,2047637,False,2053626,0,0,0
9,layer3.2.bn2,33195,False,37992,0,0,0
9,layer3.2.relu2,11197,False,15664,0,0,0
9,layer3.2.conv3,972403,False,978037,0,0,0
9,layer3.2.bn3,90476,False,95563,0,0,0
9,layer3.2.add,93641,False,99003,0,0,0
9,layer3.2.relu3,34530,False,39335,0,0,0
9,layer3.3.conv1,1004647,False,1010030,0,0,0
9,layer3.3.bn1,31154,False,35712,0,0,0
9,layer3.3.relu1,11313,False,15910,0,0,0
9,layer3.3.conv2,2037161,False,2043168,0,0,0
9,layer3.3.bn2,33586,False,38287,0,0,0
9,layer3.3.relu2,11842,False,16394,0,0,0
9,layer3.3.conv3,971603,False,977059,0,0,0
9,layer3.3.bn3,93212,False,101497,0,0,0
9,layer3.3.add,105122,False,110455,0,0,0
9,layer3.3.relu3,35151,False,39852,0,0,0
9,layer3.4.conv1,1004435,False,1009915,0,0,0
9,layer3.4.bn1,32118,False,36809,0,0,0
9,layer3.4.relu1,11022,False,15563,0,0,0
9,layer3.4.conv2,2028357,False,2034322,0,0,0
9,layer3.4.bn2,32596,False,37335,0,0,0
9,layer3.4.relu2,11782,False,16282,0,0,0
9,layer3.4.conv3,966449,False,972191,0,0,0
9,layer3.4.bn3,90522,False,95659,0,0,0
9,layer3.4.add,93515,False,98820,0,0,0
9,layer3.4.relu3,34976,False,39650,0,0,0
9,layer3.5.conv1,1004050,False,1009747,0,0,0
9,layer3.5.bn1,31091,False,35723,0,0,0
9,layer3.5.relu1,11318,False,15970,0,0,0
9,layer3.5.conv2,2034777,False,2041022,0,0,0
9,layer3.5.bn2,32786,False,37499,0,0,0
9,layer3.5.relu2,11279,False,15695,0,0,0
9,layer3.5.conv3,965553,False,971075,0,0,0
9,layer3.5.bn3,92788,False,100909,0,0,0
9,layer3.5.add,105254,False,110683,0,0,0
9,layer3.5.relu3,35909,False,40526,0,0,0
9,layer4.0.conv1,1959779,False,1965689,0,0,0
9,layer4.0.bn1,49767,False,54583,0,0,0
9,layer4.0.relu1,17629,False,22168,0,0,0
9,layer4.0.conv2,3409515,False,3415649,0,0,0
9,layer4.0.bn2,30422,False,35121,0,0,0
9,layer4.0.relu2,8193,False,12701,0,0,0
9,layer4.0.conv3,1255666,False,1261448,0,0,0
9,layer4.0.bn3,57954,False,62703,0,0,0
9,layer4.0.downsample.0,2890565,False,2896744,0,0,0
9,layer4.0.downsample.1,56678,False,61368,0,0,0
9,layer4.0.add,36395,False,41094,0,0,0
9,layer4.0.relu3,16917,False,21464,0,0,0
9,layer4.1.conv1,1208816,False,1214786,0,0,0
9,layer4.1.bn1,28527,False,33130,0,0,0
9,layer4.1.relu1,8266,False,12842,0,0,0
9,layer4.1.conv2,3153257,False,3159378,0,0,0
9,layer4.1.bn2,29055,False,33876,0,0,0
9,layer4.1.relu2,7734,False,12217,0,0,0
9,layer4.1.conv3,1245306,False,1251161,0,0,0
9,layer4.1.bn3,58431,False,63126,0,0,0
9,layer4.1.add,38028,False,42783,0,0,0
9,layer4.1.relu3,17060,False,21550,0,0,0
9,layer4.2.conv1,1207591,False,1213558,0,0,0
9,layer4.2.bn1,28289,False,32920,0,0,0
9,layer4.2.relu1,7341,False,12066,0,0,0
9,layer4.2.conv2,3152379,False,3158356,0,0,0
9,layer4.2.bn2,30607,False,35403,0,0,0
9,layer4.2.relu2,8723,False,13242,0,0,0
9,layer4.2.conv3,1242174,False,1248010,0,0,0
9,layer4.2.bn3,60026,False,64765,0,0,0
9,layer4.2.add,35391,False,39942,0,0,0
9,layer4.2.relu3,16989,False,21532,0,0,0
9,avgpool,82644,False,87379,0,0,0
9,flatten,8725,False,13197,0,0,0
9,fc,502447,False,508270,0,0,0
10,conv1,2172152,False,2178685,0,0,0
10,bn1,328567,False,334759,0,0,0
10,relu,175800,False,181301,0,0,0
10,maxpool,10343225,False,10350747,0,0,0
10,layer1.0.conv1,255287,False,262259,0,0,0
10,layer1.0.bn1,88682,False,93910,0,0,0
10,layer1.0.relu1,33164,False,37882,0,0,0
10,layer1.0.conv2,1986821,False,1993008,0,0,0
10,layer1.0.bn2,81632,False,86881,0,0,0
10,layer1.0.relu2,32228,False,36964,0,0,0
10,layer1.0.conv3,855468,False,861262,0,0,0
10,layer1.0.bn3,324431,False,330206,0,0,0
10,layer1.0.downsample.0,866633,False,872506,0,0,0
10,layer1.0.downsample.1,323192,False,329266,0,0,0
10,layer1.0.add,452825,False,458738,0,0,0
10,layer1.0.relu3,178942,False,184659,0,0,0
10,layer1.1.conv1,803128,False,808899,0,0,0
10,layer1.1.bn1,96697,False,101804,0,0,0
10,layer1.1.relu1,32145,False,36925,0,0,0
10,layer1.1.conv2,1985449,False,1991252,0,0,0
10,layer1.1.bn2,80582,False,85773,0,0,0
10,layer1.1.relu2,32675,False,37508,0,0,0
10,layer1.1.conv3,857513,False,863159,0,0,0
10,layer1.1.bn3,320376,False,326251,0,0,0
10,layer1.1.add,447109,False,453086,0,0,0
10,layer1.1.relu3,178225,False,183593,0,0,0
10,layer1.2.conv1,804754,False,810576,0,0,0
10,layer1.2.bn1,92369,False,97391,0,0,0
10,layer1.2.relu1,31586,False,36173,0,0,0
10,layer1.2.conv2,1974415,False,1980347,0,0,0
10,layer1.2.bn2,79148,False,84251,0,0,0
10,layer1.2.relu2,32443,False,37177,0,0,0
10,layer1.2.conv3,852409,False,858131,0,0,0
10,layer1.2.bn3,318659,False,324604,0,0,0
10,layer1.2.add,453551,False,459251,0,0,0
10,layer1.2.relu3,173223,False,178950,0,0,0
10,layer2.0.conv1,1587884,False,1593860,0,0,0
10,layer2.0.bn1,175456,False,181027,0,0,0
10,layer2.0.relu1,78256,False,83251,0,0,0
10,layer2.0.conv2,2133080,False,2139477,0,0,0
10,layer2.0.bn2,43988,False,48799,0,0,0
10,layer2.0.relu2,17561,False,22223,0,0,0
10,layer2.0.conv3,854752,False,860379,0,0,0
10,layer2.0.bn3,168228,False,173933,0,0,0
10,layer2.0.downsample.0,2302906,False,2309173,0,0,0
10,layer2.0.downsample.1,178193,False,183756,0,0,0
10,layer2.0.add,225292,False,230870,0,0,0
10,layer2.0.relu3,86662,False,91576,0,0,0
10,layer2.1.conv1,819734,False,825208,0,0,0
10,layer2.1.bn1,48435,False,53344,0,0,0
10,layer2.1.relu1,16968,False,21599,0,0,0
10,layer2.1.conv2,1921047,False,1926586,0,0,0
10,layer2.1.bn2,42430,False,47173,0,0,0
10,layer2.1.relu2,17139,False,21611,0,0,0
10,layer2.1.conv3,847941,False,853479,0,0,0
10,layer2.1.bn3,170472,False,176082,0,0,0
10,layer2.1.add,226069,False,231793,0,0,0
10,layer2.1.relu3,83736,False,88576,0,0,0
10,layer2.2.conv1,813597,False,819129,0,0,0
10,layer2.2.bn1,47379,False,52289,0,0,0
10,layer2.2.relu1,17763,False,22386,0,0,0
10,layer2.2.conv2,1917435,False,1923274,0,0,0
10,layer2.2.bn2,41273,False,46010,0,0,0
10,layer2.2.relu2,17152,False,21687,0,0,0
10,layer2.2.conv3,847487,False,853024,0,0,0
10,layer2.2.bn3,169105,False,174774,0,0,0
10,layer2.2.add,232070,False,237886,0,0,0
10,layer2.2.relu3,83905,False,88680,0,0,0
10,layer2.3.conv1,815339,False,820851,0,0,0
10,layer2.3.bn1,48166,False,52924,0,0,0
10,layer2.3.relu1,16923,False,21518,0,0,0
10,layer2.3.conv2,1913186,False,1918976,0,0,0
10,layer2.3.bn2,41958,False,46665,0,0,0
10,layer2.3.relu2,17522,False,22015,0,0,0
10,layer2.3.conv3,845434,False,851167,0,0,0
10,layer2.3.bn3,168695,False,174335,0,0,0
10,layer2.3.add,225092,False,230783,0,0,0
10,layer2.3.relu3,83022,False,88050,0,0,0
10,layer3.0.conv1,1752793,False,1758465,0,0,0
10,layer3.0.bn1,83824,False,88821,0,0,0
10,layer3.0.relu1,31694,False,36244,0,0,0
10,layer3.0.conv2,2191496,False,2197482,0,0,0
10,layer3.0.bn2,35624,False,40384,0,0,0
10,layer3.0.relu2,11139,False,15690,0,0,0
10,layer3.0.conv3,970721,False,976263,0,0,0
10,layer3.0.bn3,95558,False,100687,0,0,0
10,layer3.0.downsample.0,2218835,False,2225166,0,0,0
10,layer3.0.downsample.1,92132,False,97254,0,0,0
10,layer3.0.add,107005,False,112354,0,0,0
10,layer3.0.relu3,37111,False,41715,0,0,0
10,layer3.1.conv1,1014260,False,1019734,0,0,0
10,layer3.1.bn1,33027,False,37757,0,0,0
10,layer3.1.relu1,11134,False,15701,0,0,0
10,layer3.1.conv2,2035586,False,2041464,0,0,0
10,layer3.1.bn2,33601,False,38361,0,0,0
10,layer3.1.relu2,11406,False,15875,0,0,0
10,layer3.1.conv3,974422,False,979818,0,0,0
10,layer3.1.bn3,93198,False,98213,0,0,0
10,layer3.1.add,108761,False,114145,0,0,0
10,layer3.1.relu3,35353,False,40075,0,0,0
10,layer3.2.conv1,1008688,False,1014215,0,0,0
10,layer3.2.bn1,31973,False,36691,0,0,0
10,layer3.2.relu1,10401,False,14910,0,0,0
10,layer3.2.conv2,2034958,False,2041142,0,0,0
10,layer3.2.bn2,32985,False,37782,0,0,0
10,layer3.2.relu2,12200,False,16688,0,0,0
10,layer3.2.conv3,967848,False,973455,0,0,0
10,layer3.2.bn3,91257,False,96317,0,0,0
10,layer3.2.add,94067,False,99436,0,0,0
10,layer3.2.relu3,35532,False,40151,0,0,0
10,layer3.3.conv1,1007000,False,1012557,0,0,0
10,layer3.3.bn1,32805,False,37497,0,0,0
10,layer3.3.relu1,11105,False,15701,0,0,0
10,layer3.3.conv2,2037370,False,2043330,0,0,0
10,layer3.3.bn2,32648,False,37363,0,0,0
10,layer3.3.relu2,12143,False,16693,0,0,0
10,layer3.3.conv3,962725,False,968319,0,0,0
10,layer3.3.bn3,97108,False,102258,0,0,0
10,layer3.3.add,104915,False,110305,0,0,0
10,layer3.3.relu3,35570,False,40147,0,0,0
10,layer3.4.conv1,1022869,False,1028296,0,0,0
10,layer3.4.bn1,32177,False,36828,0,0,0
10,layer3.4.relu1,10458,False,14989,0,0,0
10,layer3.4.conv2,2032715,False,2038572,0,0,0
10,layer3.4.bn2,32064,False,36810,0,0,0
10,layer3.4.relu2,12101,False,16679,0,0,0
10,layer3.4.conv3,965767,False,971273,0,0,0
10,layer3.4.bn3,91359,False,96447,0,0,0
10,layer3.4.add,93084,False,98630,0,0,0
10,layer3.4.relu3,35262,False,39919,0,0,0
10,layer3.5.conv1,1012777,False,1018234,0,0,0
10,layer3.5.bn1,32467,False,37014,0,0,0
10,layer3.5.relu1,11194,False,15796,0,0,0
10,layer3.5.conv2,2033096,False,2039380,0,0,0
10,layer3.5.bn2,32450,False,37113,0,0,0
10,layer3.5.relu2,11898,False,16462,0,0,0
10,layer3.5.conv3,966805,False,972277,0,0,0
10,layer3.5.bn3,92714,False,97765,0,0,0
10,layer3.5.add,105064,False,110456,0,0,0
10,layer3.5.relu3,35808,False,40424,0,0,0
10,layer4.0.conv1,1968227,False,1973972,0,0,0
10,layer4.0.bn1,50326,False,55264,0,0,0
10,layer4.0.relu1,17541,False,22173,0,0,0
10,layer4.0.conv2,3423789,False,3429876,0,0,0
10,layer4.0.bn2,33026,False,37780,0,0,0
10,layer4.0.relu2,8286,False,12803,0,0,0
10,layer4.0.conv3,1249102,False,1255031,0,0,0
10,layer4.0.bn3,58165,False,62939,0,0,0
10,layer4.0.downsample.0,2886404,False,2892555,0,0,0
10,layer4.0.downsample.1,56486,False,61256,0,0,0
10,layer4.0.add,35140,False,39775,0,0,0
10,layer4.0.relu3,17296,False,21745,0,0,0
10,layer4.1.conv1,1210133,False,1215821,0,0,0
10,layer4.1.bn1,28507,False,33175,0,0,0
10,layer4.1.relu1,7850,False,12337,0,0,0
10,layer4.1.conv2,3144329,False,3150561,0,0,0
10,layer4.1.bn2,30223,False,38058,0,0,0
10,layer4.1.relu2,8519,False,12933,0,0,0
10,layer4.1.conv3,1243998,False,1249791,0,0,0
10,layer4.1.bn3,57583,False,62432,0,0,0
10,layer4.1.add,38168,False,42835,0,0,0
10,layer4.1.relu3,17717,False,22231,0,0,0
10,layer4.2.conv1,1207874,False,1213878,0,0,0
10,layer4.2.bn1,29685,False,34431,0,0,0
10,layer4.2.relu1,8348,False,13025,0,0,0
10,layer4.2.conv2,3137072,False,3143161,0,0,0
10,layer4.2.bn2,30961,False,35764,0,0,0
10,layer4.2.relu2,8210,False,12676,0,0,0
10,layer4.2.conv3,1238385,False,1244030,0,0,0
10,layer4.2.bn3,59736,False,64445,0,0,0
10,layer4.2.add,36133,False,40778,0,0,0
10,layer4.2.relu3,17074,False,21538,0,0,0
10,avgpool,82525,False,87342,0,0,0
10,flatten,9033,False,13809,0,0,0
10,fc,503491,False,509608,0,0,0
11,conv1,2185484,False,2192044,0,0,0
11,bn1,332539,False,338932,0,0,0
11,relu,181034,False,186534,0,0,0
11,maxpool,10190089,False,10198016,0,0,0
11,layer1.0.conv1,252675,False,259549,0,0,0
11,layer1.0.bn1,88518,False,93697,0,0,0
11,layer1.0.relu1,33172,False,37796,0,0,0
11,layer1.0.conv2,1991178,False,1997335,0,0,0
11,layer1.0.bn2,79664,False,84773,0,0,0
11,layer1.0.relu2,32622,False,37148,0,0,0
11,layer1.0.conv3,855141,False,860923,0,0,0
11,layer1.0.bn3,323916,False,329945,0,0,0
11,layer1.0.downsample.0,860641,False,866870,0,0,0
11,layer1.0.downsample.1,321914,False,327981,0,0,0
11,layer1.0.add,452293,False,458486,0,0,0
11,layer1.0.relu3,183321,False,188988,0,0,0
11,layer1.1.conv1,803757,False,809617,0,0,0
11,layer1.1.bn1,92762,False,97933,0,0,0
11,layer1.1.relu1,31832,False,36510,0,0,0
11,layer1.1.conv2,1981156,False,1987239,0,0,0
11,layer1.1.bn2,78894,False,83943,0,0,0
11,layer1.1.relu2,32454,False,37231,0,0,0
11,layer1.1.conv3,852116,False,857949,0,0,0
11,layer1.1.bn3,320797,False,326752,0,0,0
11,layer1.1.add,446057,False,452052,0,0,0
11,layer1.1.relu3,177750,False,183204,0,0,0
11,layer1.2.conv1,803803,False,809754,0,0,0
11,layer1.2.bn1,95815,False,100770,0,0,0
11,layer1.2.relu1,31225,False,35995,0,0,0
11,layer1.2.conv2,1973841,False,1979870,0,0,0
11,layer1.2.bn2,78824,False,84058,0,0,0
11,layer1.2.relu2,33075,False,37955,0,0,0
11,layer1.2.conv3,852216,False,857997,0,0,0
11,layer1.2.bn3,320699,False,326658,0,0,0
11,layer1.2.add,450962,False,457070,0,0,0
11,layer1.2.relu3,174012,False,179472,0,0,0
11,layer2.0.conv1,1595611,False,1601496,0,0,0
11,layer2.0.bn1,176816,False,182513,0,0,0
11,layer2.0.relu1,78127,False,82916,0,0,0
11,layer2.0.conv2,2132529,False,2138742,0,0,0
11,layer2.0.bn2,43918,False,48732,0,0,0
11,layer2.0.relu2,17738,False,22260,0,0,0
11,layer2.0.conv3,848829,False,854492,0,0,0
11,layer2.0.bn3,167502,False,173112,0,0,0
11,layer2.0.downsample.0,2300223,False,2306526,0,0,0
11,layer2.0.downsample.1,172601,False,178570,0,0,0
11,layer2.0.add,226691,False,233158,0,0,0
11,layer2.0.relu3,85408,False,90382,0,0,0
11,layer2.1.conv1,821359,False,827068,0,0,0
11,layer2.1.bn1,48849,False,53638,0,0,0
11,layer2.1.relu1,17097,False,21667,0,0,0
11,layer2.1.conv2,1916872,False,1922596,0,0,0
11,layer2.1.bn2,41757,False,46484,0,0,0
11,layer2.1.relu2,17869,False,22528,0,0,0
11,layer2.1.conv3,846755,False,852297,0,0,0
11,layer2.1.bn3,168423,False,174274,0,0,0
11,layer2.1.add,225744,False,231653,0,0,0
11,layer2.1.relu3,83426,False,88281,0,0,0
11,layer2.2.conv1,816775,False,822347,0,0,0
11,layer2.2.bn1,46861,False,51861,0,0,0
11,layer2.2.relu1,17141,False,21676,0,0,0
11,layer2.2.conv2,1916712,False,1922403,0,0,0
11,layer2.2.bn2,42020,False,46885,0,0,0
11,layer2.2.relu2,17160,False,21709,0,0,0
11,layer2.2.conv3,846756,False,852332,0,0,0
11,layer2.2.bn3,168207,False,173787,0,0,0
11,layer2.2.add,230314,False,236133,0,0,0
11,layer2.2.relu3,84270,False,89138,0,0,0
11,layer2.3.conv1,815199,False,820540,0,0,0
11,layer2.3.bn1,49108,False,53884,0,0,0
11,layer2.3.relu1,16947,False,21494,0,0,0
11,layer2.3.conv2,1913509,False,1919129,0,0,0
11,layer2.3.bn2,42370,False,47070,0,0,0
11,layer2.3.relu2,17666,False,22202,0,0,0
11,layer2.3.conv3,846705,False,852398,0,0,0
11,layer2.3.bn3,169675,False,175316,0,0,0
11,layer2.3.add,224613,False,230396,0,0,0
11,layer2.3.relu3,82713,False,87745,0,0,0
11,layer3.0.conv1,1720263,False,1726087,0,0,0
11,layer3.0.bn1,83684,False,88776,0,0,0
11,layer3.0.relu1,31462,False,36069,0,0,0
11,layer3.0.conv2,2190481,False,2197244,0,0,0
11,layer3.0.bn2,35605,False,40397,0,0,0
11,layer3.0.relu2,11171,False,15758,0,0,0
11,layer3.0.conv3,965366,False,970882,0,0,0
11,layer3.0.bn3,92631,False,97822,0,0,0
11,layer3.0.downsample.0,2229766,False,2236223,0,0,0
11,layer3.0.downsample.1,90997,False,96004,0,0,0
11,layer3.0.add,107091,False,112444,0,0,0
11,layer3.0.relu3,36401,False,41117,0,0,0
11,layer3.1.conv1,1017114,False,1022727,0,0,0
11,layer3.1.bn1,32435,False,37080,0,0,0
11,layer3.1.relu1,11235,False,15822,0,0,0
11,layer3.1.conv2,2041070,False,2047016,0,0,0
11,layer3.1.bn2,33484,False,38109,0,0,0
11,layer3.1.relu2,11669,False,16197,0,0,0
11,layer3.1.conv3,967454,False,973086,0,0,0
11,layer3.1.bn3,93236,False,98346,0,0,0
11,layer3.1.add,108658,False,114041,0,0,0
11,layer3.1.relu3,36013,False,40738,0,0,0
11,layer3.2.conv1,1007926,False,1013556,0,0,0
11,layer3.2.bn1,32196,False,36889,0,0,0
11,layer3.2.relu1,10579,False,15317,0,0,0
11,layer3.2.conv2,2035461,False,2041298,0,0,0
11,layer3.2.bn2,32884,False,37636,0,0,0
11,layer3.2.relu2,11799,False,16283,0,0,0
11,layer3.2.conv3,972247,False,977877,0,0,0
11,layer3.2.bn3,92783,False,97932,0,0,0
11,layer3.2.add,93207,False,98622,0,0,0
11,layer3.2.relu3,35178,False,39940,0,0,0
11,layer3.3.conv1,1011533,False,1017159,0,0,0
11,layer3.3.bn1,31924,False,36507,0,0,0
11,layer3.3.relu1,10807,False,15276,0,0,0
11,layer3.3.conv2,2036243,False,2042355,0,0,0
11,layer3.3.bn2,32734,False,37359,0,0,0
11,layer3.3.relu2,12107,False,16649,0,0,0
11,layer3.3.conv3,970297,False,975790,0,0,0
11,layer3.3.bn3,98163,False,103005,0,0,0
11,layer3.3.add,104211,False,109485,0,0,0
11,layer3.3.relu3,36052,False,40765,0,0,0
11,layer3.4.conv1,1018455,False,1023994,0,0,0
11,layer3.4.bn1,31918,False,36545,0,0,0
11,layer3.4.relu1,11514,False,16025,0,0,0
11,layer3.4.conv2,2029445,False,2035619,0,0,0
11,layer3.4.bn2,32175,False,36840,0,0,0
11,layer3.4.relu2,11261,False,15885,0,0,0
11,layer3.4.conv3,964589,False,970170,0,0,0
11,layer3.4.bn3,91933,False,97143,0,0,0
11,layer3.4.add,92705,False,98038,0,0,0
11,layer3.4.relu3,34962,False,39648,0,0,0
11,layer3.5.conv1,1018573,False,1024050,0,0,0
11,layer3.5.bn1,31362,False,35968,0,0,0
11,layer3.5.relu1,10054,False,14614,0,0,0
11,layer3.5.conv2,2033021,False,2038939,0,0,0
11,layer3.5.bn2,44653,False,49409,0,0,0
11,layer3.5.relu2,11204,False,15605,0,0,0
11,layer3.5.conv3,969276,False,974637,0,0,0
11,layer3.5.bn3,93424,False,98329,0,0,0
11,layer3.5.add,105419,False,110818,0,0,0
11,layer3.5.relu3,35488,False,40086,0,0,0
11,layer4.0.conv1,1962128,False,1967948,0,0,0
11,layer4.0.bn1,49704,False,54393,0,0,0
11,layer4.0.relu1,17475,False,21982,0,0,0
11,layer4.0.conv2,3422308,False,3428271,0,0,0
11,layer4.0.bn2,30571,False,35246,0,0,0
11,layer4.0.relu2,12117,False,16506,0,0,0
11,layer4.0.conv3,1245343,False,1251075,0,0,0
11,layer4.0.bn3,58382,False,63199,0,0,0
11,layer4.0.downsample.0,2889288,False,2895487,0,0,0
11,layer4.0.downsample.1,56960,False,61765,0,0,0
11,layer4.0.add,35890,False,40545,0,0,0
11,layer4.0.relu3,17059,False,21602,0,0,0
11,layer4.1.conv1,1211932,False,1217982,0,0,0
11,layer4.1.bn1,29303,False,33880,0,0,0
11,layer4.1.relu1,8562,False,13105,0,0,0
11,layer4.1.conv2,3160251,False,3166478,0,0,0
11,layer4.1.bn2,34018,False,38745,0,0,0
11,layer4.1.relu2,8574,False,13029,0,0,0
11,layer4.1.conv3,1238339,False,1243999,0,0,0
11,layer4.1.bn3,58862,False,63639,0,0,0
11,layer4.1.add,37865,False,42696,0,0,0
11,layer4.1.relu3,16470,False,20872,0,0,0
11,layer4.2.conv1,1208479,False,1214467,0,0,0
11,layer4.2.bn1,29047,False,33628,0,0,0
11,layer4.2.relu1,7757,False,12216,0,0,0
11,layer4.2.conv2,3155846,False,3162254,0,0,0
11,layer4.2.bn2,34414,False,39165,0,0,0
11,layer4.2.relu2,8774,False,13246,0,0,0
11,layer4.2.conv3,1235824,False,1241506,0,0,0
11,layer4.2.bn3,60455,False,65162,0,0,0
11,layer4.2.add,35333,False,39993,0,0,0
11,layer4.2.relu3,16891,False,21439,0,0,0
11,avgpool,79188,False,84009,0,0,0
11,flatten,8594,False,13088,0,0,0
11,fc,501199,False,507123,0,0,0
12,conv1,2173768,False,2180487,0,0,0
12,bn1,330826,False,337278,0,0,0
12,relu,175753,False,181566,0,0,0
12,maxpool,10273430,False,10255207,0,1,0
12,layer1.0.conv1,250340,False,257381,0,0,0
12,layer1.0.bn1,89328,False,94636,0,0,0
12,layer1.0.relu1,34039,False,38895,0,0,0
12,layer1.0.conv2,1998760,False,2004715,0,0,0
12,layer1.0.bn2,80790,False,86035,0,0,0
12,layer1.0.relu2,32574,False,37306,0,0,0
12,layer1.0.conv3,855838,False,861518,0,0,0
12,layer1.0.bn3,323487,False,329292,0,0,0
12,layer1.0.downsample.0,865513,False,871056,0,0,0
12,layer1.0.downsample.1,322699,False,328667,0,0,0
12,layer1.0.add,453045,False,459023,0,0,0
12,layer1.0.relu3,178308,False,183845,0,0,0
12,layer1.1.conv1,802345,False,808166,0,0,0
12,layer1.1.bn1,94927,False,99958,0,0,0
12,layer1.1.relu1,31267,False,35997,0,0,0
12,layer1.1.conv2,1977785,False,1983541,0,0,0
12,layer1.1.bn2,80828,False,86023,0,0,0
12,layer1.1.relu2,32373,False,37034,0,0,0
12,layer1.1.conv3,852298,False,858056,0,0,0
12,layer1.1.bn3,321800,False,327721,0,0,0
12,layer1.1.add,446287,False,452179,0,0,0
12,layer1.1.relu3,177022,False,182583,0,0,0
12,layer1.2.conv1,801954,False,807795,0,0,0
12,layer1.2.bn1,92561,False,97618,0,0,0
12,layer1.2.relu1,31545,False,36253,0,0,0
12,layer1.2.conv2,1984813,False,1990621,0,0,0
12,layer1.2.bn2,78827,False,84098,0,0,0
12,layer1.2.relu2,31928,False,36614,0,0,0
12,layer1.2.conv3,850437,False,856027,0,0,0
12,layer1.2.bn3,321231,False,327124,0,0,0
12,layer1.2.add,454773,False,460689,0,0,0
12,layer1.2.relu3,174254,False,179884,0,0,0
12,layer2.0.conv1,1587185,False,1593154,0,0,0
12,layer2.0.bn1,175810,False,181324,0,0,0
12,layer2.0.relu1,77331,False,82337,0,0,0
12,layer2.0.conv2,2134221,False,2140380,0,0,0
12,layer2.0.bn2,42631,False,47425,0,0,0
12,layer2.0.relu2,17911,False,22572,0,0,0
12,layer2.0.conv3,847848,False,853590,0,0,0
12,layer2.0.bn3,167765,False,173417,0,0,0
12,layer2.0.downsample.0,2298854,False,2305203,0,0,0
12,layer2.0.downsample.1,176998,False,182588,0,0,0
12,layer2.0.add,226099,False,232024,0,0,0
12,layer2.0.relu3,85751,False,90618,0,0,0
12,layer2.1.conv1,819607,False,825379,0,0,0
12,layer2.1.bn1,48468,False,53223,0,0,0
12,layer2.1.relu1,17602,False,22201,0,0,0
12,layer2.1.conv2,1920364,False,1926092,0,0,0
12,layer2.1.bn2,41864,False,46653,0,0,0
12,layer2.1.relu2,17554,False,22124,0,0,0
12,layer2.1.conv3,846872,False,852481,0,0,0
12,layer2.1.bn3,169692,False,175397,0,0,0
12,layer2.1.add,226544,False,232147,0,0,0
12,layer2.1.relu3,84087,False,89010,0,0,0
12,layer2.2.conv1,815027,False,820627,0,0,0
12,layer2.2.bn1,47015,False,51818,0,0,0
12,layer2.2.relu1,17624,False,22322,0,0,0
12,layer2.2.conv2,1912139,False,1917811,0,0,0
12,layer2.2.bn2,42379,False,47288,0,0,0
12,layer2.2.relu2,17180,False,21737,0,0,0
12,layer2.2.conv3,847821,False,853401,0,0,0
12,layer2.2.bn3,169778,False,175384,0,0,0
12,layer2.2.add,231953,False,237548,0,0,0
12,layer2.2.relu3,84926,False,89820,0,0,0
12,layer2.3.conv1,815831,False,821239,0,0,0
12,layer2.3.bn1,48407,False,53167,0,0,0
12,layer2.3.relu1,17577,False,22103,0,0,0
12,layer2.3.conv2,1913979,False,1920060,0,0,0
12,layer2.3.bn2,42677,False,47406,0,0,0
12,layer2.3.relu2,18122,False,22669,0,0,0
12,layer2.3.conv3,848162,False,853806,0,0,0
12,layer2.3.bn3,170271,False,175796,0,0,0
12,layer2.3.add,225405,False,231078,0,0,0
12,layer2.3.relu3,83001,False,87838,0,0,0
12,layer3.0.conv1,1741400,False,1747111,0,0,0
12,layer3.0.bn1,85048,False,90006,0,0,0
12,layer3.0.relu1,31769,False,36261,0,0,0
12,layer3.0.conv2,2198045,False,2204212,0,0,0
12,layer3.0.bn2,36251,False,41009,0,0,0
12,layer3.0.relu2,11721,False,16294,0,0,0
12,layer3.0.conv3,966930,False,972503,0,0,0
12,layer3.0.bn3,94988,False,100035,0,0,0
12,layer3.0.downsample.0,2219692,False,2226217,0,0,0
12,layer3.0.downsample.1,91519,False,96543,0,0,0
12,layer3.0.add,107099,False,112451,0,0,0
12,layer3.0.relu3,37831,False,42527,0,0,0
12,layer3.1.conv1,1023690,False,1029305,0,0,0
12,layer3.1.bn1,32703,False,37594,0,0,0
12,layer3.1.relu1,10650,False,15142,0,0,0
12,layer3.1.conv2,2039931,False,2046284,0,0,0
12,layer3.1.bn2,33763,False,38512,0,0,0
12,layer3.1.relu2,11507,False,16071,0,0,0
12,layer3.1.conv3,966469,False,972069,0,0,0
12,layer3.1.bn3,93247,False,98330,0,0,0
12,layer3.1.add,105498,False,110808,0,0,0
12,layer3.1.relu3,35581,False,40155,0,0,0
12,layer3.2.conv1,1011871,False,1017314,0,0,0
12,layer3.2.bn1,31865,False,36559,0,0,0
12,layer3.2.relu1,10846,False,15344,0,0,0
12,layer3.2.conv2,2036355,False,2042575,0,0,0
12,layer3.2.bn2,34251,False,38930,0,0,0
12,layer3.2.relu2,11210,False,15726,0,0,0
12,layer3.2.conv3,968344,False,973815,0,0,0
12,layer3.2.bn3,91471,False,96460,0,0,0
12,layer3.2.add,93683,False,99040,0,0,0
12,layer3.2.relu3,34905,False,39693,0,0,0
12,layer3.3.conv1,1022260,False,1027814,0,0,0
12,layer3.3.bn1,31711,False,36375,0,0,0
12,layer3.3.relu1,10951,False,15589,0,0,0
12,layer3.3.conv2,2035275,False,2041511,0,0,0
12,layer3.3.bn2,32493,False,37348,0,0,0
12,layer3.3.relu2,12283,False,20309,0,0,0
12,layer3.3.conv3,960872,False,970117,0,0,0
12,layer3.3.bn3,93721,False,98534,0,0,0
12,layer3.3.add,105362,False,110753,0,0,0
12,layer3.3.relu3,36286,False,40950,0,0,0
12,layer3.4.conv1,1013067,False,1018459,0,0,0
12,layer3.4.bn1,31776,False,36440,0,0,0
12,layer3.4.relu1,11019,False,15603,0,0,0
12,layer3.4.conv2,2042998,False,2049504,0,0,0
12,layer3.4.bn2,33501,False,38365,0,0,0
12,layer3.4.relu2,11786,False,16350,0,0,0
12,layer3.4.conv3,963090,False,968538,0,0,0
12,layer3.4.bn3,90978,False,96115,0,0,0
12,layer3.4.add,93332,False,98770,0,0,0
12,layer3.4.relu3,35384,False,40129,0,0,0
12,layer3.5.conv1,1004480,False,1010221,0,0,0
12,layer3.5.bn1,31483,False,36255,0,0,0
12,layer3.5.relu1,10645,False,15245,0,0,0
12,layer3.5.conv2,2032383,False,2038372,0,0,0
12,layer3.5.bn2,32694,False,37470,0,0,0
12,layer3.5.relu2,12331,False,16900,0,0,0
12,layer3.5.conv3,969292,False,974690,0,0,0
12,layer3.5.bn3,93439,False,98318,0,0,0
12,layer3.5.add,105555,False,110989,0,0,0
12,layer3.5.relu3,35946,False,40533,0,0,0
12,layer4.0.conv1,1970456,False,1976309,0,0,0
12,layer4.0.bn1,49021,False,53755,0,0,0
12,layer4.0.relu1,17326,False,21920,0,0,0
12,layer4.0.conv2,3410829,False,3416872,0,0,0
12,layer4.0.bn2,30390,False,38523,0,0,0
12,layer4.0.relu2,8818,False,13301,0,0,0
12,layer4.0.conv3,1236949,False,1242731,0,0,0
12,layer4.0.bn3,58175,False,62932,0,0,0
12,layer4.0.downsample.0,2886840,False,2893033,0,0,0
12,layer4.0.downsample.1,56285,False,61028,0,0,0
12,layer4.0.add,36051,False,40832,0,0,0
12,layer4.0.relu3,17502,False,22219,0,0,0
12,layer4.1.conv1,1208401,False,1214297,0,0,0
12,layer4.1.bn1,29083,False,34052,0,0,0
12,layer4.1.relu1,8134,False,12725,0,0,0
12,layer4.1.conv2,3146078,False,3152325,0,0,0
12,layer4.1.bn2,30202,False,35210,0,0,0
12,layer4.1.relu2,8562,False,13109,0,0,0
12,layer4.1.conv3,1232289,False,1238248,0,0,0
12,layer4.1.bn3,58851,False,63706,0,0,0
12,layer4.1.add,38448,False,43116,0,0,0
12,layer4.1.relu3,17119,False,21667,0,0,0
12,layer4.2.conv1,1205423,False,1211248,0,0,0
12,layer4.2.bn1,29522,False,34245,0,0,0
12,layer4.2.relu1,8164,False,12649,0,0,0
12,layer4.2.conv2,3140630,False,3146790,0,0,0
12,layer4.2.bn2,30321,False,35102,0,0,0
12,layer4.2.relu2,8590,False,13136,0,0,0
12,layer4.2.conv3,1234735,False,1240644,0,0,0
12,layer4.2.bn3,59337,False,64122,0,0,0
12,layer4.2.add,35910,False,40603,0,0,0
12,layer4.2.relu3,17094,False,21715,0,0,0
12,avgpool,82080,False,86931,0,0,0
12,flatten,8867,False,13363,0,0,0
12,fc,503492,False,509332,0,0,0
13,conv1,2184368,False,2190741,0,0,0
13,bn1,329686,False,335930,0,0,0
13,relu,175963,False,181490,0,0,0
13,maxpool,10181170,False,10188893,0,0,0
13,layer1.0.conv1,253351,False,259919,0,0,0
13,layer1.0.bn1,88163,False,93262,0,0,0
13,layer1.0.relu1,32986,False,37750,0,0,0
13,layer1.0.conv2,1992670,False,1998681,0,0,0
13,layer1.0.bn2,81031,False,86395,0,0,0
13,layer1.0.relu2,31905,False,36662,0,0,0
13,layer1.0.conv3,854698,False,860600,0,0,0
13,layer1.0.bn3,324828,False,330826,0,0,0
13,layer1.0.downsample.0,860139,False,866353,0,0,0
13,layer1.0.downsample.1,326328,False,332418,0,0,0
13,layer1.0.add,452635,False,458684,0,0,0
13,layer1.0.relu3,178666,False,184248,0,0,0
13,layer1.1.conv1,803392,False,809349,0,0,0
13,layer1.1.bn1,91818,False,96854,0,0,0
13,layer1.1.relu1,35887,False,40563,0,0,0
13,layer1.1.conv2,1989026,False,1995239,0,0,0
13,layer1.1.bn2,79466,False,84710,0,0,0
13,layer1.1.relu2,33225,False,37974,0,0,0
13,layer1.1.conv3,857022,False,862667,0,0,0
13,layer1.1.bn3,320983,False,327006,0,0,0
13,layer1.1.add,446424,False,452442,0,0,0
13,layer1.1.relu3,177286,False,182707,0,0,0
13,layer1.2.conv1,804103,False,809854,0,0,0
13,layer1.2.bn1,96198,False,101211,0,0,0
13,layer1.2.relu1,31812,False,36364,0,0,0
13,layer1.2.conv2,1970977,False,1977370,0,0,0
13,layer1.2.bn2,77889,False,83038,0,0,0
13,layer1.2.relu2,32524,False,37280,0,0,0
13,layer1.2.conv3,850197,False,855826,0,0,0
13,layer1.2.bn3,321031,False,327005,0,0,0
13,layer1.2.add,450191,False,456267,0,0,0
13,layer1.2.relu3,177675,False,183161,0,0,0
13,layer2.0.conv1,1591384,False,1597312,0,0,0
13,layer2.0.bn1,171084,False,176710,0,0,0
13,layer2.0.relu1,77464,False,82319,0,0,0
13,layer2.0.conv2,2125951,False,2132235,0,0,0
13,layer2.0.bn2,42384,False,47079,0,0,0
13,layer2.0.relu2,18129,False,22583,0,0,0
13,layer2.0.conv3,849043,False,854435,0,0,0
13,layer2.0.bn3,168440,False,173947,0,0,0
13,layer2.0.downsample.0,2303102,False,2309658,0,0,0
13,layer2.0.downsample.1,172312,False,178055,0,0,0
13,layer2.0.add,229139,False,235109,0,0,0
13,layer2.0.relu3,86025,False,90967,0,0,0
13,layer2.1.conv1,819747,False,825107,0,0,0
13,layer2.1.bn1,49420,False,54304,0,0,0
13,layer2.1.relu1,17305,False,21896,0,0,0
13,layer2.1.conv2,1921190,False,1926727,0,0,0
13,layer2.1.bn2,41913,False,46631,0,0,0
13,layer2.1.relu2,17823,False,22363,0,0,0
13,layer2.1.conv3,847749,False,853230,0,0,0
13,layer2.1.bn3,169471,False,174991,0,0,0
13,layer2.1.add,225142,False,230774,0,0,0
13,layer2.1.relu3,83794,False,88536,0,0,0
13,layer2.2.conv1,814869,False,820402,0,0,0
13,layer2.2.bn1,47016,False,51799,0,0,0
13,layer2.2.relu1,17620,False,22228,0,0,0
13,layer2.2.conv2,1918518,False,1924055,0,0,0
13,layer2.2.bn2,41987,False,46732,0,0,0
13,layer2.2.relu2,17365,False,21838,0,0,0
13,layer2.2.conv3,846640,False,852314,0,0,0
13,layer2.2.bn3,168870,False,174574,0,0,0
13,layer2.2.add,231694,False,237283,0,0,0
13,layer2.2.relu3,83443,False,88376,0,0,0
13,layer2.3.conv1,813650,False,819007,0,0,0
13,layer2.3.bn1,47775,False,52666,0,0,0
13,layer2.3.relu1,17318,False,21838,0,0,0
13,layer2.3.conv2,1918951,False,1924979,0,0,0
13,layer2.3.bn2,42749,False,47583,0,0,0
13,layer2.3.relu2,18104,False,22646,0,0,0
13,layer2.3.conv3,847301,False,852904,0,0,0
13,layer2.3.bn3,170933,False,176763,0,0,0
13,layer2.3.add,225727,False,231315,0,0,0
13,layer2.3.relu3,83275,False,88072,0,0,0
13,layer3.0.conv1,1754570,False,1760365,0,0,0
13,layer3.0.bn1,83964,False,88982,0,0,0
13,layer3.0.relu1,31685,False,36290,0,0,0
13,layer3.0.conv2,2192701,False,2198576,0,0,0
13,layer3.0.bn2,35998,False,40761,0,0,0
13,layer3.0.relu2,11449,False,16050,0,0,0
13,layer3.0.conv3,968594,False,974325,0,0,0
13,layer3.0.bn3,91696,False,96808,0,0,0
13,layer3.0.downsample.0,2218945,False,2229285,0,0,0
13,layer3.0.downsample.1,90456,False,95458,0,0,0
13,layer3.0.add,107300,False,112671,0,0,0
13,layer3.0.relu3,36867,False,41580,0,0,0
13,layer3.1.conv1,1013818,False,1019516,0,0,0
13,layer3.1.bn1,33029,False,37620,0,0,0
13,layer3.1.relu1,10604,False,15114,0,0,0
13,layer3.1.conv2,2032681,False,2038795,0,0,0
13,layer3.1.bn2,32856,False,37694,0,0,0
13,layer3.1.relu2,11761,False,16243,0,0,0
13,layer3.1.conv3,967188,False,972878,0,0,0
13,layer3.1.bn3,93744,False,98672,0,0,0
13,layer3.1.add,109287,False,114631,0,0,0
13,layer3.1.relu3,36226,False,41102,0,0,0
13,layer3.2.conv1,1019573,False,1025371,0,0,0
13,layer3.2.bn1,33453,False,38104,0,0,0
13,layer3.2.relu1,11091,False,15997,0,0,0
13,layer3.2.conv2,2035051,False,2040864,0,0,0
13,layer3.2.bn2,33565,False,38334,0,0,0
13,layer3.2.relu2,11576,False,16097,0,0,0
13,layer3.2.conv3,965798,False,971372,0,0,0
13,layer3.2.bn3,91701,False,96882,0,0,0
13,layer3.2.add,93048,False,98402,0,0,0
13,layer3.2.relu3,35519,False,40226,0,0,0
13,layer3.3.conv1,1011500,False,1016945,0,0,0
13,layer3.3.bn1,31504,False,36087,0,0,0
13,layer3.3.relu1,10384,False,14873,0,0,0
13,layer3.3.conv2,2032555,False,2038588,0,0,0
13,layer3.3.bn2,32743,False,37406,0,0,0
13,layer3.3.relu2,11524,False,16022,0,0,0
13,layer3.3.conv3,973074,False,978623,0,0,0
13,layer3.3.bn3,97016,False,102118,0,0,0
13,layer3.3.add,105246,False,110782,0,0,0
13,layer3.3.relu3,35505,False,40278,0,0,0
13,layer3.4.conv1,1005234,False,1010760,0,0,0
13,layer3.4.bn1,32202,False,36853,0,0,0
13,layer3.4.relu1,10863,False,15305,0,0,0
13,layer3.4.conv2,2036823,False,2042829,0,0,0
13,layer3.4.bn2,32383,False,37147,0,0,0
13,layer3.4.relu2,11658,False,16088,0,0,0
13,layer3.4.conv3,968168,False,973647,0,0,0
13,layer3.4.bn3,91429,False,96365,0,0,0
13,layer3.4.add,93493,False,98862,0,0,0
13,layer3.4.relu3,34841,False,39518,0,0,0
13,layer3.5.conv1,1003110,False,1008552,0,0,0
13,layer3.5.bn1,31530,False,36245,0,0,0
13,layer3.5.relu1,10865,False,15466,0,0,0
13,layer3.5.conv2,2030990,False,2036949,0,0,0
13,layer3.5.bn2,35516,False,40292,0,0,0
13,layer3.5.relu2,12028,False,16440,0,0,0
13,layer3.5.conv3,968943,False,974465,0,0,0
13,layer3.5.bn3,92915,False,97910,0,0,0
13,layer3.5.add,104597,False,109977,0,0,0
13,layer3.5.relu3,35698,False,40277,0,0,0
13,layer4.0.conv1,1960335,False,1966271,0,0,0
13,layer4.0.bn1,50468,False,55251,0,0,0
13,layer4.0.relu1,17204,False,21738,0,0,0
13,layer4.0.conv2,3411373,False,3417478,0,0,0
13,layer4.0.bn2,31436,False,36155,0,0,0
13,layer4.0.relu2,8426,False,12915,0,0,0
13,layer4.0.conv3,1244593,False,1250610,0,0,0
13,layer4.0.bn3,58426,False,63176,0,0,0
13,layer4.0.downsample.0,2892250,False,2898768,0,0,0
13,layer4.0.downsample.1,57973,False,62832,0,0,0
13,layer4.0.add,35878,False,40596,0,0,0
13,layer4.0.relu3,17734,False,22296,0,0,0
13,layer4.1.conv1,1213061,False,1219074,0,0,0
13,layer4.1.bn1,29485,False,34155,0,0,0
13,layer4.1.relu1,7752,False,12314,0,0,0
13,layer4.1.conv2,3162672,False,3168763,0,0,0
13,layer4.1.bn2,29334,False,34156,0,0,0
13,layer4.1.relu2,8189,False,16502,0,0,0
13,layer4.1.conv3,1236127,False,1241910,0,0,0
13,layer4.1.bn3,59192,False,63917,0,0,0
13,layer4.1.add,38017,False,42690,0,0,0
13,layer4.1.relu3,16583,False,21081,0,0,0
13,layer4.2.conv1,1206484,False,1212316,0,0,0
13,layer4.2.bn1,29923,False,34603,0,0,0
13,layer4.2.relu1,7404,False,11919,0,0,0
13,layer4.2.conv2,3153651,False,3159732,0,0,0
13,layer4.2.bn2,30732,False,38455,0,0,0
13,layer4.2.relu2,8868,False,13406,0,0,0
13,layer4.2.conv3,1238309,False,1244155,0,0,0
13,layer4.2.bn3,61411,False,66211,0,0,0
13,layer4.2.add,35690,False,40346,0,0,0
13,layer4.2.relu3,17533,False,22085,0,0,0
13,avgpool,80824,False,85506,0,0,0
13,flatten,8411,False,13032,0,0,0
13,fc,502631,False,508437,0,0,0
14,conv1,2172938,False,2179569,0,0,0
14,bn1,328221,False,334658,0,0,0
14,relu,175606,False,181248,0,0,0
14,maxpool,10194274,False,10202374,0,0,0
14,layer1.0.conv1,265314,False,272382,0,0,0
14,layer1.0.bn1,89849,False,96146,0,0,0
14,layer1.0.relu1,33202,False,37817,0,0,0
14,layer1.0.conv2,1987056,False,1993045,0,0,0
14,layer1.0.bn2,80658,False,85895,0,0,0
14,layer1.0.relu2,32124,False,36817,0,0,0
14,layer1.0.conv3,854665,False,860316,0,0,0
14,layer1.0.bn3,323993,False,329804,0,0,0
14,layer1.0.downsample.0,859714,False,865868,0,0,0
14,layer1.0.downsample.1,326023,False,331925,0,0,0
14,layer1.0.add,452377,False,458503,0,0,0
14,layer1.0.relu3,174429,False,179968,0,0,0
14,layer1.1.conv1,802742,False,808664,0,0,0
14,layer1.1.bn1,93037,False,98120,0,0,0
14,layer1.1.relu1,31434,False,36136,0,0,0
14,layer1.1.conv2,1975030,False,1981055,0,0,0
14,layer1.1.bn2,80638,False,85984,0,0,0
14,layer1.1.relu2,32443,False,37322,0,0,0
14,layer1.1.conv3,851230,False,856969,0,0,0
14,layer1.1.bn3,320878,False,326984,0,0,0
14,layer1.1.add,445977,False,452025,0,0,0
14,layer1.1.relu3,178109,False,183704,0,0,0
14,layer1.2.conv1,803197,False,809050,0,0,0
14,layer1.2.bn1,95992,False,101075,0,0,0
14,layer1.2.relu1,31467,False,36094,0,0,0
14,layer1.2.conv2,1971605,False,1977475,0,0,0
14,layer1.2.bn2,79165,False,84239,0,0,0
14,layer1.2.relu2,32291,False,37042,0,0,0
14,layer1.2.conv3,851471,False,857412,0,0,0
14,layer1.2.bn3,320972,False,327034,0,0,0
14,layer1.2.add,449775,False,455891,0,0,0
14,layer1.2.relu3,176635,False,182426,0,0,0
14,layer2.0.conv1,1586854,False,1592963,0,0,0
14,layer2.0.bn1,172054,False,177655,0,0,0
14,layer2.0.relu1,81940,False,86916,0,0,0
14,layer2.0.conv2,2132781,False,2139198,0,0,0
14,layer2.0.bn2,44212,False,48925,0,0,0
14,layer2.0.relu2,18115,False,22747,0,0,0
14,layer2.0.conv3,847161,False,852858,0,0,0
14,layer2.0.bn3,169415,False,175118,0,0,0
14,layer2.0.downsample.0,2306005,False,2312338,0,0,0
14,layer2.0.downsample.1,172816,False,178577,0,0,0
14,layer2.0.add,229897,False,235914,0,0,0
14,layer2.0.relu3,85919,False,90889,0,0,0
14,layer2.1.conv1,820663,False,826241,0,0,0
14,layer2.1.bn1,49261,False,54020,0,0,0
14,layer2.1.relu1,16844,False,21336,0,0,0
14,layer2.1.conv2,1920313,False,1926029,0,0,0
14,layer2.1.bn2,41447,False,46223,0,0,0
14,layer2.1.relu2,17828,False,22391,0,0,0
14,layer2.1.conv3,848446,False,854032,0,0,0
14,layer2.1.bn3,169848,False,175546,0,0,0
14,layer2.1.add,226376,False,231960,0,0,0
14,layer2.1.relu3,83540,False,88426,0,0,0
14,layer2.2.conv1,813966,False,819560,0,0,0
14,layer2.2.bn1,47580,False,52376,0,0,0
14,layer2.2.relu1,16664,False,21442,0,0,0
14,layer2.2.conv2,1919074,False,1924965,0,0,0
14,layer2.2.bn2,41246,False,46160,0,0,0
14,layer2.2.relu2,17254,False,21857,0,0,0
14,layer2.2.conv3,846201,False,851879,0,0,0
14,layer2.2.bn3,167916,False,173583,0,0,0
14,layer2.2.add,231896,False,237793,0,0,0
14,layer2.2.relu3,83829,False,88591,0,0,0
14,layer2.3.conv1,809851,False,815213,0,0,0
14,layer2.3.bn1,48387,False,53313,0,0,0
14,layer2.3.relu1,17638,False,22268,0,0,0
14,layer2.3.conv2,1915850,False,1921763,0,0,0
14,layer2.3.bn2,42733,False,47474,0,0,0
14,layer2.3.relu2,17997,False,22681,0,0,0
14,layer2.3.conv3,847177,False,852843,0,0,0
14,layer2.3.bn3,169427,False,175001,0,0,0
14,layer2.3.add,224733,False,230412,0,0,0
14,layer2.3.relu3,82770,False,87650,0,0,0
14,layer3.0.conv1,1756302,False,1762134,0,0,0
14,layer3.0.bn1,84980,False,90030,0,0,0
14,layer3.0.relu1,32462,False,37059,0,0,0
14,layer3.0.conv2,2194454,False,2200447,0,0,0
14,layer3.0.bn2,35485,False,40224,0,0,0
14,layer3.0.relu2,11418,False,15908,0,0,0
14,layer3.0.conv3,965370,False,970812,0,0,0
14,layer3.0.bn3,92613,False,97637,0,0,0
14,layer3.0.downsample.0,2223168,False,2229587,0,0,0
14,layer3.0.downsample.1,92492,False,97632,0,0,0
14,layer3.0.add,107361,False,112723,0,0,0
14,layer3.0.relu3,37859,False,42597,0,0,0
14,layer3.1.conv1,1020467,False,1026135,0,0,0
14,layer3.1.bn1,32879,False,37468,0,0,0
14,layer3.1.relu1,10491,False,15196,0,0,0
14,layer3.1.conv2,2033616,False,2039769,0,0,0
14,layer3.1.bn2,33144,False,37835,0,0,0
14,layer3.1.relu2,11961,False,16576,0,0,0
14,layer3.1.conv3,966557,False,972202,0,0,0
14,layer3.1.bn3,94415,False,99446,0,0,0
14,layer3.1.add,109398,False,114800,0,0,0
14,layer3.1.relu3,36332,False,41009,0,0,0
14,layer3.2.conv1,1010008,False,1015527,0,0,0
14,layer3.2.bn1,31240,False,35916,0,0,0
14,layer3.2.relu1,10438,False,14922,0,0,0
14,layer3.2.conv2,2034520,False,2040467,0,0,0
14,layer3.2.bn2,33167,False,37921,0,0,0
14,layer3.2.relu2,11957,False,16609,0,0,0
14,layer3.2.conv3,967391,False,972770,0,0,0
14,layer3.2.bn3,91331,False,96461,0,0,0
14,layer3.2.add,92710,False,97978,0,0,0
14,layer3.2.relu3,35016,False,39685,0,0,0
14,layer3.3.conv1,1016137,False,1021520,0,0,0
14,layer3.3.bn1,31152,False,35887,0,0,0
14,layer3.3.relu1,11300,False,15888,0,0,0
14,layer3.3.conv2,2031036,False,2037040,0,0,0
14,layer3.3.bn2,32602,False,37249,0,0,0
14,layer3.3.relu2,12098,False,16679,0,0,0
14,layer3.3.conv3,972049,False,977651,0,0,0
14,layer3.3.bn3,95876,False,100904,0,0,0
14,layer3.3.add,105379,False,110891,0,0,0
14,layer3.3.relu3,35646,False,40381,0,0,0
14,layer3.4.conv1,1005598,False,1011184,0,0,0
14,layer3.4.bn1,31438,False,36060,0,0,0
14,layer3.4.relu1,10481,False,15059,0,0,0
14,layer3.4.conv2,2033633,False,2039648,0,0,0
14,layer3.4.bn2,32824,False,37620,0,0,0
14,layer3.4.relu2,11902,False,16503,0,0,0
14,layer3.4.conv3,965457,False,970970,0,0,0
14,layer3.4.bn3,90961,False,96149,0,0,0
14,layer3.4.add,92910,False,98151,0,0,0
14,layer3.4.relu3,35667,False,40399,0,0,0
14,layer3.5.conv1,1020368,False,1025854,0,0,0
14,layer3.5.bn1,30942,False,35630,0,0,0
14,layer3.5.relu1,10220,False,14817,0,0,0
14,layer3.5.conv2,2031540,False,2037756,0,0,0
14,layer3.5.bn2,32715,False,37438,0,0,0
14,layer3.5.relu2,11384,False,15995,0,0,0
14,layer3.5.conv3,965855,False,971482,0,0,0
14,layer3.5.bn3,93673,False,98538,0,0,0
14,layer3.5.add,105351,False,110738,0,0,0
14,layer3.5.relu3,36683,False,41357,0,0,0
14,layer4.0.conv1,1964697,False,1970538,0,0,0
14,layer4.0.bn1,51283,False,56240,0,0,0
14,layer4.0.relu1,16850,False,21355,0,0,0
14,layer4.0.conv2,3413927,False,3420024,0,0,0
14,layer4.0.bn2,29917,False,34683,0,0,0
14,layer4.0.relu2,8528,False,13168,0,0,0
14,layer4.0.conv3,1247029,False,1252872,0,0,0
14,layer4.0.bn3,58359,False,63122,0,0,0
14,layer4.0.downsample.0,2886535,False,2892500,0,0,0
14,layer4.0.downsample.1,56096,False,60854,0,0,0
14,layer4.0.add,35787,False,40479,0,0,0
14,layer4.0.relu3,17925,False,22485,0,0,0
14,layer4.1.conv1,1211465,False,1217282,0,0,0
14,layer4.1.bn1,28877,False,33592,0,0,0
14,layer4.1.relu1,7710,False,12273,0,0,0
14,layer4.1.conv2,3153381,False,3159417,0,0,0
14,layer4.1.bn2,28665,False,33507,0,0,0
14,layer4.1.relu2,8471,False,13018,0,0,0
14,layer4.1.conv3,1237809,False,1243765,0,0,0
14,layer4.1.bn3,58826,False,63460,0,0,0
14,layer4.1.add,38372,False,42976,0,0,0
14,layer4.1.relu3,17558,False,22107,0,0,0
14,layer4.2.conv1,1204373,False,1210470,0,0,0
14,layer4.2.bn1,28331,False,32975,0,0,0
14,layer4.2.relu1,8201,False,12789,0,0,0
14,layer4.2.conv2,3145731,False,3151959,0,0,0
14,layer4.2.bn2,30516,False,35301,0,0,0
14,layer4.2.relu2,8818,False,13351,0,0,0
14,layer4.2.conv3,1238384,False,1244343,0,0,0
14,layer4.2.bn3,60119,False,64995,0,0,0
14,layer4.2.add,34978,False,39723,0,0,0
14,layer4.2.relu3,17630,False,22341,0,0,0
14,avgpool,78774,False,83395,0,0,0
14,flatten,8680,False,13203,0,0,0
14,fc,500613,False,506458,0,0,0
15,conv1,2170205,False,2176599,0,0,0
15,bn1,328055,False,334569,0,0,0
15,relu,175718,False,181277,0,0,0
15,maxpool,10251568,False,10259506,0,0,0
15,layer1.0.conv1,250912,False,257610,0,0,0
15,layer1.0.bn1,87477,False,92570,0,0,0
15,layer1.0.relu1,33929,False,38641,0,0,0
15,layer1.0.conv2,2000213,False,2006770,0,0,0
15,layer1.0.bn2,81262,False,86483,0,0,0
15,layer1.0.relu2,32641,False,37288,0,0,0
15,layer1.0.conv3,856513,False,862292,0,0,0
15,layer1.0.bn3,324469,False,330368,0,0,0
15,layer1.0.downsample.0,861423,False,867420,0,0,0
15,layer1.0.downsample.1,325913,False,331676,0,0,0
15,layer1.0.add,451711,False,457643,0,0,0
15,layer1.0.relu3,174717,False,180320,0,0,0
15,layer1.1.conv1,808798,False,814768,0,0,0
15,layer1.1.bn1,93238,False,98198,0,0,0
15,layer1.1.relu1,32195,False,36812,0,0,0
15,layer1.1.conv2,1977400,False,1983675,0,0,0
15,layer1.1.bn2,84571,False,89733,0,0,0
15,layer1.1.relu2,32945,False,37667,0,0,0
15,layer1.1.conv3,845791,False,855709,0,0,0
15,layer1.1.bn3,319386,False,325228,0,0,0
15,layer1.1.add,446743,False,452971,0,0,0
15,layer1.1.relu3,177974,False,183537,0,0,0
15,layer1.2.conv1,802088,False,807759,0,0,0
15,layer1.2.bn1,90948,False,95937,0,0,0
15,layer1.2.relu1,36217,False,40899,0,0,0
15,layer1.2.conv2,1978865,False,1984634,0,0,0
15,layer1.2.bn2,79347,False,84507,0,0,0
15,layer1.2.relu2,31939,False,36647,0,0,0
15,layer1.2.conv3,852153,False,857674,0,0,0
15,layer1.2.bn3,320147,False,326122,0,0,0
15,layer1.2.add,450243,False,456080,0,0,0
15,layer1.2.relu3,177353,False,182951,0,0,0
15,layer2.0.conv1,1588159,False,1593935,0,0,0
15,layer2.0.bn1,170989,False,176701,0,0,0
15,layer2.0.relu1,82192,False,86981,0,0,0
15,layer2.0.conv2,2131305,False,2137273,0,0,0
15,layer2.0.bn2,42523,False,47218,0,0,0
15,layer2.0.relu2,17419,False,22002,0,0,0
15,layer2.0.conv3,846226,False,851570,0,0,0
15,layer2.0.bn3,168883,False,174514,0,0,0
15,layer2.0.downsample.0,2301996,False,2308301,0,0,0
15,layer2.0.downsample.1,172017,False,177730,0,0,0
15,layer2.0.add,229183,False,234887,0,0,0
15,layer2.0.relu3,85891,False,90767,0,0,0
15,layer2.1.conv1,818591,False,824159,0,0,0
15,layer2.1.bn1,49225,False,54144,0,0,0
15,layer2.1.relu1,17608,False,22206,0,0,0
15,layer2.1.conv2,1919397,False,1924952,0,0,0
15,layer2.1.bn2,41449,False,46180,0,0,0
15,layer2.1.relu2,17902,False,22472,0,0,0
15,layer2.1.conv3,847200,False,852660,0,0,0
15,layer2.1.bn3,169162,False,174832,0,0,0
15,layer2.1.add,225270,False,231088,0,0,0
15,layer2.1.relu3,83153,False,88036,0,0,0
15,layer2.2.conv1,814367,False,819859,0,0,0
15,layer2.2.bn1,47222,False,52082,0,0,0
15,layer2.2.relu1,17187,False,21810,0,0,0
15,layer2.2.conv2,1916115,False,1921986,0,0,0
15,layer2.2.bn2,41270,False,46022,0,0,0
15,layer2.2.relu2,17897,False,22514,0,0,0
15,layer2.2.conv3,846084,False,851773,0,0,0
15,layer2.2.bn3,168470,False,175417,0,0,0
15,layer2.2.add,233074,False,238948,0,0,0
15,layer2.2.relu3,84107,False,88837,0,0,0
15,layer2.3.conv1,810584,False,816030,0,0,0
15,layer2.3.bn1,51822,False,56650,0,0,0
15,layer2.3.relu1,17742,False,22415,0,0,0
15,layer2.3.conv2,1915297,False,1921222,0,0,0
15,layer2.3.bn2,43122,False,47866,0,0,0
15,layer2.3.relu2,17377,False,21808,0,0,0
15,layer2.3.conv3,841467,False,847296,0,0,0
15,layer2.3.bn3,171081,False,176789,0,0,0
15,layer2.3.add,225205,False,230813,0,0,0
15,layer2.3.relu3,83573,False,88416,0,0,0
15,layer3.0.conv1,1754489,False,1760105,0,0,0
15,layer3.0.bn1,83037,False,87941,0,0,0
15,layer3.0.relu1,31625,False,36208,0,0,0
15,layer3.0.conv2,2189949,False,2196320,0,0,0
15,layer3.0.bn2,36299,False,40950,0,0,0
15,layer3.0.relu2,11341,False,15760,0,0,0
15,layer3.0.conv3,976072,False,981527,0,0,0
15,layer3.0.bn3,92163,False,97142,0,0,0
15,layer3.0.downsample.0,2218419,False,2224776,0,0,0
15,layer3.0.downsample.1,91312,False,96267,0,0,0
15,layer3.0.add,106406,False,111451,0,0,0
15,layer3.0.relu3,36925,False,41656,0,0,0
15,layer3.1.conv1,1013441,False,1019051,0,0,0
15,layer3.1.bn1,32890,False,37494,0,0,0
15,layer3.1.relu1,10426,False,15055,0,0,0
15,layer3.1.conv2,2035035,False,2041439,0,0,0
15,layer3.1.bn2,34042,False,38872,0,0,0
15,layer3.1.relu2,11341,False,15717,0,0,0
15,layer3.1.conv3,966968,False,972411,0,0,0
15,layer3.1.bn3,93571,False,98541,0,0,0
15,layer3.1.add,109504,False,114961,0,0,0
15,layer3.1.relu3,35292,False,39929,0,0,0
15,layer3.2.conv1,1027497,False,1033243,0,0,0
15,layer3.2.bn1,31995,False,36632,0,0,0
15,layer3.2.relu1,10692,False,15308,0,0,0
15,layer3.2.conv2,2036652,False,2042936,0,0,0
15,layer3.2.bn2,33135,False,37914,0,0,0
15,layer3.2.relu2,11048,False,15541,0,0,0
15,layer3.2.conv3,997097,False,982950,0,1,0
15,layer3.2.bn3,92575,False,97729,0,0,0
15,layer3.2.add,93909,False,99208,0,0,0
15,layer3.2.relu3,35323,False,40097,0,0,0
15,layer3.3.conv1,1013951,False,1019517,0,0,0
15,layer3.3.bn1,31180,False,35887,0,0,0
15,layer3.3.relu1,10684,False,15224,0,0,0
15,layer3.3.conv2,2032945,False,2039290,0,0,0
15,layer3.3.bn2,33476,False,38235,0,0,0
15,layer3.3.relu2,11279,False,15663,0,0,0
15,layer3.3.conv3,965596,False,971183,0,0,0
15,layer3.3.bn3,98467,False,103447,0,0,0
15,layer3.3.add,106123,False,111403,0,0,0
15,layer3.3.relu3,35947,False,40618,0,0,0
15,layer3.4.conv1,1005872,False,1011449,0,0,0
15,layer3.4.bn1,32062,False,36779,0,0,0
15,layer3.4.relu1,11462,False,16088,0,0,0
15,layer3.4.conv2,2033579,False,2039666,0,0,0
15,layer3.4.bn2,32858,False,37649,0,0,0
15,layer3.4.relu2,11663,False,16156,0,0,0
15,layer3.4.conv3,965392,False,970715,0,0,0
15,layer3.4.bn3,90810,False,95894,0,0,0
15,layer3.4.add,92621,False,98010,0,0,0
15,layer3.4.relu3,34853,False,39600,0,0,0
15,layer3.5.conv1,1010122,False,1015713,0,0,0
15,layer3.5.bn1,32363,False,37047,0,0,0
15,layer3.5.relu1,11082,False,15585,0,0,0
15,layer3.5.conv2,2037886,False,2044017,0,0,0
15,layer3.5.bn2,36602,False,41323,0,0,0
15,layer3.5.relu2,12436,False,17031,0,0,0
15,layer3.5.conv3,968059,False,973863,0,0,0
15,layer3.5.bn3,93327,False,98260,0,0,0
15,layer3.5.add,105368,False,110739,0,0,0
15,layer3.5.relu3,36545,False,41323,0,0,0
15,layer4.0.conv1,1969772,False,1975776,0,0,0
15,layer4.0.bn1,50651,False,55519,0,0,0
15,layer4.0.relu1,17321,False,21942,0,0,0
15,layer4.0.conv2,3432196,False,3438489,0,0,0
15,layer4.0.bn2,30183,False,35104,0,0,0
15,layer4.0.relu2,8708,False,13325,0,0,0
15,layer4.0.conv3,1241946,False,1247945,0,0,0
15,layer4.0.bn3,57564,False,62424,0,0,0
15,layer4.0.downsample.0,2890631,False,2897029,0,0,0
15,layer4.0.downsample.1,56725,False,61564,0,0,0
15,layer4.0.add,35795,False,40579,0,0,0
15,layer4.0.relu3,17059,False,21629,0,0,0
15,layer4.1.conv1,1211332,False,1217257,0,0,0
15,layer4.1.bn1,29279,False,33975,0,0,0
15,layer4.1.relu1,8572,False,13100,0,0,0
15,layer4.1.conv2,3161410,False,3167754,0,0,0
15,layer4.1.bn2,33056,False,37972,0,0,0
15,layer4.1.relu2,7953,False,12393,0,0,0
15,layer4.1.conv3,1242194,False,1248127,0,0,0
15,layer4.1.bn3,58282,False,63035,0,0,0
15,layer4.1.add,37965,False,42668,0,0,0
15,layer4.1.relu3,17121,False,21828,0,0,0
15,layer4.2.conv1,1207840,False,1213858,0,0,0
15,layer4.2.bn1,28181,False,32911,0,0,0
15,layer4.2.relu1,7257,False,11744,0,0,0
15,layer4.2.conv2,3159043,False,3165292,0,0,0
15,layer4.2.bn2,31114,False,35785,0,0,0
15,layer4.2.relu2,8093,False,12664,0,0,0
15,layer4.2.conv3,1244843,False,1250540,0,0,0
15,layer4.2.bn3,59291,False,64073,0,0,0
15,layer4.2.add,35784,False,40527,0,0,0
15,layer4.2.relu3,17425,False,22001,0,0,0
15,avgpool,83454,False,88264,0,0,0
15,flatten,8526,False,13116,0,0,0
15,fc,502636,False,508450,0,0,0
16,conv1,2173252,False,2179485,0,0,0
16,bn1,328187,False,334306,0,0,0
16,relu,174940,False,180500,0,0,0
16,maxpool,10151058,False,10158729,0,0,0
16,layer1.0.conv1,261523,False,268472,0,0,0
16,layer1.0.bn1,86804,False,91927,0,0,0
16,layer1.0.relu1,32855,False,37501,0,0,0
16,layer1.0.conv2,1984346,False,1990334,0,0,0
16,layer1.0.bn2,80726,False,85902,0,0,0
16,layer1.0.relu2,32320,False,36948,0,0,0
16,layer1.0.conv3,855154,False,860784,0,0,0
16,layer1.0.bn3,327040,False,332925,0,0,0
16,layer1.0.downsample.0,859605,False,865710,0,0,0
16,layer1.0.downsample.1,325650,False,331840,0,0,0
16,layer1.0.add,451426,False,457513,0,0,0
16,layer1.0.relu3,174796,False,180478,0,0,0
16,layer1.1.conv1,806077,False,811861,0,0,0
16,layer1.1.bn1,93796,False,99012,0,0,0
16,layer1.1.relu1,32477,False,37134,0,0,0
16,layer1.1.conv2,1977239,False,1983197,0,0,0
16,layer1.1.bn2,80210,False,89117,0,0,0
16,layer1.1.relu2,32059,False,36728,0,0,0
16,layer1.1.conv3,851564,False,857262,0,0,0
16,layer1.1.bn3,320028,False,326121,0,0,0
16,layer1.1.add,446122,False,452194,0,0,0
16,layer1.1.relu3,178116,False,183597,0,0,0
16,layer1.2.conv1,802474,False,808283,0,0,0
16,layer1.2.bn1,91959,False,97035,0,0,0
16,layer1.2.relu1,32392,False,37125,0,0,0
16,layer1.2.conv2,2204162,False,1993839,0,1,0
16,layer1.2.bn2,84376,False,89792,0,0,0
16,layer1.2.relu2,32887,False,37509,0,0,0
16,layer1.2.conv3,853802,False,859434,0,0,0
16,layer1.2.bn3,320076,False,326098,0,0,0
16,layer1.2.add,454823,False,460874,0,0,0
16,layer1.2.relu3,174368,False,179876,0,0,0
16,layer2.0.conv1,1589705,False,1595715,0,0,0
16,layer2.0.bn1,170993,False,176560,0,0,0
16,layer2.0.relu1,77685,False,82410,0,0,0
16,layer2.0.conv2,2129017,False,2135210,0,0,0
16,layer2.0.bn2,43758,False,48607,0,0,0
16,layer2.0.relu2,18247,False,22971,0,0,0
16,layer2.0.conv3,848079,False,853571,0,0,0
16,layer2.0.bn3,167920,False,173454,0,0,0
16,layer2.0.downsample.0,2298616,False,2304972,0,0,0
16,layer2.0.downsample.1,176915,False,182501,0,0,0
16,layer2.0.add,225832,False,231611,0,0,0
16,layer2.0.relu3,86038,False,91056,0,0,0
16,layer2.1.conv1,819272,False,824971,0,0,0
16,layer2.1.bn1,48319,False,52987,0,0,0
16,layer2.1.relu1,17539,False,22048,0,0,0
16,layer2.1.conv2,1919210,False,1924743,0,0,0
16,layer2.1.bn2,40709,False,45412,0,0,0
16,layer2.1.relu2,17286,False,21775,0,0,0
16,layer2.1.conv3,848289,False,853655,0,0,0
16,layer2.1.bn3,169690,False,175380,0,0,0
16,layer2.1.add,226096,False,231813,0,0,0
16,layer2.1.relu3,83631,False,88576,0,0,0
16,layer2.2.conv1,814044,False,819747,0,0,0
16,layer2.2.bn1,47688,False,52735,0,0,0
16,layer2.2.relu1,17898,False,22520,0,0,0
16,layer2.2.conv2,1915461,False,1921104,0,0,0
16,layer2.2.bn2,42203,False,47034,0,0,0
16,layer2.2.relu2,17712,False,22211,0,0,0
16,layer2.2.conv3,846353,False,851777,0,0,0
16,layer2.2.bn3,169969,False,175661,0,0,0
16,layer2.2.add,228099,False,233717,0,0,0
16,layer2.2.relu3,83787,False,88605,0,0,0
16,layer2.3.conv1,815879,False,821177,0,0,0
16,layer2.3.bn1,47456,False,52229,0,0,0
16,layer2.3.relu1,17154,False,21833,0,0,0
16,layer2.3.conv2,1911130,False,1916842,0,0,0
16,layer2.3.bn2,41574,False,46330,0,0,0
16,layer2.3.relu2,18076,False,22646,0,0,0
16,layer2.3.conv3,845512,False,851118,0,0,0
16,layer2.3.bn3,170281,False,175948,0,0,0
16,layer2.3.add,224748,False,230345,0,0,0
16,layer2.3.relu3,82750,False,87507,0,0,0
16,layer3.0.conv1,1760144,False,1765757,0,0,0
16,layer3.0.bn1,84279,False,89224,0,0,0
16,layer3.0.relu1,31968,False,36517,0,0,0
16,layer3.0.conv2,2195246,False,2201423,0,0,0
16,layer3.0.bn2,39129,False,43824,0,0,0
16,layer3.0.relu2,12258,False,16788,0,0,0
16,layer3.0.conv3,970919,False,976403,0,0,0
16,layer3.0.bn3,90969,False,95865,0,0,0
16,layer3.0.downsample.0,2218655,False,2224935,0,0,0
16,layer3.0.downsample.1,90019,False,95047,0,0,0
16,layer3.0.add,106669,False,112029,0,0,0
16,layer3.0.relu3,36827,False,41450,0,0,0
16,layer3.1.conv1,1018941,False,1024317,0,0,0
16,layer3.1.bn1,33381,False,38012,0,0,0
16,layer3.1.relu1,11338,False,15958,0,0,0
16,layer3.1.conv2,2046977,False,2052958,0,0,0
16,layer3.1.bn2,33087,False,37972,0,0,0
16,layer3.1.relu2,14557,False,19088,0,0,0
16,layer3.1.conv3,964229,False,969888,0,0,0
16,layer3.1.bn3,93524,False,98443,0,0,0
16,layer3.1.add,105350,False,110776,0,0,0
16,layer3.1.relu3,36339,False,40936,0,0,0
16,layer3.2.conv1,1004530,False,1009937,0,0,0
16,layer3.2.bn1,31736,False,36375,0,0,0
16,layer3.2.relu1,11178,False,15719,0,0,0
16,layer3.2.conv2,2034343,False,2040241,0,0,0
16,layer3.2.bn2,32398,False,37079,0,0,0
16,layer3.2.relu2,11461,False,15966,0,0,0
16,layer3.2.conv3,970622,False,976396,0,0,0
16,layer3.2.bn3,90969,False,95867,0,0,0
16,layer3.2.add,92794,False,97996,0,0,0
16,layer3.2.relu3,35193,False,39878,0,0,0
16,layer3.3.conv1,1015735,False,1021257,0,0,0
16,layer3.3.bn1,32229,False,37109,0,0,0
16,layer3.3.relu1,11233,False,15680,0,0,0
16,layer3.3.conv2,2035442,False,2041415,0,0,0
16,layer3.3.bn2,32124,False,36776,0,0,0
16,layer3.3.relu2,11399,False,15833,0,0,0
16,layer3.3.conv3,965480,False,970775,0,0,0
16,layer3.3.bn3,92710,False,97659,0,0,0
16,layer3.3.add,104646,False,110034,0,0,0
16,layer3.3.relu3,35652,False,40253,0,0,0
16,layer3.4.conv1,1023580,False,1029184,0,0,0
16,layer3.4.bn1,31864,False,36501,0,0,0
16,layer3.4.relu1,10332,False,14912,0,0,0
16,layer3.4.conv2,2036835,False,2042939,0,0,0
16,layer3.4.bn2,31957,False,36559,0,0,0
16,layer3.4.relu2,11405,False,15877,0,0,0
16,layer3.4.conv3,964179,False,969541,0,0,0
16,layer3.4.bn3,90521,False,95697,0,0,0
16,layer3.4.add,92705,False,97885,0,0,0
16,layer3.4.relu3,34988,False,39620,0,0,0
16,layer3.5.conv1,1018443,False,1024038,0,0,0
16,layer3.5.bn1,31984,False,36596,0,0,0
16,layer3.5.relu1,10726,False,15247,0,0,0
16,layer3.5.conv2,2032601,False,2038564,0,0,0
16,layer3.5.bn2,33131,False,37849,0,0,0
16,layer3.5.relu2,11877,False,16458,0,0,0
16,layer3.5.conv3,967646,False,972960,0,0,0
16,layer3.5.bn3,93474,False,98372,0,0,0
16,layer3.5.add,105764,False,111003,0,0,0
16,layer3.5.relu3,35632,False,40328,0,0,0
16,layer4.0.conv1,1971471,False,1977414,0,0,0
16,layer4.0.bn1,49821,False,54667,0,0,0
16,layer4.0.relu1,17043,False,21539,0,0,0
16,layer4.0.conv2,3433914,False,3439952,0,0,0
16,layer4.0.bn2,29750,False,34673,0,0,0
16,layer4.0.relu2,8788,False,13333,0,0,0
16,layer4.0.conv3,1250167,False,1255963,0,0,0
16,layer4.0.bn3,58220,False,62971,0,0,0
16,layer4.0.downsample.0,2890946,False,2897170,0,0,0
16,layer4.0.downsample.1,57630,False,62304,0,0,0
16,layer4.0.add,35526,False,40182,0,0,0
16,layer4.0.relu3,17449,False,22042,0,0,0
16,layer4.1.conv1,1209865,False,1215878,0,0,0
16,layer4.1.bn1,30001,False,34737,0,0,0
16,layer4.1.relu1,8507,False,13073,0,0,0
16,layer4.1.conv2,3156389,False,3162521,0,0,0
16,layer4.1.bn2,29262,False,33915,0,0,0
16,layer4.1.relu2,8417,False,12884,0,0,0
16,layer4.1.conv3,1241817,False,1247839,0,0,0
16,layer4.1.bn3,58919,False,63707,0,0,0
16,layer4.1.add,37815,False,42605,0,0,0
16,layer4.1.relu3,18038,False,22607,0,0,0
16,layer4.2.conv1,1209845,False,1215796,0,0,0
16,layer4.2.bn1,29410,False,34048,0,0,0
16,layer4.2.relu1,7098,False,11651,0,0,0
16,layer4.2.conv2,3153407,False,3159472,0,0,0
16,layer4.2.bn2,30239,False,34932,0,0,0
16,layer4.2.relu2,8917,False,13423,0,0,0
16,layer4.2.conv3,1239471,False,1245333,0,0,0
16,layer4.2.bn3,60300,False,64968,0,0,0
16,layer4.2.add,35913,False,40580,0,0,0
16,layer4.2.relu3,16325,False,20921,0,0,0
16,avgpool,83232,False,87825,0,0,0
16,flatten,8624,False,13207,0,0,0
16,fc,501531,False,507579,0,0,0
17,conv1,2173649,False,2180262,0,0,0
17,bn1,329293,False,335455,0,0,0
17,relu,178934,False,184338,0,0,0
17,maxpool,10379538,False,10387237,0,0,0
17,layer1.0.conv1,250293,False,257349,0,0,0
17,layer1.0.bn1,87467,False,92661,0,0,0
17,layer1.0.relu1,33668,False,38208,0,0,0
17,layer1.0.conv2,1988314,False,1994365,0,0,0
17,layer1.0.bn2,82357,False,87428,0,0,0
17,layer1.0.relu2,32335,False,37039,0,0,0
17,layer1.0.conv3,854577,False,860455,0,0,0
17,layer1.0.bn3,321121,False,327120,0,0,0
17,layer1.0.downsample.0,865612,False,871526,0,0,0
17,layer1.0.downsample.1,322243,False,328320,0,0,0
17,layer1.0.add,455376,False,461220,0,0,0
17,layer1.0.relu3,174534,False,180114,0,0,0
17,layer1.1.conv1,807935,False,813689,0,0,0
17,layer1.1.bn1,92583,False,97635,0,0,0
17,layer1.1.relu1,31328,False,35943,0,0,0
17,layer1.1.conv2,1979279,False,1985276,0,0,0
17,layer1.1.bn2,79181,False,84190,0,0,0
17,layer1.1.relu2,32449,False,37294,0,0,0
17,layer1.1.conv3,851944,False,857522,0,0,0
17,layer1.1.bn3,321633,False,327532,0,0,0
17,layer1.1.add,451054,False,456918,0,0,0
17,layer1.1.relu3,174038,False,179467,0,0,0
17,layer1.2.conv1,809136,False,815033,0,0,0
17,layer1.2.bn1,91330,False,96390,0,0,0
17,layer1.2.relu1,31756,False,36333,0,0,0
17,layer1.2.conv2,1975343,False,1981170,0,0,0
17,layer1.2.bn2,78987,False,84122,0,0,0
17,layer1.2.relu2,31442,False,36050,0,0,0
17,layer1.2.conv3,851208,False,856884,0,0,0
17,layer1.2.bn3,320424,False,326265,0,0,0
17,layer1.2.add,453774,False,459548,0,0,0
17,layer1.2.relu3,173014,False,178563,0,0,0
17,layer2.0.conv1,1592300,False,1598147,0,0,0
17,layer2.0.bn1,170610,False,176190,0,0,0
17,layer2.0.relu1,77675,False,82582,0,0,0
17,layer2.0.conv2,2128019,False,2133983,0,0,0
17,layer2.0.bn2,42805,False,47667,0,0,0
17,layer2.0.relu2,17104,False,21597,0,0,0
17,layer2.0.conv3,849152,False,854766,0,0,0
17,layer2.0.bn3,168924,False,174642,0,0,0
17,layer2.0.downsample.0,2317234,False,2323414,0,0,0
17,layer2.0.downsample.1,172150,False,177917,0,0,0
17,layer2.0.add,226173,False,231932,0,0,0
17,layer2.0.relu3,85042,False,89955,0,0,0
17,layer2.1.conv1,820640,False,826249,0,0,0
17,layer2.1.bn1,47937,False,52918,0,0,0
17,layer2.1.relu1,17022,False,21609,0,0,0
17,layer2.1.conv2,1918686,False,1924262,0,0,0
17,layer2.1.bn2,40878,False,45602,0,0,0
17,layer2.1.relu2,16797,False,21355,0,0,0
17,layer2.1.conv3,846780,False,852491,0,0,0
17,layer2.1.bn3,168918,False,174612,0,0,0
17,layer2.1.add,230018,False,235688,0,0,0
17,layer2.1.relu3,82166,False,86987,0,0,0
17,layer2.2.conv1,811099,False,816494,0,0,0
17,layer2.2.bn1,51122,False,55855,0,0,0
17,layer2.2.relu1,16653,False,21230,0,0,0
17,layer2.2.conv2,1917995,False,1923583,0,0,0
17,layer2.2.bn2,42019,False,46800,0,0,0
17,layer2.2.relu2,17635,False,22173,0,0,0
17,layer2.2.conv3,840504,False,846072,0,0,0
17,layer2.2.bn3,168628,False,178415,0,0,0
17,layer2.2.add,227983,False,233757,0,0,0
17,layer2.2.relu3,84158,False,88962,0,0,0
17,layer2.3.conv1,814368,False,819852,0,0,0
17,layer2.3.bn1,48100,False,53094,0,0,0
17,layer2.3.relu1,17517,False,22012,0,0,0
17,layer2.3.conv2,1917653,False,1923228,0,0,0
17,layer2.3.bn2,41946,False,46780,0,0,0
17,layer2.3.relu2,17218,False,21750,0,0,0
17,layer2.3.conv3,847398,False,852965,0,0,0
17,layer2.3.bn3,170127,False,175628,0,0,0
17,layer2.3.add,226174,False,232037,0,0,0
17,layer2.3.relu3,83166,False,88018,0,0,0
17,layer3.0.conv1,1782475,False,1767604,0,1,0
17,layer3.0.bn1,85848,False,90971,0,0,0
17,layer3.0.relu1,32358,False,36972,0,0,0
17,layer3.0.conv2,2195562,False,2201476,0,0,0
17,layer3.0.bn2,35301,False,39944,0,0,0
17,layer3.0.relu2,11244,False,15747,0,0,0
17,layer3.0.conv3,971812,False,977224,0,0,0
17,layer3.0.bn3,91252,False,96258,0,0,0
17,layer3.0.downsample.0,2228716,False,2235461,0,0,0
17,layer3.0.downsample.1,92049,False,97248,0,0,0
17,layer3.0.add,107235,False,112553,0,0,0
17,layer3.0.relu3,37489,False,42377,0,0,0
17,layer3.1.conv1,1012624,False,1018132,0,0,0
17,layer3.1.bn1,36163,False,40746,0,0,0
17,layer3.1.relu1,10581,False,15219,0,0,0
17,layer3.1.conv2,2035528,False,2041618,0,0,0
17,layer3.1.bn2,32990,False,37950,0,0,0
17,layer3.1.relu2,11766,False,16248,0,0,0
17,layer3.1.conv3,967319,False,972717,0,0,0
17,layer3.1.bn3,93042,False,97996,0,0,0
17,layer3.1.add,106017,False,111379,0,0,0
17,layer3.1.relu3,35923,False,40704,0,0,0
17,layer3.2.conv1,1010567,False,1016092,0,0,0
17,layer3.2.bn1,32568,False,37276,0,0,0
17,layer3.2.relu1,10894,False,15454,0,0,0
17,layer3.2.conv2,2037055,False,2043015,0,0,0
17,layer3.2.bn2,33365,False,38282,0,0,0
17,layer3.2.relu2,11544,False,16024,0,0,0
17,layer3.2.conv3,966679,False,972361,0,0,0
17,layer3.2.bn3,90585,False,95542,0,0,0
17,layer3.2.add,96259,False,101431,0,0,0
17,layer3.2.relu3,35586,False,40226,0,0,0
17,layer3.3.conv1,1015176,False,1020790,0,0,0
17,layer3.3.bn1,31733,False,36354,0,0,0
17,layer3.3.relu1,11671,False,16222,0,0,0
17,layer3.3.conv2,2036261,False,2042254,0,0,0
17,layer3.3.bn2,32196,False,36849,0,0,0
17,layer3.3.relu2,11547,False,16005,0,0,0
17,layer3.3.conv3,969326,False,974908,0,0,0
17,layer3.3.bn3,93199,False,98033,0,0,0
17,layer3.3.add,104744,False,110035,0,0,0
17,layer3.3.relu3,35808,False,40441,0,0,0
17,layer3.4.conv1,1022044,False,1027492,0,0,0
17,layer3.4.bn1,31488,False,36098,0,0,0
17,layer3.4.relu1,10707,False,15200,0,0,0
17,layer3.4.conv2,2034219,False,2040422,0,0,0
17,layer3.4.bn2,32654,False,37478,0,0,0
17,layer3.4.relu2,11602,False,16050,0,0,0
17,layer3.4.conv3,965288,False,971075,0,0,0
17,layer3.4.bn3,95749,False,100731,0,0,0
17,layer3.4.add,93401,False,98762,0,0,0
17,layer3.4.relu3,35168,False,39724,0,0,0
17,layer3.5.conv1,1011843,False,1017398,0,0,0
17,layer3.5.bn1,32312,False,36904,0,0,0
17,layer3.5.relu1,11161,False,15800,0,0,0
17,layer3.5.conv2,2031413,False,2037299,0,0,0
17,layer3.5.bn2,32945,False,37641,0,0,0
17,layer3.5.relu2,12050,False,16637,0,0,0
17,layer3.5.conv3,968721,False,974254,0,0,0
17,layer3.5.bn3,92870,False,97781,0,0,0
17,layer3.5.add,106332,False,111624,0,0,0
17,layer3.5.relu3,35465,False,40081,0,0,0
17,layer4.0.conv1,1968343,False,1974332,0,0,0
17,layer4.0.bn1,50317,False,55274,0,0,0
17,layer4.0.relu1,17346,False,22000,0,0,0
17,layer4.0.conv2,3447257,False,3453351,0,0,0
17,layer4.0.bn2,29906,False,34720,0,0,0
17,layer4.0.relu2,8797,False,13453,0,0,0
17,layer4.0.conv3,1250410,False,1256343,0,0,0
17,layer4.0.bn3,57491,False,62216,0,0,0
17,layer4.0.downsample.0,2884416,False,2890772,0,0,0
17,layer4.0.downsample.1,56941,False,61821,0,0,0
17,layer4.0.add,35240,False,40020,0,0,0
17,layer4.0.relu3,17865,False,22438,0,0,0
17,layer4.1.conv1,1216407,False,1222277,0,0,0
17,layer4.1.bn1,30019,False,34727,0,0,0
17,layer4.1.relu1,7734,False,12232,0,0,0
17,layer4.1.conv2,3154767,False,3161135,0,0,0
17,layer4.1.bn2,29239,False,34085,0,0,0
17,layer4.1.relu2,7869,False,12329,0,0,0
17,layer4.1.conv3,1244773,False,1250896,0,0,0
17,layer4.1.bn3,58437,False,63232,0,0,0
17,layer4.1.add,38343,False,43212,0,0,0
17,layer4.1.relu3,17043,False,21514,0,0,0
17,layer4.2.conv1,1210558,False,1216269,0,0,0
17,layer4.2.bn1,29690,False,34422,0,0,0
17,layer4.2.relu1,7903,False,12327,0,0,0
17,layer4.2.conv2,3149048,False,3155082,0,0,0
17,layer4.2.bn2,31816,False,36605,0,0,0
17,layer4.2.relu2,9162,False,13663,0,0,0
17,layer4.2.conv3,1240774,False,1246750,0,0,0
17,layer4.2.bn3,59920,False,64589,0,0,0
17,layer4.2.add,35639,False,40331,0,0,0
17,layer4.2.relu3,16871,False,21377,0,0,0
17,avgpool,85616,False,90303,0,0,0
17,flatten,8632,False,13118,0,0,0
17,fc,497351,False,503236,0,0,0
18,conv1,2181405,False,2188273,0,0,0
18,bn1,332675,False,338886,0,0,0
18,relu,175968,False,181455,0,0,0
18,maxpool,10251955,False,10259572,0,0,0
18,layer1.0.conv1,269729,False,276631,0,0,0
18,layer1.0.bn1,93726,False,99993,0,0,0
18,layer1.0.relu1,33096,False,37714,0,0,0
18,layer1.0.conv2,1993264,False,1999520,0,0,0
18,layer1.0.bn2,81710,False,86897,0,0,0
18,layer1.0.relu2,32971,False,37605,0,0,0
18,layer1.0.conv3,855527,False,861252,0,0,0
18,layer1.0.bn3,319439,False,325330,0,0,0
18,layer1.0.downsample.0,865359,False,871463,0,0,0
18,layer1.0.downsample.1,321105,False,327093,0,0,0
18,layer1.0.add,455719,False,461695,0,0,0
18,layer1.0.relu3,174904,False,180395,0,0,0
18,layer1.1.conv1,809589,False,815556,0,0,0
18,layer1.1.bn1,92868,False,97757,0,0,0
18,layer1.1.relu1,31828,False,36477,0,0,0
18,layer1.1.conv2,1988515,False,1994286,0,0,0
18,layer1.1.bn2,79440,False,84684,0,0,0
18,layer1.1.relu2,31940,False,36573,0,0,0
18,layer1.1.conv3,851693,False,857400,0,0,0
18,layer1.1.bn3,321245,False,327252,0,0,0
18,layer1.1.add,450245,False,456215,0,0,0
18,layer1.1.relu3,173309,False,178752,0,0,0
18,layer1.2.conv1,807097,False,813187,0,0,0
18,layer1.2.bn1,91638,False,96552,0,0,0
18,layer1.2.relu1,31571,False,36137,0,0,0
18,layer1.2.conv2,1974839,False,1980928,0,0,0
18,layer1.2.bn2,78271,False,83325,0,0,0
18,layer1.2.relu2,32755,False,37470,0,0,0
18,layer1.2.conv3,853241,False,858896,0,0,0
18,layer1.2.bn3,326420,False,332410,0,0,0
18,layer1.2.add,449738,False,455588,0,0,0
18,layer1.2.relu3,174503,False,180167,0,0,0
18,layer2.0.conv1,1594850,False,1600854,0,0,0
18,layer2.0.bn1,172079,False,177703,0,0,0
18,layer2.0.relu1,78080,False,82859,0,0,0
18,layer2.0.conv2,2134026,False,2140251,0,0,0
18,layer2.0.bn2,42757,False,47596,0,0,0
18,layer2.0.relu2,18138,False,22635,0,0,0
18,layer2.0.conv3,847339,False,852936,0,0,0
18,layer2.0.bn3,168892,False,174708,0,0,0
18,layer2.0.downsample.0,2303362,False,2309730,0,0,0
18,layer2.0.downsample.1,173814,False,179524,0,0,0
18,layer2.0.add,225655,False,231300,0,0,0
18,layer2.0.relu3,86633,False,91541,0,0,0
18,layer2.1.conv1,819963,False,825492,0,0,0
18,layer2.1.bn1,48673,False,53459,0,0,0
18,layer2.1.relu1,17828,False,22370,0,0,0
18,layer2.1.conv2,1917905,False,1923756,0,0,0
18,layer2.1.bn2,42189,False,46906,0,0,0
18,layer2.1.relu2,17827,False,22370,0,0,0
18,layer2.1.conv3,846652,False,852185,0,0,0
18,layer2.1.bn3,169410,False,175070,0,0,0
18,layer2.1.add,228781,False,234366,0,0,0
18,layer2.1.relu3,83843,False,88692,0,0,0
18,layer2.2.conv1,813879,False,819225,0,0,0
18,layer2.2.bn1,46042,False,50799,0,0,0
18,layer2.2.relu1,17212,False,21886,0,0,0
18,layer2.2.conv2,1914311,False,1920020,0,0,0
18,layer2.2.bn2,42846,False,47658,0,0,0
18,layer2.2.relu2,17907,False,22373,0,0,0
18,layer2.2.conv3,848207,False,853615,0,0,0
18,layer2.2.bn3,169247,False,174995,0,0,0
18,layer2.2.add,228530,False,234357,0,0,0
18,layer2.2.relu3,84403,False,89203,0,0,0
18,layer2.3.conv1,816415,False,821790,0,0,0
18,layer2.3.bn1,48012,False,52794,0,0,0
18,layer2.3.relu1,16917,False,21519,0,0,0
18,layer2.3.conv2,1915760,False,1921471,0,0,0
18,layer2.3.bn2,42532,False,47350,0,0,0
18,layer2.3.relu2,17506,False,21969,0,0,0
18,layer2.3.conv3,848187,False,853942,0,0,0
18,layer2.3.bn3,170585,False,176219,0,0,0
18,layer2.3.add,229096,False,234655,0,0,0
18,layer2.3.relu3,83629,False,88569,0,0,0
18,layer3.0.conv1,1728948,False,1734632,0,0,0
18,layer3.0.bn1,87100,False,92137,0,0,0
18,layer3.0.relu1,33095,False,37768,0,0,0
18,layer3.0.conv2,2194170,False,2200354,0,0,0
18,layer3.0.bn2,35672,False,40318,0,0,0
18,layer3.0.relu2,11577,False,16142,0,0,0
18,layer3.0.conv3,971872,False,977557,0,0,0
18,layer3.0.bn3,93531,False,98551,0,0,0
18,layer3.0.downsample.0,2220023,False,2226192,0,0,0
18,layer3.0.downsample.1,90382,False,95365,0,0,0
18,layer3.0.add,106498,False,111774,0,0,0
18,layer3.0.relu3,38076,False,42811,0,0,0
18,layer3.1.conv1,1015587,False,1021051,0,0,0
18,layer3.1.bn1,32753,False,37404,0,0,0
18,layer3.1.relu1,10576,False,15067,0,0,0
18,layer3.1.conv2,2033396,False,2039395,0,0,0
18,layer3.1.bn2,32692,False,37361,0,0,0
18,layer3.1.relu2,11676,False,16150,0,0,0
18,layer3.1.conv3,967748,False,973173,0,0,0
18,layer3.1.bn3,93122,False,97989,0,0,0
18,layer3.1.add,105322,False,110515,0,0,0
18,layer3.1.relu3,36113,False,40719,0,0,0
18,layer3.2.conv1,1005657,False,1011301,0,0,0
18,layer3.2.bn1,31964,False,36617,0,0,0
18,layer3.2.relu1,10381,False,14823,0,0,0
18,layer3.2.conv2,2032215,False,2038128,0,0,0
18,layer3.2.bn2,32816,False,37444,0,0,0
18,layer3.2.relu2,11556,False,16160,0,0,0
18,layer3.2.conv3,970801,False,976261,0,0,0
18,layer3.2.bn3,90412,False,95397,0,0,0
18,layer3.2.add,93410,False,98632,0,0,0
18,layer3.2.relu3,35535,False,40344,0,0,0
18,layer3.3.conv1,1005897,False,1011404,0,0,0
18,layer3.3.bn1,32211,False,36812,0,0,0
18,layer3.3.relu1,10301,False,14718,0,0,0
18,layer3.3.conv2,2033286,False,2039262,0,0,0
18,layer3.3.bn2,33208,False,37939,0,0,0
18,layer3.3.relu2,11337,False,15788,0,0,0
18,layer3.3.conv3,968499,False,974205,0,0,0
18,layer3.3.bn3,92356,False,97331,0,0,0
18,layer3.3.add,104885,False,110183,0,0,0
18,layer3.3.relu3,36005,False,40644,0,0,0
18,layer3.4.conv1,1024815,False,1030294,0,0,0
18,layer3.4.bn1,31917,False,36727,0,0,0
18,layer3.4.relu1,10591,False,15198,0,0,0
18,layer3.4.conv2,2035780,False,2041809,0,0,0
18,layer3.4.bn2,33213,False,38030,0,0,0
18,layer3.4.relu2,11711,False,16228,0,0,0
18,layer3.4.conv3,964307,False,969900,0,0,0
18,layer3.4.bn3,90911,False,95983,0,0,0
18,layer3.4.add,93362,False,98717,0,0,0
18,layer3.4.relu3,35203,False,40050,0,0,0
18,layer3.5.conv1,1004359,False,1009854,0,0,0
18,layer3.5.bn1,31632,False,36237,0,0,0
18,layer3.5.relu1,10345,False,14899,0,0,0
18,layer3.5.conv2,2026434,False,2032513,0,0,0
18,layer3.5.bn2,33244,False,38119,0,0,0
18,layer3.5.relu2,12053,False,16599,0,0,0
18,layer3.5.conv3,970287,False,975755,0,0,0
18,layer3.5.bn3,93983,False,98930,0,0,0
18,layer3.5.add,105343,False,110634,0,0,0
18,layer3.5.relu3,35527,False,40274,0,0,0
18,layer4.0.conv1,1959157,False,1965011,0,0,0
18,layer4.0.bn1,50267,False,55077,0,0,0
18,layer4.0.relu1,16841,False,21517,0,0,0
18,layer4.0.conv2,3415499,False,3421531,0,0,0
18,layer4.0.bn2,31167,False,35853,0,0,0
18,layer4.0.relu2,8406,False,12974,0,0,0
18,layer4.0.conv3,1246524,False,1252330,0,0,0
18,layer4.0.bn3,57265,False,61962,0,0,0
18,layer4.0.downsample.0,2891926,False,2898160,0,0,0
18,layer4.0.downsample.1,57203,False,62033,0,0,0
18,layer4.0.add,35957,False,40666,0,0,0
18,layer4.0.relu3,17422,False,22033,0,0,0
18,layer4.1.conv1,1215160,False,1221072,0,0,0
18,layer4.1.bn1,29467,False,34186,0,0,0
18,layer4.1.relu1,8540,False,13020,0,0,0
18,layer4.1.conv2,3149589,False,3155822,0,0,0
18,layer4.1.bn2,29770,False,34476,0,0,0
18,layer4.1.relu2,8778,False,13370,0,0,0
18,layer4.1.conv3,1240716,False,1246716,0,0,0
18,layer4.1.bn3,58949,False,63650,0,0,0
18,layer4.1.add,37918,False,42709,0,0,0
18,layer4.1.relu3,16816,False,21334,0,0,0
18,layer4.2.conv1,1211499,False,1217405,0,0,0
18,layer4.2.bn1,28482,False,33156,0,0,0
18,layer4.2.relu1,7484,False,12027,0,0,0
18,layer4.2.conv2,3143744,False,3149831,0,0,0
18,layer4.2.bn2,31028,False,35796,0,0,0
18,layer4.2.relu2,8713,False,13264,0,0,0
18,layer4.2.conv3,1251571,False,1257450,0,0,0
18,layer4.2.bn3,60126,False,65103,0,0,0
18,layer4.2.add,35012,False,39743,0,0,0
18,layer4.2.relu3,16509,False,21084,0,0,0
18,avgpool,83623,False,88246,0,0,0
18,flatten,8586,False,13159,0,0,0
18,fc,495383,False,501307,0,0,0
19,conv1,2174206,False,2180469,0,0,0
19,bn1,332872,False,338971,0,0,0
19,relu,174478,False,180130,0,0,0
19,maxpool,10182665,False,10189816,0,0,0
19,layer1.0.conv1,265452,False,272299,0,0,0
19,layer1.0.bn1,90674,False,97027,0,0,0
19,layer1.0.relu1,33572,False,38385,0,0,0
19,layer1.0.conv2,1986731,False,1992779,0,0,0
19,layer1.0.bn2,80791,False,86005,0,0,0
19,layer1.0.relu2,33092,False,37955,0,0,0
19,layer1.0.conv3,857020,False,863004,0,0,0
19,layer1.0.bn3,319409,False,325630,0,0,0
19,layer1.0.downsample.0,865005,False,870765,0,0,0
19,layer1.0.downsample.1,324007,False,329975,0,0,0
19,layer1.0.add,455277,False,461289,0,0,0
19,layer1.0.relu3,174537,False,180158,0,0,0
19,layer1.1.conv1,808387,False,814113,0,0,0
19,layer1.1.bn1,92152,False,97154,0,0,0
19,layer1.1.relu1,31629,False,36278,0,0,0
19,layer1.1.conv2,1979804,False,1985860,0,0,0
19,layer1.1.bn2,79457,False,84541,0,0,0
19,layer1.1.relu2,31979,False,36757,0,0,0
19,layer1.1.conv3,859016,False,864765,0,0,0
19,layer1.1.bn3,319236,False,325221,0,0,0
19,layer1.1.add,450538,False,456645,0,0,0
19,layer1.1.relu3,175019,False,180668,0,0,0
19,layer1.2.conv1,808338,False,814444,0,0,0
19,layer1.2.bn1,92605,False,97565,0,0,0
19,layer1.2.relu1,32261,False,36815,0,0,0
19,layer1.2.conv2,1973318,False,1979190,0,0,0
19,layer1.2.bn2,79846,False,85100,0,0,0
19,layer1.2.relu2,31387,False,36184,0,0,0
19,layer1.2.conv3,851949,False,857666,0,0,0
19,layer1.2.bn3,319713,False,325723,0,0,0
19,layer1.2.add,453531,False,459595,0,0,0
19,layer1.2.relu3,173456,False,178910,0,0,0
19,layer2.0.conv1,1592642,False,1598849,0,0,0
19,layer2.0.bn1,171118,False,176803,0,0,0
19,layer2.0.relu1,77968,False,82903,0,0,0
19,layer2.0.conv2,2126119,False,2132450,0,0,0
19,layer2.0.bn2,43259,False,48010,0,0,0
19,layer2.0.relu2,17672,False,22140,0,0,0
19,layer2.0.conv3,849418,False,854952,0,0,0
19,layer2.0.bn3,169915,False,175693,0,0,0
19,layer2.0.downsample.0,2308542,False,2315219,0,0,0
19,layer2.0.downsample.1,172969,False,178520,0,0,0
19,layer2.0.add,226155,False,232053,0,0,0
19,layer2.0.relu3,85719,False,90685,0,0,0
19,layer2.1.conv1,820406,False,825953,0,0,0
19,layer2.1.bn1,48416,False,53125,0,0,0
19,layer2.1.relu1,17454,False,22032,0,0,0
19,layer2.1.conv2,1922867,False,1928735,0,0,0
19,layer2.1.bn2,41813,False,46649,0,0,0
19,layer2.1.relu2,17495,False,22087,0,0,0
19,layer2.1.conv3,847432,False,853098,0,0,0
19,layer2.1.bn3,169070,False,174792,0,0,0
19,layer2.1.add,229933,False,235680,0,0,0
19,layer2.1.relu3,82805,False,87759,0,0,0
19,layer2.2.conv1,818666,False,823993,0,0,0
19,layer2.2.bn1,46720,False,51471,0,0,0
19,layer2.2.relu1,17639,False,22189,0,0,0
19,layer2.2.conv2,1920845,False,1926374,0,0,0
19,layer2.2.bn2,41123,False,45899,0,0,0
19,layer2.2.relu2,16960,False,21460,0,0,0
19,layer2.2.conv3,845306,False,850731,0,0,0
19,layer2.2.bn3,169154,False,174617,0,0,0
19,layer2.2.add,228009,False,233752,0,0,0
19,layer2.2.relu3,84522,False,89379,0,0,0
19,layer2.3.conv1,817574,False,822858,0,0,0
19,layer2.3.bn1,47578,False,52386,0,0,0
19,layer2.3.relu1,16852,False,21404,0,0,0
19,layer2.3.conv2,1915594,False,1921304,0,0,0
19,layer2.3.bn2,41921,False,46796,0,0,0
19,layer2.3.relu2,17872,False,22258,0,0,0
19,layer2.3.conv3,848502,False,854016,0,0,0
19,layer2.3.bn3,168855,False,174534,0,0,0
19,layer2.3.add,224556,False,230082,0,0,0
19,layer2.3.relu3,83427,False,92751,0,0,0
19,layer3.0.conv1,1726257,False,1732137,0,0,0
19,layer3.0.bn1,84619,False,89655,0,0,0
19,layer3.0.relu1,35746,False,40413,0,0,0
19,layer3.0.conv2,2196892,False,2202989,0,0,0
19,layer3.0.bn2,36116,False,40811,0,0,0
19,layer3.0.relu2,11405,False,15899,0,0,0
19,layer3.0.conv3,966236,False,971802,0,0,0
19,layer3.0.bn3,92507,False,97402,0,0,0
19,layer3.0.downsample.0,2221597,False,2228014,0,0,0
19,layer3.0.downsample.1,90916,False,96078,0,0,0
19,layer3.0.add,106648,False,111888,0,0,0
19,layer3.0.relu3,37128,False,41781,0,0,0
19,layer3.1.conv1,1016282,False,1021912,0,0,0
19,layer3.1.bn1,33315,False,37900,0,0,0
19,layer3.1.relu1,10915,False,15371,0,0,0
19,layer3.1.conv2,2030170,False,2036411,0,0,0
19,layer3.1.bn2,33038,False,37774,0,0,0
19,layer3.1.relu2,11217,False,15788,0,0,0
19,layer3.1.conv3,967823,False,973301,0,0,0
19,layer3.1.bn3,92799,False,97625,0,0,0
19,layer3.1.add,105893,False,111341,0,0,0
19,layer3.1.relu3,35472,False,40147,0,0,0
19,layer3.2.conv1,1006955,False,1012563,0,0,0
19,layer3.2.bn1,32566,False,37327,0,0,0
19,layer3.2.relu1,10596,False,15111,0,0,0
19,layer3.2.conv2,2035951,False,2042116,0,0,0
19,layer3.2.bn2,32780,False,37425,0,0,0
19,layer3.2.relu2,11236,False,15688,0,0,0
19,layer3.2.conv3,971416,False,977119,0,0,0
19,layer3.2.bn3,91437,False,96532,0,0,0
19,layer3.2.add,97065,False,102333,0,0,0
19,layer3.2.relu3,34582,False,39219,0,0,0
19,layer3.3.conv1,1016217,False,1021787,0,0,0
19,layer3.3.bn1,32006,False,36725,0,0,0
19,layer3.3.relu1,11274,False,15851,0,0,0
19,layer3.3.conv2,2029614,False,2035484,0,0,0
19,layer3.3.bn2,32917,False,37713,0,0,0
19,layer3.3.relu2,11899,False,16427,0,0,0
19,layer3.3.conv3,967561,False,973150,0,0,0
19,layer3.3.bn3,92944,False,97925,0,0,0
19,layer3.3.add,104480,False,109822,0,0,0
19,layer3.3.relu3,36368,False,41057,0,0,0
19,layer3.4.conv1,1006154,False,1011806,0,0,0
19,layer3.4.bn1,31521,False,36131,0,0,0
19,layer3.4.relu1,10194,False,14719,0,0,0
19,layer3.4.conv2,2036389,False,2042991,0,0,0
19,layer3.4.bn2,33426,False,38160,0,0,0
19,layer3.4.relu2,11850,False,16297,0,0,0
19,layer3.4.conv3,965236,False,970931,0,0,0
19,layer3.4.bn3,95871,False,100958,0,0,0
19,layer3.4.add,93756,False,99210,0,0,0
19,layer3.4.relu3,34981,False,39772,0,0,0
19,layer3.5.conv1,1019149,False,1024663,0,0,0
19,layer3.5.bn1,31382,False,36113,0,0,0
19,layer3.5.relu1,10989,False,15565,0,0,0
19,layer3.5.conv2,2027412,False,2033447,0,0,0
19,layer3.5.bn2,32883,False,37532,0,0,0
19,layer3.5.relu2,11771,False,16398,0,0,0
19,layer3.5.conv3,966490,False,971875,0,0,0
19,layer3.5.bn3,93118,False,98136,0,0,0
19,layer3.5.add,105301,False,110646,0,0,0
19,layer3.5.relu3,36447,False,41158,0,0,0
19,layer4.0.conv1,1963973,False,1969972,0,0,0
19,layer4.0.bn1,51001,False,55859,0,0,0
19,layer4.0.relu1,16954,False,21432,0,0,0
19,layer4.0.conv2,3434153,False,3440273,0,0,0
19,layer4.0.bn2,30526,False,35161,0,0,0
19,layer4.0.relu2,8625,False,13201,0,0,0
19,layer4.0.conv3,1250255,False,1256198,0,0,0
19,layer4.0.bn3,58302,False,63117,0,0,0
19,layer4.0.downsample.0,2889183,False,2895721,0,0,0
19,layer4.0.downsample.1,56779,False,61496,0,0,0
19,layer4.0.add,35699,False,40585,0,0,0
19,layer4.0.relu3,17553,False,22063,0,0,0
19,layer4.1.conv1,1215692,False,1221358,0,0,0
19,layer4.1.bn1,29327,False,34073,0,0,0
19,layer4.1.relu1,8443,False,13065,0,0,0
19,layer4.1.conv2,3156789,False,3162859,0,0,0
19,layer4.1.bn2,29531,False,34303,0,0,0
19,layer4.1.relu2,8553,False,12981,0,0,0
19,layer4.1.conv3,1242691,False,1248471,0,0,0
19,layer4.1.bn3,59008,False,63945,0,0,0
19,layer4.1.add,38724,False,43456,0,0,0
19,layer4.1.relu3,17044,False,21656,0,0,0
19,layer4.2.conv1,1220709,False,1226690,0,0,0
19,layer4.2.bn1,29304,False,33887,0,0,0
19,layer4.2.relu1,7329,False,11842,0,0,0
19,layer4.2.conv2,3155221,False,3161561,0,0,0
19,layer4.2.bn2,31031,False,35989,0,0,0
19,layer4.2.relu2,8615,False,13262,0,0,0
19,layer4.2.conv3,1244402,False,1250046,0,0,0
19,layer4.2.bn3,60177,False,64899,0,0,0
19,layer4.2.add,34672,False,39323,0,0,0
19,layer4.2.relu3,17593,False,22149,0,0,0
19,avgpool,81175,False,90065,0,0,0
19,flatten,8579,False,13039,0,0,0
19,fc,496890,False,502908,0,0,0
20,conv1,2171867,False,2178770,0,0,0
20,bn1,331119,False,337513,0,0,0
20,relu,174870,False,180301,0,0,0
20,maxpool,10109850,False,10116221,0,0,0
20,layer1.0.conv1,250312,False,257012,0,0,0
20,layer1.0.bn1,87924,False,93005,0,0,0
20,layer1.0.relu1,33372,False,38186,0,0,0
20,layer1.0.conv2,1990873,False,1996863,0,0,0
20,layer1.0.bn2,81270,False,86438,0,0,0
20,layer1.0.relu2,32192,False,36922,0,0,0
20,layer1.0.conv3,858024,False,863841,0,0,0
20,layer1.0.bn3,320417,False,326326,0,0,0
20,layer1.0.downsample.0,867248,False,873264,0,0,0
20,layer1.0.downsample.1,321774,False,327853,0,0,0
20,layer1.0.add,456844,False,462747,0,0,0
20,layer1.0.relu3,174594,False,180292,0,0,0
20,layer1.1.conv1,807966,False,813928,0,0,0
20,layer1.1.bn1,91894,False,97049,0,0,0
20,layer1.1.relu1,30861,False,35423,0,0,0
20,layer1.1.conv2,1978199,False,1984367,0,0,0
20,layer1.1.bn2,78769,False,84047,0,0,0
20,layer1.1.relu2,32924,False,37623,0,0,0
20,layer1.1.conv3,851456,False,857057,0,0,0
20,layer1.1.bn3,321626,False,327524,0,0,0
20,layer1.1.add,450093,False,455936,0,0,0
20,layer1.1.relu3,173630,False,179511,0,0,0
20,layer1.2.conv1,807347,False,813224,0,0,0
20,layer1.2.bn1,92263,False,97392,0,0,0
20,layer1.2.relu1,32710,False,37437,0,0,0
20,layer1.2.conv2,1976552,False,1982623,0,0,0
20,layer1.2.bn2,79687,False,84963,0,0,0
20,layer1.2.relu2,32785,False,37524,0,0,0
20,layer1.2.conv3,850022,False,855704,0,0,0
20,layer1.2.bn3,320977,False,326856,0,0,0
20,layer1.2.add,453467,False,459245,0,0,0
20,layer1.2.relu3,174320,False,180009,0,0,0
20,layer2.0.conv1,1592865,False,1598807,0,0,0
20,layer2.0.bn1,171884,False,177635,0,0,0
20,layer2.0.relu1,78270,False,83129,0,0,0
20,layer2.0.conv2,2128308,False,2134519,0,0,0
20,layer2.0.bn2,43978,False,48731,0,0,0
20,layer2.0.relu2,18286,False,22906,0,0,0
20,layer2.0.conv3,847804,False,853192,0,0,0
20,layer2.0.bn3,167616,False,173212,0,0,0
20,layer2.0.downsample.0,2307308,False,2313578,0,0,0
20,layer2.0.downsample.1,173665,False,179132,0,0,0
20,layer2.0.add,226092,False,231979,0,0,0
20,layer2.0.relu3,85348,False,90303,0,0,0
20,layer2.1.conv1,820055,False,825609,0,0,0
20,layer2.1.bn1,48435,False,53214,0,0,0
20,layer2.1.relu1,17162,False,21805,0,0,0
20,layer2.1.conv2,1912542,False,1918179,0,0,0
20,layer2.1.bn2,41928,False,46790,0,0,0
20,layer2.1.relu2,17350,False,21953,0,0,0
20,layer2.1.conv3,845895,False,851640,0,0,0
20,layer2.1.bn3,169919,False,175621,0,0,0
20,layer2.1.add,230004,False,235713,0,0,0
20,layer2.1.relu3,82847,False,87695,0,0,0
20,layer2.2.conv1,810673,False,816225,0,0,0
20,layer2.2.bn1,58570,False,63466,0,0,0
20,layer2.2.relu1,17466,False,22251,0,0,0
20,layer2.2.conv2,1916325,False,1922090,0,0,0
20,layer2.2.bn2,41349,False,46146,0,0,0
20,layer2.2.relu2,17356,False,22066,0,0,0
20,layer2.2.conv3,840619,False,846221,0,0,0
20,layer2.2.bn3,169010,False,174530,0,0,0
20,layer2.2.add,228103,False,233955,0,0,0
20,layer2.2.relu3,84546,False,89555,0,0,0
20,layer2.3.conv1,815909,False,821367,0,0,0
20,layer2.3.bn1,47559,False,52335,0,0,0
20,layer2.3.relu1,16927,False,21645,0,0,0
20,layer2.3.conv2,1909403,False,1915128,0,0,0
20,layer2.3.bn2,41500,False,46357,0,0,0
20,layer2.3.relu2,17896,False,22588,0,0,0
20,layer2.3.conv3,846499,False,852106,0,0,0
20,layer2.3.bn3,171537,False,177146,0,0,0
20,layer2.3.add,225797,False,231552,0,0,0
20,layer2.3.relu3,83579,False,88644,0,0,0
20,layer3.0.conv1,1732996,False,1738798,0,0,0
20,layer3.0.bn1,85303,False,90347,0,0,0
20,layer3.0.relu1,32287,False,36937,0,0,0
20,layer3.0.conv2,2196229,False,2202427,0,0,0
20,layer3.0.bn2,36083,False,40974,0,0,0
20,layer3.0.relu2,11696,False,16245,0,0,0
20,layer3.0.conv3,970279,False,975851,0,0,0
20,layer3.0.bn3,90804,False,95808,0,0,0
20,layer3.0.downsample.0,2216960,False,2223439,0,0,0
20,layer3.0.downsample.1,91313,False,96271,0,0,0
20,layer3.0.add,106182,False,111419,0,0,0
20,layer3.0.relu3,37184,False,41833,0,0,0
20,layer3.1.conv1,1047977,False,1036893,0,1,0
20,layer3.1.bn1,37463,False,42225,0,0,0
20,layer3.1.relu1,11388,False,15799,0,0,0
20,layer3.1.conv2,2037044,False,2043402,0,0,0
20,layer3.1.bn2,32621,False,37303,0,0,0
20,layer3.1.relu2,11347,False,15876,0,0,0
20,layer3.1.conv3,968131,False,973692,0,0,0
20,layer3.1.bn3,93431,False,98436,0,0,0
20,layer3.1.add,105532,False,110749,0,0,0
20,layer3.1.relu3,36473,False,41197,0,0,0
20,layer3.2.conv1,1010462,False,1016039,0,0,0
20,layer3.2.bn1,31819,False,36557,0,0,0
20,layer3.2.relu1,10274,False,14939,0,0,0
20,layer3.2.conv2,2033308,False,2039435,0,0,0
20,layer3.2.bn2,33209,False,37831,0,0,0
20,layer3.2.relu2,11235,False,15695,0,0,0
20,layer3.2.conv3,968875,False,974532,0,0,0
20,layer3.2.bn3,90893,False,96054,0,0,0
20,layer3.2.add,92966,False,98242,0,0,0
20,layer3.2.relu3,35757,False,40475,0,0,0
20,layer3.3.conv1,1012304,False,1017951,0,0,0
20,layer3.3.bn1,32001,False,36683,0,0,0
20,layer3.3.relu1,10933,False,15626,0,0,0
20,layer3.3.conv2,2033273,False,2039788,0,0,0
20,layer3.3.bn2,32563,False,37294,0,0,0
20,layer3.3.relu2,11309,False,15969,0,0,0
20,layer3.3.conv3,974337,False,979945,0,0,0
20,layer3.3.bn3,92264,False,97171,0,0,0
20,layer3.3.add,105005,False,110521,0,0,0
20,layer3.3.relu3,35794,False,40389,0,0,0
20,layer3.4.conv1,1003628,False,1009281,0,0,0
20,layer3.4.bn1,32209,False,36816,0,0,0
20,layer3.4.relu1,10482,False,14944,0,0,0
20,layer3.4.conv2,2038983,False,2045063,0,0,0
20,layer3.4.bn2,32436,False,37180,0,0,0
20,layer3.4.relu2,11379,False,15906,0,0,0
20,layer3.4.conv3,967448,False,973029,0,0,0
20,layer3.4.bn3,90938,False,95966,0,0,0
20,layer3.4.add,93427,False,98583,0,0,0
20,layer3.4.relu3,35588,False,40494,0,0,0
20,layer3.5.conv1,1022765,False,1028482,0,0,0
20,layer3.5.bn1,31850,False,36552,0,0,0
20,layer3.5.relu1,10233,False,14830,0,0,0
20,layer3.5.conv2,2031426,False,2037744,0,0,0
20,layer3.5.bn2,32622,False,37344,0,0,0
20,layer3.5.relu2,11405,False,15902,0,0,0
20,layer3.5.conv3,966971,False,972455,0,0,0
20,layer3.5.bn3,93555,False,98526,0,0,0
20,layer3.5.add,106216,False,111683,0,0,0
20,layer3.5.relu3,35441,False,40101,0,0,0
20,layer4.0.conv1,1967983,False,1973793,0,0,0
20,layer4.0.bn1,50598,False,55372,0,0,0
20,layer4.0.relu1,17160,False,21735,0,0,0
20,layer4.0.conv2,3428772,False,3435001,0,0,0
20,layer4.0.bn2,30684,False,35381,0,0,0
20,layer4.0.relu2,8607,False,13181,0,0,0
20,layer4.0.conv3,1249142,False,1255010,0,0,0
20,layer4.0.bn3,58948,False,63750,0,0,0
20,layer4.0.downsample.0,2891471,False,2897689,0,0,0
20,layer4.0.downsample.1,56477,False,61348,0,0,0
20,layer4.0.add,36062,False,40733,0,0,0
20,layer4.0.relu3,17540,False,22131,0,0,0
20,layer4.1.conv1,1215931,False,1221761,0,0,0
20,layer4.1.bn1,29224,False,33920,0,0,0
20,layer4.1.relu1,7844,False,12436,0,0,0
20,layer4.1.conv2,3166391,False,3172653,0,0,0
20,layer4.1.bn2,30370,False,35123,0,0,0
20,layer4.1.relu2,8395,False,13070,0,0,0
20,layer4.1.conv3,1239859,False,1245803,0,0,0
20,layer4.1.bn3,58042,False,62857,0,0,0
20,layer4.1.add,38145,False,42929,0,0,0
20,layer4.1.relu3,16821,False,21325,0,0,0
20,layer4.2.conv1,1212894,False,1218841,0,0,0
20,layer4.2.bn1,28911,False,33545,0,0,0
20,layer4.2.relu1,7273,False,11884,0,0,0
20,layer4.2.conv2,3155093,False,3161312,0,0,0
20,layer4.2.bn2,30458,False,35223,0,0,0
20,layer4.2.relu2,8632,False,13104,0,0,0
20,layer4.2.conv3,1244217,False,1250213,0,0,0
20,layer4.2.bn3,60242,False,64943,0,0,0
20,layer4.2.add,35211,False,39865,0,0,0
20,layer4.2.relu3,17012,False,21516,0,0,0
20,avgpool,86955,False,91662,0,0,0
20,flatten,8695,False,13306,0,0,0
20,fc,498785,False,504942,0,0,0
21,conv1,2181360,False,2188163,0,0,0
21,bn1,332136,False,338394,0,0,0
21,relu,175641,False,181179,0,0,0
21,maxpool,10352255,False,10359967,0,0,0
21,layer1.0.conv1,255294,False,261941,0,0,0
21,layer1.0.bn1,86521,False,91652,0,0,0
21,layer1.0.relu1,32891,False,37560,0,0,0
21,layer1.0.conv2,1988980,False,1994927,0,0,0
21,layer1.0.bn2,80316,False,85523,0,0,0
21,layer1.0.relu2,32237,False,36869,0,0,0
21,layer1.0.conv3,854216,False,859818,0,0,0
21,layer1.0.bn3,318819,False,324765,0,0,0
21,layer1.0.downsample.0,865993,False,871774,0,0,0
21,layer1.0.downsample.1,322771,False,328752,0,0,0
21,layer1.0.add,493603,False,468347,0,1,0
21,layer1.0.relu3,175286,False,181194,0,0,0
21,layer1.1.conv1,809492,False,815422,0,0,0
21,layer1.1.bn1,93373,False,98291,0,0,0
21,layer1.1.relu1,31279,False,35833,0,0,0
21,layer1.1.conv2,1981020,False,1987062,0,0,0
21,layer1.1.bn2,79485,False,84571,0,0,0
21,layer1.1.relu2,32987,False,37623,0,0,0
21,layer1.1.conv3,851877,False,857616,0,0,0
21,layer1.1.bn3,325383,False,331066,0,0,0
21,layer1.1.add,445962,False,452088,0,0,0
21,layer1.1.relu3,173914,False,179304,0,0,0
21,layer1.2.conv1,808985,False,814804,0,0,0
21,layer1.2.bn1,92189,False,97266,0,0,0
21,layer1.2.relu1,31834,False,36394,0,0,0
21,layer1.2.conv2,1978136,False,1984507,0,0,0
21,layer1.2.bn2,79613,False,84829,0,0,0
21,layer1.2.relu2,32383,False,37009,0,0,0
21,layer1.2.conv3,851001,False,856609,0,0,0
21,layer1.2.bn3,324428,False,330136,0,0,0
21,layer1.2.add,450099,False,456026,0,0,0
21,layer1.2.relu3,174601,False,180085,0,0,0
21,layer2.0.conv1,1592369,False,1598463,0,0,0
21,layer2.0.bn1,171751,False,177372,0,0,0
21,layer2.0.relu1,77856,False,82676,0,0,0
21,layer2.0.conv2,2132881,False,2138870,0,0,0
21,layer2.0.bn2,43283,False,47960,0,0,0
21,layer2.0.relu2,16880,False,21387,0,0,0
21,layer2.0.conv3,846141,False,851555,0,0,0
21,layer2.0.bn3,172388,False,177847,0,0,0
21,layer2.0.downsample.0,2301632,False,2307993,0,0,0
21,layer2.0.downsample.1,173175,False,178764,0,0,0
21,layer2.0.add,226350,False,232217,0,0,0
21,layer2.0.relu3,85759,False,90885,0,0,0
21,layer2.1.conv1,819453,False,825033,0,0,0
21,layer2.1.bn1,48280,False,53104,0,0,0
21,layer2.1.relu1,16916,False,21564,0,0,0
21,layer2.1.conv2,1929952,False,1935530,0,0,0
21,layer2.1.bn2,42198,False,46985,0,0,0
21,layer2.1.relu2,17506,False,22124,0,0,0
21,layer2.1.conv3,846359,False,852007,0,0,0
21,layer2.1.bn3,174025,False,179452,0,0,0
21,layer2.1.add,226649,False,232442,0,0,0
21,layer2.1.relu3,83100,False,88006,0,0,0
21,layer2.2.conv1,815393,False,820881,0,0,0
21,layer2.2.bn1,46686,False,51491,0,0,0
21,layer2.2.relu1,17669,False,22193,0,0,0
21,layer2.2.conv2,1919473,False,1924981,0,0,0
21,layer2.2.bn2,41903,False,46625,0,0,0
21,layer2.2.relu2,17586,False,22205,0,0,0
21,layer2.2.conv3,846267,False,851689,0,0,0
21,layer2.2.bn3,169405,False,175047,0,0,0
21,layer2.2.add,228009,False,233561,0,0,0
21,layer2.2.relu3,84550,False,89426,0,0,0
21,layer2.3.conv1,813798,False,819312,0,0,0
21,layer2.3.bn1,47412,False,52252,0,0,0
21,layer2.3.relu1,16618,False,21228,0,0,0
21,layer2.3.conv2,1914535,False,1920243,0,0,0
21,layer2.3.bn2,41339,False,46151,0,0,0
21,layer2.3.relu2,17457,False,21966,0,0,0
21,layer2.3.conv3,846411,False,851984,0,0,0
21,layer2.3.bn3,171533,False,177225,0,0,0
21,layer2.3.add,228566,False,234151,0,0,0
21,layer2.3.relu3,83660,False,88468,0,0,0
21,layer3.0.conv1,1724964,False,1730626,0,0,0
21,layer3.0.bn1,84202,False,89151,0,0,0
21,layer3.0.relu1,32570,False,37304,0,0,0
21,layer3.0.conv2,2194502,False,2200456,0,0,0
21,layer3.0.bn2,35031,False,39746,0,0,0
21,layer3.0.relu2,11694,False,16328,0,0,0
21,layer3.0.conv3,967370,False,972872,0,0,0
21,layer3.0.bn3,91717,False,96778,0,0,0
21,layer3.0.downsample.0,2221199,False,2227749,0,0,0
21,layer3.0.downsample.1,92725,False,97897,0,0,0
21,layer3.0.add,110427,False,115908,0,0,0
21,layer3.0.relu3,37694,False,42426,0,0,0
21,layer3.1.conv1,1017286,False,1022672,0,0,0
21,layer3.1.bn1,33905,False,38548,0,0,0
21,layer3.1.relu1,11425,False,16127,0,0,0
21,layer3.1.conv2,2034285,False,2040270,0,0,0
21,layer3.1.bn2,34115,False,38943,0,0,0
21,layer3.1.relu2,11372,False,15879,0,0,0
21,layer3.1.conv3,967225,False,972641,0,0,0
21,layer3.1.bn3,92729,False,97672,0,0,0
21,layer3.1.add,105454,False,110925,0,0,0
21,layer3.1.relu3,36283,False,40990,0,0,0
21,layer3.2.conv1,1005517,False,1011124,0,0,0
21,layer3.2.bn1,31600,False,36203,0,0,0
21,layer3.2.relu1,10444,False,14947,0,0,0
21,layer3.2.conv2,2040034,False,2046096,0,0,0
21,layer3.2.bn2,33174,False,37961,0,0,0
21,layer3.2.relu2,11237,False,15791,0,0,0
21,layer3.2.conv3,1014794,False,993139,0,1,0
21,layer3.2.bn3,93075,False,98204,0,0,0
21,layer3.2.add,94366,False,99696,0,0,0
21,layer3.2.relu3,35573,False,40238,0,0,0
21,layer3.3.conv1,1007929,False,1013517,0,0,0
21,layer3.3.bn1,31844,False,36593,0,0,0
21,layer3.3.relu1,10758,False,15584,0,0,0
21,layer3.3.conv2,2039787,False,2045731,0,0,0
21,layer3.3.bn2,33556,False,38293,0,0,0
21,layer3.3.relu2,11454,False,16012,0,0,0
21,layer3.3.conv3,965932,False,971489,0,0,0
21,layer3.3.bn3,93026,False,97853,0,0,0
21,layer3.3.add,104973,False,110227,0,0,0
21,layer3.3.relu3,36912,False,41587,0,0,0
21,layer3.4.conv1,1016630,False,1022310,0,0,0
21,layer3.4.bn1,32724,False,37399,0,0,0
21,layer3.4.relu1,11341,False,20016,0,0,0
21,layer3.4.conv2,2033893,False,2040167,0,0,0
21,layer3.4.bn2,34093,False,38998,0,0,0
21,layer3.4.relu2,12244,False,16934,0,0,0
21,layer3.4.conv3,965008,False,970572,0,0,0
21,layer3.4.bn3,91587,False,96481,0,0,0
21,layer3.4.add,93191,False,98430,0,0,0
21,layer3.4.relu3,35417,False,40199,0,0,0
21,layer3.5.conv1,1018756,False,1024410,0,0,0
21,layer3.5.bn1,31645,False,36350,0,0,0
21,layer3.5.relu1,10985,False,15608,0,0,0
21,layer3.5.conv2,2037743,False,2043967,0,0,0
21,layer3.5.bn2,32683,False,37499,0,0,0
21,layer3.5.relu2,12299,False,16822,0,0,0
21,layer3.5.conv3,967558,False,973283,0,0,0
21,layer3.5.bn3,93794,False,98646,0,0,0
21,layer3.5.add,105381,False,111021,0,0,0
21,layer3.5.relu3,40691,False,45427,0,0,0
21,layer4.0.conv1,1964347,False,1970119,0,0,0
21,layer4.0.bn1,49957,False,54818,0,0,0
21,layer4.0.relu1,16887,False,21560,0,0,0
21,layer4.0.conv2,3415495,False,3421727,0,0,0
21,layer4.0.bn2,30820,False,35498,0,0,0
21,layer4.0.relu2,8827,False,13303,0,0,0
21,layer4.0.conv3,1246372,False,1252361,0,0,0
21,layer4.0.bn3,62869,False,67560,0,0,0
21,layer4.0.downsample.0,2882415,False,2888634,0,0,0
21,layer4.0.downsample.1,61582,False,66399,0,0,0
21,layer4.0.add,35287,False,40021,0,0,0
21,layer4.0.relu3,17856,False,22401,0,0,0
21,layer4.1.conv1,1221652,False,1227672,0,0,0
21,layer4.1.bn1,29303,False,33969,0,0,0
21,layer4.1.relu1,8374,False,13023,0,0,0
21,layer4.1.conv2,3147914,False,3154053,0,0,0
21,layer4.1.bn2,29462,False,34205,0,0,0
21,layer4.1.relu2,8748,False,13227,0,0,0
21,layer4.1.conv3,1240450,False,1246366,0,0,0
21,layer4.1.bn3,62150,False,66834,0,0,0
21,layer4.1.add,37982,False,42830,0,0,0
21,layer4.1.relu3,17046,False,21642,0,0,0
21,layer4.2.conv1,1205694,False,1211590,0,0,0
21,layer4.2.bn1,29102,False,33718,0,0,0
21,layer4.2.relu1,7609,False,12285,0,0,0
21,layer4.2.conv2,3138771,False,3144861,0,0,0
21,layer4.2.bn2,30920,False,35650,0,0,0
21,layer4.2.relu2,8916,False,13463,0,0,0
21,layer4.2.conv3,1240924,False,1246850,0,0,0
21,layer4.2.bn3,63857,False,68516,0,0,0
21,layer4.2.add,34959,False,39698,0,0,0
21,layer4.2.relu3,17399,False,21981,0,0,0
21,avgpool,82794,False,87598,0,0,0
21,flatten,9197,False,13768,0,0,0
21,fc,499684,False,505940,0,0,0
22,conv1,2175904,False,2182196,0,0,0
22,bn1,328114,False,334674,0,0,0
22,relu,175790,False,181503,0,0,0
22,maxpool,10162938,False,10170880,0,0,0
22,layer1.0.conv1,272463,False,279199,0,0,0
22,layer1.0.bn1,87117,False,92241,0,0,0
22,layer1.0.relu1,33969,False,38705,0,0,0
22,layer1.0.conv2,1995061,False,2001628,0,0,0
22,layer1.0.bn2,83070,False,88222,0,0,0
22,layer1.0.relu2,32465,False,37155,0,0,0
22,layer1.0.conv3,856062,False,861840,0,0,0
22,layer1.0.bn3,320168,False,326108,0,0,0
22,layer1.0.downsample.0,866189,False,872346,0,0,0
22,layer1.0.downsample.1,323476,False,329425,0,0,0
22,layer1.0.add,453550,False,459422,0,0,0
22,layer1.0.relu3,173814,False,179550,0,0,0
22,layer1.1.conv1,809086,False,814956,0,0,0
22,layer1.1.bn1,93275,False,98219,0,0,0
22,layer1.1.relu1,31619,False,36153,0,0,0
22,layer1.1.conv2,1981885,False,1987934,0,0,0
22,layer1.1.bn2,80200,False,85311,0,0,0
22,layer1.1.relu2,32930,False,37688,0,0,0
22,layer1.1.conv3,850342,False,855980,0,0,0
22,layer1.1.bn3,326439,False,332390,0,0,0
22,layer1.1.add,445664,False,451555,0,0,0
22,layer1.1.relu3,173468,False,179011,0,0,0
22,layer1.2.conv1,808659,False,814544,0,0,0
22,layer1.2.bn1,90933,False,95949,0,0,0
22,layer1.2.relu1,31338,False,35893,0,0,0
22,layer1.2.conv2,1972738,False,1978745,0,0,0
22,layer1.2.bn2,79497,False,84584,0,0,0
22,layer1.2.relu2,32786,False,37496,0,0,0
22,layer1.2.conv3,852097,False,857917,0,0,0
22,layer1.2.bn3,325200,False,331168,0,0,0
22,layer1.2.add,449142,False,455218,0,0,0
22,layer1.2.relu3,173322,False,179154,0,0,0
22,layer2.0.conv1,1592461,False,1598351,0,0,0
22,layer2.0.bn1,172253,False,177654,0,0,0
22,layer2.0.relu1,77856,False,82809,0,0,0
22,layer2.0.conv2,2135743,False,2142018,0,0,0
22,layer2.0.bn2,43680,False,48463,0,0,0
22,layer2.0.relu2,17503,False,21914,0,0,0
22,layer2.0.conv3,843158,False,849074,0,0,0
22,layer2.0.bn3,172676,False,178140,0,0,0
22,layer2.0.downsample.0,2314472,False,2320666,0,0,0
22,layer2.0.downsample.1,173077,False,178851,0,0,0
22,layer2.0.add,226425,False,232258,0,0,0
22,layer2.0.relu3,85865,False,90681,0,0,0
22,layer2.1.conv1,814677,False,824434,0,0,0
22,layer2.1.bn1,49440,False,54204,0,0,0
22,layer2.1.relu1,17074,False,21634,0,0,0
22,layer2.1.conv2,1917095,False,1922771,0,0,0
22,layer2.1.bn2,41682,False,46483,0,0,0
22,layer2.1.relu2,17817,False,22241,0,0,0
22,layer2.1.conv3,844390,False,850103,0,0,0
22,layer2.1.bn3,173613,False,179096,0,0,0
22,layer2.1.add,226420,False,231982,0,0,0
22,layer2.1.relu3,83230,False,88015,0,0,0
22,layer2.2.conv1,815072,False,820594,0,0,0
22,layer2.2.bn1,47127,False,51917,0,0,0
22,layer2.2.relu1,17697,False,22347,0,0,0
22,layer2.2.conv2,1914372,False,1920036,0,0,0
22,layer2.2.bn2,41237,False,45960,0,0,0
22,layer2.2.relu2,17868,False,22602,0,0,0
22,layer2.2.conv3,844443,False,849945,0,0,0
22,layer2.2.bn3,168069,False,173736,0,0,0
22,layer2.2.add,227864,False,233674,0,0,0
22,layer2.2.relu3,84069,False,89031,0,0,0
22,layer2.3.conv1,815614,False,821079,0,0,0
22,layer2.3.bn1,47436,False,52218,0,0,0
22,layer2.3.relu1,17733,False,22422,0,0,0
22,layer2.3.conv2,1913914,False,1919880,0,0,0
22,layer2.3.bn2,42966,False,47795,0,0,0
22,layer2.3.relu2,17669,False,22237,0,0,0
22,layer2.3.conv3,846843,False,852479,0,0,0
22,layer2.3.bn3,169751,False,175446,0,0,0
22,layer2.3.add,228583,False,234290,0,0,0
22,layer2.3.relu3,83994,False,88833,0,0,0
22,layer3.0.conv1,1742469,False,1748128,0,0,0
22,layer3.0.bn1,84723,False,89675,0,0,0
22,layer3.0.relu1,32062,False,36849,0,0,0
22,layer3.0.conv2,2190403,False,2196455,0,0,0
22,layer3.0.bn2,36223,False,40895,0,0,0
22,layer3.0.relu2,11771,False,16355,0,0,0
22,layer3.0.conv3,967011,False,972510,0,0,0
22,layer3.0.bn3,92450,False,97571,0,0,0
22,layer3.0.downsample.0,2218790,False,2225240,0,0,0
22,layer3.0.downsample.1,90269,False,95270,0,0,0
22,layer3.0.add,110131,False,115464,0,0,0
22,layer3.0.relu3,37801,False,42572,0,0,0
22,layer3.1.conv1,1029470,False,1034978,0,0,0
22,layer3.1.bn1,32358,False,37113,0,0,0
22,layer3.1.relu1,10906,False,15425,0,0,0
22,layer3.1.conv2,2035206,False,2041363,0,0,0
22,layer3.1.bn2,32279,False,36996,0,0,0
22,layer3.1.relu2,12455,False,16973,0,0,0
22,layer3.1.conv3,966608,False,971966,0,0,0
22,layer3.1.bn3,93844,False,98867,0,0,0
22,layer3.1.add,105040,False,110396,0,0,0
22,layer3.1.relu3,35925,False,40584,0,0,0
22,layer3.2.conv1,1013408,False,1018985,0,0,0
22,layer3.2.bn1,32115,False,36839,0,0,0
22,layer3.2.relu1,10762,False,15296,0,0,0
22,layer3.2.conv2,2034216,False,2040812,0,0,0
22,layer3.2.bn2,33321,False,38240,0,0,0
22,layer3.2.relu2,14769,False,19240,0,0,0
22,layer3.2.conv3,961873,False,967489,0,0,0
22,layer3.2.bn3,92571,False,97624,0,0,0
22,layer3.2.add,93660,False,98977,0,0,0
22,layer3.2.relu3,35855,False,40551,0,0,0
22,layer3.3.conv1,1003791,False,1009244,0,0,0
22,layer3.3.bn1,31736,False,36423,0,0,0
22,layer3.3.relu1,10923,False,15569,0,0,0
22,layer3.3.conv2,2031021,False,2037015,0,0,0
22,layer3.3.bn2,32685,False,37352,0,0,0
22,layer3.3.relu2,11526,False,16077,0,0,0
22,layer3.3.conv3,969225,False,974859,0,0,0
22,layer3.3.bn3,93434,False,98380,0,0,0
22,layer3.3.add,104903,False,110438,0,0,0
22,layer3.3.relu3,35408,False,39991,0,0,0
22,layer3.4.conv1,1011261,False,1017186,0,0,0
22,layer3.4.bn1,32193,False,36903,0,0,0
22,layer3.4.relu1,10923,False,15448,0,0,0
22,layer3.4.conv2,2046124,False,2052134,0,0,0
22,layer3.4.bn2,32770,False,37530,0,0,0
22,layer3.4.relu2,12100,False,16562,0,0,0
22,layer3.4.conv3,967712,False,973412,0,0,0
22,layer3.4.bn3,90908,False,95855,0,0,0
22,layer3.4.add,92965,False,98261,0,0,0
22,layer3.4.relu3,34748,False,39479,0,0,0
22,layer3.5.conv1,1005617,False,1011289,0,0,0
22,layer3.5.bn1,32071,False,36692,0,0,0
22,layer3.5.relu1,10923,False,15480,0,0,0
22,layer3.5.conv2,2036695,False,2042479,0,0,0
22,layer3.5.bn2,32901,False,37575,0,0,0
22,layer3.5.relu2,11666,False,16051,0,0,0
22,layer3.5.conv3,970018,False,975529,0,0,0
22,layer3.5.bn3,93519,False,98404,0,0,0
22,layer3.5.add,105529,False,110879,0,0,0
22,layer3.5.relu3,35500,False,40160,0,0,0
22,layer4.0.conv1,1969915,False,1975838,0,0,0
22,layer4.0.bn1,49425,False,54105,0,0,0
22,layer4.0.relu1,17851,False,22577,0,0,0
22,layer4.0.conv2,3432648,False,3438941,0,0,0
22,layer4.0.bn2,30920,False,35770,0,0,0
22,layer4.0.relu2,8616,False,13058,0,0,0
22,layer4.0.conv3,1242719,False,1248567,0,0,0
22,layer4.0.bn3,58603,False,63385,0,0,0
22,layer4.0.downsample.0,2883816,False,2890237,0,0,0
22,layer4.0.downsample.1,56337,False,61303,0,0,0
22,layer4.0.add,35422,False,40106,0,0,0
22,layer4.0.relu3,18295,False,22804,0,0,0
22,layer4.1.conv1,1211391,False,1217298,0,0,0
22,layer4.1.bn1,30332,False,35066,0,0,0
22,layer4.1.relu1,8283,False,12817,0,0,0
22,layer4.1.conv2,3154363,False,3160298,0,0,0
22,layer4.1.bn2,29708,False,34490,0,0,0
22,layer4.1.relu2,9411,False,13947,0,0,0
22,layer4.1.conv3,1243866,False,1249785,0,0,0
22,layer4.1.bn3,61764,False,66439,0,0,0
22,layer4.1.add,38309,False,43056,0,0,0
22,layer4.1.relu3,17009,False,21561,0,0,0
22,layer4.2.conv1,1205303,False,1211010,0,0,0
22,layer4.2.bn1,29427,False,34137,0,0,0
22,layer4.2.relu1,7724,False,12300,0,0,0
22,layer4.2.conv2,3155065,False,3161162,0,0,0
22,layer4.2.bn2,29997,False,34595,0,0,0
22,layer4.2.relu2,8446,False,12920,0,0,0
22,layer4.2.conv3,1236255,False,1241923,0,0,0
22,layer4.2.bn3,62481,False,67164,0,0,0
22,layer4.2.add,35743,False,40358,0,0,0
22,layer4.2.relu3,16933,False,21533,0,0,0
22,avgpool,79034,False,83632,0,0,0
22,flatten,8085,False,12584,0,0,0
22,fc,494568,False,500511,0,0,0
23,conv1,2211116,False,2196988,0,1,0
23,bn1,327215,False,333334,0,0,0
23,relu,176312,False,181784,0,0,0
23,maxpool,10242835,False,10250479,0,0,0
23,layer1.0.conv1,273260,False,280213,0,0,0
23,layer1.0.bn1,88217,False,93415,0,0,0
23,layer1.0.relu1,33802,False,38629,0,0,0
23,layer1.0.conv2,1991924,False,1998277,0,0,0
23,layer1.0.bn2,81490,False,86653,0,0,0
23,layer1.0.relu2,32404,False,36989,0,0,0
23,layer1.0.conv3,858198,False,863960,0,0,0
23,layer1.0.bn3,321475,False,327485,0,0,0
23,layer1.0.downsample.0,862963,False,868916,0,0,0
23,layer1.0.downsample.1,328751,False,334577,0,0,0
23,layer1.0.add,452826,False,459050,0,0,0
23,layer1.0.relu3,174131,False,179759,0,0,0
23,layer1.1.conv1,807128,False,813213,0,0,0
23,layer1.1.bn1,92263,False,97192,0,0,0
23,layer1.1.relu1,31625,False,36208,0,0,0
23,layer1.1.conv2,1979793,False,1985661,0,0,0
23,layer1.1.bn2,79742,False,84884,0,0,0
23,layer1.1.relu2,32432,False,37196,0,0,0
23,layer1.1.conv3,852151,False,857781,0,0,0
23,layer1.1.bn3,325186,False,331248,0,0,0
23,layer1.1.add,446471,False,452481,0,0,0
23,layer1.1.relu3,174275,False,180099,0,0,0
23,layer1.2.conv1,808020,False,814220,0,0,0
23,layer1.2.bn1,93609,False,98739,0,0,0
23,layer1.2.relu1,32074,False,36740,0,0,0
23,layer1.2.conv2,1980678,False,1987085,0,0,0
23,layer1.2.bn2,79065,False,84211,0,0,0
23,layer1.2.relu2,32224,False,40475,0,0,0
23,layer1.2.conv3,847463,False,853297,0,0,0
23,layer1.2.bn3,325088,False,330807,0,0,0
23,layer1.2.add,451374,False,457416,0,0,0
23,layer1.2.relu3,174369,False,180052,0,0,0
23,layer2.0.conv1,1591955,False,1597818,0,0,0
23,layer2.0.bn1,172569,False,177965,0,0,0
23,layer2.0.relu1,78080,False,82894,0,0,0
23,layer2.0.conv2,2137982,False,2147288,0,0,0
23,layer2.0.bn2,43970,False,48804,0,0,0
23,layer2.0.relu2,18080,False,22605,0,0,0
23,layer2.0.conv3,842654,False,848008,0,0,0
23,layer2.0.bn3,168706,False,177936,0,0,0
23,layer2.0.downsample.0,2298045,False,2304411,0,0,0
23,layer2.0.downsample.1,171746,False,177410,0,0,0
23,layer2.0.add,225316,False,230949,0,0,0
23,layer2.0.relu3,89697,False,94690,0,0,0
23,layer2.1.conv1,813839,False,819478,0,0,0
23,layer2.1.bn1,48789,False,53650,0,0,0
23,layer2.1.relu1,17215,False,21815,0,0,0
23,layer2.1.conv2,1912515,False,1918247,0,0,0
23,layer2.1.bn2,44193,False,48877,0,0,0
23,layer2.1.relu2,17300,False,21928,0,0,0
23,layer2.1.conv3,841626,False,847457,0,0,0
23,layer2.1.bn3,172206,False,177809,0,0,0
23,layer2.1.add,226245,False,232053,0,0,0
23,layer2.1.relu3,83753,False,88611,0,0,0
23,layer2.2.conv1,814818,False,820235,0,0,0
23,layer2.2.bn1,47695,False,52628,0,0,0
23,layer2.2.relu1,17426,False,22083,0,0,0
23,layer2.2.conv2,1912930,False,1918700,0,0,0
23,layer2.2.bn2,41563,False,46370,0,0,0
23,layer2.2.relu2,17147,False,21735,0,0,0
23,layer2.2.conv3,846716,False,852348,0,0,0
23,layer2.2.bn3,169070,False,174809,0,0,0
23,layer2.2.add,228504,False,234346,0,0,0
23,layer2.2.relu3,84509,False,89432,0,0,0
23,layer2.3.conv1,815012,False,820330,0,0,0
23,layer2.3.bn1,49315,False,54202,0,0,0
23,layer2.3.relu1,17242,False,21781,0,0,0
23,layer2.3.conv2,1912236,False,1918159,0,0,0
23,layer2.3.bn2,41670,False,46541,0,0,0
23,layer2.3.relu2,17599,False,22131,0,0,0
23,layer2.3.conv3,845691,False,851383,0,0,0
23,layer2.3.bn3,169662,False,175280,0,0,0
23,layer2.3.add,228187,False,234014,0,0,0
23,layer2.3.relu3,83400,False,88242,0,0,0
23,layer3.0.conv1,1751866,False,1757894,0,0,0
23,layer3.0.bn1,84532,False,89548,0,0,0
23,layer3.0.relu1,32068,False,36794,0,0,0
23,layer3.0.conv2,2188406,False,2194367,0,0,0
23,layer3.0.bn2,35531,False,40275,0,0,0
23,layer3.0.relu2,11622,False,16113,0,0,0
23,layer3.0.conv3,968307,False,973700,0,0,0
23,layer3.0.bn3,91339,False,96428,0,0,0
23,layer3.0.downsample.0,2214887,False,2221257,0,0,0
23,layer3.0.downsample.1,94739,False,99785,0,0,0
23,layer3.0.add,106507,False,111765,0,0,0
23,layer3.0.relu3,36666,False,41299,0,0,0
23,layer3.1.conv1,1011266,False,1016990,0,0,0
23,layer3.1.bn1,32035,False,36645,0,0,0
23,layer3.1.relu1,10638,False,15164,0,0,0
23,layer3.1.conv2,2031202,False,2037191,0,0,0
23,layer3.1.bn2,34745,False,39477,0,0,0
23,layer3.1.relu2,11645,False,16125,0,0,0
23,layer3.1.conv3,971186,False,976784,0,0,0
23,layer3.1.bn3,93617,False,98764,0,0,0
23,layer3.1.add,105975,False,111606,0,0,0
23,layer3.1.relu3,35890,False,40650,0,0,0
23,layer3.2.conv1,1008795,False,1014548,0,0,0
23,layer3.2.bn1,32656,False,37290,0,0,0
23,layer3.2.relu1,10567,False,15143,0,0,0
23,layer3.2.conv2,2035936,False,2041802,0,0,0
23,layer3.2.bn2,33450,False,38254,0,0,0
23,layer3.2.relu2,11809,False,16313,0,0,0
23,layer3.2.conv3,967256,False,972802,0,0,0
23,layer3.2.bn3,90570,False,95611,0,0,0
23,layer3.2.add,93707,False,99106,0,0,0
23,layer3.2.relu3,35616,False,40387,0,0,0
23,layer3.3.conv1,1017365,False,1022760,0,0,0
23,layer3.3.bn1,32248,False,37086,0,0,0
23,layer3.3.relu1,10903,False,15435,0,0,0
23,layer3.3.conv2,2036873,False,2042944,0,0,0
23,layer3.3.bn2,32531,False,37259,0,0,0
23,layer3.3.relu2,12004,False,16618,0,0,0
23,layer3.3.conv3,970868,False,976425,0,0,0
23,layer3.3.bn3,92987,False,97964,0,0,0
23,layer3.3.add,105223,False,110693,0,0,0
23,layer3.3.relu3,35648,False,40317,0,0,0
23,layer3.4.conv1,1020645,False,1026610,0,0,0
23,layer3.4.bn1,32023,False,36676,0,0,0
23,layer3.4.relu1,10828,False,15376,0,0,0
23,layer3.4.conv2,2030384,False,2036541,0,0,0
23,layer3.4.bn2,32623,False,37495,0,0,0
23,layer3.4.relu2,11565,False,16097,0,0,0
23,layer3.4.conv3,966477,False,972195,0,0,0
23,layer3.4.bn3,91554,False,96687,0,0,0
23,layer3.4.add,93062,False,98443,0,0,0
23,layer3.4.relu3,35028,False,39765,0,0,0
23,layer3.5.conv1,1016355,False,1022151,0,0,0
23,layer3.5.bn1,31049,False,35777,0,0,0
23,layer3.5.relu1,10593,False,15092,0,0,0
23,layer3.5.conv2,2030432,False,2036360,0,0,0
23,layer3.5.bn2,32991,False,37707,0,0,0
23,layer3.5.relu2,12190,False,16780,0,0,0
23,layer3.5.conv3,965269,False,970876,0,0,0
23,layer3.5.bn3,94645,False,99706,0,0,0
23,layer3.5.add,110577,False,116192,0,0,0
23,layer3.5.relu3,36370,False,41046,0,0,0
23,layer4.0.conv1,1977395,False,1983233,0,0,0
23,layer4.0.bn1,51098,False,56070,0,0,0
23,layer4.0.relu1,17405,False,21954,0,0,0
23,layer4.0.conv2,3419399,False,3425602,0,0,0
23,layer4.0.bn2,31560,False,36344,0,0,0
23,layer4.0.relu2,8701,False,13162,0,0,0
23,layer4.0.conv3,1247593,False,1253521,0,0,0
23,layer4.0.bn3,57545,False,62228,0,0,0
23,layer4.0.downsample.0,2882239,False,2888321,0,0,0
23,layer4.0.downsample.1,56011,False,60745,0,0,0
23,layer4.0.add,36095,False,40841,0,0,0
23,layer4.0.relu3,17203,False,21703,0,0,0
23,layer4.1.conv1,1210736,False,1216756,0,0,0
23,layer4.1.bn1,29538,False,34267,0,0,0
23,layer4.1.relu1,8103,False,12672,0,0,0
23,layer4.1.conv2,3149381,False,3155836,0,0,0
23,layer4.1.bn2,29355,False,34200,0,0,0
23,layer4.1.relu2,8818,False,13328,0,0,0
23,layer4.1.conv3,1237968,False,1243741,0,0,0
23,layer4.1.bn3,58890,False,63550,0,0,0
23,layer4.1.add,37480,False,42374,0,0,0
23,layer4.1.relu3,17667,False,22216,0,0,0
23,layer4.2.conv1,1206024,False,1211978,0,0,0
23,layer4.2.bn1,29317,False,33941,0,0,0
23,layer4.2.relu1,7775,False,12446,0,0,0
23,layer4.2.conv2,3147983,False,3154197,0,0,0
23,layer4.2.bn2,30020,False,34699,0,0,0
23,layer4.2.relu2,8634,False,13141,0,0,0
23,layer4.2.conv3,1238311,False,1244051,0,0,0
23,layer4.2.bn3,59663,False,64308,0,0,0
23,layer4.2.add,34947,False,39548,0,0,0
23,layer4.2.relu3,17427,False,21973,0,0,0
23,avgpool,81969,False,86886,0,0,0
23,flatten,8855,False,13477,0,0,0
23,fc,495928,False,501919,0,0,0
24,conv1,2175449,False,2181689,0,0,0
24,bn1,329114,False,335383,0,0,0
24,relu,176250,False,181775,0,0,0
24,maxpool,10451581,False,10459140,0,0,0
24,layer1.0.conv1,255034,False,261762,0,0,0
24,layer1.0.bn1,86892,False,92059,0,0,0
24,layer1.0.relu1,33590,False,38230,0,0,0
24,layer1.0.conv2,1989575,False,1995390,0,0,0
24,layer1.0.bn2,80697,False,85937,0,0,0
24,layer1.0.relu2,32502,False,37264,0,0,0
24,layer1.0.conv3,854342,False,860086,0,0,0
24,layer1.0.bn3,325270,False,331091,0,0,0
24,layer1.0.downsample.0,859763,False,865923,0,0,0
24,layer1.0.downsample.1,327136,False,333164,0,0,0
24,layer1.0.add,451564,False,457682,0,0,0
24,layer1.0.relu3,173824,False,179385,0,0,0
24,layer1.1.conv1,808137,False,814060,0,0,0
24,layer1.1.bn1,93269,False,98244,0,0,0
24,layer1.1.relu1,31833,False,36482,0,0,0
24,layer1.1.conv2,1980844,False,1986894,0,0,0
24,layer1.1.bn2,82074,False,87270,0,0,0
24,layer1.1.relu2,33263,False,38203,0,0,0
24,layer1.1.conv3,846180,False,852133,0,0,0
24,layer1.1.bn3,319850,False,325872,0,0,0
24,layer1.1.add,446718,False,452796,0,0,0
24,layer1.1.relu3,177867,False,183369,0,0,0
24,layer1.2.conv1,802847,False,808821,0,0,0
24,layer1.2.bn1,92485,False,97426,0,0,0
24,layer1.2.relu1,35468,False,40164,0,0,0
24,layer1.2.conv2,1978903,False,1984724,0,0,0
24,layer1.2.bn2,80302,False,85451,0,0,0
24,layer1.2.relu2,32236,False,36950,0,0,0
24,layer1.2.conv3,851394,False,857184,0,0,0
24,layer1.2.bn3,320467,False,326320,0,0,0
24,layer1.2.add,450355,False,456571,0,0,0
24,layer1.2.relu3,177768,False,183465,0,0,0
24,layer2.0.conv1,1587163,False,1592914,0,0,0
24,layer2.0.bn1,172022,False,177511,0,0,0
24,layer2.0.relu1,81212,False,86122,0,0,0
24,layer2.0.conv2,2132352,False,2138347,0,0,0
24,layer2.0.bn2,43509,False,48417,0,0,0
24,layer2.0.relu2,17212,False,21821,0,0,0
24,layer2.0.conv3,846396,False,851950,0,0,0
24,layer2.0.bn3,168480,False,174176,0,0,0
24,layer2.0.downsample.0,2304836,False,2311398,0,0,0
24,layer2.0.downsample.1,171365,False,177104,0,0,0
24,layer2.0.add,229036,False,234910,0,0,0
24,layer2.0.relu3,85226,False,90215,0,0,0
24,layer2.1.conv1,818101,False,823579,0,0,0
24,layer2.1.bn1,48901,False,53644,0,0,0
24,layer2.1.relu1,18019,False,22812,0,0,0
24,layer2.1.conv2,1918552,False,1924314,0,0,0
24,layer2.1.bn2,41740,False,46575,0,0,0
24,layer2.1.relu2,17947,False,22703,0,0,0
24,layer2.1.conv3,846096,False,851606,0,0,0
24,layer2.1.bn3,169118,False,174692,0,0,0
24,layer2.1.add,226009,False,231820,0,0,0
24,layer2.1.relu3,83252,False,88112,0,0,0
24,layer2.2.conv1,813412,False,819015,0,0,0
24,layer2.2.bn1,46647,False,51589,0,0,0
24,layer2.2.relu1,17581,False,22306,0,0,0
24,layer2.2.conv2,1917683,False,1923525,0,0,0
24,layer2.2.bn2,41820,False,46847,0,0,0
24,layer2.2.relu2,17556,False,22205,0,0,0
24,layer2.2.conv3,846458,False,852042,0,0,0
24,layer2.2.bn3,171136,False,176780,0,0,0
24,layer2.2.add,227978,False,233749,0,0,0
24,layer2.2.relu3,83356,False,88133,0,0,0
24,layer2.3.conv1,811175,False,816704,0,0,0
24,layer2.3.bn1,52655,False,57447,0,0,0
24,layer2.3.relu1,17700,False,22374,0,0,0
24,layer2.3.conv2,1908614,False,1914464,0,0,0
24,layer2.3.bn2,41709,False,46571,0,0,0
24,layer2.3.relu2,17832,False,22454,0,0,0
24,layer2.3.conv3,841860,False,847266,0,0,0
24,layer2.3.bn3,171729,False,177349,0,0,0
24,layer2.3.add,225546,False,231351,0,0,0
24,layer2.3.relu3,83325,False,88377,0,0,0
24,layer3.0.conv1,1754376,False,1760042,0,0,0
24,layer3.0.bn1,83828,False,88891,0,0,0
24,layer3.0.relu1,32556,False,37259,0,0,0
24,layer3.0.conv2,2192278,False,2198430,0,0,0
24,layer3.0.bn2,35958,False,40650,0,0,0
24,layer3.0.relu2,12010,False,16525,0,0,0
24,layer3.0.conv3,967747,False,973154,0,0,0
24,layer3.0.bn3,91990,False,97101,0,0,0
24,layer3.0.downsample.0,2223113,False,2229561,0,0,0
24,layer3.0.downsample.1,90051,False,95161,0,0,0
24,layer3.0.add,106263,False,111602,0,0,0
24,layer3.0.relu3,37639,False,42435,0,0,0
24,layer3.1.conv1,1014567,False,1019963,0,0,0
24,layer3.1.bn1,32503,False,37103,0,0,0
24,layer3.1.relu1,11083,False,15631,0,0,0
24,layer3.1.conv2,2029840,False,2035787,0,0,0
24,layer3.1.bn2,32521,False,37323,0,0,0
24,layer3.1.relu2,11462,False,15934,0,0,0
24,layer3.1.conv3,969222,False,974591,0,0,0
24,layer3.1.bn3,93643,False,98640,0,0,0
24,layer3.1.add,104855,False,110286,0,0,0
24,layer3.1.relu3,39149,False,43902,0,0,0
24,layer3.2.conv1,1011382,False,1017049,0,0,0
24,layer3.2.bn1,32508,False,37202,0,0,0
24,layer3.2.relu1,11178,False,15764,0,0,0
24,layer3.2.conv2,2042745,False,2048770,0,0,0
24,layer3.2.bn2,33641,False,38452,0,0,0
24,layer3.2.relu2,11551,False,16009,0,0,0
24,layer3.2.conv3,968907,False,974648,0,0,0
24,layer3.2.bn3,90922,False,95911,0,0,0
24,layer3.2.add,93038,False,98233,0,0,0
24,layer3.2.relu3,35140,False,39926,0,0,0
24,layer3.3.conv1,1005708,False,1011241,0,0,0
24,layer3.3.bn1,31472,False,36181,0,0,0
24,layer3.3.relu1,10193,False,14713,0,0,0
24,layer3.3.conv2,2035497,False,2041487,0,0,0
24,layer3.3.bn2,33532,False,38415,0,0,0
24,layer3.3.relu2,11444,False,16095,0,0,0
24,layer3.3.conv3,967145,False,972610,0,0,0
24,layer3.3.bn3,94160,False,99116,0,0,0
24,layer3.3.add,108993,False,114413,0,0,0
24,layer3.3.relu3,36460,False,41154,0,0,0
24,layer3.4.conv1,1025557,False,1031165,0,0,0
24,layer3.4.bn1,32075,False,36710,0,0,0
24,layer3.4.relu1,11298,False,15909,0,0,0
24,layer3.4.conv2,2041912,False,2047782,0,0,0
24,layer3.4.bn2,32197,False,36900,0,0,0
24,layer3.4.relu2,11759,False,16253,0,0,0
24,layer3.4.conv3,963635,False,969208,0,0,0
24,layer3.4.bn3,90331,False,95346,0,0,0
24,layer3.4.add,93208,False,98484,0,0,0
24,layer3.4.relu3,35524,False,40409,0,0,0
24,layer3.5.conv1,1013351,False,1019038,0,0,0
24,layer3.5.bn1,31435,False,36075,0,0,0
24,layer3.5.relu1,10825,False,15360,0,0,0
24,layer3.5.conv2,2032042,False,2037932,0,0,0
24,layer3.5.bn2,32210,False,36995,0,0,0
24,layer3.5.relu2,11598,False,16066,0,0,0
24,layer3.5.conv3,965823,False,971424,0,0,0
24,layer3.5.bn3,96559,False,101750,0,0,0
24,layer3.5.add,105333,False,110705,0,0,0
24,layer3.5.relu3,35458,False,40145,0,0,0
24,layer4.0.conv1,1969240,False,1975100,0,0,0
24,layer4.0.bn1,50880,False,55657,0,0,0
24,layer4.0.relu1,17618,False,22269,0,0,0
24,layer4.0.conv2,3422616,False,3428898,0,0,0
24,layer4.0.bn2,30309,False,35186,0,0,0
24,layer4.0.relu2,8835,False,13343,0,0,0
24,layer4.0.conv3,1252339,False,1257986,0,0,0
24,layer4.0.bn3,57899,False,62661,0,0,0
24,layer4.0.downsample.0,2894214,False,2900549,0,0,0
24,layer4.0.downsample.1,56937,False,61621,0,0,0
24,layer4.0.add,35019,False,39855,0,0,0
24,layer4.0.relu3,18017,False,22694,0,0,0
24,layer4.1.conv1,1208281,False,1214373,0,0,0
24,layer4.1.bn1,29306,False,33988,0,0,0
24,layer4.1.relu1,7267,False,11796,0,0,0
24,layer4.1.conv2,3157752,False,3164103,0,0,0
24,layer4.1.bn2,30308,False,35115,0,0,0
24,layer4.1.relu2,8365,False,12913,0,0,0
24,layer4.1.conv3,1243095,False,1248927,0,0,0
24,layer4.1.bn3,57974,False,62630,0,0,0
24,layer4.1.add,38772,False,43598,0,0,0
24,layer4.1.relu3,16579,False,21143,0,0,0
24,layer4.2.conv1,1209584,False,1215465,0,0,0
24,layer4.2.bn1,29188,False,33949,0,0,0
24,layer4.2.relu1,7770,False,12282,0,0,0
24,layer4.2.conv2,3149301,False,3155365,0,0,0
24,layer4.2.bn2,30005,False,34651,0,0,0
24,layer4.2.relu2,8274,False,12771,0,0,0
24,layer4.2.conv3,1241500,False,1247356,0,0,0
24,layer4.2.bn3,60436,False,65232,0,0,0
24,layer4.2.add,35706,False,40402,0,0,0
24,layer4.2.relu3,17028,False,21574,0,0,0
24,avgpool,81258,False,85956,0,0,0
24,flatten,8769,False,13161,0,0,0
24,fc,501136,False,506929,0,0,0
25,conv1,2169314,False,2175934,0,0,0
25,bn1,328862,False,335169,0,0,0
25,relu,175520,False,181110,0,0,0
25,maxpool,10207123,False,10214761,0,0,0
25,layer1.0.conv1,258463,False,265042,0,0,0
25,layer1.0.bn1,87637,False,93024,0,0,0
25,layer1.0.relu1,33019,False,37676,0,0,0
25,layer1.0.conv2,1992417,False,1998522,0,0,0
25,layer1.0.bn2,83309,False,88388,0,0,0
25,layer1.0.relu2,32665,False,37327,0,0,0
25,layer1.0.conv3,856462,False,862256,0,0,0
25,layer1.0.bn3,320207,False,326261,0,0,0
25,layer1.0.downsample.0,859787,False,865745,0,0,0
25,layer1.0.downsample.1,324856,False,330856,0,0,0
25,layer1.0.add,452036,False,458238,0,0,0
25,layer1.0.relu3,175100,False,180657,0,0,0
25,layer1.1.conv1,809509,False,815292,0,0,0
25,layer1.1.bn1,91650,False,96532,0,0,0
25,layer1.1.relu1,31277,False,35922,0,0,0
25,layer1.1.conv2,1980469,False,1986648,0,0,0
25,layer1.1.bn2,84964,False,90141,0,0,0
25,layer1.1.relu2,33533,False,38239,0,0,0
25,layer1.1.conv3,846563,False,852523,0,0,0
25,layer1.1.bn3,326195,False,332200,0,0,0
25,layer1.1.add,445904,False,451973,0,0,0
25,layer1.1.relu3,173471,False,183141,0,0,0
25,layer1.2.conv1,802520,False,808541,0,0,0
25,layer1.2.bn1,92524,False,97489,0,0,0
25,layer1.2.relu1,35079,False,39832,0,0,0
25,layer1.2.conv2,1980795,False,1986755,0,0,0
25,layer1.2.bn2,80324,False,85726,0,0,0
25,layer1.2.relu2,32014,False,36609,0,0,0
25,layer1.2.conv3,852948,False,858870,0,0,0
25,layer1.2.bn3,320895,False,326970,0,0,0
25,layer1.2.add,450569,False,456476,0,0,0
25,layer1.2.relu3,176875,False,182468,0,0,0
25,layer2.0.conv1,1586308,False,1592220,0,0,0
25,layer2.0.bn1,171409,False,177088,0,0,0
25,layer2.0.relu1,81138,False,86010,0,0,0
25,layer2.0.conv2,2126392,False,2132547,0,0,0
25,layer2.0.bn2,43612,False,48314,0,0,0
25,layer2.0.relu2,17596,False,22119,0,0,0
25,layer2.0.conv3,847450,False,852972,0,0,0
25,layer2.0.bn3,167459,False,173163,0,0,0
25,layer2.0.downsample.0,2298811,False,2305174,0,0,0
25,layer2.0.downsample.1,173771,False,179521,0,0,0
25,layer2.0.add,228887,False,234742,0,0,0
25,layer2.0.relu3,86141,False,90973,0,0,0
25,layer2.1.conv1,817457,False,822946,0,0,0
25,layer2.1.bn1,48470,False,53456,0,0,0
25,layer2.1.relu1,17240,False,21707,0,0,0
25,layer2.1.conv2,1917126,False,1922942,0,0,0
25,layer2.1.bn2,40631,False,45393,0,0,0
25,layer2.1.relu2,17412,False,21828,0,0,0
25,layer2.1.conv3,846583,False,852029,0,0,0
25,layer2.1.bn3,170088,False,175630,0,0,0
25,layer2.1.add,225588,False,231381,0,0,0
25,layer2.1.relu3,83092,False,88029,0,0,0
25,layer2.2.conv1,814463,False,820054,0,0,0
25,layer2.2.bn1,47262,False,52139,0,0,0
25,layer2.2.relu1,17451,False,22103,0,0,0
25,layer2.2.conv2,1914703,False,1920209,0,0,0
25,layer2.2.bn2,43854,False,48660,0,0,0
25,layer2.2.relu2,18058,False,22575,0,0,0
25,layer2.2.conv3,847137,False,852723,0,0,0
25,layer2.2.bn3,170471,False,176037,0,0,0
25,layer2.2.add,228295,False,234043,0,0,0
25,layer2.2.relu3,87796,False,92683,0,0,0
25,layer2.3.conv1,810544,False,816016,0,0,0
25,layer2.3.bn1,47258,False,52060,0,0,0
25,layer2.3.relu1,17691,False,22459,0,0,0
25,layer2.3.conv2,1908026,False,1913666,0,0,0
25,layer2.3.bn2,45048,False,49733,0,0,0
25,layer2.3.relu2,18133,False,22645,0,0,0
25,layer2.3.conv3,841555,False,847217,0,0,0
25,layer2.3.bn3,216972,False,187288,0,1,0
25,layer2.3.add,226384,False,231976,0,0,0
25,layer2.3.relu3,83193,False,88116,0,0,0
25,layer3.0.conv1,1714402,False,1720142,0,0,0
25,layer3.0.bn1,85395,False,90330,0,0,0
25,layer3.0.relu1,31949,False,36519,0,0,0
25,layer3.0.conv2,2193371,False,2199169,0,0,0
25,layer3.0.bn2,35637,False,40333,0,0,0
25,layer3.0.relu2,11051,False,15532,0,0,0
25,layer3.0.conv3,972126,False,977507,0,0,0
25,layer3.0.bn3,91382,False,96421,0,0,0
25,layer3.0.downsample.0,2222348,False,2228700,0,0,0
25,layer3.0.downsample.1,90932,False,95956,0,0,0
25,layer3.0.add,106687,False,111954,0,0,0
25,layer3.0.relu3,37973,False,42675,0,0,0
25,layer3.1.conv1,1017085,False,1022834,0,0,0
25,layer3.1.bn1,32926,False,37607,0,0,0
25,layer3.1.relu1,11371,False,15892,0,0,0
25,layer3.1.conv2,2043678,False,2049722,0,0,0
25,layer3.1.bn2,33658,False,38531,0,0,0
25,layer3.1.relu2,11739,False,16319,0,0,0
25,layer3.1.conv3,972610,False,978230,0,0,0
25,layer3.1.bn3,94142,False,99232,0,0,0
25,layer3.1.add,105142,False,110586,0,0,0
25,layer3.1.relu3,40127,False,44769,0,0,0
25,layer3.2.conv1,1006353,False,1011980,0,0,0
25,layer3.2.bn1,32323,False,37030,0,0,0
25,layer3.2.relu1,10625,False,15137,0,0,0
25,layer3.2.conv2,2036256,False,2042298,0,0,0
25,layer3.2.bn2,32487,False,37226,0,0,0
25,layer3.2.relu2,12228,False,16778,0,0,0
25,layer3.2.conv3,971942,False,977723,0,0,0
25,layer3.2.bn3,91756,False,96898,0,0,0
25,layer3.2.add,93514,False,98884,0,0,0
25,layer3.2.relu3,34590,False,39324,0,0,0
25,layer3.3.conv1,1007266,False,1012661,0,0,0
25,layer3.3.bn1,30931,False,35590,0,0,0
25,layer3.3.relu1,10328,False,14972,0,0,0
25,layer3.3.conv2,2033608,False,2039742,0,0,0
25,layer3.3.bn2,33397,False,38218,0,0,0
25,layer3.3.relu2,11584,False,16009,0,0,0
25,layer3.3.conv3,970205,False,975900,0,0,0
25,layer3.3.bn3,94210,False,99345,0,0,0
25,layer3.3.add,107942,False,113411,0,0,0
25,layer3.3.relu3,35324,False,39970,0,0,0
25,layer3.4.conv1,1024403,False,1029978,0,0,0
25,layer3.4.bn1,32777,False,37433,0,0,0
25,layer3.4.relu1,11080,False,15607,0,0,0
25,layer3.4.conv2,2053210,False,2053858,0,1,0
25,layer3.4.bn2,34023,False,38867,0,0,0
25,layer3.4.relu2,11910,False,16421,0,0,0
25,layer3.4.conv3,965084,False,970701,0,0,0
25,layer3.4.bn3,91698,False,96933,0,0,0
25,layer3.4.add,93993,False,99288,0,0,0
25,layer3.4.relu3,35618,False,40426,0,0,0
25,layer3.5.conv1,1015738,False,1021390,0,0,0
25,layer3.5.bn1,31594,False,36276,0,0,0
25,layer3.5.relu1,10433,False,14959,0,0,0
25,layer3.5.conv2,2034272,False,2040259,0,0,0
25,layer3.5.bn2,32270,False,36999,0,0,0
25,layer3.5.relu2,14666,False,19202,0,0,0
25,layer3.5.conv3,963032,False,968601,0,0,0
25,layer3.5.bn3,92177,False,97065,0,0,0
25,layer3.5.add,104820,False,110291,0,0,0
25,layer3.5.relu3,35254,False,40081,0,0,0
25,layer4.0.conv1,1969854,False,1975711,0,0,0
25,layer4.0.bn1,50307,False,55233,0,0,0
25,layer4.0.relu1,16810,False,21451,0,0,0
25,layer4.0.conv2,3417797,False,3424077,0,0,0
25,layer4.0.bn2,29775,False,34502,0,0,0
25,layer4.0.relu2,9004,False,13512,0,0,0
25,layer4.0.conv3,1244983,False,1250842,0,0,0
25,layer4.0.bn3,58009,False,62749,0,0,0
25,layer4.0.downsample.0,2892020,False,2898197,0,0,0
25,layer4.0.downsample.1,56637,False,61405,0,0,0
25,layer4.0.add,35629,False,40295,0,0,0
25,layer4.0.relu3,17816,False,22300,0,0,0
25,layer4.1.conv1,1206743,False,1212693,0,0,0
25,layer4.1.bn1,29536,False,34194,0,0,0
25,layer4.1.relu1,8010,False,12502,0,0,0
25,layer4.1.conv2,3145233,False,3151386,0,0,0
25,layer4.1.bn2,29579,False,34224,0,0,0
25,layer4.1.relu2,7957,False,12408,0,0,0
25,layer4.1.conv3,1243595,False,1249493,0,0,0
25,layer4.1.bn3,58191,False,62918,0,0,0
25,layer4.1.add,37713,False,42406,0,0,0
25,layer4.1.relu3,17473,False,22062,0,0,0
25,layer4.2.conv1,1204149,False,1210139,0,0,0
25,layer4.2.bn1,29007,False,33547,0,0,0
25,layer4.2.relu1,7735,False,12301,0,0,0
25,layer4.2.conv2,3145559,False,3151836,0,0,0
25,layer4.2.bn2,31761,False,36561,0,0,0
25,layer4.2.relu2,8797,False,13378,0,0,0
25,layer4.2.conv3,1239964,False,1245854,0,0,0
25,layer4.2.bn3,60326,False,65034,0,0,0
25,layer4.2.add,35446,False,40086,0,0,0
25,layer4.2.relu3,17174,False,21639,0,0,0
25,avgpool,83420,False,88354,0,0,0
25,flatten,8866,False,13448,0,0,0
25,fc,502028,False,507960,0,0,0
26,conv1,2166760,False,2173158,0,0,0
26,bn1,328961,False,335168,0,0,0
26,relu,175492,False,180949,0,0,0
26,maxpool,10689273,False,10354441,0,1,0
26,layer1.0.conv1,256919,False,263825,0,0,0
26,layer1.0.bn1,88009,False,93224,0,0,0
26,layer1.0.relu1,33844,False,38472,0,0,0
26,layer1.0.conv2,1993271,False,1999118,0,0,0
26,layer1.0.bn2,82278,False,87498,0,0,0
26,layer1.0.relu2,32447,False,37306,0,0,0
26,layer1.0.conv3,858794,False,864363,0,0,0
26,layer1.0.bn3,318358,False,324368,0,0,0
26,layer1.0.downsample.0,865364,False,871094,0,0,0
26,layer1.0.downsample.1,321827,False,327631,0,0,0
26,layer1.0.add,455357,False,461304,0,0,0
26,layer1.0.relu3,174436,False,179893,0,0,0
26,layer1.1.conv1,817188,False,823112,0,0,0
26,layer1.1.bn1,91745,False,96777,0,0,0
26,layer1.1.relu1,31833,False,36419,0,0,0
26,layer1.1.conv2,1984392,False,1990429,0,0,0
26,layer1.1.bn2,80340,False,85367,0,0,0
26,layer1.1.relu2,33131,False,37882,0,0,0
26,layer1.1.conv3,851188,False,857133,0,0,0
26,layer1.1.bn3,321762,False,327682,0,0,0
26,layer1.1.add,450101,False,456158,0,0,0
26,layer1.1.relu3,173780,False,179323,0,0,0
26,layer1.2.conv1,807415,False,813403,0,0,0
26,layer1.2.bn1,91724,False,96685,0,0,0
26,layer1.2.relu1,31638,False,36234,0,0,0
26,layer1.2.conv2,1976022,False,1982173,0,0,0
26,layer1.2.bn2,78003,False,83078,0,0,0
26,layer1.2.relu2,32378,False,37095,0,0,0
26,layer1.2.conv3,852512,False,858240,0,0,0
26,layer1.2.bn3,320201,False,326260,0,0,0
26,layer1.2.add,452861,False,458973,0,0,0
26,layer1.2.relu3,172881,False,178514,0,0,0
26,layer2.0.conv1,1593376,False,1599337,0,0,0
26,layer2.0.bn1,170922,False,176489,0,0,0
26,layer2.0.relu1,77625,False,82472,0,0,0
26,layer2.0.conv2,2137161,False,2143419,0,0,0
26,layer2.0.bn2,43620,False,48402,0,0,0
26,layer2.0.relu2,18461,False,23024,0,0,0
26,layer2.0.conv3,847196,False,852750,0,0,0
26,layer2.0.bn3,176822,False,182622,0,0,0
26,layer2.0.downsample.0,2306451,False,2312596,0,0,0
26,layer2.0.downsample.1,173638,False,179462,0,0,0
26,layer2.0.add,226108,False,232020,0,0,0
26,layer2.0.relu3,85703,False,90716,0,0,0
26,layer2.1.conv1,820846,False,826388,0,0,0
26,layer2.1.bn1,48446,False,53337,0,0,0
26,layer2.1.relu1,17581,False,22158,0,0,0
26,layer2.1.conv2,1917551,False,1923363,0,0,0
26,layer2.1.bn2,41149,False,45857,0,0,0
26,layer2.1.relu2,18201,False,22853,0,0,0
26,layer2.1.conv3,847689,False,853235,0,0,0
26,layer2.1.bn3,170329,False,175954,0,0,0
26,layer2.1.add,229453,False,235373,0,0,0
26,layer2.1.relu3,82500,False,87480,0,0,0
26,layer2.2.conv1,814561,False,819996,0,0,0
26,layer2.2.bn1,49057,False,53948,0,0,0
26,layer2.2.relu1,17404,False,21977,0,0,0
26,layer2.2.conv2,1927039,False,1933069,0,0,0
26,layer2.2.bn2,42425,False,47295,0,0,0
26,layer2.2.relu2,17649,False,22269,0,0,0
26,layer2.2.conv3,846294,False,851890,0,0,0
26,layer2.2.bn3,170337,False,175897,0,0,0
26,layer2.2.add,228346,False,234203,0,0,0
26,layer2.2.relu3,84571,False,89346,0,0,0
26,layer2.3.conv1,816425,False,822047,0,0,0
26,layer2.3.bn1,47480,False,52307,0,0,0
26,layer2.3.relu1,16544,False,21075,0,0,0
26,layer2.3.conv2,1916417,False,1922234,0,0,0
26,layer2.3.bn2,41769,False,46478,0,0,0
26,layer2.3.relu2,17475,False,21957,0,0,0
26,layer2.3.conv3,848796,False,854360,0,0,0
26,layer2.3.bn3,170460,False,176185,0,0,0
26,layer2.3.add,225546,False,231513,0,0,0
26,layer2.3.relu3,86874,False,91705,0,0,0
26,layer3.0.conv1,1748706,False,1754420,0,0,0
26,layer3.0.bn1,83636,False,88689,0,0,0
26,layer3.0.relu1,32290,False,36953,0,0,0
26,layer3.0.conv2,2193964,False,2199946,0,0,0
26,layer3.0.bn2,35466,False,40275,0,0,0
26,layer3.0.relu2,11922,False,16515,0,0,0
26,layer3.0.conv3,975796,False,981284,0,0,0
26,layer3.0.bn3,90811,False,95868,0,0,0
26,layer3.0.downsample.0,2224479,False,2230946,0,0,0
26,layer3.0.downsample.1,91921,False,97007,0,0,0
26,layer3.0.add,106626,False,111876,0,0,0
26,layer3.0.relu3,37891,False,42639,0,0,0
26,layer3.1.conv1,1034200,False,1039884,0,0,0
26,layer3.1.bn1,33989,False,38597,0,0,0
26,layer3.1.relu1,11339,False,15926,0,0,0
26,layer3.1.conv2,2034952,False,2041085,0,0,0
26,layer3.1.bn2,33030,False,37803,0,0,0
26,layer3.1.relu2,12627,False,17304,0,0,0
26,layer3.1.conv3,968723,False,974162,0,0,0
26,layer3.1.bn3,93360,False,98299,0,0,0
26,layer3.1.add,106266,False,111882,0,0,0
26,layer3.1.relu3,36317,False,40852,0,0,0
26,layer3.2.conv1,1016321,False,1021999,0,0,0
26,layer3.2.bn1,32228,False,36900,0,0,0
26,layer3.2.relu1,10693,False,15278,0,0,0
26,layer3.2.conv2,2033230,False,2039420,0,0,0
26,layer3.2.bn2,31934,False,36660,0,0,0
26,layer3.2.relu2,12598,False,17135,0,0,0
26,layer3.2.conv3,966441,False,972090,0,0,0
26,layer3.2.bn3,91704,False,96655,0,0,0
26,layer3.2.add,96550,False,101807,0,0,0
26,layer3.2.relu3,36021,False,40787,0,0,0
26,layer3.3.conv1,1016517,False,1021994,0,0,0
26,layer3.3.bn1,31792,False,36479,0,0,0
26,layer3.3.relu1,11220,False,15822,0,0,0
26,layer3.3.conv2,2031535,False,2037465,0,0,0
26,layer3.3.bn2,32306,False,37020,0,0,0
26,layer3.3.relu2,12093,False,16633,0,0,0
26,layer3.3.conv3,971445,False,976894,0,0,0
26,layer3.3.bn3,93995,False,98966,0,0,0
26,layer3.3.add,105290,False,110825,0,0,0
26,layer3.3.relu3,35650,False,40418,0,0,0
26,layer3.4.conv1,1007391,False,1013103,0,0,0
26,layer3.4.bn1,31931,False,36536,0,0,0
26,layer3.4.relu1,10461,False,14959,0,0,0
26,layer3.4.conv2,2033261,False,2039399,0,0,0
26,layer3.4.bn2,33068,False,37723,0,0,0
26,layer3.4.relu2,11392,False,15837,0,0,0
26,layer3.4.conv3,962340,False,967849,0,0,0
26,layer3.4.bn3,94372,False,99367,0,0,0
26,layer3.4.add,93448,False,98619,0,0,0
26,layer3.4.relu3,34728,False,39418,0,0,0
26,layer3.5.conv1,1019107,False,1024491,0,0,0
26,layer3.5.bn1,31689,False,36214,0,0,0
26,layer3.5.relu1,10932,False,15502,0,0,0
26,layer3.5.conv2,2030176,False,2036222,0,0,0
26,layer3.5.bn2,33374,False,38071,0,0,0
26,layer3.5.relu2,12010,False,16615,0,0,0
26,layer3.5.conv3,969057,False,974748,0,0,0
26,layer3.5.bn3,93980,False,99200,0,0,0
26,layer3.5.add,105399,False,110718,0,0,0
26,layer3.5.relu3,35250,False,39913,0,0,0
26,layer4.0.conv1,1967697,False,1973431,0,0,0
26,layer4.0.bn1,49864,False,54538,0,0,0
26,layer4.0.relu1,17406,False,22038,0,0,0
26,layer4.0.conv2,3417808,False,3424094,0,0,0
26,layer4.0.bn2,31567,False,36287,0,0,0
26,layer4.0.relu2,9057,False,13749,0,0,0
26,layer4.0.conv3,1248245,False,1254223,0,0,0
26,layer4.0.bn3,58261,False,63026,0,0,0
26,layer4.0.downsample.0,2882500,False,2888980,0,0,0
26,layer4.0.downsample.1,56488,False,61349,0,0,0
26,layer4.0.add,34796,False,39495,0,0,0
26,layer4.0.relu3,17726,False,22272,0,0,0
26,layer4.1.conv1,1224749,False,1230563,0,0,0
26,layer4.1.bn1,30241,False,34945,0,0,0
26,layer4.1.relu1,8415,False,12908,0,0,0
26,layer4.1.conv2,3136976,False,3143363,0,0,0
26,layer4.1.bn2,30144,False,34922,0,0,0
26,layer4.1.relu2,8541,False,13019,0,0,0
26,layer4.1.conv3,1248998,False,1254883,0,0,0
26,layer4.1.bn3,57812,False,62527,0,0,0
26,layer4.1.add,37800,False,42527,0,0,0
26,layer4.1.relu3,17743,False,22393,0,0,0
26,layer4.2.conv1,1213013,False,1218749,0,0,0
26,layer4.2.bn1,30196,False,34870,0,0,0
26,layer4.2.relu1,8135,False,12749,0,0,0
26,layer4.2.conv2,3145426,False,3151506,0,0,0
26,layer4.2.bn2,31489,False,36145,0,0,0
26,layer4.2.relu2,8840,False,13374,0,0,0
26,layer4.2.conv3,1246947,False,1252837,0,0,0
26,layer4.2.bn3,61011,False,65784,0,0,0
26,layer4.2.add,35687,False,40393,0,0,0
26,layer4.2.relu3,16721,False,21209,0,0,0
26,avgpool,85585,False,90338,0,0,0
26,flatten,8311,False,12892,0,0,0
26,fc,496568,False,502438,0,0,0
27,conv1,2172006,False,2178451,0,0,0
27,bn1,333035,False,339084,0,0,0
27,relu,176226,False,181918,0,0,0
27,maxpool,10145013,False,10152842,0,0,0
27,layer1.0.conv1,262518,False,269032,0,0,0
27,layer1.0.bn1,91759,False,97205,0,0,0
27,layer1.0.relu1,34213,False,38996,0,0,0
27,layer1.0.conv2,1996085,False,2002098,0,0,0
27,layer1.0.bn2,82424,False,87649,0,0,0
27,layer1.0.relu2,33166,False,37910,0,0,0
27,layer1.0.conv3,855892,False,861723,0,0,0
27,layer1.0.bn3,322128,False,328158,0,0,0
27,layer1.0.downsample.0,864921,False,870855,0,0,0
27,layer1.0.downsample.1,322080,False,328094,0,0,0
27,layer1.0.add,456885,False,462809,0,0,0
27,layer1.0.relu3,174129,False,179771,0,0,0
27,layer1.1.conv1,808660,False,814623,0,0,0
27,layer1.1.bn1,92730,False,97768,0,0,0
27,layer1.1.relu1,31335,False,36110,0,0,0
27,layer1.1.conv2,1982458,False,1988393,0,0,0
27,layer1.1.bn2,79213,False,84331,0,0,0
27,layer1.1.relu2,32496,False,37148,0,0,0
27,layer1.1.conv3,851093,False,856881,0,0,0
27,layer1.1.bn3,320631,False,326395,0,0,0
27,layer1.1.add,449212,False,455211,0,0,0
27,layer1.1.relu3,174395,False,179973,0,0,0
27,layer1.2.conv1,807981,False,813948,0,0,0
27,layer1.2.bn1,92170,False,97103,0,0,0
27,layer1.2.relu1,30917,False,35541,0,0,0
27,layer1.2.conv2,1975347,False,1981458,0,0,0
27,layer1.2.bn2,77916,False,83199,0,0,0
27,layer1.2.relu2,31676,False,36445,0,0,0
27,layer1.2.conv3,851771,False,857520,0,0,0
27,layer1.2.bn3,321925,False,327913,0,0,0
27,layer1.2.add,454853,False,461007,0,0,0
27,layer1.2.relu3,174388,False,180058,0,0,0
27,layer2.0.conv1,1592460,False,1598558,0,0,0
27,layer2.0.bn1,171682,False,177286,0,0,0
27,layer2.0.relu1,77992,False,82854,0,0,0
27,layer2.0.conv2,2127804,False,2133961,0,0,0
27,layer2.0.bn2,44519,False,49212,0,0,0
27,layer2.0.relu2,17508,False,22118,0,0,0
27,layer2.0.conv3,849094,False,854740,0,0,0
27,layer2.0.bn3,168502,False,174291,0,0,0
27,layer2.0.downsample.0,2302607,False,2308864,0,0,0
27,layer2.0.downsample.1,172649,False,178332,0,0,0
27,layer2.0.add,226700,False,232494,0,0,0
27,layer2.0.relu3,85651,False,90528,0,0,0
27,layer2.1.conv1,819950,False,825497,0,0,0
27,layer2.1.bn1,49835,False,54758,0,0,0
27,layer2.1.relu1,17240,False,21784,0,0,0
27,layer2.1.conv2,1917325,False,1923354,0,0,0
27,layer2.1.bn2,42890,False,47722,0,0,0
27,layer2.1.relu2,17551,False,22215,0,0,0
27,layer2.1.conv3,848294,False,853905,0,0,0
27,layer2.1.bn3,170483,False,176031,0,0,0
27,layer2.1.add,229880,False,235566,0,0,0
27,layer2.1.relu3,83118,False,88018,0,0,0
27,layer2.2.conv1,814298,False,819957,0,0,0
27,layer2.2.bn1,47429,False,52297,0,0,0
27,layer2.2.relu1,17444,False,22020,0,0,0
27,layer2.2.conv2,1918058,False,1923617,0,0,0
27,layer2.2.bn2,41246,False,46040,0,0,0
27,layer2.2.relu2,17639,False,22137,0,0,0
27,layer2.2.conv3,844719,False,850350,0,0,0
27,layer2.2.bn3,168675,False,174202,0,0,0
27,layer2.2.add,228639,False,234340,0,0,0
27,layer2.2.relu3,83516,False,88414,0,0,0
27,layer2.3.conv1,814991,False,820424,0,0,0
27,layer2.3.bn1,48428,False,53390,0,0,0
27,layer2.3.relu1,17400,False,22036,0,0,0
27,layer2.3.conv2,1917917,False,1923682,0,0,0
27,layer2.3.bn2,41891,False,46733,0,0,0
27,layer2.3.relu2,18495,False,23073,0,0,0
27,layer2.3.conv3,846481,False,852331,0,0,0
27,layer2.3.bn3,171206,False,176955,0,0,0
27,layer2.3.add,224908,False,230801,0,0,0
27,layer2.3.relu3,87593,False,92573,0,0,0
27,layer3.0.conv1,1746932,False,1752721,0,0,0
27,layer3.0.bn1,84057,False,89132,0,0,0
27,layer3.0.relu1,31302,False,36036,0,0,0
27,layer3.0.conv2,2201280,False,2207521,0,0,0
27,layer3.0.bn2,35098,False,39917,0,0,0
27,layer3.0.relu2,11873,False,16371,0,0,0
27,layer3.0.conv3,971597,False,976998,0,0,0
27,layer3.0.bn3,92055,False,97099,0,0,0
27,layer3.0.downsample.0,2220309,False,2226489,0,0,0
27,layer3.0.downsample.1,90545,False,95582,0,0,0
27,layer3.0.add,106832,False,112197,0,0,0
27,layer3.0.relu3,37753,False,42418,0,0,0
27,layer3.1.conv1,1015792,False,1021368,0,0,0
27,layer3.1.bn1,32926,False,37704,0,0,0
27,layer3.1.relu1,11325,False,15881,0,0,0
27,layer3.1.conv2,2032258,False,2038129,0,0,0
27,layer3.1.bn2,32914,False,37650,0,0,0
27,layer3.1.relu2,11505,False,16086,0,0,0
27,layer3.1.conv3,970199,False,975806,0,0,0
27,layer3.1.bn3,92649,False,97678,0,0,0
27,layer3.1.add,106401,False,111846,0,0,0
27,layer3.1.relu3,35616,False,40220,0,0,0
27,layer3.2.conv1,1005159,False,1010847,0,0,0
27,layer3.2.bn1,31938,False,36578,0,0,0
27,layer3.2.relu1,10841,False,15372,0,0,0
27,layer3.2.conv2,2042323,False,2048574,0,0,0
27,layer3.2.bn2,33025,False,37736,0,0,0
27,layer3.2.relu2,11300,False,15762,0,0,0
27,layer3.2.conv3,967479,False,973203,0,0,0
27,layer3.2.bn3,91690,False,96953,0,0,0
27,layer3.2.add,95685,False,101064,0,0,0
27,layer3.2.relu3,35315,False,40046,0,0,0
27,layer3.3.conv1,1017989,False,1023713,0,0,0
27,layer3.3.bn1,32064,False,36755,0,0,0
27,layer3.3.relu1,10385,False,14915,0,0,0
27,layer3.3.conv2,2035253,False,2041814,0,0,0
27,layer3.3.bn2,32577,False,37369,0,0,0
27,layer3.3.relu2,12679,False,17235,0,0,0
27,layer3.3.conv3,969054,False,974730,0,0,0
27,layer3.3.bn3,93362,False,98285,0,0,0
27,layer3.3.add,105573,False,110974,0,0,0
27,layer3.3.relu3,35695,False,40356,0,0,0
27,layer3.4.conv1,1004994,False,1010624,0,0,0
27,layer3.4.bn1,31832,False,36510,0,0,0
27,layer3.4.relu1,10845,False,15358,0,0,0
27,layer3.4.conv2,2035347,False,2041218,0,0,0
27,layer3.4.bn2,32777,False,37437,0,0,0
27,layer3.4.relu2,12024,False,16503,0,0,0
27,layer3.4.conv3,965583,False,971104,0,0,0
27,layer3.4.bn3,94879,False,99878,0,0,0
27,layer3.4.add,93665,False,99036,0,0,0
27,layer3.4.relu3,35013,False,39743,0,0,0
27,layer3.5.conv1,1005491,False,1011181,0,0,0
27,layer3.5.bn1,31815,False,36536,0,0,0
27,layer3.5.relu1,10611,False,15232,0,0,0
27,layer3.5.conv2,2032691,False,2038521,0,0,0
27,layer3.5.bn2,33532,False,38348,0,0,0
27,layer3.5.relu2,11589,False,16197,0,0,0
27,layer3.5.conv3,970740,False,976336,0,0,0
27,layer3.5.bn3,92484,False,97433,0,0,0
27,layer3.5.add,104796,False,110023,0,0,0
27,layer3.5.relu3,35003,False,39678,0,0,0
27,layer4.0.conv1,1958814,False,1964607,0,0,0
27,layer4.0.bn1,49721,False,54595,0,0,0
27,layer4.0.relu1,17651,False,22223,0,0,0
27,layer4.0.conv2,3412269,False,3418566,0,0,0
27,layer4.0.bn2,31061,False,35915,0,0,0
27,layer4.0.relu2,8715,False,13285,0,0,0
27,layer4.0.conv3,1241776,False,1247632,0,0,0
27,layer4.0.bn3,58948,False,63799,0,0,0
27,layer4.0.downsample.0,2888493,False,2894913,0,0,0
27,layer4.0.downsample.1,56829,False,61596,0,0,0
27,layer4.0.add,36324,False,41016,0,0,0
27,layer4.0.relu3,17518,False,22135,0,0,0
27,layer4.1.conv1,1217172,False,1222936,0,0,0
27,layer4.1.bn1,29090,False,33851,0,0,0
27,layer4.1.relu1,8418,False,12895,0,0,0
27,layer4.1.conv2,3151991,False,3158133,0,0,0
27,layer4.1.bn2,30041,False,34803,0,0,0
27,layer4.1.relu2,8854,False,13354,0,0,0
27,layer4.1.conv3,1242600,False,1248659,0,0,0
27,layer4.1.bn3,59290,False,64090,0,0,0
27,layer4.1.add,38063,False,42653,0,0,0
27,layer4.1.relu3,17497,False,22109,0,0,0
27,layer4.2.conv1,1211395,False,1217183,0,0,0
27,layer4.2.bn1,29199,False,33937,0,0,0
27,layer4.2.relu1,7701,False,12186,0,0,0
27,layer4.2.conv2,3150150,False,3156186,0,0,0
27,layer4.2.bn2,31010,False,35627,0,0,0
27,layer4.2.relu2,8435,False,12906,0,0,0
27,layer4.2.conv3,1239878,False,1245876,0,0,0
27,layer4.2.bn3,60436,False,65152,0,0,0
27,layer4.2.add,36315,False,41054,0,0,0
27,layer4.2.relu3,17135,False,21717,0,0,0
27,avgpool,81588,False,86353,0,0,0
27,flatten,8325,False,12893,0,0,0
27,fc,496597,False,502695,0,0,0
28,conv1,2175191,False,2181565,0,0,0
28,bn1,332170,False,338504,0,0,0
28,relu,175822,False,181433,0,0,0
28,maxpool,10122580,False,10130331,0,0,0
28,layer1.0.conv1,266901,False,274028,0,0,0
28,layer1.0.bn1,87256,False,93544,0,0,0
28,layer1.0.relu1,33456,False,38322,0,0,0
28,layer1.0.conv2,1986897,False,1993416,0,0,0
28,layer1.0.bn2,82045,False,87423,0,0,0
28,layer1.0.relu2,32982,False,37795,0,0,0
28,layer1.0.conv3,856310,False,861991,0,0,0
28,layer1.0.bn3,319365,False,325409,0,0,0
28,layer1.0.downsample.0,868096,False,874025,0,0,0
28,layer1.0.downsample.1,322979,False,329093,0,0,0
28,layer1.0.add,453882,False,459813,0,0,0
28,layer1.0.relu3,173772,False,179299,0,0,0
28,layer1.1.conv1,805297,False,811162,0,0,0
28,layer1.1.bn1,92615,False,97582,0,0,0
28,layer1.1.relu1,31705,False,36256,0,0,0
28,layer1.1.conv2,1980383,False,1986793,0,0,0
28,layer1.1.bn2,80423,False,85676,0,0,0
28,layer1.1.relu2,33137,False,37929,0,0,0
28,layer1.1.conv3,851775,False,857509,0,0,0
28,layer1.1.bn3,322377,False,328314,0,0,0
28,layer1.1.add,450532,False,456447,0,0,0
28,layer1.1.relu3,174372,False,179857,0,0,0
28,layer1.2.conv1,806797,False,812821,0,0,0
28,layer1.2.bn1,92914,False,97942,0,0,0
28,layer1.2.relu1,31639,False,36237,0,0,0
28,layer1.2.conv2,1977206,False,1983115,0,0,0
28,layer1.2.bn2,79158,False,84211,0,0,0
28,layer1.2.relu2,32286,False,36977,0,0,0
28,layer1.2.conv3,851426,False,857433,0,0,0
28,layer1.2.bn3,318362,False,324345,0,0,0
28,layer1.2.add,453967,False,459869,0,0,0
28,layer1.2.relu3,174508,False,180231,0,0,0
28,layer2.0.conv1,1593870,False,1599838,0,0,0
28,layer2.0.bn1,171197,False,176973,0,0,0
28,layer2.0.relu1,79131,False,84015,0,0,0
28,layer2.0.conv2,2135487,False,2141579,0,0,0
28,layer2.0.bn2,44134,False,48973,0,0,0
28,layer2.0.relu2,17285,False,21750,0,0,0
28,layer2.0.conv3,845706,False,851368,0,0,0
28,layer2.0.bn3,170035,False,175719,0,0,0
28,layer2.0.downsample.0,2306942,False,2313211,0,0,0
28,layer2.0.downsample.1,173299,False,178998,0,0,0
28,layer2.0.add,226013,False,231804,0,0,0
28,layer2.0.relu3,85674,False,90492,0,0,0
28,layer2.1.conv1,819350,False,825001,0,0,0
28,layer2.1.bn1,48332,False,53142,0,0,0
28,layer2.1.relu1,17017,False,21545,0,0,0
28,layer2.1.conv2,1918460,False,1924522,0,0,0
28,layer2.1.bn2,43819,False,48583,0,0,0
28,layer2.1.relu2,17842,False,22264,0,0,0
28,layer2.1.conv3,847255,False,852847,0,0,0
28,layer2.1.bn3,169259,False,174879,0,0,0
28,layer2.1.add,225673,False,231402,0,0,0
28,layer2.1.relu3,87555,False,92472,0,0,0
28,layer2.2.conv1,811312,False,816952,0,0,0
28,layer2.2.bn1,46705,False,51486,0,0,0
28,layer2.2.relu1,17220,False,21751,0,0,0
28,layer2.2.conv2,1910888,False,1916906,0,0,0
28,layer2.2.bn2,44394,False,49143,0,0,0
28,layer2.2.relu2,17478,False,22171,0,0,0
28,layer2.2.conv3,841041,False,846683,0,0,0
28,layer2.2.bn3,174938,False,180599,0,0,0
28,layer2.2.add,228416,False,234136,0,0,0
28,layer2.2.relu3,84232,False,88988,0,0,0
28,layer2.3.conv1,815474,False,821018,0,0,0
28,layer2.3.bn1,47885,False,52699,0,0,0
28,layer2.3.relu1,17182,False,21760,0,0,0
28,layer2.3.conv2,1915917,False,1921652,0,0,0
28,layer2.3.bn2,41904,False,46689,0,0,0
28,layer2.3.relu2,17321,False,21868,0,0,0
28,layer2.3.conv3,865902,False,865446,0,1,0
28,layer2.3.bn3,170999,False,176648,0,0,0
28,layer2.3.add,224616,False,230204,0,0,0
28,layer2.3.relu3,83358,False,88318,0,0,0
28,layer3.0.conv1,1730313,False,1736229,0,0,0
28,layer3.0.bn1,84406,False,89471,0,0,0
28,layer3.0.relu1,32499,False,37136,0,0,0
28,layer3.0.conv2,2206710,False,2212644,0,0,0
28,layer3.0.bn2,36265,False,41070,0,0,0
28,layer3.0.relu2,11491,False,16095,0,0,0
28,layer3.0.conv3,969499,False,974938,0,0,0
28,layer3.0.bn3,91474,False,96513,0,0,0
28,layer3.0.downsample.0,2219464,False,2225574,0,0,0
28,layer3.0.downsample.1,91888,False,97036,0,0,0
28,layer3.0.add,106345,False,111745,0,0,0
28,layer3.0.relu3,37063,False,41862,0,0,0
28,layer3.1.conv1,1019991,False,1025519,0,0,0
28,layer3.1.bn1,32588,False,37160,0,0,0
28,layer3.1.relu1,10755,False,15282,0,0,0
28,layer3.1.conv2,2039157,False,2045443,0,0,0
28,layer3.1.bn2,33258,False,37991,0,0,0
28,layer3.1.relu2,11129,False,15661,0,0,0
28,layer3.1.conv3,968029,False,973729,0,0,0
28,layer3.1.bn3,92173,False,97119,0,0,0
28,layer3.1.add,105493,False,110981,0,0,0
28,layer3.1.relu3,35794,False,40555,0,0,0
28,layer3.2.conv1,1009795,False,1015593,0,0,0
28,layer3.2.bn1,31538,False,36158,0,0,0
28,layer3.2.relu1,10798,False,15417,0,0,0
28,layer3.2.conv2,2030570,False,2036501,0,0,0
28,layer3.2.bn2,33511,False,38178,0,0,0
28,layer3.2.relu2,11610,False,16192,0,0,0
28,layer3.2.conv3,970941,False,976599,0,0,0
28,layer3.2.bn3,89601,False,94651,0,0,0
28,layer3.2.add,92869,False,98239,0,0,0
28,layer3.2.relu3,35592,False,40321,0,0,0
28,layer3.3.conv1,1012569,False,1018128,0,0,0
28,layer3.3.bn1,32231,False,36924,0,0,0
28,layer3.3.relu1,11228,False,15885,0,0,0
28,layer3.3.conv2,2035264,False,2041500,0,0,0
28,layer3.3.bn2,33310,False,38079,0,0,0
28,layer3.3.relu2,10962,False,15366,0,0,0
28,layer3.3.conv3,971236,False,976864,0,0,0
28,layer3.3.bn3,92086,False,97114,0,0,0
28,layer3.3.add,105356,False,110877,0,0,0
28,layer3.3.relu3,35813,False,40496,0,0,0
28,layer3.4.conv1,1004275,False,1009876,0,0,0
28,layer3.4.bn1,31189,False,35830,0,0,0
28,layer3.4.relu1,10787,False,15360,0,0,0
28,layer3.4.conv2,2034862,False,2041512,0,0,0
28,layer3.4.bn2,32827,False,37557,0,0,0
28,layer3.4.relu2,11493,False,16013,0,0,0
28,layer3.4.conv3,967045,False,972571,0,0,0
28,layer3.4.bn3,91444,False,96562,0,0,0
28,layer3.4.add,96319,False,101738,0,0,0
28,layer3.4.relu3,34749,False,39405,0,0,0
28,layer3.5.conv1,1003764,False,1009302,0,0,0
28,layer3.5.bn1,31962,False,36585,0,0,0
28,layer3.5.relu1,10992,False,15576,0,0,0
28,layer3.5.conv2,2031428,False,2037576,0,0,0
28,layer3.5.bn2,33103,False,37833,0,0,0
28,layer3.5.relu2,12237,False,16739,0,0,0
28,layer3.5.conv3,972040,False,977622,0,0,0
28,layer3.5.bn3,93351,False,98325,0,0,0
28,layer3.5.add,105516,False,110964,0,0,0
28,layer3.5.relu3,35910,False,40512,0,0,0
28,layer4.0.conv1,1964596,False,1970449,0,0,0
28,layer4.0.bn1,49381,False,54191,0,0,0
28,layer4.0.relu1,16880,False,21459,0,0,0
28,layer4.0.conv2,3416309,False,3422516,0,0,0
28,layer4.0.bn2,30137,False,34914,0,0,0
28,layer4.0.relu2,8818,False,13365,0,0,0
28,layer4.0.conv3,1244405,False,1250564,0,0,0
28,layer4.0.bn3,58754,False,63612,0,0,0
28,layer4.0.downsample.0,2887274,False,2893832,0,0,0
28,layer4.0.downsample.1,57886,False,62884,0,0,0
28,layer4.0.add,35930,False,40729,0,0,0
28,layer4.0.relu3,18132,False,22734,0,0,0
28,layer4.1.conv1,1210611,False,1216783,0,0,0
28,layer4.1.bn1,28825,False,37359,0,0,0
28,layer4.1.relu1,7830,False,12363,0,0,0
28,layer4.1.conv2,3153410,False,3159704,0,0,0
28,layer4.1.bn2,29669,False,34411,0,0,0
28,layer4.1.relu2,8317,False,12830,0,0,0
28,layer4.1.conv3,1238313,False,1244370,0,0,0
28,layer4.1.bn3,58342,False,63131,0,0,0
28,layer4.1.add,37877,False,42654,0,0,0
28,layer4.1.relu3,16899,False,21614,0,0,0
28,layer4.2.conv1,1206152,False,1215699,0,0,0
28,layer4.2.bn1,29612,False,34374,0,0,0
28,layer4.2.relu1,8130,False,12763,0,0,0
28,layer4.2.conv2,3142757,False,3148968,0,0,0
28,layer4.2.bn2,30905,False,35743,0,0,0
28,layer4.2.relu2,8377,False,13012,0,0,0
28,layer4.2.conv3,1242014,False,1247982,0,0,0
28,layer4.2.bn3,60812,False,65676,0,0,0
28,layer4.2.add,35676,False,40570,0,0,0
28,layer4.2.relu3,17278,False,21935,0,0,0
28,avgpool,83698,False,88361,0,0,0
28,flatten,8157,False,12561,0,0,0
28,fc,500518,False,506415,0,0,0
29,conv1,2175984,False,2182529,0,0,0
29,bn1,332507,False,338549,0,0,0
29,relu,174485,False,180028,0,0,0
29,maxpool,10289933,False,10297416,0,0,0
29,layer1.0.conv1,261409,False,267979,0,0,0
29,layer1.0.bn1,88096,False,93189,0,0,0
29,layer1.0.relu1,33584,False,38341,0,0,0
29,layer1.0.conv2,1989545,False,1995706,0,0,0
29,layer1.0.bn2,82354,False,87415,0,0,0
29,layer1.0.relu2,32174,False,36888,0,0,0
29,layer1.0.conv3,855735,False,861438,0,0,0
29,layer1.0.bn3,319485,False,325503,0,0,0
29,layer1.0.downsample.0,865093,False,871058,0,0,0
29,layer1.0.downsample.1,323051,False,328964,0,0,0
29,layer1.0.add,456749,False,462878,0,0,0
29,layer1.0.relu3,174451,False,179952,0,0,0
29,layer1.1.conv1,807882,False,814023,0,0,0
29,layer1.1.bn1,92818,False,98107,0,0,0
29,layer1.1.relu1,32035,False,36707,0,0,0
29,layer1.1.conv2,1986898,False,1993067,0,0,0
29,layer1.1.bn2,80093,False,85380,0,0,0
29,layer1.1.relu2,32318,False,37086,0,0,0
29,layer1.1.conv3,850664,False,856528,0,0,0
29,layer1.1.bn3,321716,False,327714,0,0,0
29,layer1.1.add,450314,False,456128,0,0,0
29,layer1.1.relu3,173747,False,179285,0,0,0
29,layer1.2.conv1,808033,False,813836,0,0,0
29,layer1.2.bn1,92047,False,96935,0,0,0
29,layer1.2.relu1,31401,False,36001,0,0,0
29,layer1.2.conv2,1978658,False,1984538,0,0,0
29,layer1.2.bn2,78120,False,83233,0,0,0
29,layer1.2.relu2,31842,False,36474,0,0,0
29,layer1.2.conv3,850366,False,856233,0,0,0
29,layer1.2.bn3,318842,False,324771,0,0,0
29,layer1.2.add,462453,False,468291,0,0,0
29,layer1.2.relu3,173547,False,179257,0,0,0
29,layer2.0.conv1,1591411,False,1597279,0,0,0
29,layer2.0.bn1,172885,False,178515,0,0,0
29,layer2.0.relu1,78371,False,83295,0,0,0
29,layer2.0.conv2,2142499,False,2148511,0,0,0
29,layer2.0.bn2,42394,False,47150,0,0,0
29,layer2.0.relu2,17978,False,22475,0,0,0
29,layer2.0.conv3,846880,False,852668,0,0,0
29,layer2.0.bn3,168955,False,174474,0,0,0
29,layer2.0.downsample.0,2306296,False,2312486,0,0,0
29,layer2.0.downsample.1,173297,False,179001,0,0,0
29,layer2.0.add,225085,False,230779,0,0,0
29,layer2.0.relu3,84867,False,89633,0,0,0
29,layer2.1.conv1,820490,False,825852,0,0,0
29,layer2.1.bn1,50731,False,55617,0,0,0
29,layer2.1.relu1,17877,False,22504,0,0,0
29,layer2.1.conv2,1920375,False,1926104,0,0,0
29,layer2.1.bn2,41792,False,46566,0,0,0
29,layer2.1.relu2,17781,False,22305,0,0,0
29,layer2.1.conv3,846829,False,852612,0,0,0
29,layer2.1.bn3,169637,False,175388,0,0,0
29,layer2.1.add,229726,False,235516,0,0,0
29,layer2.1.relu3,83436,False,88362,0,0,0
29,layer2.2.conv1,814588,False,819939,0,0,0
29,layer2.2.bn1,47076,False,51996,0,0,0
29,layer2.2.relu1,17761,False,22384,0,0,0
29,layer2.2.conv2,1916432,False,1922017,0,0,0
29,layer2.2.bn2,42897,False,47850,0,0,0
29,layer2.2.relu2,17385,False,22102,0,0,0
29,layer2.2.conv3,852142,False,857741,0,0,0
29,layer2.2.bn3,169316,False,174857,0,0,0
29,layer2.2.add,228363,False,233921,0,0,0
29,layer2.2.relu3,83684,False,88469,0,0,0
29,layer2.3.conv1,817139,False,822457,0,0,0
29,layer2.3.bn1,47607,False,52340,0,0,0
29,layer2.3.relu1,16967,False,21604,0,0,0
29,layer2.3.conv2,1917074,False,1922687,0,0,0
29,layer2.3.bn2,42165,False,46934,0,0,0
29,layer2.3.relu2,17951,False,22403,0,0,0
29,layer2.3.conv3,845318,False,850862,0,0,0
29,layer2.3.bn3,170911,False,176709,0,0,0
29,layer2.3.add,225482,False,231164,0,0,0
29,layer2.3.relu3,87619,False,92476,0,0,0
29,layer3.0.conv1,1739187,False,1744842,0,0,0
29,layer3.0.bn1,83790,False,88761,0,0,0
29,layer3.0.relu1,32258,False,36832,0,0,0
29,layer3.0.conv2,2196295,False,2202150,0,0,0
29,layer3.0.bn2,35592,False,40288,0,0,0
29,layer3.0.relu2,11982,False,16701,0,0,0
29,layer3.0.conv3,967867,False,973366,0,0,0
29,layer3.0.bn3,90724,False,95790,0,0,0
29,layer3.0.downsample.0,2227529,False,2234017,0,0,0
29,layer3.0.downsample.1,90406,False,95458,0,0,0
29,layer3.0.add,106268,False,111575,0,0,0
29,layer3.0.relu3,37257,False,41957,0,0,0
29,layer3.1.conv1,1019631,False,1025060,0,0,0
29,layer3.1.bn1,33176,False,37811,0,0,0
29,layer3.1.relu1,10577,False,15180,0,0,0
29,layer3.1.conv2,2027984,False,2033892,0,0,0
29,layer3.1.bn2,33198,False,37845,0,0,0
29,layer3.1.relu2,11068,False,15572,0,0,0
29,layer3.1.conv3,967165,False,972583,0,0,0
29,layer3.1.bn3,93041,False,97991,0,0,0
29,layer3.1.add,105770,False,111205,0,0,0
29,layer3.1.relu3,35788,False,40402,0,0,0
29,layer3.2.conv1,1012122,False,1017856,0,0,0
29,layer3.2.bn1,32167,False,36914,0,0,0
29,layer3.2.relu1,11436,False,15962,0,0,0
29,layer3.2.conv2,2029263,False,2035281,0,0,0
29,layer3.2.bn2,32418,False,37161,0,0,0
29,layer3.2.relu2,10854,False,15353,0,0,0
29,layer3.2.conv3,969746,False,975460,0,0,0
29,layer3.2.bn3,90458,False,95462,0,0,0
29,layer3.2.add,93522,False,98770,0,0,0
29,layer3.2.relu3,35460,False,40262,0,0,0
29,layer3.3.conv1,1006570,False,1012441,0,0,0
29,layer3.3.bn1,31626,False,36331,0,0,0
29,layer3.3.relu1,11879,False,16535,0,0,0
29,layer3.3.conv2,2035047,False,2041150,0,0,0
29,layer3.3.bn2,32734,False,37443,0,0,0
29,layer3.3.relu2,12296,False,16845,0,0,0
29,layer3.3.conv3,969047,False,974649,0,0,0
29,layer3.3.bn3,92705,False,97619,0,0,0
29,layer3.3.add,104540,False,110000,0,0,0
29,layer3.3.relu3,35739,False,40386,0,0,0
29,layer3.4.conv1,1003970,False,1009449,0,0,0
29,layer3.4.bn1,32484,False,37181,0,0,0
29,layer3.4.relu1,10627,False,15213,0,0,0
29,layer3.4.conv2,2033499,False,2039563,0,0,0
29,layer3.4.bn2,33067,False,37904,0,0,0
29,layer3.4.relu2,11515,False,16022,0,0,0
29,layer3.4.conv3,967934,False,973539,0,0,0
29,layer3.4.bn3,91898,False,96978,0,0,0
29,layer3.4.add,93685,False,98947,0,0,0
29,layer3.4.relu3,34760,False,39581,0,0,0
29,layer3.5.conv1,1022518,False,1028008,0,0,0
29,layer3.5.bn1,32194,False,36880,0,0,0
29,layer3.5.relu1,10864,False,15492,0,0,0
29,layer3.5.conv2,2029554,False,2035596,0,0,0
29,layer3.5.bn2,32157,False,36866,0,0,0
29,layer3.5.relu2,11665,False,16247,0,0,0
29,layer3.5.conv3,966262,False,971920,0,0,0
29,layer3.5.bn3,94300,False,99242,0,0,0
29,layer3.5.add,105020,False,110377,0,0,0
29,layer3.5.relu3,36942,False,41663,0,0,0
29,layer4.0.conv1,1965148,False,1971009,0,0,0
29,layer4.0.bn1,50287,False,55143,0,0,0
29,layer4.0.relu1,16997,False,21535,0,0,0
29,layer4.0.conv2,3403005,False,3409358,0,0,0
29,layer4.0.bn2,30708,False,35384,0,0,0
29,layer4.0.relu2,8268,False,12821,0,0,0
29,layer4.0.conv3,1239400,False,1245333,0,0,0
29,layer4.0.bn3,58251,False,62974,0,0,0
29,layer4.0.downsample.0,2885226,False,2891442,0,0,0
29,layer4.0.downsample.1,57232,False,62203,0,0,0
29,layer4.0.add,35579,False,40551,0,0,0
29,layer4.0.relu3,18146,False,22691,0,0,0
29,layer4.1.conv1,1224425,False,1230328,0,0,0
29,layer4.1.bn1,29873,False,34503,0,0,0
29,layer4.1.relu1,7851,False,12460,0,0,0
29,layer4.1.conv2,3148854,False,3155047,0,0,0
29,layer4.1.bn2,29341,False,34139,0,0,0
29,layer4.1.relu2,8533,False,13028,0,0,0
29,layer4.1.conv3,1237575,False,1243609,0,0,0
29,layer4.1.bn3,58815,False,63606,0,0,0
29,layer4.1.add,38197,False,43005,0,0,0
29,layer4.1.relu3,16830,False,21522,0,0,0
29,layer4.2.conv1,1210106,False,1215786,0,0,0
29,layer4.2.bn1,30258,False,34963,0,0,0
29,layer4.2.relu1,7549,False,12102,0,0,0
29,layer4.2.conv2,3148546,False,3154676,0,0,0
29,layer4.2.bn2,30625,False,35358,0,0,0
29,layer4.2.relu2,8629,False,13191,0,0,0
29,layer4.2.conv3,1237090,False,1243161,0,0,0
29,layer4.2.bn3,60626,False,65451,0,0,0
29,layer4.2.add,35149,False,39777,0,0,0
29,layer4.2.relu3,16700,False,21311,0,0,0
29,avgpool,80957,False,85582,0,0,0
29,flatten,9035,False,13661,0,0,0
29,fc,498245,False,508371,0,0,0
